Molecule ChEMBL ID,Molecule Name,Molecule Max Phase,Molecular Weight,#RO5 Violations,AlogP,Compound Key,Smiles,Standard Type,Standard Relation,Standard Value,Standard Units,pChEMBL Value,Data Validity Comment,Comment,Uo Units,Ligand Efficiency BEI,Ligand Efficiency LE,Ligand Efficiency LLE,Ligand Efficiency SEI,Potential Duplicate,Assay ChEMBL ID,Assay Description,Assay Type,BAO Format ID,BAO Label,Assay Organism,Assay Tissue ChEMBL ID,Assay Tissue Name,Assay Cell Type,Assay Subcellular Fraction,Assay Parameters,Assay Variant Accession,Assay Variant Mutation,Target ChEMBL ID,Target Name,Target Organism,Target Type,Document ChEMBL ID,Source ID,Source Description,Document Journal,Document Year,Cell ChEMBL ID,Properties,Action Type,Standard Text Value,Value,Unnamed: 48,Normalized Value (nM),Log10 Value (nM),Potencia
CHEMBL1261,CITRIC ACID,4.0,192.12,0.0,-1.25,Citric acid,O=C(O)CC(O)(CC(=O)O)C(=O)O,EC50,=',74.0,ug.mL-1,,,,,,,,,,,,,,,,,,,,,,,,,,,,,,,,,,,,,,385175.932,5.586,Baja
CHEMBL4173167,,,332.43,1.0,5.09,12,CCCC/C(CC)=N\Nc1nc(-c2cccc([N+](=O)[O-])c2)cs1,EC50,'=',1560000.0,nM,,Outside typical range,,UO_0000065,,,,,0.0,CHEMBL4141662,Antioxidant activity assessed as total antioxidant capacity after 90 mins by phosphomolybdenum method,F,BAO_0000019,assay format,,,,,,,,,CHEMBL2362975,No relevant target,,NO TARGET,CHEMBL4138155,1,Scientific Literature,Eur J Med Chem,2018,,,,,1.56,,1560000.0,6.193,Baja
CHEMBL4162482,,,346.46,1.0,5.48,13,CCCCCC/C(C)=N\Nc1nc(-c2cccc([N+](=O)[O-])c2)cs1,EC50,'=',1240000.0,nM,,Outside typical range,,UO_0000065,,,,,0.0,CHEMBL4141662,Antioxidant activity assessed as total antioxidant capacity after 90 mins by phosphomolybdenum method,F,BAO_0000019,assay format,,,,,,,,,CHEMBL2362975,No relevant target,,NO TARGET,CHEMBL4138155,1,Scientific Literature,Eur J Med Chem,2018,,,,,1.24,,1240000.0,6.093,Baja
CHEMBL4164415,,,330.41,0.0,4.84,17,O=[N+]([O-])c1cccc(-c2csc(NN=C3CCCCCC3)n2)c1,EC50,'=',1230000.0,nM,,Outside typical range,,UO_0000065,,,,,0.0,CHEMBL4141662,Antioxidant activity assessed as total antioxidant capacity after 90 mins by phosphomolybdenum method,F,BAO_0000019,assay format,,,,,,,,,CHEMBL2362975,No relevant target,,NO TARGET,CHEMBL4138155,1,Scientific Literature,Eur J Med Chem,2018,,,,,1.23,,1230000.0,6.09,Baja
CHEMBL4169354,,,318.4,0.0,4.7,9,CCCC/C(C)=N\Nc1nc(-c2cccc([N+](=O)[O-])c2)cs1,EC50,'=',1460000.0,nM,,Outside typical range,,UO_0000065,,,,,0.0,CHEMBL4141662,Antioxidant activity assessed as total antioxidant capacity after 90 mins by phosphomolybdenum method,F,BAO_0000019,assay format,,,,,,,,,CHEMBL2362975,No relevant target,,NO TARGET,CHEMBL4138155,1,Scientific Literature,Eur J Med Chem,2018,,,,,1.46,,1460000.0,6.164,Baja
CHEMBL4165922,,,346.46,1.0,5.48,11,CCCCC/C(CC)=N\Nc1nc(-c2cccc([N+](=O)[O-])c2)cs1,EC50,'=',1470000.0,nM,,Outside typical range,,UO_0000065,,,,,0.0,CHEMBL4141662,Antioxidant activity assessed as total antioxidant capacity after 90 mins by phosphomolybdenum method,F,BAO_0000019,assay format,,,,,,,,,CHEMBL2362975,No relevant target,,NO TARGET,CHEMBL4138155,1,Scientific Literature,Eur J Med Chem,2018,,,,,1.47,,1470000.0,6.167,Baja
CHEMBL399764,,,302.36,0.0,4.06,14,O=[N+]([O-])c1cccc(-c2csc(NN=C3CCCC3)n2)c1,EC50,'=',1340000.0,nM,,Outside typical range,,UO_0000065,,,,,0.0,CHEMBL4141662,Antioxidant activity assessed as total antioxidant capacity after 90 mins by phosphomolybdenum method,F,BAO_0000019,assay format,,,,,,,,,CHEMBL2362975,No relevant target,,NO TARGET,CHEMBL4138155,1,Scientific Literature,Eur J Med Chem,2018,,,,,1.34,,1340000.0,6.127,Baja
CHEMBL4162473,,,304.38,0.0,4.31,5,CCC/C(C)=N\Nc1nc(-c2cccc([N+](=O)[O-])c2)cs1,EC50,'=',1200000.0,nM,,Outside typical range,,UO_0000065,,,,,0.0,CHEMBL4141662,Antioxidant activity assessed as total antioxidant capacity after 90 mins by phosphomolybdenum method,F,BAO_0000019,assay format,,,,,,,,,CHEMBL2362975,No relevant target,,NO TARGET,CHEMBL4138155,1,Scientific Literature,Eur J Med Chem,2018,,,,,1.2,,1200000.0,6.079,Baja
CHEMBL4163420,,,344.44,1.0,5.23,18,O=[N+]([O-])c1cccc(-c2csc(NN=C3CCCCCCC3)n2)c1,EC50,'=',1220000.0,nM,,Outside typical range,,UO_0000065,,,,,0.0,CHEMBL4141662,Antioxidant activity assessed as total antioxidant capacity after 90 mins by phosphomolybdenum method,F,BAO_0000019,assay format,,,,,,,,,CHEMBL2362975,No relevant target,,NO TARGET,CHEMBL4138155,1,Scientific Literature,Eur J Med Chem,2018,,,,,1.22,,1220000.0,6.086,Baja
CHEMBL4176538,,,318.4,0.0,4.7,10,CCC/C(CC)=N\Nc1nc(-c2cccc([N+](=O)[O-])c2)cs1,EC50,'=',1250000.0,nM,,Outside typical range,,UO_0000065,,,,,0.0,CHEMBL4141662,Antioxidant activity assessed as total antioxidant capacity after 90 mins by phosphomolybdenum method,F,BAO_0000019,assay format,,,,,,,,,CHEMBL2362975,No relevant target,,NO TARGET,CHEMBL4138155,1,Scientific Literature,Eur J Med Chem,2018,,,,,1.25,,1250000.0,6.097,Baja
CHEMBL4159091,,,316.39,0.0,4.45,15,O=[N+]([O-])c1cccc(-c2csc(NN=C3CCCCC3)n2)c1,EC50,'=',1430000.0,nM,,Outside typical range,,UO_0000065,,,,,0.0,CHEMBL4141662,Antioxidant activity assessed as total antioxidant capacity after 90 mins by phosphomolybdenum method,F,BAO_0000019,assay format,,,,,,,,,CHEMBL2362975,No relevant target,,NO TARGET,CHEMBL4138155,1,Scientific Literature,Eur J Med Chem,2018,,,,,1.43,,1430000.0,6.155,Baja
CHEMBL4172739,,,318.4,0.0,4.55,7,C/C(CC(C)C)=N/Nc1nc(-c2cccc([N+](=O)[O-])c2)cs1,EC50,'=',1130000.0,nM,,Outside typical range,,UO_0000065,,,,,0.0,CHEMBL4141662,Antioxidant activity assessed as total antioxidant capacity after 90 mins by phosphomolybdenum method,F,BAO_0000019,assay format,,,,,,,,,CHEMBL2362975,No relevant target,,NO TARGET,CHEMBL4138155,1,Scientific Literature,Eur J Med Chem,2018,,,,,1.13,,1130000.0,6.053,Baja
CHEMBL4161431,,,316.39,0.0,4.47,8,C=CCC/C(C)=N\Nc1nc(-c2cccc([N+](=O)[O-])c2)cs1,EC50,'=',1150000.0,nM,,Outside typical range,,UO_0000065,,,,,0.0,CHEMBL4141662,Antioxidant activity assessed as total antioxidant capacity after 90 mins by phosphomolybdenum method,F,BAO_0000019,assay format,,,,,,,,,CHEMBL2362975,No relevant target,,NO TARGET,CHEMBL4138155,1,Scientific Literature,Eur J Med Chem,2018,,,,,1.15,,1150000.0,6.061,Baja
CHEMBL4170390,,,290.35,0.0,3.92,4,CC/C(C)=N\Nc1nc(-c2cccc([N+](=O)[O-])c2)cs1,EC50,'=',1650000.0,nM,,Outside typical range,,UO_0000065,,,,,0.0,CHEMBL4141662,Antioxidant activity assessed as total antioxidant capacity after 90 mins by phosphomolybdenum method,F,BAO_0000019,assay format,,,,,,,,,CHEMBL2362975,No relevant target,,NO TARGET,CHEMBL4138155,1,Scientific Literature,Eur J Med Chem,2018,,,,,1.65,,1650000.0,6.217,Baja
CHEMBL4166872,,,344.44,1.0,5.09,20,C/C(=N/Nc1nc(-c2cccc([N+](=O)[O-])c2)cs1)C1CCCCC1,EC50,'=',1190000.0,nM,,Outside typical range,,UO_0000065,,,,,0.0,CHEMBL4141662,Antioxidant activity assessed as total antioxidant capacity after 90 mins by phosphomolybdenum method,F,BAO_0000019,assay format,,,,,,,,,CHEMBL2362975,No relevant target,,NO TARGET,CHEMBL4138155,1,Scientific Literature,Eur J Med Chem,2018,,,,,1.19,,1190000.0,6.076,Baja
CHEMBL4162060,,,304.38,0.0,4.31,6,CCC(CC)=NNc1nc(-c2cccc([N+](=O)[O-])c2)cs1,EC50,'=',1100000.0,nM,,Outside typical range,,UO_0000065,,,,,0.0,CHEMBL4141662,Antioxidant activity assessed as total antioxidant capacity after 90 mins by phosphomolybdenum method,F,BAO_0000019,assay format,,,,,,,,,CHEMBL2362975,No relevant target,,NO TARGET,CHEMBL4138155,1,Scientific Literature,Eur J Med Chem,2018,,,,,1.1,,1100000.0,6.041,Baja
CHEMBL4174116,,,302.36,0.0,3.92,19,C/C(=N/Nc1nc(-c2cccc([N+](=O)[O-])c2)cs1)C1CC1,EC50,'=',1470000.0,nM,,Outside typical range,,UO_0000065,,,,,0.0,CHEMBL4141662,Antioxidant activity assessed as total antioxidant capacity after 90 mins by phosphomolybdenum method,F,BAO_0000019,assay format,,,,,,,,,CHEMBL2362975,No relevant target,,NO TARGET,CHEMBL4138155,1,Scientific Literature,Eur J Med Chem,2018,,,,,1.47,,1470000.0,6.167,Baja
CHEMBL4175062,,,330.41,0.0,4.7,16,CC1CCC(=NNc2nc(-c3cccc([N+](=O)[O-])c3)cs2)CC1,EC50,'=',1130000.0,nM,,Outside typical range,,UO_0000065,,,,,0.0,CHEMBL4141662,Antioxidant activity assessed as total antioxidant capacity after 90 mins by phosphomolybdenum method,F,BAO_0000019,assay format,,,,,,,,,CHEMBL2362975,No relevant target,,NO TARGET,CHEMBL4138155,1,Scientific Literature,Eur J Med Chem,2018,,,,,1.13,,1130000.0,6.053,Baja
CHEMBL3263526,,,276.32,0.0,3.53,3,CC(C)=NNc1nc(-c2cccc([N+](=O)[O-])c2)cs1,EC50,'=',1750000.0,nM,,Outside typical range,,UO_0000065,,,,,0.0,CHEMBL4141662,Antioxidant activity assessed as total antioxidant capacity after 90 mins by phosphomolybdenum method,F,BAO_0000019,assay format,,,,,,,,,CHEMBL2362975,No relevant target,,NO TARGET,CHEMBL4138155,1,Scientific Literature,Eur J Med Chem,2018,,,,,1.75,,1750000.0,6.243,Baja
CHEMBL153,TROLOX,,250.29,0.0,2.49,Trolox,Cc1c(C)c2c(c(C)c1O)CCC(C)(C(=O)O)O2,EC50,'=',1130000.0,nM,,Outside typical range,,UO_0000065,,,,,0.0,CHEMBL4141662,Antioxidant activity assessed as total antioxidant capacity after 90 mins by phosphomolybdenum method,F,BAO_0000019,assay format,,,,,,,,,CHEMBL2362975,No relevant target,,NO TARGET,CHEMBL4138155,1,Scientific Literature,Eur J Med Chem,2018,,,,,1.13,,1130000.0,6.053,Baja
CHEMBL196,ASCORBIC ACID,,176.12,,-1.41,,O=C1O[C@H]([C@@H](O)CO)C(O)=C1O,EC50,=,15700.0,nM,4.8,,,UO_0000065,,,,,,CHEMBL1798576,Antioxidant activity assessed as DPPH radical scavenging activity,F,BAO_0000019,assay format,,,,,,,,,CHEMBL613712,Radical scavenging activity,,,CHEMBL1795345,1,,Bioorg Med Chem,2011,,,,,15.7,,15700.0,4.196,Alta
CHEMBL1797808,,,334.37,,4.32,,CC(=O)O/C(C(=O)/C=C/c1ccccc1)=C(O)\C=C\c1ccccc1,EC50,=,47800.0,nM,4.32,,,UO_0000065,,,,,,CHEMBL1798576,Antioxidant activity assessed as DPPH radical scavenging activity,F,BAO_0000019,assay format,,,,,,,,,CHEMBL613712,Radical scavenging activity,,,CHEMBL1795345,1,,Bioorg Med Chem,2011,,,,,47.8,,47800.0,4.679,Media
CHEMBL1797807,,,394.42,,4.33,,COc1ccc(/C=C/C(=O)/C(OC(C)=O)=C(O)/C=C/c2ccc(OC)cc2)cc1,EC50,=,32800.0,nM,4.48,,,UO_0000065,,,,,,CHEMBL1798576,Antioxidant activity assessed as DPPH radical scavenging activity,F,BAO_0000019,assay format,,,,,,,,,CHEMBL613712,Radical scavenging activity,,,CHEMBL1795345,1,,Bioorg Med Chem,2011,,,,,32.8,,32800.0,4.516,Media
CHEMBL1797806,,,366.37,,3.73,,CC(=O)O/C(C(=O)/C=C/c1ccc(O)cc1)=C(O)\C=C\c1ccc(O)cc1,EC50,=,26300.0,nM,4.58,,,UO_0000065,,,,,,CHEMBL1798576,Antioxidant activity assessed as DPPH radical scavenging activity,F,BAO_0000019,assay format,,,,,,,,,CHEMBL613712,Radical scavenging activity,,,CHEMBL1795345,1,,Bioorg Med Chem,2011,,,,,26.3,,26300.0,4.42,Media
CHEMBL1797805,,,458.42,,3.15,,COc1cc(/C=C/C(=O)/C(OC(C)=O)=C(O)/C=C/c2cc(O)c(O)c(OC)c2)cc(O)c1O,EC50,=,2900.0,nM,5.54,,,UO_0000065,,,,,,CHEMBL1798576,Antioxidant activity assessed as DPPH radical scavenging activity,F,BAO_0000019,assay format,,,,,,,,,CHEMBL613712,Radical scavenging activity,,,CHEMBL1795345,1,,Bioorg Med Chem,2011,,,,,2.9,,2900.0,3.462,Alta
CHEMBL1797804,,,514.53,,4.37,,COc1cc(/C=C/C(=O)/C(OC(C)=O)=C(O)/C=C/c2cc(OC)c(OC)c(OC)c2)cc(OC)c1OC,EC50,=,27400.0,nM,4.56,,,UO_0000065,,,,,,CHEMBL1798576,Antioxidant activity assessed as DPPH radical scavenging activity,F,BAO_0000019,assay format,,,,,,,,,CHEMBL613712,Radical scavenging activity,,,CHEMBL1795345,1,,Bioorg Med Chem,2011,,,,,27.4,,27400.0,4.438,Media
CHEMBL1797803,,,454.48,,4.35,,COc1ccc(/C=C/C(=O)/C(OC(C)=O)=C(O)/C=C/c2ccc(OC)c(OC)c2)cc1OC,EC50,=,22100.0,nM,4.66,,,UO_0000065,,,,,,CHEMBL1798576,Antioxidant activity assessed as DPPH radical scavenging activity,F,BAO_0000019,assay format,,,,,,,,,CHEMBL613712,Radical scavenging activity,,,CHEMBL1795345,1,,Bioorg Med Chem,2011,,,,,22.1,,22100.0,4.344,Alta
CHEMBL1797802,,,426.42,,3.74,,COc1cc(/C=C/C(=O)/C(OC(C)=O)=C(O)/C=C/c2ccc(O)c(OC)c2)ccc1O,EC50,=,8700.0,nM,5.06,,,UO_0000065,,,,,,CHEMBL1798576,Antioxidant activity assessed as DPPH radical scavenging activity,F,BAO_0000019,assay format,,,,,,,,,CHEMBL613712,Radical scavenging activity,,,CHEMBL1795345,1,,Bioorg Med Chem,2011,,,,,8.7,,8700.0,3.94,Alta
CHEMBL1797801,,,516.64,,5.84,,CCOC(=S)S/C(C(=O)/C=C/c1ccc(OC)c(OC)c1)=C(O)\C=C\c1ccc(OC)c(OC)c1,EC50,>,100000.0,nM,,,,UO_0000065,,,,,,CHEMBL1798576,Antioxidant activity assessed as DPPH radical scavenging activity,F,BAO_0000019,assay format,,,,,,,,,CHEMBL613712,Radical scavenging activity,,,CHEMBL1795345,1,,Bioorg Med Chem,2011,,,,,100.0,,100000.0,5.0,Media
CHEMBL1797800,,,426.47,,4.43,,CO/C(C(=O)/C=C/c1ccc(OC)c(OC)c1)=C(O)\C=C\c1ccc(OC)c(OC)c1,EC50,=,75500.0,nM,4.12,,,UO_0000065,,,,,,CHEMBL1798576,Antioxidant activity assessed as DPPH radical scavenging activity,F,BAO_0000019,assay format,,,,,,,,,CHEMBL613712,Radical scavenging activity,,,CHEMBL1795345,1,,Bioorg Med Chem,2011,,,,,75.5,,75500.0,4.878,Media
CHEMBL1797799,,,436.5,,5.4,,C=CC/C(C(=O)/C=C/c1ccc(OC)c(OC)c1)=C(O)\C=C\c1ccc(OC)c(OC)c1,EC50,>,100000.0,nM,,,,UO_0000065,,,,,,CHEMBL1798576,Antioxidant activity assessed as DPPH radical scavenging activity,F,BAO_0000019,assay format,,,,,,,,,CHEMBL613712,Radical scavenging activity,,,CHEMBL1795345,1,,Bioorg Med Chem,2011,,,,,100.0,,100000.0,5.0,Media
CHEMBL1797798,,,410.47,,4.85,,COc1ccc(/C=C/C(=O)/C(C)=C(O)/C=C/c2ccc(OC)c(OC)c2)cc1OC,EC50,>,100000.0,nM,,,,UO_0000065,,,,,,CHEMBL1798576,Antioxidant activity assessed as DPPH radical scavenging activity,F,BAO_0000019,assay format,,,,,,,,,CHEMBL613712,Radical scavenging activity,,,CHEMBL1795345,1,,Bioorg Med Chem,2011,,,,,100.0,,100000.0,5.0,Media
CHEMBL1797797,,,488.58,,5.23,,CCOC(=S)S/C(C(=O)/C=C/c1ccc(O)c(OC)c1)=C(O)\C=C\c1ccc(O)c(OC)c1,EC50,=,29700.0,nM,4.53,,,UO_0000065,,,,,,CHEMBL1798576,Antioxidant activity assessed as DPPH radical scavenging activity,F,BAO_0000019,assay format,,,,,,,,,CHEMBL613712,Radical scavenging activity,,,CHEMBL1795345,1,,Bioorg Med Chem,2011,,,,,29.7,,29700.0,4.473,Media
CHEMBL1797796,,,398.41,,3.83,,CO/C(C(=O)/C=C/c1ccc(O)c(OC)c1)=C(O)\C=C\c1ccc(O)c(OC)c1,EC50,=,30300.0,nM,4.52,,,UO_0000065,,,,,,CHEMBL1798576,Antioxidant activity assessed as DPPH radical scavenging activity,F,BAO_0000019,assay format,,,,,,,,,CHEMBL613712,Radical scavenging activity,,,CHEMBL1795345,1,,Bioorg Med Chem,2011,,,,,30.3,,30300.0,4.481,Media
CHEMBL1797795,,,408.45,,4.8,,C=CC/C(C(=O)/C=C/c1ccc(O)c(OC)c1)=C(O)\C=C\c1ccc(O)c(OC)c1,EC50,=,23200.0,nM,4.63,,,UO_0000065,,,,,,CHEMBL1798576,Antioxidant activity assessed as DPPH radical scavenging activity,F,BAO_0000019,assay format,,,,,,,,,CHEMBL613712,Radical scavenging activity,,,CHEMBL1795345,1,,Bioorg Med Chem,2011,,,,,23.2,,23200.0,4.365,Alta
CHEMBL1797794,,,382.41,,4.24,,COc1cc(/C=C/C(=O)/C(C)=C(O)/C=C/c2ccc(O)c(OC)c2)ccc1O,EC50,=,23200.0,nM,4.63,,,UO_0000065,,,,,,CHEMBL1798576,Antioxidant activity assessed as DPPH radical scavenging activity,F,BAO_0000019,assay format,,,,,,,,,CHEMBL613712,Radical scavenging activity,,,CHEMBL1795345,1,,Bioorg Med Chem,2011,,,,,23.2,,23200.0,4.365,Alta
CHEMBL129913,,,276.33,,4.42,,O=C(/C=C(O)/C=C/c1ccccc1)/C=C/c1ccccc1,EC50,>,100000.0,nM,,,,UO_0000065,,,,,,CHEMBL1798576,Antioxidant activity assessed as DPPH radical scavenging activity,F,BAO_0000019,assay format,,,,,,,,,CHEMBL613712,Radical scavenging activity,,,CHEMBL1795345,1,,Bioorg Med Chem,2011,,,,,100.0,,100000.0,5.0,Media
CHEMBL454662,,,336.39,,4.44,,COc1ccc(/C=C/C(=O)/C=C(O)/C=C/c2ccc(OC)cc2)cc1,EC50,>,100000.0,nM,,,,UO_0000065,,,,,,CHEMBL1798576,Antioxidant activity assessed as DPPH radical scavenging activity,F,BAO_0000019,assay format,,,,,,,,,CHEMBL613712,Radical scavenging activity,,,CHEMBL1795345,1,,Bioorg Med Chem,2011,,,,,100.0,,100000.0,5.0,Media
CHEMBL105350,BISDEMETHOXYCURCUMIN,,308.33,,3.35,,O=C(/C=C/c1ccc(O)cc1)CC(=O)/C=C/c1ccc(O)cc1,EC50,>,100000.0,nM,,,,UO_0000065,,,,,,CHEMBL1798576,Antioxidant activity assessed as DPPH radical scavenging activity,F,BAO_0000019,assay format,,,,,,,,,CHEMBL613712,Radical scavenging activity,,,CHEMBL1795345,1,,Bioorg Med Chem,2011,,,,,100.0,,100000.0,5.0,Media
CHEMBL1797793,,,400.38,,3.26,,COc1cc(/C=C/C(=O)/C=C(O)/C=C/c2cc(O)c(O)c(OC)c2)cc(O)c1O,EC50,=,11300.0,nM,4.95,,,UO_0000065,,,,,,CHEMBL1798576,Antioxidant activity assessed as DPPH radical scavenging activity,F,BAO_0000019,assay format,,,,,,,,,CHEMBL613712,Radical scavenging activity,,,CHEMBL1795345,1,,Bioorg Med Chem,2011,,,,,11.3,,11300.0,4.053,Alta
CHEMBL242080,E319,,166.22,,2.4,,CC(C)(C)c1cc(O)ccc1O,EC50,=,36000.0,nM,4.44,,,UO_0000065,,,,,,CHEMBL2400447,Antioxidant activity assessed as DPPH radical scavenging activity after 30 mins by spectrophotometric analysis,F,BAO_0000019,assay format,,,,,,,,,CHEMBL613712,Radical scavenging activity,,,CHEMBL2396641,1,,Bioorg Med Chem Lett,2013,,,,,36.0,,36000.0,4.556,Media
CHEMBL2396683,,,256.26,,2.65,,COc1ccc(O)cc1-c1nc2cc(O)ccc2[nH]1,EC50,=,23000.0,nM,4.64,,,UO_0000065,,,,,,CHEMBL2400447,Antioxidant activity assessed as DPPH radical scavenging activity after 30 mins by spectrophotometric analysis,F,BAO_0000019,assay format,,,,,,,,,CHEMBL613712,Radical scavenging activity,,,CHEMBL2396641,1,,Bioorg Med Chem Lett,2013,,,,,23.0,,23000.0,4.362,Alta
CHEMBL2396684,,,256.26,,2.65,,COc1cc(O)ccc1-c1nc2cc(O)ccc2[nH]1,EC50,=,27000.0,nM,4.57,,,UO_0000065,,,,,,CHEMBL2400447,Antioxidant activity assessed as DPPH radical scavenging activity after 30 mins by spectrophotometric analysis,F,BAO_0000019,assay format,,,,,,,,,CHEMBL613712,Radical scavenging activity,,,CHEMBL2396641,1,,Bioorg Med Chem Lett,2013,,,,,27.0,,27000.0,4.431,Media
CHEMBL2396685,,,270.29,,2.95,,COc1ccc(-c2nc3cc(O)ccc3[nH]2)c(OC)c1,EC50,=,32000.0,nM,4.5,,,UO_0000065,,,,,,CHEMBL2400447,Antioxidant activity assessed as DPPH radical scavenging activity after 30 mins by spectrophotometric analysis,F,BAO_0000019,assay format,,,,,,,,,CHEMBL613712,Radical scavenging activity,,,CHEMBL2396641,1,,Bioorg Med Chem Lett,2013,,,,,32.0,,32000.0,4.505,Media
CHEMBL2396701,,,242.23,,2.35,,Oc1cc(O)cc(-c2nc3cc(O)ccc3[nH]2)c1,EC50,=,26000.0,nM,4.58,,,UO_0000065,,,,,,CHEMBL2400447,Antioxidant activity assessed as DPPH radical scavenging activity after 30 mins by spectrophotometric analysis,F,BAO_0000019,assay format,,,,,,,,,CHEMBL613712,Radical scavenging activity,,,CHEMBL2396641,1,,Bioorg Med Chem Lett,2013,,,,,26.0,,26000.0,4.415,Media
CHEMBL2396700,,,242.23,,2.35,,Oc1ccc2[nH]c(-c3ccc(O)c(O)c3)nc2c1,EC50,=,33000.0,nM,4.48,,,UO_0000065,,,,,,CHEMBL2400447,Antioxidant activity assessed as DPPH radical scavenging activity after 30 mins by spectrophotometric analysis,F,BAO_0000019,assay format,,,,,,,,,CHEMBL613712,Radical scavenging activity,,,CHEMBL2396641,1,,Bioorg Med Chem Lett,2013,,,,,33.0,,33000.0,4.519,Media
CHEMBL2396699,,,226.24,,2.64,,Oc1ccc(-c2nc3cc(O)ccc3[nH]2)cc1,EC50,=,34000.0,nM,4.47,,,UO_0000065,,,,,,CHEMBL2400447,Antioxidant activity assessed as DPPH radical scavenging activity after 30 mins by spectrophotometric analysis,F,BAO_0000019,assay format,,,,,,,,,CHEMBL613712,Radical scavenging activity,,,CHEMBL2396641,1,,Bioorg Med Chem Lett,2013,,,,,34.0,,34000.0,4.531,Media
CHEMBL2396698,,,226.24,,2.64,,Oc1cccc(-c2nc3cc(O)ccc3[nH]2)c1,EC50,=,40000.0,nM,4.4,,,UO_0000065,,,,,,CHEMBL2400447,Antioxidant activity assessed as DPPH radical scavenging activity after 30 mins by spectrophotometric analysis,F,BAO_0000019,assay format,,,,,,,,,CHEMBL613712,Radical scavenging activity,,,CHEMBL2396641,1,,Bioorg Med Chem Lett,2013,,,,,40.0,,40000.0,4.602,Media
CHEMBL2396697,,,226.24,,2.64,,Oc1ccc2[nH]c(-c3ccccc3O)nc2c1,EC50,=,30000.0,nM,4.52,,,UO_0000065,,,,,,CHEMBL2400447,Antioxidant activity assessed as DPPH radical scavenging activity after 30 mins by spectrophotometric analysis,F,BAO_0000019,assay format,,,,,,,,,CHEMBL613712,Radical scavenging activity,,,CHEMBL2396641,1,,Bioorg Med Chem Lett,2013,,,,,30.0,,30000.0,4.477,Media
CHEMBL2396656,,,210.24,,2.94,,Oc1ccc2[nH]c(-c3ccccc3)nc2c1,EC50,=,42000.0,nM,4.38,,,UO_0000065,,,,,,CHEMBL2400447,Antioxidant activity assessed as DPPH radical scavenging activity after 30 mins by spectrophotometric analysis,F,BAO_0000019,assay format,,,,,,,,,CHEMBL613712,Radical scavenging activity,,,CHEMBL2396641,1,,Bioorg Med Chem Lett,2013,,,,,42.0,,42000.0,4.623,Media
CHEMBL2396696,,,284.31,,3.26,,COc1ccc(OC)c(-c2nc3cc(OC)ccc3[nH]2)c1,EC50,>,200000.0,nM,,Outside typical range,,UO_0000065,,,,,,CHEMBL2400447,Antioxidant activity assessed as DPPH radical scavenging activity after 30 mins by spectrophotometric analysis,F,BAO_0000019,assay format,,,,,,,,,CHEMBL613712,Radical scavenging activity,,,CHEMBL2396641,1,,Bioorg Med Chem Lett,2013,,,,,200.0,,200000.0,5.301,Baja
CHEMBL2396695,,,284.31,,3.26,,COc1ccc(-c2nc3cc(OC)ccc3[nH]2)c(OC)c1,EC50,>,200000.0,nM,,Outside typical range,,UO_0000065,,,,,,CHEMBL2400447,Antioxidant activity assessed as DPPH radical scavenging activity after 30 mins by spectrophotometric analysis,F,BAO_0000019,assay format,,,,,,,,,CHEMBL613712,Radical scavenging activity,,,CHEMBL2396641,1,,Bioorg Med Chem Lett,2013,,,,,200.0,,200000.0,5.301,Baja
CHEMBL2396694,,,284.31,,3.26,,COc1cc(OC)cc(-c2nc3cc(OC)ccc3[nH]2)c1,EC50,>,200000.0,nM,,Outside typical range,,UO_0000065,,,,,,CHEMBL2400447,Antioxidant activity assessed as DPPH radical scavenging activity after 30 mins by spectrophotometric analysis,F,BAO_0000019,assay format,,,,,,,,,CHEMBL613712,Radical scavenging activity,,,CHEMBL2396641,1,,Bioorg Med Chem Lett,2013,,,,,200.0,,200000.0,5.301,Baja
CHEMBL2396693,,,284.31,,3.26,,COc1ccc2[nH]c(-c3ccc(OC)c(OC)c3)nc2c1,EC50,>,200000.0,nM,,Outside typical range,,UO_0000065,,,,,,CHEMBL2400447,Antioxidant activity assessed as DPPH radical scavenging activity after 30 mins by spectrophotometric analysis,F,BAO_0000019,assay format,,,,,,,,,CHEMBL613712,Radical scavenging activity,,,CHEMBL2396641,1,,Bioorg Med Chem Lett,2013,,,,,200.0,,200000.0,5.301,Baja
CHEMBL2396692,,,270.29,,2.95,,COc1ccc2[nH]c(-c3ccc(O)c(OC)c3)nc2c1,EC50,=,58000.0,nM,4.24,,,UO_0000065,,,,,,CHEMBL2400447,Antioxidant activity assessed as DPPH radical scavenging activity after 30 mins by spectrophotometric analysis,F,BAO_0000019,assay format,,,,,,,,,CHEMBL613712,Radical scavenging activity,,,CHEMBL2396641,1,,Bioorg Med Chem Lett,2013,,,,,58.0,,58000.0,4.763,Media
CHEMBL2396691,,,256.26,,2.65,,COc1ccc2[nH]c(-c3ccc(O)cc3O)nc2c1,EC50,=,129000.0,nM,,Outside typical range,,UO_0000065,,,,,,CHEMBL2400447,Antioxidant activity assessed as DPPH radical scavenging activity after 30 mins by spectrophotometric analysis,F,BAO_0000019,assay format,,,,,,,,,CHEMBL613712,Radical scavenging activity,,,CHEMBL2396641,1,,Bioorg Med Chem Lett,2013,,,,,129.0,,129000.0,5.111,Media
CHEMBL2396690,,,254.29,,3.25,,COc1ccc(-c2nc3cc(OC)ccc3[nH]2)cc1,EC50,>,200000.0,nM,,Outside typical range,,UO_0000065,,,,,,CHEMBL2400447,Antioxidant activity assessed as DPPH radical scavenging activity after 30 mins by spectrophotometric analysis,F,BAO_0000019,assay format,,,,,,,,,CHEMBL613712,Radical scavenging activity,,,CHEMBL2396641,1,,Bioorg Med Chem Lett,2013,,,,,200.0,,200000.0,5.301,Baja
CHEMBL2396689,,,240.26,,2.94,,COc1ccc2[nH]c(-c3ccc(O)cc3)nc2c1,EC50,>,200000.0,nM,,Outside typical range,,UO_0000065,,,,,,CHEMBL2400447,Antioxidant activity assessed as DPPH radical scavenging activity after 30 mins by spectrophotometric analysis,F,BAO_0000019,assay format,,,,,,,,,CHEMBL613712,Radical scavenging activity,,,CHEMBL2396641,1,,Bioorg Med Chem Lett,2013,,,,,200.0,,200000.0,5.301,Baja
CHEMBL2396688,,,240.26,,2.94,,COc1ccc2[nH]c(-c3cccc(O)c3)nc2c1,EC50,>,200000.0,nM,,Outside typical range,,UO_0000065,,,,,,CHEMBL2400447,Antioxidant activity assessed as DPPH radical scavenging activity after 30 mins by spectrophotometric analysis,F,BAO_0000019,assay format,,,,,,,,,CHEMBL613712,Radical scavenging activity,,,CHEMBL2396641,1,,Bioorg Med Chem Lett,2013,,,,,200.0,,200000.0,5.301,Baja
CHEMBL2396687,,,240.26,,2.94,,COc1ccc2[nH]c(-c3ccccc3O)nc2c1,EC50,>,200000.0,nM,,Outside typical range,,UO_0000065,,,,,,CHEMBL2400447,Antioxidant activity assessed as DPPH radical scavenging activity after 30 mins by spectrophotometric analysis,F,BAO_0000019,assay format,,,,,,,,,CHEMBL613712,Radical scavenging activity,,,CHEMBL2396641,1,,Bioorg Med Chem Lett,2013,,,,,200.0,,200000.0,5.301,Baja
CHEMBL242080,E319,,166.22,,2.4,,CC(C)(C)c1cc(O)ccc1O,EC50,=,65000.0,nM,4.19,,,UO_0000065,,,,,,CHEMBL2400448,Antioxidant activity assessed as hydroxyl radical scavenging activity after 1 hr by spectrophotometric analysis,F,BAO_0000019,assay format,,,,,,,,,CHEMBL3879801,NON-PROTEIN TARGET,,,CHEMBL2396641,1,,Bioorg Med Chem Lett,2013,,,,,65.0,,65000.0,4.813,Media
CHEMBL2396683,,,256.26,,2.65,,COc1ccc(O)cc1-c1nc2cc(O)ccc2[nH]1,EC50,>,200000.0,nM,,Outside typical range,,UO_0000065,,,,,,CHEMBL2400448,Antioxidant activity assessed as hydroxyl radical scavenging activity after 1 hr by spectrophotometric analysis,F,BAO_0000019,assay format,,,,,,,,,CHEMBL3879801,NON-PROTEIN TARGET,,,CHEMBL2396641,1,,Bioorg Med Chem Lett,2013,,,,,200.0,,200000.0,5.301,Baja
CHEMBL2396684,,,256.26,,2.65,,COc1cc(O)ccc1-c1nc2cc(O)ccc2[nH]1,EC50,=,46000.0,nM,4.34,,,UO_0000065,,,,,,CHEMBL2400448,Antioxidant activity assessed as hydroxyl radical scavenging activity after 1 hr by spectrophotometric analysis,F,BAO_0000019,assay format,,,,,,,,,CHEMBL3879801,NON-PROTEIN TARGET,,,CHEMBL2396641,1,,Bioorg Med Chem Lett,2013,,,,,46.0,,46000.0,4.663,Media
CHEMBL2396685,,,270.29,,2.95,,COc1ccc(-c2nc3cc(O)ccc3[nH]2)c(OC)c1,EC50,>,200000.0,nM,,Outside typical range,,UO_0000065,,,,,,CHEMBL2400448,Antioxidant activity assessed as hydroxyl radical scavenging activity after 1 hr by spectrophotometric analysis,F,BAO_0000019,assay format,,,,,,,,,CHEMBL3879801,NON-PROTEIN TARGET,,,CHEMBL2396641,1,,Bioorg Med Chem Lett,2013,,,,,200.0,,200000.0,5.301,Baja
CHEMBL2396701,,,242.23,,2.35,,Oc1cc(O)cc(-c2nc3cc(O)ccc3[nH]2)c1,EC50,>,200000.0,nM,,Outside typical range,,UO_0000065,,,,,,CHEMBL2400448,Antioxidant activity assessed as hydroxyl radical scavenging activity after 1 hr by spectrophotometric analysis,F,BAO_0000019,assay format,,,,,,,,,CHEMBL3879801,NON-PROTEIN TARGET,,,CHEMBL2396641,1,,Bioorg Med Chem Lett,2013,,,,,200.0,,200000.0,5.301,Baja
CHEMBL2396700,,,242.23,,2.35,,Oc1ccc2[nH]c(-c3ccc(O)c(O)c3)nc2c1,EC50,=,77000.0,nM,4.11,,,UO_0000065,,,,,,CHEMBL2400448,Antioxidant activity assessed as hydroxyl radical scavenging activity after 1 hr by spectrophotometric analysis,F,BAO_0000019,assay format,,,,,,,,,CHEMBL3879801,NON-PROTEIN TARGET,,,CHEMBL2396641,1,,Bioorg Med Chem Lett,2013,,,,,77.0,,77000.0,4.886,Media
CHEMBL2396699,,,226.24,,2.64,,Oc1ccc(-c2nc3cc(O)ccc3[nH]2)cc1,EC50,=,159000.0,nM,,Outside typical range,,UO_0000065,,,,,,CHEMBL2400448,Antioxidant activity assessed as hydroxyl radical scavenging activity after 1 hr by spectrophotometric analysis,F,BAO_0000019,assay format,,,,,,,,,CHEMBL3879801,NON-PROTEIN TARGET,,,CHEMBL2396641,1,,Bioorg Med Chem Lett,2013,,,,,159.0,,159000.0,5.201,Media
CHEMBL2396698,,,226.24,,2.64,,Oc1cccc(-c2nc3cc(O)ccc3[nH]2)c1,EC50,>,200000.0,nM,,Outside typical range,,UO_0000065,,,,,,CHEMBL2400448,Antioxidant activity assessed as hydroxyl radical scavenging activity after 1 hr by spectrophotometric analysis,F,BAO_0000019,assay format,,,,,,,,,CHEMBL3879801,NON-PROTEIN TARGET,,,CHEMBL2396641,1,,Bioorg Med Chem Lett,2013,,,,,200.0,,200000.0,5.301,Baja
CHEMBL2396697,,,226.24,,2.64,,Oc1ccc2[nH]c(-c3ccccc3O)nc2c1,EC50,=,124000.0,nM,,Outside typical range,,UO_0000065,,,,,,CHEMBL2400448,Antioxidant activity assessed as hydroxyl radical scavenging activity after 1 hr by spectrophotometric analysis,F,BAO_0000019,assay format,,,,,,,,,CHEMBL3879801,NON-PROTEIN TARGET,,,CHEMBL2396641,1,,Bioorg Med Chem Lett,2013,,,,,124.0,,124000.0,5.093,Media
CHEMBL2396656,,,210.24,,2.94,,Oc1ccc2[nH]c(-c3ccccc3)nc2c1,EC50,>,200000.0,nM,,Outside typical range,,UO_0000065,,,,,,CHEMBL2400448,Antioxidant activity assessed as hydroxyl radical scavenging activity after 1 hr by spectrophotometric analysis,F,BAO_0000019,assay format,,,,,,,,,CHEMBL3879801,NON-PROTEIN TARGET,,,CHEMBL2396641,1,,Bioorg Med Chem Lett,2013,,,,,200.0,,200000.0,5.301,Baja
CHEMBL2396696,,,284.31,,3.26,,COc1ccc(OC)c(-c2nc3cc(OC)ccc3[nH]2)c1,EC50,>,200000.0,nM,,Outside typical range,,UO_0000065,,,,,,CHEMBL2400448,Antioxidant activity assessed as hydroxyl radical scavenging activity after 1 hr by spectrophotometric analysis,F,BAO_0000019,assay format,,,,,,,,,CHEMBL3879801,NON-PROTEIN TARGET,,,CHEMBL2396641,1,,Bioorg Med Chem Lett,2013,,,,,200.0,,200000.0,5.301,Baja
CHEMBL2396695,,,284.31,,3.26,,COc1ccc(-c2nc3cc(OC)ccc3[nH]2)c(OC)c1,EC50,>,200000.0,nM,,Outside typical range,,UO_0000065,,,,,,CHEMBL2400448,Antioxidant activity assessed as hydroxyl radical scavenging activity after 1 hr by spectrophotometric analysis,F,BAO_0000019,assay format,,,,,,,,,CHEMBL3879801,NON-PROTEIN TARGET,,,CHEMBL2396641,1,,Bioorg Med Chem Lett,2013,,,,,200.0,,200000.0,5.301,Baja
CHEMBL2396694,,,284.31,,3.26,,COc1cc(OC)cc(-c2nc3cc(OC)ccc3[nH]2)c1,EC50,>,200000.0,nM,,Outside typical range,,UO_0000065,,,,,,CHEMBL2400448,Antioxidant activity assessed as hydroxyl radical scavenging activity after 1 hr by spectrophotometric analysis,F,BAO_0000019,assay format,,,,,,,,,CHEMBL3879801,NON-PROTEIN TARGET,,,CHEMBL2396641,1,,Bioorg Med Chem Lett,2013,,,,,200.0,,200000.0,5.301,Baja
CHEMBL2396693,,,284.31,,3.26,,COc1ccc2[nH]c(-c3ccc(OC)c(OC)c3)nc2c1,EC50,>,200000.0,nM,,Outside typical range,,UO_0000065,,,,,,CHEMBL2400448,Antioxidant activity assessed as hydroxyl radical scavenging activity after 1 hr by spectrophotometric analysis,F,BAO_0000019,assay format,,,,,,,,,CHEMBL3879801,NON-PROTEIN TARGET,,,CHEMBL2396641,1,,Bioorg Med Chem Lett,2013,,,,,200.0,,200000.0,5.301,Baja
CHEMBL2396692,,,270.29,,2.95,,COc1ccc2[nH]c(-c3ccc(O)c(OC)c3)nc2c1,EC50,>,200000.0,nM,,Outside typical range,,UO_0000065,,,,,,CHEMBL2400448,Antioxidant activity assessed as hydroxyl radical scavenging activity after 1 hr by spectrophotometric analysis,F,BAO_0000019,assay format,,,,,,,,,CHEMBL3879801,NON-PROTEIN TARGET,,,CHEMBL2396641,1,,Bioorg Med Chem Lett,2013,,,,,200.0,,200000.0,5.301,Baja
CHEMBL2396691,,,256.26,,2.65,,COc1ccc2[nH]c(-c3ccc(O)cc3O)nc2c1,EC50,>,200000.0,nM,,Outside typical range,,UO_0000065,,,,,,CHEMBL2400448,Antioxidant activity assessed as hydroxyl radical scavenging activity after 1 hr by spectrophotometric analysis,F,BAO_0000019,assay format,,,,,,,,,CHEMBL3879801,NON-PROTEIN TARGET,,,CHEMBL2396641,1,,Bioorg Med Chem Lett,2013,,,,,200.0,,200000.0,5.301,Baja
CHEMBL2396690,,,254.29,,3.25,,COc1ccc(-c2nc3cc(OC)ccc3[nH]2)cc1,EC50,>,200000.0,nM,,Outside typical range,,UO_0000065,,,,,,CHEMBL2400448,Antioxidant activity assessed as hydroxyl radical scavenging activity after 1 hr by spectrophotometric analysis,F,BAO_0000019,assay format,,,,,,,,,CHEMBL3879801,NON-PROTEIN TARGET,,,CHEMBL2396641,1,,Bioorg Med Chem Lett,2013,,,,,200.0,,200000.0,5.301,Baja
CHEMBL2396689,,,240.26,,2.94,,COc1ccc2[nH]c(-c3ccc(O)cc3)nc2c1,EC50,>,200000.0,nM,,Outside typical range,,UO_0000065,,,,,,CHEMBL2400448,Antioxidant activity assessed as hydroxyl radical scavenging activity after 1 hr by spectrophotometric analysis,F,BAO_0000019,assay format,,,,,,,,,CHEMBL3879801,NON-PROTEIN TARGET,,,CHEMBL2396641,1,,Bioorg Med Chem Lett,2013,,,,,200.0,,200000.0,5.301,Baja
CHEMBL2396688,,,240.26,,2.94,,COc1ccc2[nH]c(-c3cccc(O)c3)nc2c1,EC50,>,200000.0,nM,,Outside typical range,,UO_0000065,,,,,,CHEMBL2400448,Antioxidant activity assessed as hydroxyl radical scavenging activity after 1 hr by spectrophotometric analysis,F,BAO_0000019,assay format,,,,,,,,,CHEMBL3879801,NON-PROTEIN TARGET,,,CHEMBL2396641,1,,Bioorg Med Chem Lett,2013,,,,,200.0,,200000.0,5.301,Baja
CHEMBL2396687,,,240.26,,2.94,,COc1ccc2[nH]c(-c3ccccc3O)nc2c1,EC50,=,190000.0,nM,,Outside typical range,,UO_0000065,,,,,,CHEMBL2400448,Antioxidant activity assessed as hydroxyl radical scavenging activity after 1 hr by spectrophotometric analysis,F,BAO_0000019,assay format,,,,,,,,,CHEMBL3879801,NON-PROTEIN TARGET,,,CHEMBL2396641,1,,Bioorg Med Chem Lett,2013,,,,,190.0,,190000.0,5.279,Baja
CHEMBL242080,E319,,166.22,,2.4,,CC(C)(C)c1cc(O)ccc1O,EC50,>,200000.0,nM,,Outside typical range,,UO_0000065,,,,,,CHEMBL2400449,Antioxidant activity assessed as superoxide radical anion scavenging activity by spectrophotometric analysis,F,BAO_0000019,assay format,,,,,,,,,CHEMBL3879801,NON-PROTEIN TARGET,,,CHEMBL2396641,1,,Bioorg Med Chem Lett,2013,,,,,200.0,,200000.0,5.301,Baja
CHEMBL2396683,,,256.26,,2.65,,COc1ccc(O)cc1-c1nc2cc(O)ccc2[nH]1,EC50,>,200000.0,nM,,Outside typical range,,UO_0000065,,,,,,CHEMBL2400449,Antioxidant activity assessed as superoxide radical anion scavenging activity by spectrophotometric analysis,F,BAO_0000019,assay format,,,,,,,,,CHEMBL3879801,NON-PROTEIN TARGET,,,CHEMBL2396641,1,,Bioorg Med Chem Lett,2013,,,,,200.0,,200000.0,5.301,Baja
CHEMBL2396684,,,256.26,,2.65,,COc1cc(O)ccc1-c1nc2cc(O)ccc2[nH]1,EC50,>,200000.0,nM,,Outside typical range,,UO_0000065,,,,,,CHEMBL2400449,Antioxidant activity assessed as superoxide radical anion scavenging activity by spectrophotometric analysis,F,BAO_0000019,assay format,,,,,,,,,CHEMBL3879801,NON-PROTEIN TARGET,,,CHEMBL2396641,1,,Bioorg Med Chem Lett,2013,,,,,200.0,,200000.0,5.301,Baja
CHEMBL2396685,,,270.29,,2.95,,COc1ccc(-c2nc3cc(O)ccc3[nH]2)c(OC)c1,EC50,>,200000.0,nM,,Outside typical range,,UO_0000065,,,,,,CHEMBL2400449,Antioxidant activity assessed as superoxide radical anion scavenging activity by spectrophotometric analysis,F,BAO_0000019,assay format,,,,,,,,,CHEMBL3879801,NON-PROTEIN TARGET,,,CHEMBL2396641,1,,Bioorg Med Chem Lett,2013,,,,,200.0,,200000.0,5.301,Baja
CHEMBL2396701,,,242.23,,2.35,,Oc1cc(O)cc(-c2nc3cc(O)ccc3[nH]2)c1,EC50,>,200000.0,nM,,Outside typical range,,UO_0000065,,,,,,CHEMBL2400449,Antioxidant activity assessed as superoxide radical anion scavenging activity by spectrophotometric analysis,F,BAO_0000019,assay format,,,,,,,,,CHEMBL3879801,NON-PROTEIN TARGET,,,CHEMBL2396641,1,,Bioorg Med Chem Lett,2013,,,,,200.0,,200000.0,5.301,Baja
CHEMBL2396700,,,242.23,,2.35,,Oc1ccc2[nH]c(-c3ccc(O)c(O)c3)nc2c1,EC50,>,200000.0,nM,,Outside typical range,,UO_0000065,,,,,,CHEMBL2400449,Antioxidant activity assessed as superoxide radical anion scavenging activity by spectrophotometric analysis,F,BAO_0000019,assay format,,,,,,,,,CHEMBL3879801,NON-PROTEIN TARGET,,,CHEMBL2396641,1,,Bioorg Med Chem Lett,2013,,,,,200.0,,200000.0,5.301,Baja
CHEMBL2396699,,,226.24,,2.64,,Oc1ccc(-c2nc3cc(O)ccc3[nH]2)cc1,EC50,>,200000.0,nM,,Outside typical range,,UO_0000065,,,,,,CHEMBL2400449,Antioxidant activity assessed as superoxide radical anion scavenging activity by spectrophotometric analysis,F,BAO_0000019,assay format,,,,,,,,,CHEMBL3879801,NON-PROTEIN TARGET,,,CHEMBL2396641,1,,Bioorg Med Chem Lett,2013,,,,,200.0,,200000.0,5.301,Baja
CHEMBL2396698,,,226.24,,2.64,,Oc1cccc(-c2nc3cc(O)ccc3[nH]2)c1,EC50,>,200000.0,nM,,Outside typical range,,UO_0000065,,,,,,CHEMBL2400449,Antioxidant activity assessed as superoxide radical anion scavenging activity by spectrophotometric analysis,F,BAO_0000019,assay format,,,,,,,,,CHEMBL3879801,NON-PROTEIN TARGET,,,CHEMBL2396641,1,,Bioorg Med Chem Lett,2013,,,,,200.0,,200000.0,5.301,Baja
CHEMBL2396697,,,226.24,,2.64,,Oc1ccc2[nH]c(-c3ccccc3O)nc2c1,EC50,=,169000.0,nM,,Outside typical range,,UO_0000065,,,,,,CHEMBL2400449,Antioxidant activity assessed as superoxide radical anion scavenging activity by spectrophotometric analysis,F,BAO_0000019,assay format,,,,,,,,,CHEMBL3879801,NON-PROTEIN TARGET,,,CHEMBL2396641,1,,Bioorg Med Chem Lett,2013,,,,,169.0,,169000.0,5.228,Media
CHEMBL2396656,,,210.24,,2.94,,Oc1ccc2[nH]c(-c3ccccc3)nc2c1,EC50,>,200000.0,nM,,Outside typical range,,UO_0000065,,,,,,CHEMBL2400449,Antioxidant activity assessed as superoxide radical anion scavenging activity by spectrophotometric analysis,F,BAO_0000019,assay format,,,,,,,,,CHEMBL3879801,NON-PROTEIN TARGET,,,CHEMBL2396641,1,,Bioorg Med Chem Lett,2013,,,,,200.0,,200000.0,5.301,Baja
CHEMBL2396696,,,284.31,,3.26,,COc1ccc(OC)c(-c2nc3cc(OC)ccc3[nH]2)c1,EC50,>,200000.0,nM,,Outside typical range,,UO_0000065,,,,,,CHEMBL2400449,Antioxidant activity assessed as superoxide radical anion scavenging activity by spectrophotometric analysis,F,BAO_0000019,assay format,,,,,,,,,CHEMBL3879801,NON-PROTEIN TARGET,,,CHEMBL2396641,1,,Bioorg Med Chem Lett,2013,,,,,200.0,,200000.0,5.301,Baja
CHEMBL2396695,,,284.31,,3.26,,COc1ccc(-c2nc3cc(OC)ccc3[nH]2)c(OC)c1,EC50,>,200000.0,nM,,Outside typical range,,UO_0000065,,,,,,CHEMBL2400449,Antioxidant activity assessed as superoxide radical anion scavenging activity by spectrophotometric analysis,F,BAO_0000019,assay format,,,,,,,,,CHEMBL3879801,NON-PROTEIN TARGET,,,CHEMBL2396641,1,,Bioorg Med Chem Lett,2013,,,,,200.0,,200000.0,5.301,Baja
CHEMBL2396694,,,284.31,,3.26,,COc1cc(OC)cc(-c2nc3cc(OC)ccc3[nH]2)c1,EC50,>,200000.0,nM,,Outside typical range,,UO_0000065,,,,,,CHEMBL2400449,Antioxidant activity assessed as superoxide radical anion scavenging activity by spectrophotometric analysis,F,BAO_0000019,assay format,,,,,,,,,CHEMBL3879801,NON-PROTEIN TARGET,,,CHEMBL2396641,1,,Bioorg Med Chem Lett,2013,,,,,200.0,,200000.0,5.301,Baja
CHEMBL2396693,,,284.31,,3.26,,COc1ccc2[nH]c(-c3ccc(OC)c(OC)c3)nc2c1,EC50,>,200000.0,nM,,Outside typical range,,UO_0000065,,,,,,CHEMBL2400449,Antioxidant activity assessed as superoxide radical anion scavenging activity by spectrophotometric analysis,F,BAO_0000019,assay format,,,,,,,,,CHEMBL3879801,NON-PROTEIN TARGET,,,CHEMBL2396641,1,,Bioorg Med Chem Lett,2013,,,,,200.0,,200000.0,5.301,Baja
CHEMBL2396692,,,270.29,,2.95,,COc1ccc2[nH]c(-c3ccc(O)c(OC)c3)nc2c1,EC50,>,200000.0,nM,,Outside typical range,,UO_0000065,,,,,,CHEMBL2400449,Antioxidant activity assessed as superoxide radical anion scavenging activity by spectrophotometric analysis,F,BAO_0000019,assay format,,,,,,,,,CHEMBL3879801,NON-PROTEIN TARGET,,,CHEMBL2396641,1,,Bioorg Med Chem Lett,2013,,,,,200.0,,200000.0,5.301,Baja
CHEMBL2396691,,,256.26,,2.65,,COc1ccc2[nH]c(-c3ccc(O)cc3O)nc2c1,EC50,=,189000.0,nM,,Outside typical range,,UO_0000065,,,,,,CHEMBL2400449,Antioxidant activity assessed as superoxide radical anion scavenging activity by spectrophotometric analysis,F,BAO_0000019,assay format,,,,,,,,,CHEMBL3879801,NON-PROTEIN TARGET,,,CHEMBL2396641,1,,Bioorg Med Chem Lett,2013,,,,,189.0,,189000.0,5.276,Baja
CHEMBL2396690,,,254.29,,3.25,,COc1ccc(-c2nc3cc(OC)ccc3[nH]2)cc1,EC50,>,200000.0,nM,,Outside typical range,,UO_0000065,,,,,,CHEMBL2400449,Antioxidant activity assessed as superoxide radical anion scavenging activity by spectrophotometric analysis,F,BAO_0000019,assay format,,,,,,,,,CHEMBL3879801,NON-PROTEIN TARGET,,,CHEMBL2396641,1,,Bioorg Med Chem Lett,2013,,,,,200.0,,200000.0,5.301,Baja
CHEMBL2396689,,,240.26,,2.94,,COc1ccc2[nH]c(-c3ccc(O)cc3)nc2c1,EC50,>,200000.0,nM,,Outside typical range,,UO_0000065,,,,,,CHEMBL2400449,Antioxidant activity assessed as superoxide radical anion scavenging activity by spectrophotometric analysis,F,BAO_0000019,assay format,,,,,,,,,CHEMBL3879801,NON-PROTEIN TARGET,,,CHEMBL2396641,1,,Bioorg Med Chem Lett,2013,,,,,200.0,,200000.0,5.301,Baja
CHEMBL2396688,,,240.26,,2.94,,COc1ccc2[nH]c(-c3cccc(O)c3)nc2c1,EC50,>,200000.0,nM,,Outside typical range,,UO_0000065,,,,,,CHEMBL2400449,Antioxidant activity assessed as superoxide radical anion scavenging activity by spectrophotometric analysis,F,BAO_0000019,assay format,,,,,,,,,CHEMBL3879801,NON-PROTEIN TARGET,,,CHEMBL2396641,1,,Bioorg Med Chem Lett,2013,,,,,200.0,,200000.0,5.301,Baja
CHEMBL2396687,,,240.26,,2.94,,COc1ccc2[nH]c(-c3ccccc3O)nc2c1,EC50,=,87000.0,nM,4.06,,,UO_0000065,,,,,,CHEMBL2400449,Antioxidant activity assessed as superoxide radical anion scavenging activity by spectrophotometric analysis,F,BAO_0000019,assay format,,,,,,,,,CHEMBL3879801,NON-PROTEIN TARGET,,,CHEMBL2396641,1,,Bioorg Med Chem Lett,2013,,,,,87.0,,87000.0,4.94,Media
CHEMBL275097,TETRAHYDROBERBERINE,,339.39,,3.09,,COc1ccc2c(c1OC)CN1CCc3cc4c(cc3C1C2)OCO4,EC50,=,93000.0,nM,4.03,,,UO_0000065,,,,,,CHEMBL4157891,Antioxidant activity assessed as protection against ferrous ions and dioxygen-induced free radical-mediated DNA strand break in pEMBL8 supercoiled DNA preincubated with DNA followed by (NH4)2Fe(SO4)2.6H2O addition measured after 6 mins by ethidium bromide staining based agarose gel electrophoresis method,F,BAO_0000019,assay format,,,,,,,,,CHEMBL2364041,DNA,Bacteria,,CHEMBL4152359,1,,Bioorg Med Chem,2018,,,,,93.0,,93000.0,4.968,Media
CHEMBL4161450,,,523.54,,2.77,,COC(=O)NN1C(C)=C(C(=O)OC)C2c3ccc(OC)c(OC)c3CN3CCc4cc5c(cc4C231)OCO5,EC50,=,683000.0,nM,,Outside typical range,,UO_0000065,,,,,,CHEMBL4157891,Antioxidant activity assessed as protection against ferrous ions and dioxygen-induced free radical-mediated DNA strand break in pEMBL8 supercoiled DNA preincubated with DNA followed by (NH4)2Fe(SO4)2.6H2O addition measured after 6 mins by ethidium bromide staining based agarose gel electrophoresis method,F,BAO_0000019,assay format,,,,,,,,,CHEMBL2364041,DNA,Bacteria,,CHEMBL4152359,1,,Bioorg Med Chem,2018,,,,,683.0,,683000.0,5.834,Baja
CHEMBL4169377,,,551.6,,3.55,,CCOC(=O)NN1C(C)=C(C(=O)OCC)C2c3ccc(OC)c(OC)c3CN3CCc4cc5c(cc4C231)OCO5,EC50,=,407000.0,nM,,Outside typical range,,UO_0000065,,,,,,CHEMBL4157891,Antioxidant activity assessed as protection against ferrous ions and dioxygen-induced free radical-mediated DNA strand break in pEMBL8 supercoiled DNA preincubated with DNA followed by (NH4)2Fe(SO4)2.6H2O addition measured after 6 mins by ethidium bromide staining based agarose gel electrophoresis method,F,BAO_0000019,assay format,,,,,,,,,CHEMBL2364041,DNA,Bacteria,,CHEMBL4152359,1,,Bioorg Med Chem,2018,,,,,407.0,,407000.0,5.61,Baja
CHEMBL4161702,,,565.62,,3.94,,COC(=O)C1=C(C)N(NC(=O)OC(C)(C)C)C23c4cc5c(cc4CCN2Cc2c(ccc(OC)c2OC)C13)OCO5,EC50,=,119000.0,nM,,Outside typical range,,UO_0000065,,,,,,CHEMBL4157891,Antioxidant activity assessed as protection against ferrous ions and dioxygen-induced free radical-mediated DNA strand break in pEMBL8 supercoiled DNA preincubated with DNA followed by (NH4)2Fe(SO4)2.6H2O addition measured after 6 mins by ethidium bromide staining based agarose gel electrophoresis method,F,BAO_0000019,assay format,,,,,,,,,CHEMBL2364041,DNA,Bacteria,,CHEMBL4152359,1,,Bioorg Med Chem,2018,,,,,119.0,,119000.0,5.076,Media
CHEMBL4172332,,,579.65,,4.33,,CCOC(=O)C1=C(C)N(NC(=O)OC(C)(C)C)C23c4cc5c(cc4CCN2Cc2c(ccc(OC)c2OC)C13)OCO5,EC50,=,74000.0,nM,4.13,,,UO_0000065,,,,,,CHEMBL4157891,Antioxidant activity assessed as protection against ferrous ions and dioxygen-induced free radical-mediated DNA strand break in pEMBL8 supercoiled DNA preincubated with DNA followed by (NH4)2Fe(SO4)2.6H2O addition measured after 6 mins by ethidium bromide staining based agarose gel electrophoresis method,F,BAO_0000019,assay format,,,,,,,,,CHEMBL2364041,DNA,Bacteria,,CHEMBL4152359,1,,Bioorg Med Chem,2018,,,,,74.0,,74000.0,4.869,Media
CHEMBL4165128,,,615.62,,5.21,,COc1ccc2c(c1OC)CN1CCc3cc4c(cc3C13C2C(P(=O)(OC)OC)=C(C)N3NC(=O)OC(C)(C)C)OCO4,EC50,=,196000.0,nM,,Outside typical range,,UO_0000065,,,,,,CHEMBL4157891,Antioxidant activity assessed as protection against ferrous ions and dioxygen-induced free radical-mediated DNA strand break in pEMBL8 supercoiled DNA preincubated with DNA followed by (NH4)2Fe(SO4)2.6H2O addition measured after 6 mins by ethidium bromide staining based agarose gel electrophoresis method,F,BAO_0000019,assay format,,,,,,,,,CHEMBL2364041,DNA,Bacteria,,CHEMBL4152359,1,,Bioorg Med Chem,2018,,,,,196.0,,196000.0,5.292,Baja
CHEMBL4175741,,,584.63,,4.24,,COC(=O)C1=C(C)N(NC(=O)Nc2ccccc2)C23c4cc5c(cc4CCN2Cc2c(ccc(OC)c2OC)C13)OCO5,EC50,=,63000.0,nM,4.2,,,UO_0000065,,,,,,CHEMBL4157891,Antioxidant activity assessed as protection against ferrous ions and dioxygen-induced free radical-mediated DNA strand break in pEMBL8 supercoiled DNA preincubated with DNA followed by (NH4)2Fe(SO4)2.6H2O addition measured after 6 mins by ethidium bromide staining based agarose gel electrophoresis method,F,BAO_0000019,assay format,,,,,,,,,CHEMBL2364041,DNA,Bacteria,,CHEMBL4152359,1,,Bioorg Med Chem,2018,,,,,63.0,,63000.0,4.799,Media
CHEMBL4168549,,,645.72,,5.71,,COc1ccc2c(c1OC)CN1CCc3cc4c(cc3C13C2C(C(=O)Nc1ccccc1)=C(C)N3NC(=O)Nc1ccccc1)OCO4,EC50,=,140000.0,nM,,Outside typical range,,UO_0000065,,,,,,CHEMBL4157891,Antioxidant activity assessed as protection against ferrous ions and dioxygen-induced free radical-mediated DNA strand break in pEMBL8 supercoiled DNA preincubated with DNA followed by (NH4)2Fe(SO4)2.6H2O addition measured after 6 mins by ethidium bromide staining based agarose gel electrophoresis method,F,BAO_0000019,assay format,,,,,,,,,CHEMBL2364041,DNA,Bacteria,,CHEMBL4152359,1,,Bioorg Med Chem,2018,,,,,140.0,,140000.0,5.146,Media
CHEMBL3238004,,,594.57,,4.53,,CC[C@@H](C)[C@]12Oc3cc(C4=C(O)C(=O)C(c5ccc(O)cc5)=C(O)C4=O)ccc3O[N@@+]1([O-])C(O)=C([C@@H](C)CC)N(O)C2=O,EC50,=,18000.0,nM,4.75,,,UO_0000065,,,,,,CHEMBL3241008,Antioxidant activity assessed as potassium ferric cyanide ion reducing power after 20 mins by absorbance analysis,F,BAO_0000019,assay format,,,,,,,,,CHEMBL3879801,NON-PROTEIN TARGET,,,CHEMBL3232905,1,,J Nat Prod,2014,,,,,18.0,,18000.0,4.255,Alta
CHEMBL3238005,,,594.57,,4.53,,CC[C@@H](C)[C@]12Oc3cc(C4=C(O)C(=O)C(c5ccc(O)cc5)=C(O)C4=O)ccc3O[N@+]1([O-])C(O)=C([C@@H](C)CC)N(O)C2=O,EC50,=,17000.0,nM,4.77,,,UO_0000065,,,,,,CHEMBL3241008,Antioxidant activity assessed as potassium ferric cyanide ion reducing power after 20 mins by absorbance analysis,F,BAO_0000019,assay format,,,,,,,,,CHEMBL3879801,NON-PROTEIN TARGET,,,CHEMBL3232905,1,,J Nat Prod,2014,,,,,17.0,,17000.0,4.23,Alta
CHEMBL3238006,,,494.45,,4.13,,CC(=O)Oc1c(OC(C)=O)c(-c2ccc(O)cc2)c(OC(C)=O)c(OC(C)=O)c1-c1ccc(O)cc1,EC50,>,50000.0,nM,,,,UO_0000065,,,,,,CHEMBL3241008,Antioxidant activity assessed as potassium ferric cyanide ion reducing power after 20 mins by absorbance analysis,F,BAO_0000019,assay format,,,,,,,,,CHEMBL3879801,NON-PROTEIN TARGET,,,CHEMBL3232905,1,,J Nat Prod,2014,,,,,50.0,,50000.0,4.699,Media
CHEMBL3238007,,,410.38,,3.69,,CC(=O)Oc1c(OC(C)=O)c(-c2ccc(O)cc2)c(O)c(O)c1-c1ccc(O)cc1,EC50,>,50000.0,nM,,,,UO_0000065,,,,,,CHEMBL3241008,Antioxidant activity assessed as potassium ferric cyanide ion reducing power after 20 mins by absorbance analysis,F,BAO_0000019,assay format,,,,,,,,,CHEMBL3879801,NON-PROTEIN TARGET,,,CHEMBL3232905,1,,J Nat Prod,2014,,,,,50.0,,50000.0,4.699,Media
CHEMBL1972790,,,426.38,,3.4,,CC(=O)Oc1c(OC(C)=O)c(-c2ccc(O)c(O)c2)c(O)c(O)c1-c1ccc(O)cc1,EC50,=,31000.0,nM,4.51,,,UO_0000065,,,,,,CHEMBL3241008,Antioxidant activity assessed as potassium ferric cyanide ion reducing power after 20 mins by absorbance analysis,F,BAO_0000019,assay format,,,,,,,,,CHEMBL3879801,NON-PROTEIN TARGET,,,CHEMBL3232905,1,,J Nat Prod,2014,,,,,31.0,,31000.0,4.491,Media
CHEMBL3238008,,,340.29,,2.19,,O=C1C(O)=C(c2ccc(O)c(O)c2)C(=O)C(O)=C1c1ccc(O)cc1,EC50,=,13000.0,nM,4.89,,,UO_0000065,,,,,,CHEMBL3241008,Antioxidant activity assessed as potassium ferric cyanide ion reducing power after 20 mins by absorbance analysis,F,BAO_0000019,assay format,,,,,,,,,CHEMBL3879801,NON-PROTEIN TARGET,,,CHEMBL3232905,1,,J Nat Prod,2014,,,,,13.0,,13000.0,4.114,Alta
CHEMBL3238009,,,424.36,,3.93,,CC(=O)Oc1c(-c2ccc(O)cc2)c(O)c2oc3cc(O)c(O)cc3c2c1OC(C)=O,EC50,=,37000.0,nM,4.43,,,UO_0000065,,,,,,CHEMBL3241008,Antioxidant activity assessed as potassium ferric cyanide ion reducing power after 20 mins by absorbance analysis,F,BAO_0000019,assay format,,,,,,,,,CHEMBL3879801,NON-PROTEIN TARGET,,,CHEMBL3232905,1,,J Nat Prod,2014,,,,,37.0,,37000.0,4.568,Media
CHEMBL3238010,,,680.66,,5.74,,CC[C@@H](C)[C@]12Oc3cc(-c4c(O)c(O)c(-c5ccc(O)cc5)c(OC(C)=O)c4OC(C)=O)ccc3O[N@+]1([O-])C(O)=C([C@@H](C)CC)N(O)C2=O,EC50,=,22000.0,nM,4.66,,,UO_0000065,,,,,,CHEMBL3241008,Antioxidant activity assessed as potassium ferric cyanide ion reducing power after 20 mins by absorbance analysis,F,BAO_0000019,assay format,,,,,,,,,CHEMBL3879801,NON-PROTEIN TARGET,,,CHEMBL3232905,1,,J Nat Prod,2014,,,,,22.0,,22000.0,4.342,Alta
CHEMBL3238011,,,722.7,,5.96,,CC[C@@H](C)[C@]12Oc3cc(-c4c(O)c(O)c(-c5ccc(OC(C)=O)cc5)c(OC(C)=O)c4OC(C)=O)ccc3O[N@+]1([O-])C(O)=C([C@@H](C)CC)N(O)C2=O,EC50,=,17000.0,nM,4.77,,,UO_0000065,,,,,,CHEMBL3241008,Antioxidant activity assessed as potassium ferric cyanide ion reducing power after 20 mins by absorbance analysis,F,BAO_0000019,assay format,,,,,,,,,CHEMBL3879801,NON-PROTEIN TARGET,,,CHEMBL3232905,1,,J Nat Prod,2014,,,,,17.0,,17000.0,4.23,Alta
CHEMBL3238012,,,680.66,,5.74,,CC[C@@H](C)[C@]12Oc3cc(-c4c(O)c(O)c(-c5ccc(O)cc5)c(OC(C)=O)c4OC(C)=O)ccc3O[N@@+]1([O-])C(O)=C([C@@H](C)CC)N(O)C2=O,EC50,=,29000.0,nM,4.54,,,UO_0000065,,,,,,CHEMBL3241008,Antioxidant activity assessed as potassium ferric cyanide ion reducing power after 20 mins by absorbance analysis,F,BAO_0000019,assay format,,,,,,,,,CHEMBL3879801,NON-PROTEIN TARGET,,,CHEMBL3232905,1,,J Nat Prod,2014,,,,,29.0,,29000.0,4.462,Media
CHEMBL196,ASCORBIC ACID,,176.12,,-1.41,,O=C1O[C@H]([C@@H](O)CO)C(O)=C1O,EC50,=,48000.0,nM,4.32,,,UO_0000065,,,,,,CHEMBL3241008,Antioxidant activity assessed as potassium ferric cyanide ion reducing power after 20 mins by absorbance analysis,F,BAO_0000019,assay format,,,,,,,,,CHEMBL3879801,NON-PROTEIN TARGET,,,CHEMBL3232905,1,,J Nat Prod,2014,,,,,48.0,,48000.0,4.681,Media
CHEMBL242080,E319,,166.22,,2.4,,CC(C)(C)c1cc(O)ccc1O,EC50,=,10000.0,nM,5.0,,,UO_0000065,,,,,,CHEMBL4201293,Antioxidant activity assessed as DPPH radical scavenging activity incubated for 30 mins by UV/visible spectrophotometric analysis,F,BAO_0000019,assay format,,,,,,,,,CHEMBL2362975,No relevant target,,,CHEMBL4196182,1,,J Nat Prod,2018,,,,,10.0,,10000.0,4.0,Alta
CHEMBL4218837,,,472.45,,3.45,,COc1c2c(c(O)c3c1C(=O)c1c(O)cccc1C3=O)-c1c(cc3c(c1O)C(=O)O[C@H](C)C3)CC2,EC50,=,42000.0,nM,4.38,,,UO_0000065,,,,,,CHEMBL4201293,Antioxidant activity assessed as DPPH radical scavenging activity incubated for 30 mins by UV/visible spectrophotometric analysis,F,BAO_0000019,assay format,,,,,,,,,CHEMBL2362975,No relevant target,,,CHEMBL4196182,1,,J Nat Prod,2018,,,,,42.0,,42000.0,4.623,Media
CHEMBL4210523,,,488.45,,2.95,,COc1c2c(c(O)c3c1[C@H](O)Cc1cc4c(c(O)c1-3)C(=O)O[C@H](C)C4)C(=O)c1cccc(O)c1C2=O,EC50,=,21000.0,nM,4.68,,,UO_0000065,,,,,,CHEMBL4201293,Antioxidant activity assessed as DPPH radical scavenging activity incubated for 30 mins by UV/visible spectrophotometric analysis,F,BAO_0000019,assay format,,,,,,,,,CHEMBL2362975,No relevant target,,,CHEMBL4196182,1,,J Nat Prod,2018,,,,,21.0,,21000.0,4.322,Alta
CHEMBL4205659,,,504.45,,2.67,,COc1c2c(c(O)c3c1[C@H](O)Cc1cc(CC(C)=O)c(C(=O)O)c(O)c1-3)C(=O)c1cccc(O)c1C2=O,EC50,=,25000.0,nM,4.6,,,UO_0000065,,,,,,CHEMBL4201293,Antioxidant activity assessed as DPPH radical scavenging activity incubated for 30 mins by UV/visible spectrophotometric analysis,F,BAO_0000019,assay format,,,,,,,,,CHEMBL2362975,No relevant target,,,CHEMBL4196182,1,,J Nat Prod,2018,,,,,25.0,,25000.0,4.398,Media
CHEMBL4214940,,,502.48,,3.43,,COc1c2c(c(O)c3c1C(=O)c1c(O)cccc1C3=O)-c1c(cc3c(c1O)C(=O)OC(C)(OC)C3)CC2,EC50,=,2700.0,nM,5.57,,,UO_0000065,,,,,,CHEMBL4201293,Antioxidant activity assessed as DPPH radical scavenging activity incubated for 30 mins by UV/visible spectrophotometric analysis,F,BAO_0000019,assay format,,,,,,,,,CHEMBL2362975,No relevant target,,,CHEMBL4196182,1,,J Nat Prod,2018,,,,,2.7,,2700.0,3.431,Alta
CHEMBL4210029,,,488.45,,2.77,,COc1c2c(c(O)c3c1C(=O)c1c(O)cccc1C3=O)-c1c(cc3c(c1O)C(=O)OC(C)(O)C3)CC2,EC50,=,2900.0,nM,5.54,,,UO_0000065,,,,,,CHEMBL4201293,Antioxidant activity assessed as DPPH radical scavenging activity incubated for 30 mins by UV/visible spectrophotometric analysis,F,BAO_0000019,assay format,,,,,,,,,CHEMBL2362975,No relevant target,,,CHEMBL4196182,1,,J Nat Prod,2018,,,,,2.9,,2900.0,3.462,Alta
CHEMBL4210302,,,544.51,,3.91,,CCC(=O)O[C@@H]1Cc2cc3c(c(O)c2-c2c(O)c4c(c(OC)c21)C(=O)c1c(O)cccc1C4=O)C(=O)O[C@H](C)C3,EC50,=,30000.0,nM,4.52,,,UO_0000065,,,,,,CHEMBL4201293,Antioxidant activity assessed as DPPH radical scavenging activity incubated for 30 mins by UV/visible spectrophotometric analysis,F,BAO_0000019,assay format,,,,,,,,,CHEMBL2362975,No relevant target,,,CHEMBL4196182,1,,J Nat Prod,2018,,,,,30.0,,30000.0,4.477,Media
CHEMBL4215236,,,558.54,,4.15,,COc1c2c(c(O)c3c1[C@H](OC(=O)C(C)C)Cc1cc4c(c(O)c1-3)C(=O)O[C@H](C)C4)C(=O)c1cccc(O)c1C2=O,EC50,=,30000.0,nM,4.52,,,UO_0000065,,,,,,CHEMBL4201293,Antioxidant activity assessed as DPPH radical scavenging activity incubated for 30 mins by UV/visible spectrophotometric analysis,F,BAO_0000019,assay format,,,,,,,,,CHEMBL2362975,No relevant target,,,CHEMBL4196182,1,,J Nat Prod,2018,,,,,30.0,,30000.0,4.477,Media
CHEMBL4210302,,,544.51,,3.91,,CCC(=O)O[C@@H]1Cc2cc3c(c(O)c2-c2c(O)c4c(c(OC)c21)C(=O)c1c(O)cccc1C4=O)C(=O)O[C@H](C)C3,EC50,=,831000.0,nM,,Outside typical range,,UO_0000065,,,,,,CHEMBL4201294,Antioxidant activity assessed as hydroxyl radical scavenging activity incubated for 10 mins in presence of salicylic acid,F,BAO_0000019,assay format,,,,,,,,,CHEMBL2362975,No relevant target,,,CHEMBL4196182,1,,J Nat Prod,2018,,,,,831.0,,831000.0,5.92,Baja
CHEMBL4215236,,,558.54,,4.15,,COc1c2c(c(O)c3c1[C@H](OC(=O)C(C)C)Cc1cc4c(c(O)c1-3)C(=O)O[C@H](C)C4)C(=O)c1cccc(O)c1C2=O,EC50,=,804000.0,nM,,Outside typical range,,UO_0000065,,,,,,CHEMBL4201294,Antioxidant activity assessed as hydroxyl radical scavenging activity incubated for 10 mins in presence of salicylic acid,F,BAO_0000019,assay format,,,,,,,,,CHEMBL2362975,No relevant target,,,CHEMBL4196182,1,,J Nat Prod,2018,,,,,804.0,,804000.0,5.905,Baja
CHEMBL242080,E319,,166.22,,2.4,,CC(C)(C)c1cc(O)ccc1O,EC50,=,1923000.0,nM,,Outside typical range,,UO_0000065,,,,,,CHEMBL4201294,Antioxidant activity assessed as hydroxyl radical scavenging activity incubated for 10 mins in presence of salicylic acid,F,BAO_0000019,assay format,,,,,,,,,CHEMBL2362975,No relevant target,,,CHEMBL4196182,1,,J Nat Prod,2018,,,,,1923.0,,1923000.0,6.284,Baja
CHEMBL4218837,,,472.45,,3.45,,COc1c2c(c(O)c3c1C(=O)c1c(O)cccc1C3=O)-c1c(cc3c(c1O)C(=O)O[C@H](C)C3)CC2,EC50,=,1526000.0,nM,,Outside typical range,,UO_0000065,,,,,,CHEMBL4201294,Antioxidant activity assessed as hydroxyl radical scavenging activity incubated for 10 mins in presence of salicylic acid,F,BAO_0000019,assay format,,,,,,,,,CHEMBL2362975,No relevant target,,,CHEMBL4196182,1,,J Nat Prod,2018,,,,,1526.0,,1526000.0,6.184,Baja
CHEMBL4210523,,,488.45,,2.95,,COc1c2c(c(O)c3c1[C@H](O)Cc1cc4c(c(O)c1-3)C(=O)O[C@H](C)C4)C(=O)c1cccc(O)c1C2=O,EC50,=,723000.0,nM,,Outside typical range,,UO_0000065,,,,,,CHEMBL4201294,Antioxidant activity assessed as hydroxyl radical scavenging activity incubated for 10 mins in presence of salicylic acid,F,BAO_0000019,assay format,,,,,,,,,CHEMBL2362975,No relevant target,,,CHEMBL4196182,1,,J Nat Prod,2018,,,,,723.0,,723000.0,5.859,Baja
CHEMBL4205659,,,504.45,,2.67,,COc1c2c(c(O)c3c1[C@H](O)Cc1cc(CC(C)=O)c(C(=O)O)c(O)c1-3)C(=O)c1cccc(O)c1C2=O,EC50,=,840000.0,nM,,Outside typical range,,UO_0000065,,,,,,CHEMBL4201294,Antioxidant activity assessed as hydroxyl radical scavenging activity incubated for 10 mins in presence of salicylic acid,F,BAO_0000019,assay format,,,,,,,,,CHEMBL2362975,No relevant target,,,CHEMBL4196182,1,,J Nat Prod,2018,,,,,840.0,,840000.0,5.924,Baja
CHEMBL4214940,,,502.48,,3.43,,COc1c2c(c(O)c3c1C(=O)c1c(O)cccc1C3=O)-c1c(cc3c(c1O)C(=O)OC(C)(OC)C3)CC2,EC50,=,519000.0,nM,,Outside typical range,,UO_0000065,,,,,,CHEMBL4201294,Antioxidant activity assessed as hydroxyl radical scavenging activity incubated for 10 mins in presence of salicylic acid,F,BAO_0000019,assay format,,,,,,,,,CHEMBL2362975,No relevant target,,,CHEMBL4196182,1,,J Nat Prod,2018,,,,,519.0,,519000.0,5.715,Baja
CHEMBL4210029,,,488.45,,2.77,,COc1c2c(c(O)c3c1C(=O)c1c(O)cccc1C3=O)-c1c(cc3c(c1O)C(=O)OC(C)(O)C3)CC2,EC50,=,619000.0,nM,,Outside typical range,,UO_0000065,,,,,,CHEMBL4201294,Antioxidant activity assessed as hydroxyl radical scavenging activity incubated for 10 mins in presence of salicylic acid,F,BAO_0000019,assay format,,,,,,,,,CHEMBL2362975,No relevant target,,,CHEMBL4196182,1,,J Nat Prod,2018,,,,,619.0,,619000.0,5.792,Baja
CHEMBL242080,E319,,166.22,,2.4,,CC(C)(C)c1cc(O)ccc1O,EC50,=,482000.0,nM,,Outside typical range,,UO_0000065,,,,,,CHEMBL4201295,Antioxidant activity assessed as superoxide anion radical scavenging activity incubated for 20 mins measured every 30 secs for 5 mins in presence of pyrogallol,F,BAO_0000019,assay format,,,,,,,,,CHEMBL2362975,No relevant target,,,CHEMBL4196182,1,,J Nat Prod,2018,,,,,482.0,,482000.0,5.683,Baja
CHEMBL4218837,,,472.45,,3.45,,COc1c2c(c(O)c3c1C(=O)c1c(O)cccc1C3=O)-c1c(cc3c(c1O)C(=O)O[C@H](C)C3)CC2,EC50,=,1104000.0,nM,,Outside typical range,,UO_0000065,,,,,,CHEMBL4201295,Antioxidant activity assessed as superoxide anion radical scavenging activity incubated for 20 mins measured every 30 secs for 5 mins in presence of pyrogallol,F,BAO_0000019,assay format,,,,,,,,,CHEMBL2362975,No relevant target,,,CHEMBL4196182,1,,J Nat Prod,2018,,,,,1104.0,,1104000.0,6.043,Baja
CHEMBL4210523,,,488.45,,2.95,,COc1c2c(c(O)c3c1[C@H](O)Cc1cc4c(c(O)c1-3)C(=O)O[C@H](C)C4)C(=O)c1cccc(O)c1C2=O,EC50,=,589000.0,nM,,Outside typical range,,UO_0000065,,,,,,CHEMBL4201295,Antioxidant activity assessed as superoxide anion radical scavenging activity incubated for 20 mins measured every 30 secs for 5 mins in presence of pyrogallol,F,BAO_0000019,assay format,,,,,,,,,CHEMBL2362975,No relevant target,,,CHEMBL4196182,1,,J Nat Prod,2018,,,,,589.0,,589000.0,5.77,Baja
CHEMBL4205659,,,504.45,,2.67,,COc1c2c(c(O)c3c1[C@H](O)Cc1cc(CC(C)=O)c(C(=O)O)c(O)c1-3)C(=O)c1cccc(O)c1C2=O,EC50,=,681000.0,nM,,Outside typical range,,UO_0000065,,,,,,CHEMBL4201295,Antioxidant activity assessed as superoxide anion radical scavenging activity incubated for 20 mins measured every 30 secs for 5 mins in presence of pyrogallol,F,BAO_0000019,assay format,,,,,,,,,CHEMBL2362975,No relevant target,,,CHEMBL4196182,1,,J Nat Prod,2018,,,,,681.0,,681000.0,5.833,Baja
CHEMBL4214940,,,502.48,,3.43,,COc1c2c(c(O)c3c1C(=O)c1c(O)cccc1C3=O)-c1c(cc3c(c1O)C(=O)OC(C)(OC)C3)CC2,EC50,=,139000.0,nM,,Outside typical range,,UO_0000065,,,,,,CHEMBL4201295,Antioxidant activity assessed as superoxide anion radical scavenging activity incubated for 20 mins measured every 30 secs for 5 mins in presence of pyrogallol,F,BAO_0000019,assay format,,,,,,,,,CHEMBL2362975,No relevant target,,,CHEMBL4196182,1,,J Nat Prod,2018,,,,,139.0,,139000.0,5.143,Media
CHEMBL4210029,,,488.45,,2.77,,COc1c2c(c(O)c3c1C(=O)c1c(O)cccc1C3=O)-c1c(cc3c(c1O)C(=O)OC(C)(O)C3)CC2,EC50,=,83000.0,nM,4.08,,,UO_0000065,,,,,,CHEMBL4201295,Antioxidant activity assessed as superoxide anion radical scavenging activity incubated for 20 mins measured every 30 secs for 5 mins in presence of pyrogallol,F,BAO_0000019,assay format,,,,,,,,,CHEMBL2362975,No relevant target,,,CHEMBL4196182,1,,J Nat Prod,2018,,,,,83.0,,83000.0,4.919,Media
CHEMBL4210302,,,544.51,,3.91,,CCC(=O)O[C@@H]1Cc2cc3c(c(O)c2-c2c(O)c4c(c(OC)c21)C(=O)c1c(O)cccc1C4=O)C(=O)O[C@H](C)C3,EC50,=,754000.0,nM,,Outside typical range,,UO_0000065,,,,,,CHEMBL4201295,Antioxidant activity assessed as superoxide anion radical scavenging activity incubated for 20 mins measured every 30 secs for 5 mins in presence of pyrogallol,F,BAO_0000019,assay format,,,,,,,,,CHEMBL2362975,No relevant target,,,CHEMBL4196182,1,,J Nat Prod,2018,,,,,754.0,,754000.0,5.877,Baja
CHEMBL4215236,,,558.54,,4.15,,COc1c2c(c(O)c3c1[C@H](OC(=O)C(C)C)Cc1cc4c(c(O)c1-3)C(=O)O[C@H](C)C4)C(=O)c1cccc(O)c1C2=O,EC50,=,746000.0,nM,,Outside typical range,,UO_0000065,,,,,,CHEMBL4201295,Antioxidant activity assessed as superoxide anion radical scavenging activity incubated for 20 mins measured every 30 secs for 5 mins in presence of pyrogallol,F,BAO_0000019,assay format,,,,,,,,,CHEMBL2362975,No relevant target,,,CHEMBL4196182,1,,J Nat Prod,2018,,,,,746.0,,746000.0,5.873,Baja
CHEMBL4282736,,,338.2,,5.46,,Oc1ccc2cc(Br)ccc2c1-c1c[nH]c2ccccc12,EC50,=,3.8,ug.mL-1,,,,UO_0000274,,,,,,CHEMBL4267559,Antioxidant activity assessed as DPPH free radical scavenging activity incubated for 30 min by UV-vis spectrophotometric analysis,F,BAO_0000019,assay format,,,,,,,,,CHEMBL2362975,No relevant target,,,CHEMBL4265917,1,,Eur J Med Chem,2018,,,,,3.8,,11235.955,4.051,Alta
CHEMBL4294016,,,277.3,,4.83,,Oc1ccc2ccccc2c1-c1c[nH]c2ccc(F)cc12,EC50,=,3.0,ug.mL-1,,,,UO_0000274,,,,,,CHEMBL4267559,Antioxidant activity assessed as DPPH free radical scavenging activity incubated for 30 min by UV-vis spectrophotometric analysis,F,BAO_0000019,assay format,,,,,,,,,CHEMBL2362975,No relevant target,,,CHEMBL4265917,1,,Eur J Med Chem,2018,,,,,3.0,,10818.608,4.034,Alta
CHEMBL249450,,,354.31,,-0.65,,O=C(/C=C/c1ccc(O)c(O)c1)O[C@@H]1C[C@@](O)(C(=O)O)C[C@@H](O)[C@@H]1O,EC50,=,13.4,ug.mL-1,,,,UO_0000274,,,,,,CHEMBL4267532,Antioxidant activity assessed as DPPH free radical scavenging activity,F,BAO_0000019,assay format,,,,,,,,,CHEMBL2362975,No relevant target,,,CHEMBL4265917,1,,Eur J Med Chem,2018,,,,,13.4,,37819.988,4.578,Media
CHEMBL284616,CHLOROGENIC ACID,,354.31,,-0.65,,O=C(/C=C/c1ccc(O)c(O)c1)O[C@@H]1C[C@](O)(C(=O)O)C[C@@H](O)[C@H]1O,EC50,=,13.8,ug.mL-1,,,,UO_0000274,,,,,,CHEMBL4267532,Antioxidant activity assessed as DPPH free radical scavenging activity,F,BAO_0000019,assay format,,,,,,,,,CHEMBL2362975,No relevant target,,,CHEMBL4265917,1,,Eur J Med Chem,2018,,,,,13.8,,38948.943,4.59,Media
CHEMBL520144,,,288.25,,2.38,,COc1cc(O)c2c(=O)oc3c(O)c(O)cc(C)c3c2c1,EC50,=,68300.0,nM,4.17,,,UO_0000065,,,,,,CHEMBL4267557,Antioxidant activity assessed as DPPH free radical scavenging activity incubated for 30 mins in dark condition,F,BAO_0000019,assay format,,,,,,,,,CHEMBL2362975,No relevant target,,,CHEMBL4265917,1,,Eur J Med Chem,2018,,,,,68.3,,68300.0,4.834,Media
CHEMBL284616,CHLOROGENIC ACID,,354.31,,-0.65,,O=C(/C=C/c1ccc(O)c(O)c1)O[C@@H]1C[C@](O)(C(=O)O)C[C@@H](O)[C@H]1O,EC50,=,13.8,ug.mL-1,,,,UO_0000274,,,,,,CHEMBL5230817,Antioxidant activity assessed as DPPH radical scavenging activity,F,BAO_0000019,assay format,,,,,,,,,CHEMBL2362975,No relevant target,,,CHEMBL5230099,1,,Eur J Med Chem,2020,,,,,13.8,,38948.943,4.59,Media
CHEMBL249450,,,354.31,,-0.65,,O=C(/C=C/c1ccc(O)c(O)c1)O[C@@H]1C[C@@](O)(C(=O)O)C[C@@H](O)[C@@H]1O,EC50,=,13.4,ug.mL-1,,,,UO_0000274,,,,,,CHEMBL5230817,Antioxidant activity assessed as DPPH radical scavenging activity,F,BAO_0000019,assay format,,,,,,,,,CHEMBL2362975,No relevant target,,,CHEMBL5230099,1,,Eur J Med Chem,2020,,,,,13.4,,37819.988,4.578,Media
CHEMBL475209,,,290.27,,1.97,,COC(=O)/C(C)=C1/OC(=O)C(c2ccc(OC)cc2)=C1O,EC50,=,130000.0,nM,,Outside typical range,,UO_0000065,,,,,,CHEMBL1019652,Antioxidant activity against UV/H2O2-induced thymidine degradation by thymidine protection assay,F,BAO_0000019,assay format,,,,,,,,,CHEMBL3879801,NON-PROTEIN TARGET,,,CHEMBL1153415,1,,J Med Chem,2009,,,,,130.0,,130000.0,5.114,Media
CHEMBL514183,,,331.37,,2.71,,CCCCNC(=O)/C(C)=C1/OC(=O)C(c2ccc(OC)cc2)=C1O,EC50,=,91000.0,nM,4.04,,,UO_0000065,,,,,,CHEMBL1019652,Antioxidant activity against UV/H2O2-induced thymidine degradation by thymidine protection assay,F,BAO_0000019,assay format,,,,,,,,,CHEMBL3879801,NON-PROTEIN TARGET,,,CHEMBL1153415,1,,J Med Chem,2009,,,,,91.0,,91000.0,4.959,Media
CHEMBL493155,,,290.32,,2.57,,COc1ccc(C2=C(O)/C(=C(/C)C(C)(C)O)OC2=O)cc1,EC50,=,117000.0,nM,,Outside typical range,,UO_0000065,,,,,,CHEMBL1019652,Antioxidant activity against UV/H2O2-induced thymidine degradation by thymidine protection assay,F,BAO_0000019,assay format,,,,,,,,,CHEMBL3879801,NON-PROTEIN TARGET,,,CHEMBL1153415,1,,J Med Chem,2009,,,,,117.0,,117000.0,5.068,Media
CHEMBL522164,,,260.25,,1.96,,COC(=O)/C(=C1/OC(=O)C(C)=C1O)c1ccccc1,EC50,=,220000.0,nM,,Outside typical range,,UO_0000065,,,,,,CHEMBL1019652,Antioxidant activity against UV/H2O2-induced thymidine degradation by thymidine protection assay,F,BAO_0000019,assay format,,,,,,,,,CHEMBL3879801,NON-PROTEIN TARGET,,,CHEMBL1153415,1,,J Med Chem,2009,,,,,220.0,,220000.0,5.342,Baja
CHEMBL493156,,,290.27,,1.97,,COC(=O)/C(=C1/OC(=O)C(C)=C1O)c1ccc(OC)cc1,EC50,=,175000.0,nM,,Outside typical range,,UO_0000065,,,,,,CHEMBL1019652,Antioxidant activity against UV/H2O2-induced thymidine degradation by thymidine protection assay,F,BAO_0000019,assay format,,,,,,,,,CHEMBL3879801,NON-PROTEIN TARGET,,,CHEMBL1153415,1,,J Med Chem,2009,,,,,175.0,,175000.0,5.243,Media
CHEMBL455874,,,382.37,,3.11,,COC(=O)/C(=C1/OC(O)=C(c2ccc(OC)cc2)C1=O)c1ccc(OC)cc1,EC50,=,90000.0,nM,4.05,,,UO_0000065,,,,,,CHEMBL1019652,Antioxidant activity against UV/H2O2-induced thymidine degradation by thymidine protection assay,F,BAO_0000019,assay format,,,,,,,,,CHEMBL3879801,NON-PROTEIN TARGET,,,CHEMBL1153415,1,,J Med Chem,2009,,,,,90.0,,90000.0,4.954,Media
CHEMBL475209,,,290.27,,1.97,,COC(=O)/C(C)=C1/OC(=O)C(c2ccc(OC)cc2)=C1O,EC50,=,196000.0,nM,,Outside typical range,,UO_0000065,,,,,,CHEMBL1019654,Antioxidant activity against Fe/EDTA/H2O2-induced thymidine degradation by thymidine protection assay,F,BAO_0000019,assay format,,,,,,,,,CHEMBL3879801,NON-PROTEIN TARGET,,,CHEMBL1153415,1,,J Med Chem,2009,,,,,196.0,,196000.0,5.292,Baja
CHEMBL514183,,,331.37,,2.71,,CCCCNC(=O)/C(C)=C1/OC(=O)C(c2ccc(OC)cc2)=C1O,EC50,=,226000.0,nM,,Outside typical range,,UO_0000065,,,,,,CHEMBL1019654,Antioxidant activity against Fe/EDTA/H2O2-induced thymidine degradation by thymidine protection assay,F,BAO_0000019,assay format,,,,,,,,,CHEMBL3879801,NON-PROTEIN TARGET,,,CHEMBL1153415,1,,J Med Chem,2009,,,,,226.0,,226000.0,5.354,Baja
CHEMBL493155,,,290.32,,2.57,,COc1ccc(C2=C(O)/C(=C(/C)C(C)(C)O)OC2=O)cc1,EC50,=,608000.0,nM,,Outside typical range,,UO_0000065,,,,,,CHEMBL1019654,Antioxidant activity against Fe/EDTA/H2O2-induced thymidine degradation by thymidine protection assay,F,BAO_0000019,assay format,,,,,,,,,CHEMBL3879801,NON-PROTEIN TARGET,,,CHEMBL1153415,1,,J Med Chem,2009,,,,,608.0,,608000.0,5.784,Baja
CHEMBL522164,,,260.25,,1.96,,COC(=O)/C(=C1/OC(=O)C(C)=C1O)c1ccccc1,EC50,=,850000.0,nM,,Outside typical range,,UO_0000065,,,,,,CHEMBL1019654,Antioxidant activity against Fe/EDTA/H2O2-induced thymidine degradation by thymidine protection assay,F,BAO_0000019,assay format,,,,,,,,,CHEMBL3879801,NON-PROTEIN TARGET,,,CHEMBL1153415,1,,J Med Chem,2009,,,,,850.0,,850000.0,5.929,Baja
CHEMBL493156,,,290.27,,1.97,,COC(=O)/C(=C1/OC(=O)C(C)=C1O)c1ccc(OC)cc1,EC50,=,971000.0,nM,,Outside typical range,,UO_0000065,,,,,,CHEMBL1019654,Antioxidant activity against Fe/EDTA/H2O2-induced thymidine degradation by thymidine protection assay,F,BAO_0000019,assay format,,,,,,,,,CHEMBL3879801,NON-PROTEIN TARGET,,,CHEMBL1153415,1,,J Med Chem,2009,,,,,971.0,,971000.0,5.987,Baja
CHEMBL455874,,,382.37,,3.11,,COC(=O)/C(=C1/OC(O)=C(c2ccc(OC)cc2)C1=O)c1ccc(OC)cc1,EC50,=,109000.0,nM,,Outside typical range,,UO_0000065,,,,,,CHEMBL1019654,Antioxidant activity against Fe/EDTA/H2O2-induced thymidine degradation by thymidine protection assay,F,BAO_0000019,assay format,,,,,,,,,CHEMBL3879801,NON-PROTEIN TARGET,,,CHEMBL1153415,1,,J Med Chem,2009,,,,,109.0,,109000.0,5.037,Media
CHEMBL1082555,,,268.34,,3.32,,Cc1ccc2c(c1)C1(Nc3ccccc3S1)C(=O)N2,EC50,=,41000.0,nM,4.39,,,UO_0000065,,,,,,CHEMBL1116787,Antioxidant activity assessed as inhibition of Fe(3+)/ascorbate-induced lipid peroxidation in liposomes after 1 hr by TBARS assay,F,BAO_0000019,assay format,,,,,,,,,CHEMBL3879801,NON-PROTEIN TARGET,,,CHEMBL1154871,1,,Eur J Med Chem,2010,,,,,0.041,,41000.0,4.613,Media
CHEMBL1082885,,,288.76,,3.66,,O=C1Nc2ccc(Cl)cc2C12Nc1ccccc1S2,EC50,=,49000.0,nM,4.31,,,UO_0000065,,,,,,CHEMBL1116787,Antioxidant activity assessed as inhibition of Fe(3+)/ascorbate-induced lipid peroxidation in liposomes after 1 hr by TBARS assay,F,BAO_0000019,assay format,,,,,,,,,CHEMBL3879801,NON-PROTEIN TARGET,,,CHEMBL1154871,1,,Eur J Med Chem,2010,,,,,0.049,,49000.0,4.69,Media
CHEMBL1082886,,,299.31,,2.92,,O=C1Nc2ccc([N+](=O)[O-])cc2C12Nc1ccccc1S2,EC50,=,87000.0,nM,4.06,,,UO_0000065,,,,,,CHEMBL1116787,Antioxidant activity assessed as inhibition of Fe(3+)/ascorbate-induced lipid peroxidation in liposomes after 1 hr by TBARS assay,F,BAO_0000019,assay format,,,,,,,,,CHEMBL3879801,NON-PROTEIN TARGET,,,CHEMBL1154871,1,,Eur J Med Chem,2010,,,,,0.087,,87000.0,4.94,Media
CHEMBL1086915,,,282.37,,3.34,,Cc1ccc2c(c1)C1(Nc3ccccc3S1)C(=O)N2C,EC50,=,34000.0,nM,4.47,,,UO_0000065,,,,,,CHEMBL1116787,Antioxidant activity assessed as inhibition of Fe(3+)/ascorbate-induced lipid peroxidation in liposomes after 1 hr by TBARS assay,F,BAO_0000019,assay format,,,,,,,,,CHEMBL3879801,NON-PROTEIN TARGET,,,CHEMBL1154871,1,,Eur J Med Chem,2010,,,,,0.034,,34000.0,4.531,Media
CHEMBL1086916,,,352.34,,3.93,,CN1C(=O)C2(Nc3ccccc3S2)c2cc(OC(F)(F)F)ccc21,EC50,=,84000.0,nM,4.08,,,UO_0000065,,,,,,CHEMBL1116787,Antioxidant activity assessed as inhibition of Fe(3+)/ascorbate-induced lipid peroxidation in liposomes after 1 hr by TBARS assay,F,BAO_0000019,assay format,,,,,,,,,CHEMBL3879801,NON-PROTEIN TARGET,,,CHEMBL1154871,1,,Eur J Med Chem,2010,,,,,0.084,,84000.0,4.924,Media
CHEMBL1087044,,,302.79,,3.69,,CN1C(=O)C2(Nc3ccccc3S2)c2cc(Cl)ccc21,EC50,=,75000.0,nM,4.12,,,UO_0000065,,,,,,CHEMBL1116787,Antioxidant activity assessed as inhibition of Fe(3+)/ascorbate-induced lipid peroxidation in liposomes after 1 hr by TBARS assay,F,BAO_0000019,assay format,,,,,,,,,CHEMBL3879801,NON-PROTEIN TARGET,,,CHEMBL1154871,1,,Eur J Med Chem,2010,,,,,0.075,,75000.0,4.875,Media
CHEMBL1088065,,,347.24,,3.8,,CN1C(=O)C2(Nc3ccccc3S2)c2cc(Br)ccc21,EC50,=,34000.0,nM,4.47,,,UO_0000065,,,,,,CHEMBL1116787,Antioxidant activity assessed as inhibition of Fe(3+)/ascorbate-induced lipid peroxidation in liposomes after 1 hr by TBARS assay,F,BAO_0000019,assay format,,,,,,,,,CHEMBL3879801,NON-PROTEIN TARGET,,,CHEMBL1154871,1,,Eur J Med Chem,2010,,,,,0.034,,34000.0,4.531,Media
CHEMBL1088066,,,313.34,,2.94,,CN1C(=O)C2(Nc3ccccc3S2)c2cc([N+](=O)[O-])ccc21,EC50,=,92000.0,nM,4.04,,,UO_0000065,,,,,,CHEMBL1116787,Antioxidant activity assessed as inhibition of Fe(3+)/ascorbate-induced lipid peroxidation in liposomes after 1 hr by TBARS assay,F,BAO_0000019,assay format,,,,,,,,,CHEMBL3879801,NON-PROTEIN TARGET,,,CHEMBL1154871,1,,Eur J Med Chem,2010,,,,,0.092,,92000.0,4.964,Media
CHEMBL47,ALPHA-TOCOPHEROL,,430.72,,8.84,,Cc1c(C)c2c(c(C)c1O)CC[C@@](C)(CCC[C@H](C)CCC[C@H](C)CCCC(C)C)O2,EC50,=,153000.0,nM,,Outside typical range,,UO_0000065,,,,,,CHEMBL1116787,Antioxidant activity assessed as inhibition of Fe(3+)/ascorbate-induced lipid peroxidation in liposomes after 1 hr by TBARS assay,F,BAO_0000019,assay format,,,,,,,,,CHEMBL3879801,NON-PROTEIN TARGET,,,CHEMBL1154871,1,,Eur J Med Chem,2010,,,,,0.153,,153000.0,5.185,Media
CHEMBL1082555,,,268.34,,3.32,,Cc1ccc2c(c1)C1(Nc3ccccc3S1)C(=O)N2,EC50,=,1020000.0,nM,,Outside typical range,,UO_0000065,,,,,,CHEMBL1116789,Antioxidant activity assessed as trolox equivalent of ABTS free radical scavenging activity after 6 mins by TRAP assay,F,BAO_0000019,assay format,,,,,,,,,CHEMBL3879801,NON-PROTEIN TARGET,,,CHEMBL1154871,1,,Eur J Med Chem,2010,,,,,1.02,,1020000.0,6.009,Baja
CHEMBL1082885,,,288.76,,3.66,,O=C1Nc2ccc(Cl)cc2C12Nc1ccccc1S2,EC50,=,1030000.0,nM,,Outside typical range,,UO_0000065,,,,,,CHEMBL1116789,Antioxidant activity assessed as trolox equivalent of ABTS free radical scavenging activity after 6 mins by TRAP assay,F,BAO_0000019,assay format,,,,,,,,,CHEMBL3879801,NON-PROTEIN TARGET,,,CHEMBL1154871,1,,Eur J Med Chem,2010,,,,,1.03,,1030000.0,6.013,Baja
CHEMBL1082886,,,299.31,,2.92,,O=C1Nc2ccc([N+](=O)[O-])cc2C12Nc1ccccc1S2,EC50,=,1630000.0,nM,,Outside typical range,,UO_0000065,,,,,,CHEMBL1116789,Antioxidant activity assessed as trolox equivalent of ABTS free radical scavenging activity after 6 mins by TRAP assay,F,BAO_0000019,assay format,,,,,,,,,CHEMBL3879801,NON-PROTEIN TARGET,,,CHEMBL1154871,1,,Eur J Med Chem,2010,,,,,1.63,,1630000.0,6.212,Baja
CHEMBL1086915,,,282.37,,3.34,,Cc1ccc2c(c1)C1(Nc3ccccc3S1)C(=O)N2C,EC50,=,980000.0,nM,,Outside typical range,,UO_0000065,,,,,,CHEMBL1116789,Antioxidant activity assessed as trolox equivalent of ABTS free radical scavenging activity after 6 mins by TRAP assay,F,BAO_0000019,assay format,,,,,,,,,CHEMBL3879801,NON-PROTEIN TARGET,,,CHEMBL1154871,1,,Eur J Med Chem,2010,,,,,0.98,,980000.0,5.991,Baja
CHEMBL1086916,,,352.34,,3.93,,CN1C(=O)C2(Nc3ccccc3S2)c2cc(OC(F)(F)F)ccc21,EC50,=,1370000.0,nM,,Outside typical range,,UO_0000065,,,,,,CHEMBL1116789,Antioxidant activity assessed as trolox equivalent of ABTS free radical scavenging activity after 6 mins by TRAP assay,F,BAO_0000019,assay format,,,,,,,,,CHEMBL3879801,NON-PROTEIN TARGET,,,CHEMBL1154871,1,,Eur J Med Chem,2010,,,,,1.37,,1370000.0,6.137,Baja
CHEMBL1087044,,,302.79,,3.69,,CN1C(=O)C2(Nc3ccccc3S2)c2cc(Cl)ccc21,EC50,=,1140000.0,nM,,Outside typical range,,UO_0000065,,,,,,CHEMBL1116789,Antioxidant activity assessed as trolox equivalent of ABTS free radical scavenging activity after 6 mins by TRAP assay,F,BAO_0000019,assay format,,,,,,,,,CHEMBL3879801,NON-PROTEIN TARGET,,,CHEMBL1154871,1,,Eur J Med Chem,2010,,,,,1.14,,1140000.0,6.057,Baja
CHEMBL1088065,,,347.24,,3.8,,CN1C(=O)C2(Nc3ccccc3S2)c2cc(Br)ccc21,EC50,=,1040000.0,nM,,Outside typical range,,UO_0000065,,,,,,CHEMBL1116789,Antioxidant activity assessed as trolox equivalent of ABTS free radical scavenging activity after 6 mins by TRAP assay,F,BAO_0000019,assay format,,,,,,,,,CHEMBL3879801,NON-PROTEIN TARGET,,,CHEMBL1154871,1,,Eur J Med Chem,2010,,,,,1.04,,1040000.0,6.017,Baja
CHEMBL1088066,,,313.34,,2.94,,CN1C(=O)C2(Nc3ccccc3S2)c2cc([N+](=O)[O-])ccc21,EC50,=,1340000.0,nM,,Outside typical range,,UO_0000065,,,,,,CHEMBL1116789,Antioxidant activity assessed as trolox equivalent of ABTS free radical scavenging activity after 6 mins by TRAP assay,F,BAO_0000019,assay format,,,,,,,,,CHEMBL3879801,NON-PROTEIN TARGET,,,CHEMBL1154871,1,,Eur J Med Chem,2010,,,,,1.34,,1340000.0,6.127,Baja
CHEMBL47,ALPHA-TOCOPHEROL,,430.72,,8.84,,Cc1c(C)c2c(c(C)c1O)CC[C@@](C)(CCC[C@H](C)CCC[C@H](C)CCCC(C)C)O2,EC50,=,1200000.0,nM,,Outside typical range,,UO_0000065,,,,,,CHEMBL1116789,Antioxidant activity assessed as trolox equivalent of ABTS free radical scavenging activity after 6 mins by TRAP assay,F,BAO_0000019,assay format,,,,,,,,,CHEMBL3879801,NON-PROTEIN TARGET,,,CHEMBL1154871,1,,Eur J Med Chem,2010,,,,,1.2,,1200000.0,6.079,Baja
CHEMBL196,ASCORBIC ACID,,176.12,,-1.41,,O=C1O[C@H]([C@@H](O)CO)C(O)=C1O,EC50,=,1200000.0,nM,,Outside typical range,,UO_0000065,,,,,,CHEMBL1116789,Antioxidant activity assessed as trolox equivalent of ABTS free radical scavenging activity after 6 mins by TRAP assay,F,BAO_0000019,assay format,,,,,,,,,CHEMBL3879801,NON-PROTEIN TARGET,,,CHEMBL1154871,1,,Eur J Med Chem,2010,,,,,1.2,,1200000.0,6.079,Baja
CHEMBL1082555,,,268.34,,3.32,,Cc1ccc2c(c1)C1(Nc3ccccc3S1)C(=O)N2,EC50,=,1360000.0,nM,,Outside typical range,,UO_0000065,,,,,,CHEMBL1116790,Antioxidant activity assessed as reduction of F3+/ferricyanide complex after 20 mins by spectrophotometry,F,BAO_0000019,assay format,,,,,,,,,CHEMBL3879801,NON-PROTEIN TARGET,,,CHEMBL1154871,1,,Eur J Med Chem,2010,,,,,1.36,,1360000.0,6.134,Baja
CHEMBL1082885,,,288.76,,3.66,,O=C1Nc2ccc(Cl)cc2C12Nc1ccccc1S2,EC50,=,510000.0,nM,,Outside typical range,,UO_0000065,,,,,,CHEMBL1116790,Antioxidant activity assessed as reduction of F3+/ferricyanide complex after 20 mins by spectrophotometry,F,BAO_0000019,assay format,,,,,,,,,CHEMBL3879801,NON-PROTEIN TARGET,,,CHEMBL1154871,1,,Eur J Med Chem,2010,,,,,0.51,,510000.0,5.708,Baja
CHEMBL1082886,,,299.31,,2.92,,O=C1Nc2ccc([N+](=O)[O-])cc2C12Nc1ccccc1S2,EC50,=,800000.0,nM,,Outside typical range,,UO_0000065,,,,,,CHEMBL1116790,Antioxidant activity assessed as reduction of F3+/ferricyanide complex after 20 mins by spectrophotometry,F,BAO_0000019,assay format,,,,,,,,,CHEMBL3879801,NON-PROTEIN TARGET,,,CHEMBL1154871,1,,Eur J Med Chem,2010,,,,,0.8,,800000.0,5.903,Baja
CHEMBL1086915,,,282.37,,3.34,,Cc1ccc2c(c1)C1(Nc3ccccc3S1)C(=O)N2C,EC50,=,700000.0,nM,,Outside typical range,,UO_0000065,,,,,,CHEMBL1116790,Antioxidant activity assessed as reduction of F3+/ferricyanide complex after 20 mins by spectrophotometry,F,BAO_0000019,assay format,,,,,,,,,CHEMBL3879801,NON-PROTEIN TARGET,,,CHEMBL1154871,1,,Eur J Med Chem,2010,,,,,0.7,,700000.0,5.845,Baja
CHEMBL1086916,,,352.34,,3.93,,CN1C(=O)C2(Nc3ccccc3S2)c2cc(OC(F)(F)F)ccc21,EC50,=,4940000.0,nM,,Outside typical range,,UO_0000065,,,,,,CHEMBL1116790,Antioxidant activity assessed as reduction of F3+/ferricyanide complex after 20 mins by spectrophotometry,F,BAO_0000019,assay format,,,,,,,,,CHEMBL3879801,NON-PROTEIN TARGET,,,CHEMBL1154871,1,,Eur J Med Chem,2010,,,,,4.94,,4940000.0,6.694,Baja
CHEMBL1087044,,,302.79,,3.69,,CN1C(=O)C2(Nc3ccccc3S2)c2cc(Cl)ccc21,EC50,=,4020000.0,nM,,Outside typical range,,UO_0000065,,,,,,CHEMBL1116790,Antioxidant activity assessed as reduction of F3+/ferricyanide complex after 20 mins by spectrophotometry,F,BAO_0000019,assay format,,,,,,,,,CHEMBL3879801,NON-PROTEIN TARGET,,,CHEMBL1154871,1,,Eur J Med Chem,2010,,,,,4.02,,4020000.0,6.604,Baja
CHEMBL1088065,,,347.24,,3.8,,CN1C(=O)C2(Nc3ccccc3S2)c2cc(Br)ccc21,EC50,=,4220000.0,nM,,Outside typical range,,UO_0000065,,,,,,CHEMBL1116790,Antioxidant activity assessed as reduction of F3+/ferricyanide complex after 20 mins by spectrophotometry,F,BAO_0000019,assay format,,,,,,,,,CHEMBL3879801,NON-PROTEIN TARGET,,,CHEMBL1154871,1,,Eur J Med Chem,2010,,,,,4.22,,4220000.0,6.625,Baja
CHEMBL1088066,,,313.34,,2.94,,CN1C(=O)C2(Nc3ccccc3S2)c2cc([N+](=O)[O-])ccc21,EC50,=,5140000.0,nM,,Outside typical range,,UO_0000065,,,,,,CHEMBL1116790,Antioxidant activity assessed as reduction of F3+/ferricyanide complex after 20 mins by spectrophotometry,F,BAO_0000019,assay format,,,,,,,,,CHEMBL3879801,NON-PROTEIN TARGET,,,CHEMBL1154871,1,,Eur J Med Chem,2010,,,,,5.14,,5140000.0,6.711,Baja
CHEMBL47,ALPHA-TOCOPHEROL,,430.72,,8.84,,Cc1c(C)c2c(c(C)c1O)CC[C@@](C)(CCC[C@H](C)CCC[C@H](C)CCCC(C)C)O2,EC50,=,1950000.0,nM,,Outside typical range,,UO_0000065,,,,,,CHEMBL1116790,Antioxidant activity assessed as reduction of F3+/ferricyanide complex after 20 mins by spectrophotometry,F,BAO_0000019,assay format,,,,,,,,,CHEMBL3879801,NON-PROTEIN TARGET,,,CHEMBL1154871,1,,Eur J Med Chem,2010,,,,,1.95,,1950000.0,6.29,Baja
CHEMBL196,ASCORBIC ACID,,176.12,,-1.41,,O=C1O[C@H]([C@@H](O)CO)C(O)=C1O,EC50,=,650000.0,nM,,Outside typical range,,UO_0000065,,,,,,CHEMBL1116790,Antioxidant activity assessed as reduction of F3+/ferricyanide complex after 20 mins by spectrophotometry,F,BAO_0000019,assay format,,,,,,,,,CHEMBL3879801,NON-PROTEIN TARGET,,,CHEMBL1154871,1,,Eur J Med Chem,2010,,,,,0.65,,650000.0,5.813,Baja
CHEMBL1165638,,,330.38,,4.8,,COc1ccc2c(c1)OC(c1ccccc1)C(c1ccccc1)C2=O,EC50,=,499560.0,nM,,Outside typical range,,UO_0000065,,,,,,CHEMBL1168943,Antioxidant activity assessed as free radical scavenging activity by lipid peroxidation assay,F,BAO_0000019,assay format,,,,,,,,,CHEMBL3879801,NON-PROTEIN TARGET,,,CHEMBL1165893,1,,Eur J Med Chem,2010,,,,,499.56,,499560.0,5.699,Baja
CHEMBL1164016,,,375.38,,4.7,,COc1ccc2c(c1)OC(c1cccc([N+](=O)[O-])c1)C(c1ccccc1)C2=O,EC50,=,129860.0,nM,,Outside typical range,,UO_0000065,,,,,,CHEMBL1168943,Antioxidant activity assessed as free radical scavenging activity by lipid peroxidation assay,F,BAO_0000019,assay format,,,,,,,,,CHEMBL3879801,NON-PROTEIN TARGET,,,CHEMBL1165893,1,,Eur J Med Chem,2010,,,,,129.86,,129860.0,5.113,Media
CHEMBL1164017,,,375.38,,4.7,,COc1ccc2c(c1)OC(c1ccc([N+](=O)[O-])cc1)C(c1ccccc1)C2=O,EC50,>,2500000.0,nM,,Outside typical range,,UO_0000065,,,,,,CHEMBL1168943,Antioxidant activity assessed as free radical scavenging activity by lipid peroxidation assay,F,BAO_0000019,assay format,,,,,,,,,CHEMBL3879801,NON-PROTEIN TARGET,,,CHEMBL1165893,1,,Eur J Med Chem,2010,,,,,2500.0,,2500000.0,6.398,Baja
CHEMBL1165670,,,364.83,,5.45,,COc1ccc2c(c1)OC(c1ccc(Cl)cc1)C(c1ccccc1)C2=O,EC50,=,164860.0,nM,,Outside typical range,,UO_0000065,,,,,,CHEMBL1168943,Antioxidant activity assessed as free radical scavenging activity by lipid peroxidation assay,F,BAO_0000019,assay format,,,,,,,,,CHEMBL3879801,NON-PROTEIN TARGET,,,CHEMBL1165893,1,,Eur J Med Chem,2010,,,,,164.86,,164860.0,5.217,Media
CHEMBL1164101,,,344.41,,5.19,,CCOc1ccc2c(c1)OC(c1ccccc1)C(c1ccccc1)C2=O,EC50,=,876810.0,nM,,Outside typical range,,UO_0000065,,,,,,CHEMBL1168943,Antioxidant activity assessed as free radical scavenging activity by lipid peroxidation assay,F,BAO_0000019,assay format,,,,,,,,,CHEMBL3879801,NON-PROTEIN TARGET,,,CHEMBL1165893,1,,Eur J Med Chem,2010,,,,,876.81,,876810.0,5.943,Baja
CHEMBL1163784,,,389.41,,5.09,,CCOc1ccc2c(c1)OC(c1cccc([N+](=O)[O-])c1)C(c1ccccc1)C2=O,EC50,=,193290.0,nM,,Outside typical range,,UO_0000065,,,,,,CHEMBL1168943,Antioxidant activity assessed as free radical scavenging activity by lipid peroxidation assay,F,BAO_0000019,assay format,,,,,,,,,CHEMBL3879801,NON-PROTEIN TARGET,,,CHEMBL1165893,1,,Eur J Med Chem,2010,,,,,193.29,,193290.0,5.286,Baja
CHEMBL1165831,,,389.41,,5.09,,CCOc1ccc2c(c1)OC(c1ccc([N+](=O)[O-])cc1)C(c1ccccc1)C2=O,EC50,>,2500000.0,nM,,Outside typical range,,UO_0000065,,,,,,CHEMBL1168943,Antioxidant activity assessed as free radical scavenging activity by lipid peroxidation assay,F,BAO_0000019,assay format,,,,,,,,,CHEMBL3879801,NON-PROTEIN TARGET,,,CHEMBL1165893,1,,Eur J Med Chem,2010,,,,,2500.0,,2500000.0,6.398,Baja
CHEMBL1163785,,,378.86,,5.84,,CCOc1ccc2c(c1)OC(c1ccc(Cl)cc1)C(c1ccccc1)C2=O,EC50,=,578380.0,nM,,Outside typical range,,UO_0000065,,,,,,CHEMBL1168943,Antioxidant activity assessed as free radical scavenging activity by lipid peroxidation assay,F,BAO_0000019,assay format,,,,,,,,,CHEMBL3879801,NON-PROTEIN TARGET,,,CHEMBL1165893,1,,Eur J Med Chem,2010,,,,,578.38,,578380.0,5.762,Baja
CHEMBL1165711,,,254.28,,3.05,,COc1ccc2c(c1)OCC(c1ccccc1)C2=O,EC50,=,964710.0,nM,,Outside typical range,,UO_0000065,,,,,,CHEMBL1168943,Antioxidant activity assessed as free radical scavenging activity by lipid peroxidation assay,F,BAO_0000019,assay format,,,,,,,,,CHEMBL3879801,NON-PROTEIN TARGET,,,CHEMBL1165893,1,,Eur J Med Chem,2010,,,,,964.71,,964710.0,5.984,Baja
CHEMBL196,ASCORBIC ACID,,176.12,,-1.41,,O=C1O[C@H]([C@@H](O)CO)C(O)=C1O,EC50,=,754140.0,nM,,Outside typical range,,UO_0000065,,,,,,CHEMBL1168943,Antioxidant activity assessed as free radical scavenging activity by lipid peroxidation assay,F,BAO_0000019,assay format,,,,,,,,,CHEMBL3879801,NON-PROTEIN TARGET,,,CHEMBL1165893,1,,Eur J Med Chem,2010,,,,,754.14,,754140.0,5.877,Baja
CHEMBL151,LUTEOLIN,,286.24,,2.28,,O=c1cc(-c2ccc(O)c(O)c2)oc2cc(O)cc(O)c12,EC50,=,149.7,ug.mL-1,,Outside typical range,,UO_0000274,,,,,,CHEMBL2411158,Antioxidant activity assessed as inhibition of lipid peroxidation activity after 15 mins by MDA assay,F,BAO_0000019,assay format,,,,,,,,,CHEMBL3879801,NON-PROTEIN TARGET,,,CHEMBL2407011,1,,Eur J Med Chem,2013,,,,,149.7,,522987.703,5.718,Baja
CHEMBL196,ASCORBIC ACID,,176.12,,-1.41,,O=C1O[C@H]([C@@H](O)CO)C(O)=C1O,EC50,=,139.97,ug.mL-1,,Outside typical range,,UO_0000274,,,,,,CHEMBL2411158,Antioxidant activity assessed as inhibition of lipid peroxidation activity after 15 mins by MDA assay,F,BAO_0000019,assay format,,,,,,,,,CHEMBL3879801,NON-PROTEIN TARGET,,,CHEMBL2407011,1,,Eur J Med Chem,2013,,,,,139.97,,794742.221,5.9,Baja
CHEMBL2409806,,,307.36,,1.98,,O=C(CC1SC(=O)NC1=O)Nc1nc2ccccc2s1,EC50,=,149.7,ug.mL-1,,Outside typical range,,UO_0000274,,,,,,CHEMBL2411158,Antioxidant activity assessed as inhibition of lipid peroxidation activity after 15 mins by MDA assay,F,BAO_0000019,assay format,,,,,,,,,CHEMBL3879801,NON-PROTEIN TARGET,,,CHEMBL2407011,1,,Eur J Med Chem,2013,,,,,149.7,,487051.015,5.688,Baja
CHEMBL2409805,,,363.42,,2.5,,COc1ccccc1-c1csc(NC(=O)CC2SC(=O)NC2=O)n1,EC50,=,131.79,ug.mL-1,,Outside typical range,,UO_0000274,,,,,,CHEMBL2411158,Antioxidant activity assessed as inhibition of lipid peroxidation activity after 15 mins by MDA assay,F,BAO_0000019,assay format,,,,,,,,,CHEMBL3879801,NON-PROTEIN TARGET,,,CHEMBL2407011,1,,Eur J Med Chem,2013,,,,,131.79,,362638.27,5.559,Baja
CHEMBL151,LUTEOLIN,,286.24,,2.28,,O=c1cc(-c2ccc(O)c(O)c2)oc2cc(O)cc(O)c12,EC50,=,44.18,ug.mL-1,,,,UO_0000274,,,,,,CHEMBL2411160,Antioxidant activity assessed as DPPH scavenging activity after 30 mins by UV-visible spectrophotometry,F,BAO_0000019,assay format,,,,,,,,,CHEMBL3879801,NON-PROTEIN TARGET,,,CHEMBL2407011,1,,Eur J Med Chem,2013,,,,,44.18,,154346.003,5.188,Media
CHEMBL196,ASCORBIC ACID,,176.12,,-1.41,,O=C1O[C@H]([C@@H](O)CO)C(O)=C1O,EC50,=,40.28,ug.mL-1,,,,UO_0000274,,,,,,CHEMBL2411160,Antioxidant activity assessed as DPPH scavenging activity after 30 mins by UV-visible spectrophotometry,F,BAO_0000019,assay format,,,,,,,,,CHEMBL3879801,NON-PROTEIN TARGET,,,CHEMBL2407011,1,,Eur J Med Chem,2013,,,,,40.28,,228707.699,5.359,Baja
CHEMBL2409809,,,351.41,,2.38,,CCOc1ccc2nc(NC(=O)CC3SC(=O)NC3=O)sc2c1,EC50,=,62.9,ug.mL-1,,Outside typical range,,UO_0000274,,,,,,CHEMBL2411160,Antioxidant activity assessed as DPPH scavenging activity after 30 mins by UV-visible spectrophotometry,F,BAO_0000019,assay format,,,,,,,,,CHEMBL3879801,NON-PROTEIN TARGET,,,CHEMBL2407011,1,,Eur J Med Chem,2013,,,,,62.9,,178993.199,5.253,Baja
CHEMBL2409808,,,337.38,,1.99,,COc1ccc2nc(NC(=O)CC3SC(=O)NC3=O)sc2c1,EC50,=,51.82,ug.mL-1,,Outside typical range,,UO_0000274,,,,,,CHEMBL2411160,Antioxidant activity assessed as DPPH scavenging activity after 30 mins by UV-visible spectrophotometry,F,BAO_0000019,assay format,,,,,,,,,CHEMBL3879801,NON-PROTEIN TARGET,,,CHEMBL2407011,1,,Eur J Med Chem,2013,,,,,51.82,,153595.352,5.186,Media
CHEMBL2409807,,,352.35,,1.88,,O=C(CC1SC(=O)NC1=O)Nc1nc2ccc([N+](=O)[O-])cc2s1,EC50,=,39.76,ug.mL-1,,,,UO_0000274,,,,,,CHEMBL2411160,Antioxidant activity assessed as DPPH scavenging activity after 30 mins by UV-visible spectrophotometry,F,BAO_0000019,assay format,,,,,,,,,CHEMBL3879801,NON-PROTEIN TARGET,,,CHEMBL2407011,1,,Eur J Med Chem,2013,,,,,39.76,,112842.344,5.052,Media
CHEMBL2409806,,,307.36,,1.98,,O=C(CC1SC(=O)NC1=O)Nc1nc2ccccc2s1,EC50,=,52.18,ug.mL-1,,Outside typical range,,UO_0000274,,,,,,CHEMBL2411160,Antioxidant activity assessed as DPPH scavenging activity after 30 mins by UV-visible spectrophotometry,F,BAO_0000019,assay format,,,,,,,,,CHEMBL3879801,NON-PROTEIN TARGET,,,CHEMBL2407011,1,,Eur J Med Chem,2013,,,,,52.18,,169768.35,5.23,Media
CHEMBL2409805,,,363.42,,2.5,,COc1ccccc1-c1csc(NC(=O)CC2SC(=O)NC2=O)n1,EC50,=,58.68,ug.mL-1,,Outside typical range,,UO_0000274,,,,,,CHEMBL2411160,Antioxidant activity assessed as DPPH scavenging activity after 30 mins by UV-visible spectrophotometry,F,BAO_0000019,assay format,,,,,,,,,CHEMBL3879801,NON-PROTEIN TARGET,,,CHEMBL2407011,1,,Eur J Med Chem,2013,,,,,58.68,,161466.072,5.208,Media
CHEMBL2409804,,,351.38,,2.63,,O=C(CC1SC(=O)NC1=O)Nc1nc(-c2ccccc2F)cs1,EC50,=,82.5,ug.mL-1,,Outside typical range,,UO_0000274,,,,,,CHEMBL2411160,Antioxidant activity assessed as DPPH scavenging activity after 30 mins by UV-visible spectrophotometry,F,BAO_0000019,assay format,,,,,,,,,CHEMBL3879801,NON-PROTEIN TARGET,,,CHEMBL2407011,1,,Eur J Med Chem,2013,,,,,82.5,,234788.548,5.371,Baja
CHEMBL2409803,,,347.42,,2.8,,Cc1cccc(-c2csc(NC(=O)CC3SC(=O)NC3=O)n2)c1,EC50,=,90.16,ug.mL-1,,Outside typical range,,UO_0000274,,,,,,CHEMBL2411160,Antioxidant activity assessed as DPPH scavenging activity after 30 mins by UV-visible spectrophotometry,F,BAO_0000019,assay format,,,,,,,,,CHEMBL3879801,NON-PROTEIN TARGET,,,CHEMBL2407011,1,,Eur J Med Chem,2013,,,,,90.16,,259512.981,5.414,Baja
CHEMBL2409798,,,412.29,,3.25,,O=C(CC1SC(=O)NC1=O)Nc1nc(-c2ccc(Br)cc2)cs1,EC50,=,49.71,ug.mL-1,,,,UO_0000274,,,,,,CHEMBL2411160,Antioxidant activity assessed as DPPH scavenging activity after 30 mins by UV-visible spectrophotometry,F,BAO_0000019,assay format,,,,,,,,,CHEMBL3879801,NON-PROTEIN TARGET,,,CHEMBL2407011,1,,Eur J Med Chem,2013,,,,,49.71,,120570.472,5.081,Media
CHEMBL2409797,,,351.38,,2.63,,O=C(CC1SC(=O)NC1=O)Nc1nc(-c2ccc(F)cc2)cs1,EC50,=,52.69,ug.mL-1,,Outside typical range,,UO_0000274,,,,,,CHEMBL2411160,Antioxidant activity assessed as DPPH scavenging activity after 30 mins by UV-visible spectrophotometry,F,BAO_0000019,assay format,,,,,,,,,CHEMBL3879801,NON-PROTEIN TARGET,,,CHEMBL2407011,1,,Eur J Med Chem,2013,,,,,52.69,,149951.619,5.176,Media
CHEMBL151,LUTEOLIN,,286.24,,2.28,,O=c1cc(-c2ccc(O)c(O)c2)oc2cc(O)cc(O)c12,EC50,=,31.01,ug.mL-1,,,,UO_0000274,,,,,,CHEMBL2411161,Antioxidant activity assessed as superoxide radical scavenging activity after 5 mins by spectrophotometry,F,BAO_0000019,assay format,,,,,,,,,CHEMBL3879801,NON-PROTEIN TARGET,,,CHEMBL2407011,1,,Eur J Med Chem,2013,,,,,31.01,,108335.662,5.035,Media
CHEMBL196,ASCORBIC ACID,,176.12,,-1.41,,O=C1O[C@H]([C@@H](O)CO)C(O)=C1O,EC50,=,21.01,ug.mL-1,,,,UO_0000274,,,,,,CHEMBL2411161,Antioxidant activity assessed as superoxide radical scavenging activity after 5 mins by spectrophotometry,F,BAO_0000019,assay format,,,,,,,,,CHEMBL3879801,NON-PROTEIN TARGET,,,CHEMBL2407011,1,,Eur J Med Chem,2013,,,,,21.01,,119293.663,5.077,Media
CHEMBL2409806,,,307.36,,1.98,,O=C(CC1SC(=O)NC1=O)Nc1nc2ccccc2s1,EC50,=,101.18,ug.mL-1,,Outside typical range,,UO_0000274,,,,,,CHEMBL2411161,Antioxidant activity assessed as superoxide radical scavenging activity after 5 mins by spectrophotometry,F,BAO_0000019,assay format,,,,,,,,,CHEMBL3879801,NON-PROTEIN TARGET,,,CHEMBL2407011,1,,Eur J Med Chem,2013,,,,,101.18,,329190.526,5.517,Baja
CHEMBL2409805,,,363.42,,2.5,,COc1ccccc1-c1csc(NC(=O)CC2SC(=O)NC2=O)n1,EC50,=,79.94,ug.mL-1,,Outside typical range,,UO_0000274,,,,,,CHEMBL2411161,Antioxidant activity assessed as superoxide radical scavenging activity after 5 mins by spectrophotometry,F,BAO_0000019,assay format,,,,,,,,,CHEMBL3879801,NON-PROTEIN TARGET,,,CHEMBL2407011,1,,Eur J Med Chem,2013,,,,,79.94,,219965.88,5.342,Baja
CHEMBL50,QUERCETIN,,302.24,,1.99,,O=c1c(O)c(-c2ccc(O)c(O)c2)oc2cc(O)cc(O)c12,EC50,=,6100.0,nM,5.21,,,UO_0000065,,,,,,CHEMBL3423601,Antioxidant activity assessed as H2O2 scavenging activity after 15 mins,P,BAO_0000100,small-molecule physicochemical format,,,,,,,,,CHEMBL2362975,No relevant target,,,CHEMBL3421535,1,,J Nat Prod,2015,,,,,6.1,,6100.0,3.785,Alta
CHEMBL32571,,,272.26,,2.51,,O=C1CC(c2ccc(O)cc2)Oc2cc(O)cc(O)c21,EC50,=,8600.0,nM,5.07,,,UO_0000065,,,,,,CHEMBL3423601,Antioxidant activity assessed as H2O2 scavenging activity after 15 mins,P,BAO_0000100,small-molecule physicochemical format,,,,,,,,,CHEMBL2362975,No relevant target,,,CHEMBL3421535,1,,J Nat Prod,2015,,,,,8.6,,8600.0,3.934,Alta
CHEMBL583912,(-)-EPICATECHIN,,290.27,,1.55,,Oc1cc(O)c2c(c1)O[C@H](c1ccc(O)c(O)c1)[C@H](O)C2,EC50,=,4100.0,nM,5.39,,,UO_0000065,,,,,,CHEMBL3423601,Antioxidant activity assessed as H2O2 scavenging activity after 15 mins,P,BAO_0000100,small-molecule physicochemical format,,,,,,,,,CHEMBL2362975,No relevant target,,,CHEMBL3421535,1,,J Nat Prod,2015,,,,,4.1,,4100.0,3.613,Alta
CHEMBL66,(+)-TAXIFOLIN,,304.25,,1.19,,O=C1c2c(O)cc(O)cc2O[C@H](c2ccc(O)c(O)c2)[C@H]1O,EC50,=,11300.0,nM,4.95,,,UO_0000065,,,,,,CHEMBL3423601,Antioxidant activity assessed as H2O2 scavenging activity after 15 mins,P,BAO_0000100,small-molecule physicochemical format,,,,,,,,,CHEMBL2362975,No relevant target,,,CHEMBL3421535,1,,J Nat Prod,2015,,,,,11.3,,11300.0,4.053,Alta
CHEMBL3421652,,,590.49,,3.11,,O=C1c2c(O)cc(O)c([C@@H]3C(=O)c4c(O)cc(O)cc4O[C@H]3c3ccc(O)c(O)c3)c2O[C@H](c2ccc(O)c(O)c2)[C@H]1O,EC50,=,2800.0,nM,5.55,,,UO_0000065,,,,,,CHEMBL3423601,Antioxidant activity assessed as H2O2 scavenging activity after 15 mins,P,BAO_0000100,small-molecule physicochemical format,,,,,,,,,CHEMBL2362975,No relevant target,,,CHEMBL3421535,1,,J Nat Prod,2015,,,,,2.8,,2800.0,3.447,Alta
CHEMBL196,ASCORBIC ACID,,176.12,,-1.41,,O=C1O[C@H]([C@@H](O)CO)C(O)=C1O,EC50,=,24200.0,nM,4.62,,,UO_0000065,,,,,,CHEMBL3423601,Antioxidant activity assessed as H2O2 scavenging activity after 15 mins,P,BAO_0000100,small-molecule physicochemical format,,,,,,,,,CHEMBL2362975,No relevant target,,,CHEMBL3421535,1,,J Nat Prod,2015,,,,,24.2,,24200.0,4.384,Alta
CHEMBL502489,GARCINOL,,602.81,,8.91,,C=C(C)[C@@H](CC=C(C)C)C[C@@]12C[C@@H](CC=C(C)C)C(C)(C)[C@@](CC=C(C)C)(C(=O)C(C(=O)c3ccc(O)c(O)c3)=C1O)C2=O,EC50,=,15700.0,nM,4.8,,,UO_0000065,,,,,,CHEMBL3423601,Antioxidant activity assessed as H2O2 scavenging activity after 15 mins,P,BAO_0000100,small-molecule physicochemical format,,,,,,,,,CHEMBL2362975,No relevant target,,,CHEMBL3421535,1,,J Nat Prod,2015,,,,,15.7,,15700.0,4.196,Alta
CHEMBL458934,CAMBOGIN,,602.81,,8.59,,CC(C)=CC[C@H]1C[C@@]23C[C@@H](CC=C(C)C)C(C)(C)[C@@](CC=C(C)C)(C(=O)C(C(=O)c4ccc(O)c(O)c4)=C2OC1(C)C)C3=O,EC50,=,83300.0,nM,4.08,,,UO_0000065,,,,,,CHEMBL3423601,Antioxidant activity assessed as H2O2 scavenging activity after 15 mins,P,BAO_0000100,small-molecule physicochemical format,,,,,,,,,CHEMBL2362975,No relevant target,,,CHEMBL3421535,1,,J Nat Prod,2015,,,,,83.3,,83300.0,4.921,Media
CHEMBL1254294,JACAREUBIN,,326.3,,3.25,,CC1(C)C=Cc2c(cc3oc4c(O)c(O)ccc4c(=O)c3c2O)O1,EC50,=,26300.0,nM,4.58,,,UO_0000065,,,,,,CHEMBL3423601,Antioxidant activity assessed as H2O2 scavenging activity after 15 mins,P,BAO_0000100,small-molecule physicochemical format,,,,,,,,,CHEMBL2362975,No relevant target,,,CHEMBL3421535,1,,J Nat Prod,2015,,,,,26.3,,26300.0,4.42,Media
CHEMBL3422285,,,328.32,,3.28,,CC(C)=CCc1c(O)cc2oc3c(O)c(O)ccc3c(=O)c2c1O,EC50,=,19700.0,nM,4.71,,,UO_0000065,,,,,,CHEMBL3423601,Antioxidant activity assessed as H2O2 scavenging activity after 15 mins,P,BAO_0000100,small-molecule physicochemical format,,,,,,,,,CHEMBL2362975,No relevant target,,,CHEMBL3421535,1,,J Nat Prod,2015,,,,,19.7,,19700.0,4.294,Alta
CHEMBL389166,,,228.2,,2.36,,O=c1c2cc(O)ccc2oc2cccc(O)c12,EC50,=,80200.0,nM,4.1,,,UO_0000065,,,,,,CHEMBL3423601,Antioxidant activity assessed as H2O2 scavenging activity after 15 mins,P,BAO_0000100,small-molecule physicochemical format,,,,,,,,,CHEMBL2362975,No relevant target,,,CHEMBL3421535,1,,J Nat Prod,2015,,,,,80.2,,80200.0,4.904,Media
CHEMBL3422284,,,480.38,,2.37,,O=C1c2c(O)cc(O)c(-c3coc4cc(O)cc(O)c4c3=O)c2O[C@H](c2ccc(O)c(O)c2)[C@H]1O,EC50,=,17500.0,nM,4.76,,,UO_0000065,,,,,,CHEMBL3423601,Antioxidant activity assessed as H2O2 scavenging activity after 15 mins,P,BAO_0000100,small-molecule physicochemical format,,,,,,,,,CHEMBL2362975,No relevant target,,,CHEMBL3421535,1,,J Nat Prod,2015,,,,,17.5,,17500.0,4.243,Alta
CHEMBL3422283,,,358.35,,3.65,,COc1c(O)ccc2c1Oc1cc(O)c(CC=C(C)C)c(O)c1C(=O)O2,EC50,<=,45400.0,nM,,,,UO_0000065,,,,,,CHEMBL3423601,Antioxidant activity assessed as H2O2 scavenging activity after 15 mins,P,BAO_0000100,small-molecule physicochemical format,,,,,,,,,CHEMBL2362975,No relevant target,,,CHEMBL3421535,1,,J Nat Prod,2015,,,,,45.4,,45400.0,4.657,Media
CHEMBL3422282,,,356.37,,3.53,,COc1cc(C(=O)c2c(O)cc3c(c2OC)C=CC(C)(C)O3)ccc1O,EC50,<=,53400.0,nM,,,,UO_0000065,,,,,,CHEMBL3423601,Antioxidant activity assessed as H2O2 scavenging activity after 15 mins,P,BAO_0000100,small-molecule physicochemical format,,,,,,,,,CHEMBL2362975,No relevant target,,,CHEMBL3421535,1,,J Nat Prod,2015,,,,,53.4,,53400.0,4.728,Media
CHEMBL3422281,,,590.49,,3.11,,O=C1c2c(cc(O)c([C@@H]3C(=O)c4c(O)cc(O)cc4O[C@H]3c3ccc(O)c(O)c3)c2O)O[C@H](c2ccc(O)c(O)c2)[C@H]1O,EC50,=,8500.0,nM,5.07,,,UO_0000065,,,,,,CHEMBL3423601,Antioxidant activity assessed as H2O2 scavenging activity after 15 mins,P,BAO_0000100,small-molecule physicochemical format,,,,,,,,,CHEMBL2362975,No relevant target,,,CHEMBL3421535,1,,J Nat Prod,2015,,,,,8.5,,8500.0,3.929,Alta
CHEMBL3932223,,,752.73,,6.49,,CC1(C)C=Cc2c(O)c(Cc3c(O)c4c(c(C(=O)/C=C/c5ccc(O)c(O)c5O)c3O)OC(C)(C)C=C4)c(O)c(C(=O)/C=C/c3ccc(O)c(O)c3O)c2O1,EC50,=,540.0,nM,6.27,,,UO_0000065,,,,,,CHEMBL3877923,Antioxidant activity assessed as ABTS radical scavenging activity measured after 10 mins by ABTS assay,F,BAO_0000019,assay format,,,,,,,,,CHEMBL2362975,No relevant target,,,CHEMBL3877262,1,,Eur J Med Chem,2017,,,,,0.54,,540.0,2.732,Alta
CHEMBL288114,GALLIC ACID,,170.12,,0.5,,O=C(O)c1cc(O)c(O)c(O)c1,EC50,=,350.0,nM,6.46,,,UO_0000065,,,,,,CHEMBL3877923,Antioxidant activity assessed as ABTS radical scavenging activity measured after 10 mins by ABTS assay,F,BAO_0000019,assay format,,,,,,,,,CHEMBL2362975,No relevant target,,,CHEMBL3877262,1,,Eur J Med Chem,2017,,,,,0.35,,350.0,2.544,Alta
CHEMBL4466126,,,284.38,,3.06,,CCCCCCS(=O)(=O)/C=C/c1ccc(O)c(O)c1,EC50,=,7300.0,nM,5.14,,,UO_0000065,,,,,,CHEMBL4348535,Antioxidant activity assessed as DPPH radical scavenging activity after 1 hr by fluorescence spectrophotometric method,F,BAO_0000019,assay format,,,,,,,,,CHEMBL2362975,No relevant target,,,CHEMBL4346690,1,,Eur J Med Chem,2019,,,,,7.3,,7300.0,3.863,Alta
CHEMBL4453109,,,270.35,,2.67,,CCCCCS(=O)(=O)/C=C/c1ccc(O)c(O)c1,EC50,=,8100.0,nM,5.09,,,UO_0000065,,,,,,CHEMBL4348535,Antioxidant activity assessed as DPPH radical scavenging activity after 1 hr by fluorescence spectrophotometric method,F,BAO_0000019,assay format,,,,,,,,,CHEMBL2362975,No relevant target,,,CHEMBL4346690,1,,Eur J Med Chem,2019,,,,,8.1,,8100.0,3.908,Alta
CHEMBL4445462,,,298.4,,3.45,,CCCCCCCS(=O)(=O)/C=C/c1ccc(O)c(O)c1,EC50,=,7100.0,nM,5.15,,,UO_0000065,,,,,,CHEMBL4348535,Antioxidant activity assessed as DPPH radical scavenging activity after 1 hr by fluorescence spectrophotometric method,F,BAO_0000019,assay format,,,,,,,,,CHEMBL2362975,No relevant target,,,CHEMBL4346690,1,,Eur J Med Chem,2019,,,,,7.1,,7100.0,3.851,Alta
CHEMBL4521831,,,312.43,,3.84,,CCCCCCCCS(=O)(=O)/C=C/c1ccc(O)c(O)c1,EC50,=,6400.0,nM,5.19,,,UO_0000065,,,,,,CHEMBL4348535,Antioxidant activity assessed as DPPH radical scavenging activity after 1 hr by fluorescence spectrophotometric method,F,BAO_0000019,assay format,,,,,,,,,CHEMBL2362975,No relevant target,,,CHEMBL4346690,1,,Eur J Med Chem,2019,,,,,6.4,,6400.0,3.806,Alta
CHEMBL4483317,,,326.46,,4.23,,CCCCCCCCCS(=O)(=O)/C=C/c1ccc(O)c(O)c1,EC50,=,7700.0,nM,5.11,,,UO_0000065,,,,,,CHEMBL4348535,Antioxidant activity assessed as DPPH radical scavenging activity after 1 hr by fluorescence spectrophotometric method,F,BAO_0000019,assay format,,,,,,,,,CHEMBL2362975,No relevant target,,,CHEMBL4346690,1,,Eur J Med Chem,2019,,,,,7.7,,7700.0,3.886,Alta
CHEMBL4443919,,,340.49,,4.62,,CCCCCCCCCCS(=O)(=O)/C=C/c1ccc(O)c(O)c1,EC50,=,6800.0,nM,5.17,,,UO_0000065,,,,,,CHEMBL4348535,Antioxidant activity assessed as DPPH radical scavenging activity after 1 hr by fluorescence spectrophotometric method,F,BAO_0000019,assay format,,,,,,,,,CHEMBL2362975,No relevant target,,,CHEMBL4346690,1,,Eur J Med Chem,2019,,,,,6.8,,6800.0,3.833,Alta
CHEMBL4438848,,,354.51,,5.01,,CCCCCCCCCCCS(=O)(=O)/C=C/c1ccc(O)c(O)c1,EC50,=,11400.0,nM,4.94,,,UO_0000065,,,,,,CHEMBL4348535,Antioxidant activity assessed as DPPH radical scavenging activity after 1 hr by fluorescence spectrophotometric method,F,BAO_0000019,assay format,,,,,,,,,CHEMBL2362975,No relevant target,,,CHEMBL4346690,1,,Eur J Med Chem,2019,,,,,11.4,,11400.0,4.057,Alta
CHEMBL4526832,,,368.54,,5.4,,CCCCCCCCCCCCS(=O)(=O)/C=C/c1ccc(O)c(O)c1,EC50,=,8500.0,nM,5.07,,,UO_0000065,,,,,,CHEMBL4348535,Antioxidant activity assessed as DPPH radical scavenging activity after 1 hr by fluorescence spectrophotometric method,F,BAO_0000019,assay format,,,,,,,,,CHEMBL2362975,No relevant target,,,CHEMBL4346690,1,,Eur J Med Chem,2019,,,,,8.5,,8500.0,3.929,Alta
CHEMBL4543548,,,314.4,,2.43,,O=S(=O)(/C=C/c1ccc(O)c(O)c1)CCCCCCCO,EC50,=,5900.0,nM,5.23,,,UO_0000065,,,,,,CHEMBL4348535,Antioxidant activity assessed as DPPH radical scavenging activity after 1 hr by fluorescence spectrophotometric method,F,BAO_0000019,assay format,,,,,,,,,CHEMBL2362975,No relevant target,,,CHEMBL4346690,1,,Eur J Med Chem,2019,,,,,5.9,,5900.0,3.771,Alta
CHEMBL4590876,,,328.43,,2.82,,O=S(=O)(/C=C/c1ccc(O)c(O)c1)CCCCCCCCO,EC50,=,6700.0,nM,5.17,,,UO_0000065,,,,,,CHEMBL4348535,Antioxidant activity assessed as DPPH radical scavenging activity after 1 hr by fluorescence spectrophotometric method,F,BAO_0000019,assay format,,,,,,,,,CHEMBL2362975,No relevant target,,,CHEMBL4346690,1,,Eur J Med Chem,2019,,,,,6.7,,6700.0,3.826,Alta
CHEMBL4531712,,,342.46,,3.21,,O=S(=O)(/C=C/c1ccc(O)c(O)c1)CCCCCCCCCO,EC50,=,7500.0,nM,5.12,,,UO_0000065,,,,,,CHEMBL4348535,Antioxidant activity assessed as DPPH radical scavenging activity after 1 hr by fluorescence spectrophotometric method,F,BAO_0000019,assay format,,,,,,,,,CHEMBL2362975,No relevant target,,,CHEMBL4346690,1,,Eur J Med Chem,2019,,,,,7.5,,7500.0,3.875,Alta
CHEMBL4461802,,,370.51,,3.99,,O=S(=O)(/C=C/c1ccc(O)c(O)c1)CCCCCCCCCCCO,EC50,=,22600.0,nM,4.65,,,UO_0000065,,,,,,CHEMBL4348535,Antioxidant activity assessed as DPPH radical scavenging activity after 1 hr by fluorescence spectrophotometric method,F,BAO_0000019,assay format,,,,,,,,,CHEMBL2362975,No relevant target,,,CHEMBL4346690,1,,Eur J Med Chem,2019,,,,,22.6,,22600.0,4.354,Alta
CHEMBL4567993,,,296.39,,3.23,,C=CCCCCCS(=O)(=O)/C=C/c1ccc(O)c(O)c1,EC50,=,7100.0,nM,5.15,,,UO_0000065,,,,,,CHEMBL4348535,Antioxidant activity assessed as DPPH radical scavenging activity after 1 hr by fluorescence spectrophotometric method,F,BAO_0000019,assay format,,,,,,,,,CHEMBL2362975,No relevant target,,,CHEMBL4346690,1,,Eur J Med Chem,2019,,,,,7.1,,7100.0,3.851,Alta
CHEMBL4441603,,,310.42,,3.62,,C=CCCCCCCS(=O)(=O)/C=C/c1ccc(O)c(O)c1,EC50,=,6400.0,nM,5.19,,,UO_0000065,,,,,,CHEMBL4348535,Antioxidant activity assessed as DPPH radical scavenging activity after 1 hr by fluorescence spectrophotometric method,F,BAO_0000019,assay format,,,,,,,,,CHEMBL2362975,No relevant target,,,CHEMBL4346690,1,,Eur J Med Chem,2019,,,,,6.4,,6400.0,3.806,Alta
CHEMBL4537546,,,324.44,,4.01,,C=CCCCCCCCS(=O)(=O)/C=C/c1ccc(O)c(O)c1,EC50,=,6900.0,nM,5.16,,,UO_0000065,,,,,,CHEMBL4348535,Antioxidant activity assessed as DPPH radical scavenging activity after 1 hr by fluorescence spectrophotometric method,F,BAO_0000019,assay format,,,,,,,,,CHEMBL2362975,No relevant target,,,CHEMBL4346690,1,,Eur J Med Chem,2019,,,,,6.9,,6900.0,3.839,Alta
CHEMBL4471093,,,254.31,,1.89,,O=S(=O)(/C=C/c1ccc(O)c(O)c1)CC1CC1,EC50,=,10500.0,nM,4.98,,,UO_0000065,,,,,,CHEMBL4348535,Antioxidant activity assessed as DPPH radical scavenging activity after 1 hr by fluorescence spectrophotometric method,F,BAO_0000019,assay format,,,,,,,,,CHEMBL2362975,No relevant target,,,CHEMBL4346690,1,,Eur J Med Chem,2019,,,,,10.5,,10500.0,4.021,Alta
CHEMBL4531731,,,268.33,,2.28,,O=S(=O)(/C=C/c1ccc(O)c(O)c1)CC1CCC1,EC50,=,8800.0,nM,5.06,,,UO_0000065,,,,,,CHEMBL4348535,Antioxidant activity assessed as DPPH radical scavenging activity after 1 hr by fluorescence spectrophotometric method,F,BAO_0000019,assay format,,,,,,,,,CHEMBL2362975,No relevant target,,,CHEMBL4346690,1,,Eur J Med Chem,2019,,,,,8.8,,8800.0,3.944,Alta
CHEMBL4473721,,,282.36,,2.67,,O=S(=O)(/C=C/c1ccc(O)c(O)c1)CC1CCCC1,EC50,=,9400.0,nM,5.03,,,UO_0000065,,,,,,CHEMBL4348535,Antioxidant activity assessed as DPPH radical scavenging activity after 1 hr by fluorescence spectrophotometric method,F,BAO_0000019,assay format,,,,,,,,,CHEMBL2362975,No relevant target,,,CHEMBL4346690,1,,Eur J Med Chem,2019,,,,,9.4,,9400.0,3.973,Alta
CHEMBL4586840,,,296.39,,3.06,,O=S(=O)(/C=C/c1ccc(O)c(O)c1)CC1CCCCC1,EC50,=,7500.0,nM,5.12,,,UO_0000065,,,,,,CHEMBL4348535,Antioxidant activity assessed as DPPH radical scavenging activity after 1 hr by fluorescence spectrophotometric method,F,BAO_0000019,assay format,,,,,,,,,CHEMBL2362975,No relevant target,,,CHEMBL4346690,1,,Eur J Med Chem,2019,,,,,7.5,,7500.0,3.875,Alta
CHEMBL4560072,,,296.39,,3.06,,O=S(=O)(/C=C/c1ccc(O)c(O)c1)CCC1CCCC1,EC50,=,6800.0,nM,5.17,,,UO_0000065,,,,,,CHEMBL4348535,Antioxidant activity assessed as DPPH radical scavenging activity after 1 hr by fluorescence spectrophotometric method,F,BAO_0000019,assay format,,,,,,,,,CHEMBL2362975,No relevant target,,,CHEMBL4346690,1,,Eur J Med Chem,2019,,,,,6.8,,6800.0,3.833,Alta
CHEMBL5396064,,,253.16,,,,O=C1NC(=[Se])NC1Cc1ccccc1,EC50,=,37000.0,nM,4.43,,,UO_0000065,,,,,,CHEMBL5370123,Antioxidant activity assessed as DPPH radical scavenging activity incubated for 60 min by DPPH assay,F,BAO_0000019,assay format,,,,,,,,,CHEMBL2362975,No relevant target,,,CHEMBL5365535,1,,Bioorg Med Chem,2023,,,,,37.0,,37000.0,4.568,Media
CHEMBL5397619,,,287.61,,,,O=C1NC(=[Se])NC1Cc1ccc(Cl)cc1,EC50,=,44000.0,nM,4.36,,,UO_0000065,,,,,,CHEMBL5370123,Antioxidant activity assessed as DPPH radical scavenging activity incubated for 60 min by DPPH assay,F,BAO_0000019,assay format,,,,,,,,,CHEMBL2362975,No relevant target,,,CHEMBL5365535,1,,Bioorg Med Chem,2023,,,,,44.0,,44000.0,4.643,Media
CHEMBL5413073,,,332.06,,,,O=C1NC(=[Se])NC1Cc1ccc(Br)cc1,EC50,=,60000.0,nM,4.22,,,UO_0000065,,,,,,CHEMBL5370123,Antioxidant activity assessed as DPPH radical scavenging activity incubated for 60 min by DPPH assay,F,BAO_0000019,assay format,,,,,,,,,CHEMBL2362975,No relevant target,,,CHEMBL5365535,1,,Bioorg Med Chem,2023,,,,,60.0,,60000.0,4.778,Media
CHEMBL5425042,,,271.15,,,,O=C1NC(=[Se])NC1Cc1ccc(F)cc1,EC50,=,39000.0,nM,4.41,,,UO_0000065,,,,,,CHEMBL5370123,Antioxidant activity assessed as DPPH radical scavenging activity incubated for 60 min by DPPH assay,F,BAO_0000019,assay format,,,,,,,,,CHEMBL2362975,No relevant target,,,CHEMBL5365535,1,,Bioorg Med Chem,2023,,,,,39.0,,39000.0,4.591,Media
CHEMBL5415577,,,321.16,,,,O=C1NC(=[Se])NC1Cc1ccc(C(F)(F)F)cc1,EC50,=,35000.0,nM,4.46,,,UO_0000065,,,,,,CHEMBL5370123,Antioxidant activity assessed as DPPH radical scavenging activity incubated for 60 min by DPPH assay,F,BAO_0000019,assay format,,,,,,,,,CHEMBL2362975,No relevant target,,,CHEMBL5365535,1,,Bioorg Med Chem,2023,,,,,35.0,,35000.0,4.544,Media
CHEMBL5438366,,,267.19,,,,Cc1ccc(CC2NC(=[Se])NC2=O)cc1,EC50,=,89000.0,nM,4.05,,,UO_0000065,,,,,,CHEMBL5370123,Antioxidant activity assessed as DPPH radical scavenging activity incubated for 60 min by DPPH assay,F,BAO_0000019,assay format,,,,,,,,,CHEMBL2362975,No relevant target,,,CHEMBL5365535,1,,Bioorg Med Chem,2023,,,,,89.0,,89000.0,4.949,Media
CHEMBL5431395,,,283.19,,,,COc1ccc(CC2NC(=[Se])NC2=O)cc1,EC50,=,38000.0,nM,4.42,,,UO_0000065,,,,,,CHEMBL5370123,Antioxidant activity assessed as DPPH radical scavenging activity incubated for 60 min by DPPH assay,F,BAO_0000019,assay format,,,,,,,,,CHEMBL2362975,No relevant target,,,CHEMBL5365535,1,,Bioorg Med Chem,2023,,,,,38.0,,38000.0,4.58,Media
CHEMBL5432775,,,303.22,,,,O=C1NC(=[Se])NC1Cc1cccc2ccccc12,EC50,=,44000.0,nM,4.36,,,UO_0000065,,,,,,CHEMBL5370123,Antioxidant activity assessed as DPPH radical scavenging activity incubated for 60 min by DPPH assay,F,BAO_0000019,assay format,,,,,,,,,CHEMBL2362975,No relevant target,,,CHEMBL5365535,1,,Bioorg Med Chem,2023,,,,,44.0,,44000.0,4.643,Media
CHEMBL196,ASCORBIC ACID,,176.12,,-1.41,,O=C1O[C@H]([C@@H](O)CO)C(O)=C1O,EC50,=,17800.0,nM,4.75,,,UO_0000065,,,,,,CHEMBL5370123,Antioxidant activity assessed as DPPH radical scavenging activity incubated for 60 min by DPPH assay,F,BAO_0000019,assay format,,,,,,,,,CHEMBL2362975,No relevant target,,,CHEMBL5365535,1,,Bioorg Med Chem,2023,,,,,17.8,,17800.0,4.25,Alta
CHEMBL1543,GLUTATHIONE,,307.33,,-2.21,,N[C@@H](CCC(=O)N[C@@H](CS)C(=O)NCC(=O)O)C(=O)O,EC50,=,50000.0,nM,4.3,,,UO_0000065,,,,,,CHEMBL5370123,Antioxidant activity assessed as DPPH radical scavenging activity incubated for 60 min by DPPH assay,F,BAO_0000019,assay format,,,,,,,,,CHEMBL2362975,No relevant target,,,CHEMBL5365535,1,,Bioorg Med Chem,2023,,,,,50.0,,50000.0,4.699,Media
CHEMBL1082555,,,268.34,,3.32,,Cc1ccc2c(c1)C1(Nc3ccccc3S1)C(=O)N2,EC50,=,1300000.0,nM,,Outside typical range,,UO_0000065,,,,,,CHEMBL1116788,Antioxidant activity assessed as DPPH radical scavenging activity after 30 mins by spectrophotometry,F,BAO_0000019,assay format,,,,,,,,,CHEMBL613712,Radical scavenging activity,,,CHEMBL1154871,1,,Eur J Med Chem,2010,,,,,1.3,,1300000.0,6.114,Baja
CHEMBL1082885,,,288.76,,3.66,,O=C1Nc2ccc(Cl)cc2C12Nc1ccccc1S2,EC50,=,1780000.0,nM,,Outside typical range,,UO_0000065,,,,,,CHEMBL1116788,Antioxidant activity assessed as DPPH radical scavenging activity after 30 mins by spectrophotometry,F,BAO_0000019,assay format,,,,,,,,,CHEMBL613712,Radical scavenging activity,,,CHEMBL1154871,1,,Eur J Med Chem,2010,,,,,1.78,,1780000.0,6.25,Baja
CHEMBL1082886,,,299.31,,2.92,,O=C1Nc2ccc([N+](=O)[O-])cc2C12Nc1ccccc1S2,EC50,=,1300000.0,nM,,Outside typical range,,UO_0000065,,,,,,CHEMBL1116788,Antioxidant activity assessed as DPPH radical scavenging activity after 30 mins by spectrophotometry,F,BAO_0000019,assay format,,,,,,,,,CHEMBL613712,Radical scavenging activity,,,CHEMBL1154871,1,,Eur J Med Chem,2010,,,,,1.3,,1300000.0,6.114,Baja
CHEMBL1086915,,,282.37,,3.34,,Cc1ccc2c(c1)C1(Nc3ccccc3S1)C(=O)N2C,EC50,=,980000.0,nM,,Outside typical range,,UO_0000065,,,,,,CHEMBL1116788,Antioxidant activity assessed as DPPH radical scavenging activity after 30 mins by spectrophotometry,F,BAO_0000019,assay format,,,,,,,,,CHEMBL613712,Radical scavenging activity,,,CHEMBL1154871,1,,Eur J Med Chem,2010,,,,,0.98,,980000.0,5.991,Baja
CHEMBL1086916,,,352.34,,3.93,,CN1C(=O)C2(Nc3ccccc3S2)c2cc(OC(F)(F)F)ccc21,EC50,=,1620000.0,nM,,Outside typical range,,UO_0000065,,,,,,CHEMBL1116788,Antioxidant activity assessed as DPPH radical scavenging activity after 30 mins by spectrophotometry,F,BAO_0000019,assay format,,,,,,,,,CHEMBL613712,Radical scavenging activity,,,CHEMBL1154871,1,,Eur J Med Chem,2010,,,,,1.62,,1620000.0,6.21,Baja
CHEMBL1087044,,,302.79,,3.69,,CN1C(=O)C2(Nc3ccccc3S2)c2cc(Cl)ccc21,EC50,=,1240000.0,nM,,Outside typical range,,UO_0000065,,,,,,CHEMBL1116788,Antioxidant activity assessed as DPPH radical scavenging activity after 30 mins by spectrophotometry,F,BAO_0000019,assay format,,,,,,,,,CHEMBL613712,Radical scavenging activity,,,CHEMBL1154871,1,,Eur J Med Chem,2010,,,,,1.24,,1240000.0,6.093,Baja
CHEMBL1088065,,,347.24,,3.8,,CN1C(=O)C2(Nc3ccccc3S2)c2cc(Br)ccc21,EC50,=,1010000.0,nM,,Outside typical range,,UO_0000065,,,,,,CHEMBL1116788,Antioxidant activity assessed as DPPH radical scavenging activity after 30 mins by spectrophotometry,F,BAO_0000019,assay format,,,,,,,,,CHEMBL613712,Radical scavenging activity,,,CHEMBL1154871,1,,Eur J Med Chem,2010,,,,,1.01,,1010000.0,6.004,Baja
CHEMBL1088066,,,313.34,,2.94,,CN1C(=O)C2(Nc3ccccc3S2)c2cc([N+](=O)[O-])ccc21,EC50,=,1270000.0,nM,,Outside typical range,,UO_0000065,,,,,,CHEMBL1116788,Antioxidant activity assessed as DPPH radical scavenging activity after 30 mins by spectrophotometry,F,BAO_0000019,assay format,,,,,,,,,CHEMBL613712,Radical scavenging activity,,,CHEMBL1154871,1,,Eur J Med Chem,2010,,,,,1.27,,1270000.0,6.104,Baja
CHEMBL47,ALPHA-TOCOPHEROL,,430.72,,8.84,,Cc1c(C)c2c(c(C)c1O)CC[C@@](C)(CCC[C@H](C)CCC[C@H](C)CCCC(C)C)O2,EC50,=,350000.0,nM,,Outside typical range,,UO_0000065,,,,,,CHEMBL1116788,Antioxidant activity assessed as DPPH radical scavenging activity after 30 mins by spectrophotometry,F,BAO_0000019,assay format,,,,,,,,,CHEMBL613712,Radical scavenging activity,,,CHEMBL1154871,1,,Eur J Med Chem,2010,,,,,0.35,,350000.0,5.544,Baja
CHEMBL196,ASCORBIC ACID,,176.12,,-1.41,,O=C1O[C@H]([C@@H](O)CO)C(O)=C1O,EC50,=,360000.0,nM,,Outside typical range,,UO_0000065,,,,,,CHEMBL1116788,Antioxidant activity assessed as DPPH radical scavenging activity after 30 mins by spectrophotometry,F,BAO_0000019,assay format,,,,,,,,,CHEMBL613712,Radical scavenging activity,,,CHEMBL1154871,1,,Eur J Med Chem,2010,,,,,0.36,,360000.0,5.556,Baja
CHEMBL519622,CYATHUSCAVIN A,,346.29,,2.35,,C/C=C/c1cc2c(c(=O)o1)-c1c(O)c(O)c(OC)c(C(=O)O)c1CO2,EC50,=,19310.0,nM,4.71,,,UO_0000065,,,,,,CHEMBL946239,Antioxidant activity assessed as DPPH radical scavenging activity after 10 mins,F,BAO_0000019,assay format,,,,,,,,,CHEMBL613712,Radical scavenging activity,,,CHEMBL1155035,1,,Bioorg Med Chem Lett,2008,,,,,19.31,,19310.0,4.286,Alta
CHEMBL153,TROLOX,,250.29,,2.49,,Cc1c(C)c2c(c(C)c1O)CCC(C)(C(=O)O)O2,EC50,=,22100.0,nM,4.66,,,UO_0000065,,,,,,CHEMBL946239,Antioxidant activity assessed as DPPH radical scavenging activity after 10 mins,F,BAO_0000019,assay format,,,,,,,,,CHEMBL613712,Radical scavenging activity,,,CHEMBL1155035,1,,Bioorg Med Chem Lett,2008,,,,,22.1,,22100.0,4.344,Alta
CHEMBL448818,,,152.15,,1.38,,C/C=C/c1cc(O)cc(=O)o1,EC50,>,100000.0,nM,,,,UO_0000065,,,,,,CHEMBL946239,Antioxidant activity assessed as DPPH radical scavenging activity after 10 mins,F,BAO_0000019,assay format,,,,,,,,,CHEMBL613712,Radical scavenging activity,,,CHEMBL1155035,1,,Bioorg Med Chem Lett,2008,,,,,100.0,,100000.0,5.0,Media
CHEMBL482275,CYATHUSCAVIN C,,362.29,,1.84,,C/C=C/c1cc2c(c(=O)o1)-c1c(O)c(O)c(OC)c(C(=O)O)c1C(O)O2,EC50,=,19630.0,nM,4.71,,,UO_0000065,,,,,,CHEMBL946239,Antioxidant activity assessed as DPPH radical scavenging activity after 10 mins,F,BAO_0000019,assay format,,,,,,,,,CHEMBL613712,Radical scavenging activity,,,CHEMBL1155035,1,,Bioorg Med Chem Lett,2008,,,,,19.63,,19630.0,4.293,Alta
CHEMBL481769,CYATHUSCAVIN B,,376.32,,2.5,,C/C=C/c1cc2c(c(=O)o1)-c1c(O)c(O)c(OC)c(C(=O)O)c1C(OC)O2,EC50,=,13920.0,nM,4.86,,,UO_0000065,,,,,,CHEMBL946239,Antioxidant activity assessed as DPPH radical scavenging activity after 10 mins,F,BAO_0000019,assay format,,,,,,,,,CHEMBL613712,Radical scavenging activity,,,CHEMBL1155035,1,,Bioorg Med Chem Lett,2008,,,,,13.92,,13920.0,4.144,Alta
CHEMBL468316,,,346.34,,2.1,,COc1ccc([C@H]2Oc3cc(OC)c(O)c(OC)c3C(=O)[C@@H]2O)cc1,EC50,=,11900.0,nM,4.92,,,UO_0000065,,,,,,CHEMBL1011395,Antioxidant activity against FeSO4-induced lipid peroxidation in rat liver homogenate assessed as inhibition of malondialdehyde release after 1 hr by thiobarbituric acid assay,F,BAO_0000221,tissue-based format,,,,,,,,,CHEMBL613642,Liver,Rattus norvegicus,,CHEMBL1139238,1,,Bioorg Med Chem,2009,,,,,11.9,,11900.0,4.076,Alta
CHEMBL468317,,,360.32,,1.82,,COc1cc2c(c(OC)c1O)C(=O)[C@H](O)[C@H](c1ccc3c(c1)OCO3)O2,EC50,=,6400.0,nM,5.19,,,UO_0000065,,,,,,CHEMBL1011395,Antioxidant activity against FeSO4-induced lipid peroxidation in rat liver homogenate assessed as inhibition of malondialdehyde release after 1 hr by thiobarbituric acid assay,F,BAO_0000221,tissue-based format,,,,,,,,,CHEMBL613642,Liver,Rattus norvegicus,,CHEMBL1139238,1,,Bioorg Med Chem,2009,,,,,6.4,,6400.0,3.806,Alta
CHEMBL511418,,,362.33,,1.8,,COc1cc([C@@H]2Oc3cc(OC)c(O)c(OC)c3C(=O)[C@@H]2O)ccc1O,EC50,=,1900.0,nM,5.72,,,UO_0000065,,,,,,CHEMBL1011395,Antioxidant activity against FeSO4-induced lipid peroxidation in rat liver homogenate assessed as inhibition of malondialdehyde release after 1 hr by thiobarbituric acid assay,F,BAO_0000221,tissue-based format,,,,,,,,,CHEMBL613642,Liver,Rattus norvegicus,,CHEMBL1139238,1,,Bioorg Med Chem,2009,,,,,1.9,,1900.0,3.279,Alta
CHEMBL482234,,,390.39,,2.41,,COc1ccc([C@@H]2Oc3cc(OC)c(OC)c(OC)c3C(=O)[C@@H]2O)cc1OC,EC50,=,28600.0,nM,4.54,,,UO_0000065,,,,,,CHEMBL1011395,Antioxidant activity against FeSO4-induced lipid peroxidation in rat liver homogenate assessed as inhibition of malondialdehyde release after 1 hr by thiobarbituric acid assay,F,BAO_0000221,tissue-based format,,,,,,,,,CHEMBL613642,Liver,Rattus norvegicus,,CHEMBL1139238,1,,Bioorg Med Chem,2009,,,,,28.6,,28600.0,4.456,Media
CHEMBL519632,,,376.36,,2.1,,COc1cc([C@H]2Oc3cc(OC)c(OC)c(OC)c3C(=O)[C@@H]2O)ccc1O,EC50,=,5500.0,nM,5.26,,,UO_0000065,,,,,,CHEMBL1011395,Antioxidant activity against FeSO4-induced lipid peroxidation in rat liver homogenate assessed as inhibition of malondialdehyde release after 1 hr by thiobarbituric acid assay,F,BAO_0000221,tissue-based format,,,,,,,,,CHEMBL613642,Liver,Rattus norvegicus,,CHEMBL1139238,1,,Bioorg Med Chem,2009,,,,,5.5,,5500.0,3.74,Alta
CHEMBL468285,,,420.41,,2.42,,COc1cc([C@@H]2Oc3cc(OC)c(OC)c(OC)c3C(=O)[C@@H]2O)cc(OC)c1OC,EC50,=,19600.0,nM,4.71,,,UO_0000065,,,,,,CHEMBL1011395,Antioxidant activity against FeSO4-induced lipid peroxidation in rat liver homogenate assessed as inhibition of malondialdehyde release after 1 hr by thiobarbituric acid assay,F,BAO_0000221,tissue-based format,,,,,,,,,CHEMBL613642,Liver,Rattus norvegicus,,CHEMBL1139238,1,,Bioorg Med Chem,2009,,,,,19.6,,19600.0,4.292,Alta
CHEMBL467247,,,362.33,,1.8,,COc1cc2c(c(OC)c1OC)C(=O)[C@H](O)[C@@H](c1ccc(O)c(O)c1)O2,EC50,=,10400.0,nM,4.98,,,UO_0000065,,,,,,CHEMBL1011395,Antioxidant activity against FeSO4-induced lipid peroxidation in rat liver homogenate assessed as inhibition of malondialdehyde release after 1 hr by thiobarbituric acid assay,F,BAO_0000221,tissue-based format,,,,,,,,,CHEMBL613642,Liver,Rattus norvegicus,,CHEMBL1139238,1,,Bioorg Med Chem,2009,,,,,10.4,,10400.0,4.017,Alta
CHEMBL467037,,,346.34,,2.1,,COc1cc2c(c(OC)c1OC)C(=O)[C@H](O)[C@H](c1ccccc1O)O2,EC50,=,26700.0,nM,4.57,,,UO_0000065,,,,,,CHEMBL1011395,Antioxidant activity against FeSO4-induced lipid peroxidation in rat liver homogenate assessed as inhibition of malondialdehyde release after 1 hr by thiobarbituric acid assay,F,BAO_0000221,tissue-based format,,,,,,,,,CHEMBL613642,Liver,Rattus norvegicus,,CHEMBL1139238,1,,Bioorg Med Chem,2009,,,,,26.7,,26700.0,4.427,Media
CHEMBL467038,,,406.39,,2.11,,COc1cc([C@@H]2Oc3cc(OC)c(OC)c(OC)c3C(=O)[C@@H]2O)cc(OC)c1O,EC50,=,10400.0,nM,4.98,,,UO_0000065,,,,,,CHEMBL1011395,Antioxidant activity against FeSO4-induced lipid peroxidation in rat liver homogenate assessed as inhibition of malondialdehyde release after 1 hr by thiobarbituric acid assay,F,BAO_0000221,tissue-based format,,,,,,,,,CHEMBL613642,Liver,Rattus norvegicus,,CHEMBL1139238,1,,Bioorg Med Chem,2009,,,,,10.4,,10400.0,4.017,Alta
CHEMBL50,QUERCETIN,,302.24,,1.99,,O=c1c(O)c(-c2ccc(O)c(O)c2)oc2cc(O)cc(O)c12,EC50,=,6000.0,nM,5.22,,,UO_0000065,,,,,,CHEMBL1011395,Antioxidant activity against FeSO4-induced lipid peroxidation in rat liver homogenate assessed as inhibition of malondialdehyde release after 1 hr by thiobarbituric acid assay,F,BAO_0000221,tissue-based format,,,,,,,,,CHEMBL613642,Liver,Rattus norvegicus,,CHEMBL1139238,1,,Bioorg Med Chem,2009,,,,,6.0,,6000.0,3.778,Alta
CHEMBL595081,,,616.58,,4.24,,COc1ccc(C(=O)OCC2Oc3ccc([C@H]4Oc5cc(O)cc(O)c5C(=O)[C@@H]4O)cc3OC2c2ccc(O)c(OC)c2)cc1,EC50,=,73300.0,nM,4.13,,,UO_0000065,,,,,,CHEMBL1064571,Antioxidant activity assessed as ferrous ion chelating activity after 30 mins by spectrophotometry,F,BAO_0000019,assay format,,,,,,,,,CHEMBL3879801,NON-PROTEIN TARGET,,,CHEMBL1152524,1,,Bioorg Med Chem,2009,,,,,73.3,,73300.0,4.865,Media
CHEMBL594819,,,631.55,,4.14,,COc1cc(C2Oc3cc([C@H]4Oc5cc(O)cc(O)c5C(=O)[C@@H]4O)ccc3OC2COC(=O)c2ccc([N+](=O)[O-])cc2)ccc1O,EC50,>,300000.0,nM,,Outside typical range,,UO_0000065,,,,,,CHEMBL1064571,Antioxidant activity assessed as ferrous ion chelating activity after 30 mins by spectrophotometry,F,BAO_0000019,assay format,,,,,,,,,CHEMBL3879801,NON-PROTEIN TARGET,,,CHEMBL1152524,1,,Bioorg Med Chem,2009,,,,,300.0,,300000.0,5.477,Baja
CHEMBL594092,,,586.55,,4.23,,COc1cc(C2Oc3cc([C@H]4Oc5cc(O)cc(O)c5C(=O)[C@@H]4O)ccc3OC2COC(=O)c2ccccc2)ccc1O,EC50,=,105400.0,nM,,Outside typical range,,UO_0000065,,,,,,CHEMBL1064571,Antioxidant activity assessed as ferrous ion chelating activity after 30 mins by spectrophotometry,F,BAO_0000019,assay format,,,,,,,,,CHEMBL3879801,NON-PROTEIN TARGET,,,CHEMBL1152524,1,,Bioorg Med Chem,2009,,,,,105.4,,105400.0,5.023,Media
CHEMBL594689,,,676.54,,4.04,,COc1cc(C2Oc3cc([C@H]4Oc5cc(O)cc(O)c5C(=O)[C@@H]4O)ccc3OC2COC(=O)c2cc([N+](=O)[O-])cc([N+](=O)[O-])c2)ccc1O,EC50,=,204900.0,nM,,Outside typical range,,UO_0000065,,,,,,CHEMBL1064571,Antioxidant activity assessed as ferrous ion chelating activity after 30 mins by spectrophotometry,F,BAO_0000019,assay format,,,,,,,,,CHEMBL3879801,NON-PROTEIN TARGET,,,CHEMBL1152524,1,,Bioorg Med Chem,2009,,,,,204.9,,204900.0,5.312,Baja
CHEMBL595082,,,676.63,,4.25,,COc1cc(C2Oc3cc([C@H]4Oc5cc(O)cc(O)c5C(=O)[C@@H]4O)ccc3OC2COC(=O)c2cc(OC)c(OC)c(OC)c2)ccc1O,EC50,=,94800.0,nM,4.02,,,UO_0000065,,,,,,CHEMBL1064571,Antioxidant activity assessed as ferrous ion chelating activity after 30 mins by spectrophotometry,F,BAO_0000019,assay format,,,,,,,,,CHEMBL3879801,NON-PROTEIN TARGET,,,CHEMBL1152524,1,,Bioorg Med Chem,2009,,,,,94.8,,94800.0,4.977,Media
CHEMBL594586,,,626.61,,4.94,,COc1cc(C2Oc3cc([C@H]4Oc5cc(O)cc(O)c5C(=O)[C@@H]4O)ccc3OC2COC(=O)/C=C/c2ccc(C)cc2)ccc1O,EC50,=,135800.0,nM,,Outside typical range,,UO_0000065,,,,,,CHEMBL1064571,Antioxidant activity assessed as ferrous ion chelating activity after 30 mins by spectrophotometry,F,BAO_0000019,assay format,,,,,,,,,CHEMBL3879801,NON-PROTEIN TARGET,,,CHEMBL1152524,1,,Bioorg Med Chem,2009,,,,,135.8,,135800.0,5.133,Media
CHEMBL594457,,,647.03,,5.28,,COc1cc(C2Oc3cc([C@H]4Oc5cc(O)cc(O)c5C(=O)[C@@H]4O)ccc3OC2COC(=O)/C=C/c2ccc(Cl)cc2)ccc1O,EC50,=,87900.0,nM,4.06,,,UO_0000065,,,,,,CHEMBL1064571,Antioxidant activity assessed as ferrous ion chelating activity after 30 mins by spectrophotometry,F,BAO_0000019,assay format,,,,,,,,,CHEMBL3879801,NON-PROTEIN TARGET,,,CHEMBL1152524,1,,Bioorg Med Chem,2009,,,,,87.9,,87900.0,4.944,Media
CHEMBL594472,,,691.48,,5.39,,COc1cc(C2Oc3cc([C@H]4Oc5cc(O)cc(O)c5C(=O)[C@@H]4O)ccc3OC2COC(=O)/C=C/c2ccc(Br)cc2)ccc1O,EC50,=,88900.0,nM,4.05,,,UO_0000065,,,,,,CHEMBL1064571,Antioxidant activity assessed as ferrous ion chelating activity after 30 mins by spectrophotometry,F,BAO_0000019,assay format,,,,,,,,,CHEMBL3879801,NON-PROTEIN TARGET,,,CHEMBL1152524,1,,Bioorg Med Chem,2009,,,,,88.9,,88900.0,4.949,Media
CHEMBL595083,,,596.54,,2.87,,CCOC(=O)CC(=O)OCC1Oc2ccc([C@H]3Oc4cc(O)cc(O)c4C(=O)[C@@H]3O)cc2OC1c1ccc(O)c(OC)c1,EC50,=,100800.0,nM,,Outside typical range,,UO_0000065,,,,,,CHEMBL1064571,Antioxidant activity assessed as ferrous ion chelating activity after 30 mins by spectrophotometry,F,BAO_0000019,assay format,,,,,,,,,CHEMBL3879801,NON-PROTEIN TARGET,,,CHEMBL1152524,1,,Bioorg Med Chem,2009,,,,,100.8,,100800.0,5.003,Media
CHEMBL593964,,,620.99,,4.88,,COc1cc(C2Oc3cc([C@H]4Oc5cc(O)cc(O)c5C(=O)[C@@H]4O)ccc3OC2COC(=O)c2cccc(Cl)c2)ccc1O,EC50,=,106300.0,nM,,Outside typical range,,UO_0000065,,,,,,CHEMBL1064571,Antioxidant activity assessed as ferrous ion chelating activity after 30 mins by spectrophotometry,F,BAO_0000019,assay format,,,,,,,,,CHEMBL3879801,NON-PROTEIN TARGET,,,CHEMBL1152524,1,,Bioorg Med Chem,2009,,,,,106.3,,106300.0,5.027,Media
CHEMBL594439,,,646.6,,4.24,,COc1cc(C2Oc3cc([C@H]4Oc5cc(O)cc(O)c5C(=O)[C@@H]4O)ccc3OC2COC(=O)c2ccc(OC)c(OC)c2)ccc1O,EC50,=,77000.0,nM,4.11,,,UO_0000065,,,,,,CHEMBL1064571,Antioxidant activity assessed as ferrous ion chelating activity after 30 mins by spectrophotometry,F,BAO_0000019,assay format,,,,,,,,,CHEMBL3879801,NON-PROTEIN TARGET,,,CHEMBL1152524,1,,Bioorg Med Chem,2009,,,,,77.0,,77000.0,4.886,Media
CHEMBL594527,,,630.56,,3.96,,COc1cc(C2Oc3cc([C@H]4Oc5cc(O)cc(O)c5C(=O)[C@@H]4O)ccc3OC2COC(=O)c2ccc3c(c2)OCO3)ccc1O,EC50,=,108200.0,nM,,Outside typical range,,UO_0000065,,,,,,CHEMBL1064571,Antioxidant activity assessed as ferrous ion chelating activity after 30 mins by spectrophotometry,F,BAO_0000019,assay format,,,,,,,,,CHEMBL3879801,NON-PROTEIN TARGET,,,CHEMBL1152524,1,,Bioorg Med Chem,2009,,,,,108.2,,108200.0,5.034,Media
CHEMBL594461,,,601.56,,3.81,,COc1cc(C2Oc3cc([C@H]4Oc5cc(O)cc(O)c5C(=O)[C@@H]4O)ccc3OC2COC(=O)c2ccc(N)cc2)ccc1O,EC50,=,128200.0,nM,,Outside typical range,,UO_0000065,,,,,,CHEMBL1064571,Antioxidant activity assessed as ferrous ion chelating activity after 30 mins by spectrophotometry,F,BAO_0000019,assay format,,,,,,,,,CHEMBL3879801,NON-PROTEIN TARGET,,,CHEMBL1152524,1,,Bioorg Med Chem,2009,,,,,128.2,,128200.0,5.108,Media
CHEMBL595084,,,646.56,,3.72,,COc1cc(C2Oc3cc([C@H]4Oc5cc(O)cc(O)c5C(=O)[C@@H]4O)ccc3OC2COC(=O)c2cc(N)cc([N+](=O)[O-])c2)ccc1O,EC50,>,300000.0,nM,,Outside typical range,,UO_0000065,,,,,,CHEMBL1064571,Antioxidant activity assessed as ferrous ion chelating activity after 30 mins by spectrophotometry,F,BAO_0000019,assay format,,,,,,,,,CHEMBL3879801,NON-PROTEIN TARGET,,,CHEMBL1152524,1,,Bioorg Med Chem,2009,,,,,300.0,,300000.0,5.477,Baja
CHEMBL9509,SILIBININ,,482.44,,2.36,,COc1cc(C2Oc3cc([C@H]4Oc5cc(O)cc(O)c5C(=O)[C@@H]4O)ccc3OC2CO)ccc1O,EC50,=,196500.0,nM,,Outside typical range,,UO_0000065,,,,,,CHEMBL1064571,Antioxidant activity assessed as ferrous ion chelating activity after 30 mins by spectrophotometry,F,BAO_0000019,assay format,,,,,,,,,CHEMBL3879801,NON-PROTEIN TARGET,,,CHEMBL1152524,1,,Bioorg Med Chem,2009,,,,,196.5,,196500.0,5.293,Baja
CHEMBL50,QUERCETIN,,302.24,,1.99,,O=c1c(O)c(-c2ccc(O)c(O)c2)oc2cc(O)cc(O)c12,EC50,=,236100.0,nM,,Outside typical range,,UO_0000065,,,,,,CHEMBL1064571,Antioxidant activity assessed as ferrous ion chelating activity after 30 mins by spectrophotometry,F,BAO_0000019,assay format,,,,,,,,,CHEMBL3879801,NON-PROTEIN TARGET,,,CHEMBL1152524,1,,Bioorg Med Chem,2009,,,,,236.1,,236100.0,5.373,Baja
CHEMBL1749,EDETATE DISODIUM ANHYDROUS,,336.21,,,,O=C([O-])CN(CCN(CC(=O)[O-])CC(=O)O)CC(=O)O.[Na+].[Na+],EC50,=,16200.0,nM,4.79,,,UO_0000065,,,,,,CHEMBL1064571,Antioxidant activity assessed as ferrous ion chelating activity after 30 mins by spectrophotometry,F,BAO_0000019,assay format,,,,,,,,,CHEMBL3879801,NON-PROTEIN TARGET,,,CHEMBL1152524,1,,Bioorg Med Chem,2009,,,,,16.2,,16200.0,4.21,Alta
CHEMBL475398,,,186.21,,2.76,,Oc1ccc(-c2ccccc2)cc1O,EC50,=,190000.0,nM,,Outside typical range,,UO_0000065,,,,,,CHEMBL5354827,Antioxidant activity assessed as quercetin equivalent of Ferric ion TPTZ reducing activity incubated for 6 mins by FRAP assay,F,BAO_0000019,assay format,,,,,,,,,CHEMBL2362975,No relevant target,,,CHEMBL5352445,1,,Eur J Med Chem,2022,,,,,0.19,,190000.0,5.279,Baja
CHEMBL5418840,,,220.66,,3.42,,Oc1ccc(-c2ccc(Cl)cc2)cc1O,EC50,=,560000.0,nM,,Outside typical range,,UO_0000065,,,,,,CHEMBL5354827,Antioxidant activity assessed as quercetin equivalent of Ferric ion TPTZ reducing activity incubated for 6 mins by FRAP assay,F,BAO_0000019,assay format,,,,,,,,,CHEMBL2362975,No relevant target,,,CHEMBL5352445,1,,Eur J Med Chem,2022,,,,,0.56,,560000.0,5.748,Baja
CHEMBL5413658,,,220.66,,3.42,,Oc1ccc(-c2cccc(Cl)c2)cc1O,EC50,=,610000.0,nM,,Outside typical range,,UO_0000065,,,,,,CHEMBL5354827,Antioxidant activity assessed as quercetin equivalent of Ferric ion TPTZ reducing activity incubated for 6 mins by FRAP assay,F,BAO_0000019,assay format,,,,,,,,,CHEMBL2362975,No relevant target,,,CHEMBL5352445,1,,Eur J Med Chem,2022,,,,,0.61,,610000.0,5.785,Baja
CHEMBL5403030,,,202.21,,2.47,,Oc1ccc(-c2ccc(O)c(O)c2)cc1,EC50,=,650000.0,nM,,Outside typical range,,UO_0000065,,,,,,CHEMBL5354827,Antioxidant activity assessed as quercetin equivalent of Ferric ion TPTZ reducing activity incubated for 6 mins by FRAP assay,F,BAO_0000019,assay format,,,,,,,,,CHEMBL2362975,No relevant target,,,CHEMBL5352445,1,,Eur J Med Chem,2022,,,,,0.65,,650000.0,5.813,Baja
CHEMBL5441068,,,244.25,,2.54,,Oc1ccc(-c2ccc3c(c2)OCCO3)cc1O,EC50,=,70000.0,nM,4.16,,,UO_0000065,,,,,,CHEMBL5354827,Antioxidant activity assessed as quercetin equivalent of Ferric ion TPTZ reducing activity incubated for 6 mins by FRAP assay,F,BAO_0000019,assay format,,,,,,,,,CHEMBL2362975,No relevant target,,,CHEMBL5352445,1,,Eur J Med Chem,2022,,,,,0.07,,70000.0,4.845,Media
CHEMBL5425532,,,226.23,,3.51,,Oc1ccc(-c2cc3ccccc3o2)cc1O,EC50,=,460000.0,nM,,Outside typical range,,UO_0000065,,,,,,CHEMBL5354827,Antioxidant activity assessed as quercetin equivalent of Ferric ion TPTZ reducing activity incubated for 6 mins by FRAP assay,F,BAO_0000019,assay format,,,,,,,,,CHEMBL2362975,No relevant target,,,CHEMBL5352445,1,,Eur J Med Chem,2022,,,,,0.46,,460000.0,5.663,Baja
CHEMBL5398068,,,236.27,,3.92,,Oc1ccc(-c2ccc3ccccc3c2)cc1O,EC50,=,370000.0,nM,,Outside typical range,,UO_0000065,,,,,,CHEMBL5354827,Antioxidant activity assessed as quercetin equivalent of Ferric ion TPTZ reducing activity incubated for 6 mins by FRAP assay,F,BAO_0000019,assay format,,,,,,,,,CHEMBL2362975,No relevant target,,,CHEMBL5352445,1,,Eur J Med Chem,2022,,,,,0.37,,370000.0,5.568,Baja
CHEMBL5413117,,,280.32,,4.32,,CCOc1ccc2ccccc2c1-c1ccc(O)c(O)c1,EC50,=,970000.0,nM,,Outside typical range,,UO_0000065,,,,,,CHEMBL5354827,Antioxidant activity assessed as quercetin equivalent of Ferric ion TPTZ reducing activity incubated for 6 mins by FRAP assay,F,BAO_0000019,assay format,,,,,,,,,CHEMBL2362975,No relevant target,,,CHEMBL5352445,1,,Eur J Med Chem,2022,,,,,0.97,,970000.0,5.987,Baja
CHEMBL5395696,,,326.44,,4.83,,Oc1ccc(-c2cccc3c2SC2C=CC=CC2S3)cc1O,EC50,=,1390000.0,nM,,Outside typical range,,UO_0000065,,,,,,CHEMBL5354827,Antioxidant activity assessed as quercetin equivalent of Ferric ion TPTZ reducing activity incubated for 6 mins by FRAP assay,F,BAO_0000019,assay format,,,,,,,,,CHEMBL2362975,No relevant target,,,CHEMBL5352445,1,,Eur J Med Chem,2022,,,,,1.39,,1390000.0,6.143,Baja
CHEMBL5401317,,,286.33,,5.07,,Oc1ccc(-c2c3ccccc3cc3ccccc23)cc1O,EC50,=,890000.0,nM,,Outside typical range,,UO_0000065,,,,,,CHEMBL5354827,Antioxidant activity assessed as quercetin equivalent of Ferric ion TPTZ reducing activity incubated for 6 mins by FRAP assay,F,BAO_0000019,assay format,,,,,,,,,CHEMBL2362975,No relevant target,,,CHEMBL5352445,1,,Eur J Med Chem,2022,,,,,0.89,,890000.0,5.949,Baja
CHEMBL5421129,,,292.36,,5.13,,Oc1ccc(-c2cccc3c2sc2ccccc23)cc1O,EC50,=,1380000.0,nM,,Outside typical range,,UO_0000065,,,,,,CHEMBL5354827,Antioxidant activity assessed as quercetin equivalent of Ferric ion TPTZ reducing activity incubated for 6 mins by FRAP assay,F,BAO_0000019,assay format,,,,,,,,,CHEMBL2362975,No relevant target,,,CHEMBL5352445,1,,Eur J Med Chem,2022,,,,,1.38,,1380000.0,6.14,Baja
CHEMBL5427414,,,276.29,,4.66,,Oc1ccc(-c2cccc3c2oc2ccccc23)cc1O,EC50,=,3080000.0,nM,,Outside typical range,,UO_0000065,,,,,,CHEMBL5354827,Antioxidant activity assessed as quercetin equivalent of Ferric ion TPTZ reducing activity incubated for 6 mins by FRAP assay,F,BAO_0000019,assay format,,,,,,,,,CHEMBL2362975,No relevant target,,,CHEMBL5352445,1,,Eur J Med Chem,2022,,,,,3.08,,3080000.0,6.489,Baja
CHEMBL40625,,,354.25,,3.92,,Fc1cccc(CC/N=C(\S)Nc2ccc(Br)cn2)c1,EC50,=,100000.0,nM,4.0,,,UO_0000065,,,,,,CHEMBL845398,Antioxidant activity was evaluated by measuring the inhibition of oxidation of ABTS to ABTS+ by metmyoglobin in the presence of H2O2.,F,BAO_0000019,assay format,,,,,,,,,CHEMBL612558,ADMET,,,CHEMBL1132863,1,,Bioorg Med Chem Lett,2000,,,,,100.0,,100000.0,5.0,Media
CHEMBL240416,,,396.31,,3.39,,COc1ccc(OC)c(CCNC(=S)Nc2ccc(Br)cn2)c1,EC50,=,89000.0,nM,4.05,,,UO_0000065,,,,,,CHEMBL845398,Antioxidant activity was evaluated by measuring the inhibition of oxidation of ABTS to ABTS+ by metmyoglobin in the presence of H2O2.,F,BAO_0000019,assay format,,,,,,,,,CHEMBL612558,ADMET,,,CHEMBL1132863,1,,Bioorg Med Chem Lett,2000,,,,,89.0,,89000.0,4.949,Media
CHEMBL129,ZIDOVUDINE,,267.24,,-0.2,,Cc1cn([C@H]2C[C@H](N=[N+]=[N-])[C@@H](CO)O2)c(=O)[nH]c1=O,EC50,>,1000000.0,nM,,Outside typical range,,UO_0000065,,,,,,CHEMBL845398,Antioxidant activity was evaluated by measuring the inhibition of oxidation of ABTS to ABTS+ by metmyoglobin in the presence of H2O2.,F,BAO_0000019,assay format,,,,,,,,,CHEMBL612558,ADMET,,,CHEMBL1132863,1,,Bioorg Med Chem Lett,2000,,,,,1000.0,,1000000.0,6.0,Baja
CHEMBL170942,,,366.28,,3.79,,COc1cccc(CC/N=C(\S)Nc2ccc(Br)cn2)c1,EC50,=,90000.0,nM,4.05,,,UO_0000065,,,,,,CHEMBL845398,Antioxidant activity was evaluated by measuring the inhibition of oxidation of ABTS to ABTS+ by metmyoglobin in the presence of H2O2.,F,BAO_0000019,assay format,,,,,,,,,CHEMBL612558,ADMET,,,CHEMBL1132863,1,,Bioorg Med Chem Lett,2000,,,,,90.0,,90000.0,4.954,Media
CHEMBL170798,,,384.73,,4.87,,CS/C(=N\CCc1ccccc1Cl)Nc1ccc(Br)cn1,EC50,>,1000000.0,nM,,Outside typical range,,UO_0000065,,,,,,CHEMBL845398,Antioxidant activity was evaluated by measuring the inhibition of oxidation of ABTS to ABTS+ by metmyoglobin in the presence of H2O2.,F,BAO_0000019,assay format,,,,,,,,,CHEMBL612558,ADMET,,,CHEMBL1132863,1,,Bioorg Med Chem Lett,2000,,,,,1000.0,,1000000.0,6.0,Baja
CHEMBL287978,,,354.25,,3.92,,Fc1ccc(CC/N=C(\S)Nc2ccc(Br)cn2)cc1,EC50,=,89000.0,nM,4.05,,,UO_0000065,,,,,,CHEMBL845398,Antioxidant activity was evaluated by measuring the inhibition of oxidation of ABTS to ABTS+ by metmyoglobin in the presence of H2O2.,F,BAO_0000019,assay format,,,,,,,,,CHEMBL612558,ADMET,,,CHEMBL1132863,1,,Bioorg Med Chem Lett,2000,,,,,89.0,,89000.0,4.949,Media
CHEMBL40631,,,370.7,,4.03,,S=C(NCCc1ccccc1Cl)Nc1ccc(Br)cn1,EC50,=,75000.0,nM,4.12,,,UO_0000065,,,,,,CHEMBL845398,Antioxidant activity was evaluated by measuring the inhibition of oxidation of ABTS to ABTS+ by metmyoglobin in the presence of H2O2.,F,BAO_0000019,assay format,,,,,,,,,CHEMBL612558,ADMET,,,CHEMBL1132863,1,,Bioorg Med Chem Lett,2000,,,,,75.0,,75000.0,4.875,Media
CHEMBL171716,,,444.37,,5.93,,Fc1ccccc1CC/N=C(/Nc1ccc(Br)cn1)SCc1ccccc1,EC50,>,1000000.0,nM,,Outside typical range,,UO_0000065,,,,,,CHEMBL845398,Antioxidant activity was evaluated by measuring the inhibition of oxidation of ABTS to ABTS+ by metmyoglobin in the presence of H2O2.,F,BAO_0000019,assay format,,,,,,,,,CHEMBL612558,ADMET,,,CHEMBL1132863,1,,Bioorg Med Chem Lett,2000,,,,,1000.0,,1000000.0,6.0,Baja
CHEMBL317356,,,336.26,,3.37,,S=C(NCCc1ccccc1)Nc1ccc(Br)cn1,EC50,=,98000.0,nM,4.01,,,UO_0000065,,,,,,CHEMBL845398,Antioxidant activity was evaluated by measuring the inhibition of oxidation of ABTS to ABTS+ by metmyoglobin in the presence of H2O2.,F,BAO_0000019,assay format,,,,,,,,,CHEMBL612558,ADMET,,,CHEMBL1132863,1,,Bioorg Med Chem Lett,2000,,,,,98.0,,98000.0,4.991,Media
CHEMBL7983,PROPYL GALLATE,,212.2,,1.37,,CCCOC(=O)c1cc(O)c(O)c(O)c1,EC50,=,84000.0,nM,4.08,,,UO_0000065,,,,,,CHEMBL845398,Antioxidant activity was evaluated by measuring the inhibition of oxidation of ABTS to ABTS+ by metmyoglobin in the presence of H2O2.,F,BAO_0000019,assay format,,,,,,,,,CHEMBL612558,ADMET,,,CHEMBL1132863,1,,Bioorg Med Chem Lett,2000,,,,,84.0,,84000.0,4.924,Media
CHEMBL171455,,,486.44,,5.81,,COc1ccc(OC)c(CC/N=C(/Nc2ccc(Br)cn2)SCc2ccccc2)c1,EC50,>,1000000.0,nM,,Outside typical range,,UO_0000065,,,,,,CHEMBL845398,Antioxidant activity was evaluated by measuring the inhibition of oxidation of ABTS to ABTS+ by metmyoglobin in the presence of H2O2.,F,BAO_0000019,assay format,,,,,,,,,CHEMBL612558,ADMET,,,CHEMBL1132863,1,,Bioorg Med Chem Lett,2000,,,,,1000.0,,1000000.0,6.0,Baja
CHEMBL170861,,,460.83,,6.44,,Clc1ccccc1CC/N=C(/Nc1ccc(Br)cn1)SCc1ccccc1,EC50,>,1000000.0,nM,,Outside typical range,,UO_0000065,,,,,,CHEMBL845398,Antioxidant activity was evaluated by measuring the inhibition of oxidation of ABTS to ABTS+ by metmyoglobin in the presence of H2O2.,F,BAO_0000019,assay format,,,,,,,,,CHEMBL612558,ADMET,,,CHEMBL1132863,1,,Bioorg Med Chem Lett,2000,,,,,1000.0,,1000000.0,6.0,Baja
CHEMBL355333,,,366.28,,3.79,,COc1ccccc1CC/N=C(\S)Nc1ccc(Br)cn1,EC50,=,79000.0,nM,4.1,,,UO_0000065,,,,,,CHEMBL845398,Antioxidant activity was evaluated by measuring the inhibition of oxidation of ABTS to ABTS+ by metmyoglobin in the presence of H2O2.,F,BAO_0000019,assay format,,,,,,,,,CHEMBL612558,ADMET,,,CHEMBL1132863,1,,Bioorg Med Chem Lett,2000,,,,,79.0,,79000.0,4.898,Media
CHEMBL170810,,,366.28,,3.79,,COc1ccc(CC/N=C(\S)Nc2ccc(Br)cn2)cc1,EC50,=,176000.0,nM,,Outside typical range,,UO_0000065,,,,,,CHEMBL845398,Antioxidant activity was evaluated by measuring the inhibition of oxidation of ABTS to ABTS+ by metmyoglobin in the presence of H2O2.,F,BAO_0000019,assay format,,,,,,,,,CHEMBL612558,ADMET,,,CHEMBL1132863,1,,Bioorg Med Chem Lett,2000,,,,,176.0,,176000.0,5.246,Baja
CHEMBL295585,,,354.25,,3.92,,Fc1ccccc1CC/N=C(\S)Nc1ccc(Br)cn1,EC50,=,109000.0,nM,,Outside typical range,,UO_0000065,,,,,,CHEMBL845398,Antioxidant activity was evaluated by measuring the inhibition of oxidation of ABTS to ABTS+ by metmyoglobin in the presence of H2O2.,F,BAO_0000019,assay format,,,,,,,,,CHEMBL612558,ADMET,,,CHEMBL1132863,1,,Bioorg Med Chem Lett,2000,,,,,109.0,,109000.0,5.037,Media
CHEMBL519622,CYATHUSCAVIN A,,346.29,,2.35,,C/C=C/c1cc2c(c(=O)o1)-c1c(O)c(O)c(OC)c(C(=O)O)c1CO2,EC50,=,14850.0,nM,4.83,,,UO_0000065,,,,,,CHEMBL946240,Antioxidant activity assessed as ABTS radical scavenging activity after 12 hrs,F,BAO_0000019,assay format,,,,,,,,,CHEMBL3879801,NON-PROTEIN TARGET,,,CHEMBL1155035,1,,Bioorg Med Chem Lett,2008,,,,,14.85,,14850.0,4.172,Alta
CHEMBL153,TROLOX,,250.29,,2.49,,Cc1c(C)c2c(c(C)c1O)CCC(C)(C(=O)O)O2,EC50,=,11780.0,nM,4.93,,,UO_0000065,,,,,,CHEMBL946240,Antioxidant activity assessed as ABTS radical scavenging activity after 12 hrs,F,BAO_0000019,assay format,,,,,,,,,CHEMBL3879801,NON-PROTEIN TARGET,,,CHEMBL1155035,1,,Bioorg Med Chem Lett,2008,,,,,11.78,,11780.0,4.071,Alta
CHEMBL448818,,,152.15,,1.38,,C/C=C/c1cc(O)cc(=O)o1,EC50,>,50000.0,nM,,,,UO_0000065,,,,,,CHEMBL946240,Antioxidant activity assessed as ABTS radical scavenging activity after 12 hrs,F,BAO_0000019,assay format,,,,,,,,,CHEMBL3879801,NON-PROTEIN TARGET,,,CHEMBL1155035,1,,Bioorg Med Chem Lett,2008,,,,,50.0,,50000.0,4.699,Media
CHEMBL482275,CYATHUSCAVIN C,,362.29,,1.84,,C/C=C/c1cc2c(c(=O)o1)-c1c(O)c(O)c(OC)c(C(=O)O)c1C(O)O2,EC50,=,7080.0,nM,5.15,,,UO_0000065,,,,,,CHEMBL946240,Antioxidant activity assessed as ABTS radical scavenging activity after 12 hrs,F,BAO_0000019,assay format,,,,,,,,,CHEMBL3879801,NON-PROTEIN TARGET,,,CHEMBL1155035,1,,Bioorg Med Chem Lett,2008,,,,,7.08,,7080.0,3.85,Alta
CHEMBL481769,CYATHUSCAVIN B,,376.32,,2.5,,C/C=C/c1cc2c(c(=O)o1)-c1c(O)c(O)c(OC)c(C(=O)O)c1C(OC)O2,EC50,=,9840.0,nM,5.01,,,UO_0000065,,,,,,CHEMBL946240,Antioxidant activity assessed as ABTS radical scavenging activity after 12 hrs,F,BAO_0000019,assay format,,,,,,,,,CHEMBL3879801,NON-PROTEIN TARGET,,,CHEMBL1155035,1,,Bioorg Med Chem Lett,2008,,,,,9.84,,9840.0,3.993,Alta
CHEMBL519622,CYATHUSCAVIN A,,346.29,,2.35,,C/C=C/c1cc2c(c(=O)o1)-c1c(O)c(O)c(OC)c(C(=O)O)c1CO2,EC50,=,21900.0,nM,4.66,,,UO_0000065,,,,,,CHEMBL946241,Antioxidant activity assessed as superoxide radical anion scavenging activity after 8 mins,F,BAO_0000019,assay format,,,,,,,,,CHEMBL3879801,NON-PROTEIN TARGET,,,CHEMBL1155035,1,,Bioorg Med Chem Lett,2008,,,,,21.9,,21900.0,4.34,Alta
CHEMBL481769,CYATHUSCAVIN B,,376.32,,2.5,,C/C=C/c1cc2c(c(=O)o1)-c1c(O)c(O)c(OC)c(C(=O)O)c1C(OC)O2,EC50,=,25120.0,nM,4.6,,,UO_0000065,,,,,,CHEMBL946241,Antioxidant activity assessed as superoxide radical anion scavenging activity after 8 mins,F,BAO_0000019,assay format,,,,,,,,,CHEMBL3879801,NON-PROTEIN TARGET,,,CHEMBL1155035,1,,Bioorg Med Chem Lett,2008,,,,,25.12,,25120.0,4.4,Media
CHEMBL468317,,,360.32,,1.82,,COc1cc2c(c(OC)c1O)C(=O)[C@H](O)[C@H](c1ccc3c(c1)OCO3)O2,EC50,=,93600.0,nM,4.03,,,UO_0000065,,,,,,CHEMBL1011393,Antioxidant activity assessed as superoxide radical scavenging activity by spectrophotometry,F,BAO_0000019,assay format,,,,,,,,,CHEMBL3879801,NON-PROTEIN TARGET,,,CHEMBL1139238,1,,Bioorg Med Chem,2009,,,,,93.6,,93600.0,4.971,Media
CHEMBL468318,,,376.36,,2.1,,COc1ccc([C@@H]2Oc3cc(OC)c(O)c(OC)c3C(=O)[C@@H]2O)cc1OC,EC50,=,50000.0,nM,4.3,,,UO_0000065,,,,,,CHEMBL1011393,Antioxidant activity assessed as superoxide radical scavenging activity by spectrophotometry,F,BAO_0000019,assay format,,,,,,,,,CHEMBL3879801,NON-PROTEIN TARGET,,,CHEMBL1139238,1,,Bioorg Med Chem,2009,,,,,50.0,,50000.0,4.699,Media
CHEMBL511418,,,362.33,,1.8,,COc1cc([C@@H]2Oc3cc(OC)c(O)c(OC)c3C(=O)[C@@H]2O)ccc1O,EC50,=,97200.0,nM,4.01,,,UO_0000065,,,,,,CHEMBL1011393,Antioxidant activity assessed as superoxide radical scavenging activity by spectrophotometry,F,BAO_0000019,assay format,,,,,,,,,CHEMBL3879801,NON-PROTEIN TARGET,,,CHEMBL1139238,1,,Bioorg Med Chem,2009,,,,,97.2,,97200.0,4.988,Media
CHEMBL480467,,,374.35,,2.12,,COc1cc2c(c(OC)c1OC)C(=O)[C@H](O)[C@H](c1ccc3c(c1)OCO3)O2,EC50,=,80300.0,nM,4.09,,,UO_0000065,,,,,,CHEMBL1011393,Antioxidant activity assessed as superoxide radical scavenging activity by spectrophotometry,F,BAO_0000019,assay format,,,,,,,,,CHEMBL3879801,NON-PROTEIN TARGET,,,CHEMBL1139238,1,,Bioorg Med Chem,2009,,,,,80.3,,80300.0,4.905,Media
CHEMBL519632,,,376.36,,2.1,,COc1cc([C@H]2Oc3cc(OC)c(OC)c(OC)c3C(=O)[C@@H]2O)ccc1O,EC50,=,97100.0,nM,4.01,,,UO_0000065,,,,,,CHEMBL1011393,Antioxidant activity assessed as superoxide radical scavenging activity by spectrophotometry,F,BAO_0000019,assay format,,,,,,,,,CHEMBL3879801,NON-PROTEIN TARGET,,,CHEMBL1139238,1,,Bioorg Med Chem,2009,,,,,97.1,,97100.0,4.987,Media
CHEMBL482235,,,376.36,,2.1,,COc1ccc([C@H]2Oc3cc(OC)c(OC)c(OC)c3C(=O)[C@@H]2O)cc1O,EC50,=,112200.0,nM,,Outside typical range,,UO_0000065,,,,,,CHEMBL1011393,Antioxidant activity assessed as superoxide radical scavenging activity by spectrophotometry,F,BAO_0000019,assay format,,,,,,,,,CHEMBL3879801,NON-PROTEIN TARGET,,,CHEMBL1139238,1,,Bioorg Med Chem,2009,,,,,112.2,,112200.0,5.05,Media
CHEMBL467247,,,362.33,,1.8,,COc1cc2c(c(OC)c1OC)C(=O)[C@H](O)[C@@H](c1ccc(O)c(O)c1)O2,EC50,=,100300.0,nM,,Outside typical range,,UO_0000065,,,,,,CHEMBL1011393,Antioxidant activity assessed as superoxide radical scavenging activity by spectrophotometry,F,BAO_0000019,assay format,,,,,,,,,CHEMBL3879801,NON-PROTEIN TARGET,,,CHEMBL1139238,1,,Bioorg Med Chem,2009,,,,,100.3,,100300.0,5.001,Media
CHEMBL467037,,,346.34,,2.1,,COc1cc2c(c(OC)c1OC)C(=O)[C@H](O)[C@H](c1ccccc1O)O2,EC50,=,164500.0,nM,,Outside typical range,,UO_0000065,,,,,,CHEMBL1011393,Antioxidant activity assessed as superoxide radical scavenging activity by spectrophotometry,F,BAO_0000019,assay format,,,,,,,,,CHEMBL3879801,NON-PROTEIN TARGET,,,CHEMBL1139238,1,,Bioorg Med Chem,2009,,,,,164.5,,164500.0,5.216,Media
CHEMBL467038,,,406.39,,2.11,,COc1cc([C@@H]2Oc3cc(OC)c(OC)c(OC)c3C(=O)[C@@H]2O)cc(OC)c1O,EC50,=,55500.0,nM,4.26,,,UO_0000065,,,,,,CHEMBL1011393,Antioxidant activity assessed as superoxide radical scavenging activity by spectrophotometry,F,BAO_0000019,assay format,,,,,,,,,CHEMBL3879801,NON-PROTEIN TARGET,,,CHEMBL1139238,1,,Bioorg Med Chem,2009,,,,,55.5,,55500.0,4.744,Media
CHEMBL196,ASCORBIC ACID,,176.12,,-1.41,,O=C1O[C@H]([C@@H](O)CO)C(O)=C1O,EC50,=,255600.0,nM,,Outside typical range,,UO_0000065,,,,,,CHEMBL1011393,Antioxidant activity assessed as superoxide radical scavenging activity by spectrophotometry,F,BAO_0000019,assay format,,,,,,,,,CHEMBL3879801,NON-PROTEIN TARGET,,,CHEMBL1139238,1,,Bioorg Med Chem,2009,,,,,255.6,,255600.0,5.408,Baja
CHEMBL50,QUERCETIN,,302.24,,1.99,,O=c1c(O)c(-c2ccc(O)c(O)c2)oc2cc(O)cc(O)c12,EC50,=,40600.0,nM,4.39,,,UO_0000065,,,,,,CHEMBL1011393,Antioxidant activity assessed as superoxide radical scavenging activity by spectrophotometry,F,BAO_0000019,assay format,,,,,,,,,CHEMBL3879801,NON-PROTEIN TARGET,,,CHEMBL1139238,1,,Bioorg Med Chem,2009,,,,,40.6,,40600.0,4.609,Media
CHEMBL506959,,,332.31,,1.79,,COc1cc2c(c(OC)c1O)C(=O)[C@H](O)[C@@H](c1ccc(O)cc1)O2,EC50,=,35300.0,nM,4.45,,,UO_0000065,,,,,,CHEMBL1011394,Antioxidant activity assessed as DPPH free radical scavenging activity by spectrophotometry,F,BAO_0000019,assay format,,,,,,,,,CHEMBL613712,Radical scavenging activity,,,CHEMBL1139238,1,,Bioorg Med Chem,2009,,,,,35.3,,35300.0,4.548,Media
CHEMBL468316,,,346.34,,2.1,,COc1ccc([C@H]2Oc3cc(OC)c(O)c(OC)c3C(=O)[C@@H]2O)cc1,EC50,=,94900.0,nM,4.02,,,UO_0000065,,,,,,CHEMBL1011394,Antioxidant activity assessed as DPPH free radical scavenging activity by spectrophotometry,F,BAO_0000019,assay format,,,,,,,,,CHEMBL613712,Radical scavenging activity,,,CHEMBL1139238,1,,Bioorg Med Chem,2009,,,,,94.9,,94900.0,4.977,Media
CHEMBL468317,,,360.32,,1.82,,COc1cc2c(c(OC)c1O)C(=O)[C@H](O)[C@H](c1ccc3c(c1)OCO3)O2,EC50,=,18400.0,nM,4.74,,,UO_0000065,,,,,,CHEMBL1011394,Antioxidant activity assessed as DPPH free radical scavenging activity by spectrophotometry,F,BAO_0000019,assay format,,,,,,,,,CHEMBL613712,Radical scavenging activity,,,CHEMBL1139238,1,,Bioorg Med Chem,2009,,,,,18.4,,18400.0,4.265,Alta
CHEMBL468318,,,376.36,,2.1,,COc1ccc([C@@H]2Oc3cc(OC)c(O)c(OC)c3C(=O)[C@@H]2O)cc1OC,EC50,=,35900.0,nM,4.45,,,UO_0000065,,,,,,CHEMBL1011394,Antioxidant activity assessed as DPPH free radical scavenging activity by spectrophotometry,F,BAO_0000019,assay format,,,,,,,,,CHEMBL613712,Radical scavenging activity,,,CHEMBL1139238,1,,Bioorg Med Chem,2009,,,,,35.9,,35900.0,4.555,Media
CHEMBL511418,,,362.33,,1.8,,COc1cc([C@@H]2Oc3cc(OC)c(O)c(OC)c3C(=O)[C@@H]2O)ccc1O,EC50,=,42800.0,nM,4.37,,,UO_0000065,,,,,,CHEMBL1011394,Antioxidant activity assessed as DPPH free radical scavenging activity by spectrophotometry,F,BAO_0000019,assay format,,,,,,,,,CHEMBL613712,Radical scavenging activity,,,CHEMBL1139238,1,,Bioorg Med Chem,2009,,,,,42.8,,42800.0,4.631,Media
CHEMBL519632,,,376.36,,2.1,,COc1cc([C@H]2Oc3cc(OC)c(OC)c(OC)c3C(=O)[C@@H]2O)ccc1O,EC50,=,27800.0,nM,4.56,,,UO_0000065,,,,,,CHEMBL1011394,Antioxidant activity assessed as DPPH free radical scavenging activity by spectrophotometry,F,BAO_0000019,assay format,,,,,,,,,CHEMBL613712,Radical scavenging activity,,,CHEMBL1139238,1,,Bioorg Med Chem,2009,,,,,27.8,,27800.0,4.444,Media
CHEMBL482235,,,376.36,,2.1,,COc1ccc([C@H]2Oc3cc(OC)c(OC)c(OC)c3C(=O)[C@@H]2O)cc1O,EC50,=,123800.0,nM,,Outside typical range,,UO_0000065,,,,,,CHEMBL1011394,Antioxidant activity assessed as DPPH free radical scavenging activity by spectrophotometry,F,BAO_0000019,assay format,,,,,,,,,CHEMBL613712,Radical scavenging activity,,,CHEMBL1139238,1,,Bioorg Med Chem,2009,,,,,123.8,,123800.0,5.093,Media
CHEMBL467247,,,362.33,,1.8,,COc1cc2c(c(OC)c1OC)C(=O)[C@H](O)[C@@H](c1ccc(O)c(O)c1)O2,EC50,=,7300.0,nM,5.14,,,UO_0000065,,,,,,CHEMBL1011394,Antioxidant activity assessed as DPPH free radical scavenging activity by spectrophotometry,F,BAO_0000019,assay format,,,,,,,,,CHEMBL613712,Radical scavenging activity,,,CHEMBL1139238,1,,Bioorg Med Chem,2009,,,,,7.3,,7300.0,3.863,Alta
CHEMBL467037,,,346.34,,2.1,,COc1cc2c(c(OC)c1OC)C(=O)[C@H](O)[C@H](c1ccccc1O)O2,EC50,=,82400.0,nM,4.08,,,UO_0000065,,,,,,CHEMBL1011394,Antioxidant activity assessed as DPPH free radical scavenging activity by spectrophotometry,F,BAO_0000019,assay format,,,,,,,,,CHEMBL613712,Radical scavenging activity,,,CHEMBL1139238,1,,Bioorg Med Chem,2009,,,,,82.4,,82400.0,4.916,Media
CHEMBL467038,,,406.39,,2.11,,COc1cc([C@@H]2Oc3cc(OC)c(OC)c(OC)c3C(=O)[C@@H]2O)cc(OC)c1O,EC50,=,54100.0,nM,4.27,,,UO_0000065,,,,,,CHEMBL1011394,Antioxidant activity assessed as DPPH free radical scavenging activity by spectrophotometry,F,BAO_0000019,assay format,,,,,,,,,CHEMBL613712,Radical scavenging activity,,,CHEMBL1139238,1,,Bioorg Med Chem,2009,,,,,54.1,,54100.0,4.733,Media
CHEMBL196,ASCORBIC ACID,,176.12,,-1.41,,O=C1O[C@H]([C@@H](O)CO)C(O)=C1O,EC50,=,154500.0,nM,,Outside typical range,,UO_0000065,,,,,,CHEMBL1011394,Antioxidant activity assessed as DPPH free radical scavenging activity by spectrophotometry,F,BAO_0000019,assay format,,,,,,,,,CHEMBL613712,Radical scavenging activity,,,CHEMBL1139238,1,,Bioorg Med Chem,2009,,,,,154.5,,154500.0,5.189,Media
CHEMBL50,QUERCETIN,,302.24,,1.99,,O=c1c(O)c(-c2ccc(O)c(O)c2)oc2cc(O)cc(O)c12,EC50,=,5500.0,nM,5.26,,,UO_0000065,,,,,,CHEMBL1011394,Antioxidant activity assessed as DPPH free radical scavenging activity by spectrophotometry,F,BAO_0000019,assay format,,,,,,,,,CHEMBL613712,Radical scavenging activity,,,CHEMBL1139238,1,,Bioorg Med Chem,2009,,,,,5.5,,5500.0,3.74,Alta
CHEMBL595082,,,676.63,,4.25,,COc1cc(C2Oc3cc([C@H]4Oc5cc(O)cc(O)c5C(=O)[C@@H]4O)ccc3OC2COC(=O)c2cc(OC)c(OC)c(OC)c2)ccc1O,EC50,=,145200.0,nM,,Outside typical range,,UO_0000065,,,,,,CHEMBL1064567,Antioxidant activity assessed as DPPH radical scavenging activity after 30 mins,F,BAO_0000019,assay format,,,,,,,,,CHEMBL613712,Radical scavenging activity,,,CHEMBL1152524,1,,Bioorg Med Chem,2009,,,,,145.2,,145200.0,5.162,Media
CHEMBL50,QUERCETIN,,302.24,,1.99,,O=c1c(O)c(-c2ccc(O)c(O)c2)oc2cc(O)cc(O)c12,EC50,=,5500.0,nM,5.26,,,UO_0000065,,,,,,CHEMBL1064567,Antioxidant activity assessed as DPPH radical scavenging activity after 30 mins,F,BAO_0000019,assay format,,,,,,,,,CHEMBL613712,Radical scavenging activity,,,CHEMBL1152524,1,,Bioorg Med Chem,2009,,,,,5.5,,5500.0,3.74,Alta
CHEMBL595084,,,646.56,,3.72,,COc1cc(C2Oc3cc([C@H]4Oc5cc(O)cc(O)c5C(=O)[C@@H]4O)ccc3OC2COC(=O)c2cc(N)cc([N+](=O)[O-])c2)ccc1O,EC50,=,127400.0,nM,,Outside typical range,,UO_0000065,,,,,,CHEMBL1064567,Antioxidant activity assessed as DPPH radical scavenging activity after 30 mins,F,BAO_0000019,assay format,,,,,,,,,CHEMBL613712,Radical scavenging activity,,,CHEMBL1152524,1,,Bioorg Med Chem,2009,,,,,127.4,,127400.0,5.105,Media
CHEMBL595083,,,596.54,,2.87,,CCOC(=O)CC(=O)OCC1Oc2ccc([C@H]3Oc4cc(O)cc(O)c4C(=O)[C@@H]3O)cc2OC1c1ccc(O)c(OC)c1,EC50,=,113400.0,nM,,Outside typical range,,UO_0000065,,,,,,CHEMBL1064568,Antioxidant activity assessed as superoxide anion scavenging activity after 5 mins by NBT reduction assay,F,BAO_0000019,assay format,,,,,,,,,CHEMBL3879801,NON-PROTEIN TARGET,,,CHEMBL1152524,1,,Bioorg Med Chem,2009,,,,,113.4,,113400.0,5.055,Media
CHEMBL50,QUERCETIN,,302.24,,1.99,,O=c1c(O)c(-c2ccc(O)c(O)c2)oc2cc(O)cc(O)c12,EC50,=,31800.0,nM,4.5,,,UO_0000065,,,,,,CHEMBL1064568,Antioxidant activity assessed as superoxide anion scavenging activity after 5 mins by NBT reduction assay,F,BAO_0000019,assay format,,,,,,,,,CHEMBL3879801,NON-PROTEIN TARGET,,,CHEMBL1152524,1,,Bioorg Med Chem,2009,,,,,31.8,,31800.0,4.502,Media
CHEMBL595084,,,646.56,,3.72,,COc1cc(C2Oc3cc([C@H]4Oc5cc(O)cc(O)c5C(=O)[C@@H]4O)ccc3OC2COC(=O)c2cc(N)cc([N+](=O)[O-])c2)ccc1O,EC50,=,128800.0,nM,,Outside typical range,,UO_0000065,,,,,,CHEMBL1064568,Antioxidant activity assessed as superoxide anion scavenging activity after 5 mins by NBT reduction assay,F,BAO_0000019,assay format,,,,,,,,,CHEMBL3879801,NON-PROTEIN TARGET,,,CHEMBL1152524,1,,Bioorg Med Chem,2009,,,,,128.8,,128800.0,5.11,Media
CHEMBL1760546,N-CINNAMOYL SEROTONIN,,306.37,,3.25,,O=C(/C=C/c1ccccc1)NCCc1c[nH]c2ccc(O)cc12,EC50,=,22200.0,nM,4.65,,,UO_0000065,,,,,,CHEMBL1764346,Antioxidant activity assessed as DPPH radical scavenging activity by spectrophotometry,F,BAO_0000019,assay format,,,,,,,,,CHEMBL613712,Radical scavenging activity,,,CHEMBL1759984,1,,Bioorg Med Chem Lett,2011,,,,,22.2,,22200.0,4.346,Alta
CHEMBL1760547,N-P-COUMAROYL SEROTONIN,,322.36,,2.95,,O=C(/C=C/c1ccc(O)cc1)NCCc1c[nH]c2ccc(O)cc12,EC50,=,24700.0,nM,4.61,,,UO_0000065,,,,,,CHEMBL1764346,Antioxidant activity assessed as DPPH radical scavenging activity by spectrophotometry,F,BAO_0000019,assay format,,,,,,,,,CHEMBL613712,Radical scavenging activity,,,CHEMBL1759984,1,,Bioorg Med Chem Lett,2011,,,,,24.7,,24700.0,4.393,Media
CHEMBL1760548,N-P-METHOXY CINNAMOYL SEROTONIN,,336.39,,3.25,,COc1ccc(/C=C/C(=O)NCCc2c[nH]c3ccc(O)cc23)cc1,EC50,=,34200.0,nM,4.47,,,UO_0000065,,,,,,CHEMBL1764346,Antioxidant activity assessed as DPPH radical scavenging activity by spectrophotometry,F,BAO_0000019,assay format,,,,,,,,,CHEMBL613712,Radical scavenging activity,,,CHEMBL1759984,1,,Bioorg Med Chem Lett,2011,,,,,34.2,,34200.0,4.534,Media
CHEMBL559089,N-CAFFEOYLSEROTONIN,,338.36,,2.66,,O=C(/C=C/c1ccc(O)c(O)c1)NCCc1c[nH]c2ccc(O)cc12,EC50,=,19400.0,nM,4.71,,,UO_0000065,,,,,,CHEMBL1764346,Antioxidant activity assessed as DPPH radical scavenging activity by spectrophotometry,F,BAO_0000019,assay format,,,,,,,,,CHEMBL613712,Radical scavenging activity,,,CHEMBL1759984,1,,Bioorg Med Chem Lett,2011,,,,,19.4,,19400.0,4.288,Alta
CHEMBL564482,N-FERULOYL SEROTONIN,,352.39,,2.96,,COc1cc(/C=C/C(=O)NCCc2c[nH]c3ccc(O)cc23)ccc1O,EC50,=,22800.0,nM,4.64,,,UO_0000065,,,,,,CHEMBL1764346,Antioxidant activity assessed as DPPH radical scavenging activity by spectrophotometry,F,BAO_0000019,assay format,,,,,,,,,CHEMBL613712,Radical scavenging activity,,,CHEMBL1759984,1,,Bioorg Med Chem Lett,2011,,,,,22.8,,22800.0,4.358,Alta
CHEMBL1760549,N-ISOFERULOYL SEROTONIN,,352.39,,2.96,,COc1ccc(/C=C/C(=O)NCCc2c[nH]c3ccc(O)cc23)cc1O,EC50,=,35100.0,nM,4.46,,,UO_0000065,,,,,,CHEMBL1764346,Antioxidant activity assessed as DPPH radical scavenging activity by spectrophotometry,F,BAO_0000019,assay format,,,,,,,,,CHEMBL613712,Radical scavenging activity,,,CHEMBL1759984,1,,Bioorg Med Chem Lett,2011,,,,,35.1,,35100.0,4.545,Media
CHEMBL1760550,"N-3,4-DIMETHOXY CINNAMOYL SEROTONIN",,366.42,,3.26,,COc1ccc(/C=C/C(=O)NCCc2c[nH]c3ccc(O)cc23)cc1OC,EC50,=,28100.0,nM,4.55,,,UO_0000065,,,,,,CHEMBL1764346,Antioxidant activity assessed as DPPH radical scavenging activity by spectrophotometry,F,BAO_0000019,assay format,,,,,,,,,CHEMBL613712,Radical scavenging activity,,,CHEMBL1759984,1,,Bioorg Med Chem Lett,2011,,,,,28.1,,28100.0,4.449,Media
CHEMBL1760551,N-SINAPOYL SEROTONIN,,382.42,,2.97,,COc1cc(/C=C/C(=O)NCCc2c[nH]c3ccc(O)cc23)cc(OC)c1O,EC50,=,30700.0,nM,4.51,,,UO_0000065,,,,,,CHEMBL1764346,Antioxidant activity assessed as DPPH radical scavenging activity by spectrophotometry,F,BAO_0000019,assay format,,,,,,,,,CHEMBL613712,Radical scavenging activity,,,CHEMBL1759984,1,,Bioorg Med Chem Lett,2011,,,,,30.7,,30700.0,4.487,Media
CHEMBL1760552,BUFOBUTANOIC ACID,,276.29,,1.4,,O=C(O)CCC(=O)NCCc1c[nH]c2ccc(O)cc12,EC50,=,38300.0,nM,4.42,,,UO_0000065,,,,,,CHEMBL1764346,Antioxidant activity assessed as DPPH radical scavenging activity by spectrophotometry,F,BAO_0000019,assay format,,,,,,,,,CHEMBL613712,Radical scavenging activity,,,CHEMBL1759984,1,,Bioorg Med Chem Lett,2011,,,,,38.3,,38300.0,4.583,Media
CHEMBL39,SEROTONIN,,176.22,,1.37,,NCCc1c[nH]c2ccc(O)cc12,EC50,>,250000.0,nM,,Outside typical range,,UO_0000065,,,,,,CHEMBL1764346,Antioxidant activity assessed as DPPH radical scavenging activity by spectrophotometry,F,BAO_0000019,assay format,,,,,,,,,CHEMBL613712,Radical scavenging activity,,,CHEMBL1759984,1,,Bioorg Med Chem Lett,2011,,,,,250.0,,250000.0,5.398,Baja
CHEMBL27246,CINNAMIC ACID,,148.16,,1.78,,O=C(O)/C=C/c1ccccc1,EC50,>,250000.0,nM,,Outside typical range,,UO_0000065,,,,,,CHEMBL1764346,Antioxidant activity assessed as DPPH radical scavenging activity by spectrophotometry,F,BAO_0000019,assay format,,,,,,,,,CHEMBL613712,Radical scavenging activity,,,CHEMBL1759984,1,,Bioorg Med Chem Lett,2011,,,,,250.0,,250000.0,5.398,Baja
CHEMBL66879,COUMARIC ACID,,164.16,,1.49,,O=C(O)/C=C/c1ccc(O)cc1,EC50,>,250000.0,nM,,Outside typical range,,UO_0000065,,,,,,CHEMBL1764346,Antioxidant activity assessed as DPPH radical scavenging activity by spectrophotometry,F,BAO_0000019,assay format,,,,,,,,,CHEMBL613712,Radical scavenging activity,,,CHEMBL1759984,1,,Bioorg Med Chem Lett,2011,,,,,250.0,,250000.0,5.398,Baja
CHEMBL95770,4-METHOXYCINNAMIC ACID,,178.19,,1.79,,COc1ccc(/C=C/C(=O)O)cc1,EC50,>,250000.0,nM,,Outside typical range,,UO_0000065,,,,,,CHEMBL1764346,Antioxidant activity assessed as DPPH radical scavenging activity by spectrophotometry,F,BAO_0000019,assay format,,,,,,,,,CHEMBL613712,Radical scavenging activity,,,CHEMBL1759984,1,,Bioorg Med Chem Lett,2011,,,,,250.0,,250000.0,5.398,Baja
CHEMBL145,CAFFEIC ACID,,180.16,,1.2,,O=C(O)/C=C/c1ccc(O)c(O)c1,EC50,=,136500.0,nM,,Outside typical range,,UO_0000065,,,,,,CHEMBL1764346,Antioxidant activity assessed as DPPH radical scavenging activity by spectrophotometry,F,BAO_0000019,assay format,,,,,,,,,CHEMBL613712,Radical scavenging activity,,,CHEMBL1759984,1,,Bioorg Med Chem Lett,2011,,,,,136.5,,136500.0,5.135,Media
CHEMBL32749,FERULATE,,194.19,,1.5,,COc1cc(/C=C/C(=O)O)ccc1O,EC50,>,250000.0,nM,,Outside typical range,,UO_0000065,,,,,,CHEMBL1764346,Antioxidant activity assessed as DPPH radical scavenging activity by spectrophotometry,F,BAO_0000019,assay format,,,,,,,,,CHEMBL613712,Radical scavenging activity,,,CHEMBL1759984,1,,Bioorg Med Chem Lett,2011,,,,,250.0,,250000.0,5.398,Baja
CHEMBL233295,ISOFERULIC ACID,,194.19,,1.5,,COc1ccc(/C=C/C(=O)O)cc1O,EC50,>,250000.0,nM,,Outside typical range,,UO_0000065,,,,,,CHEMBL1764346,Antioxidant activity assessed as DPPH radical scavenging activity by spectrophotometry,F,BAO_0000019,assay format,,,,,,,,,CHEMBL613712,Radical scavenging activity,,,CHEMBL1759984,1,,Bioorg Med Chem Lett,2011,,,,,250.0,,250000.0,5.398,Baja
CHEMBL320295,"O,O'-DIMETHYLCAFFEIC ACID",,208.21,,1.8,,COc1ccc(/C=C/C(=O)O)cc1OC,EC50,>,250000.0,nM,,Outside typical range,,UO_0000065,,,,,,CHEMBL1764346,Antioxidant activity assessed as DPPH radical scavenging activity by spectrophotometry,F,BAO_0000019,assay format,,,,,,,,,CHEMBL613712,Radical scavenging activity,,,CHEMBL1759984,1,,Bioorg Med Chem Lett,2011,,,,,250.0,,250000.0,5.398,Baja
CHEMBL109341,SINAPINATE,,224.21,,1.51,,COc1cc(/C=C/C(=O)O)cc(OC)c1O,EC50,>,250000.0,nM,,Outside typical range,,UO_0000065,,,,,,CHEMBL1764346,Antioxidant activity assessed as DPPH radical scavenging activity by spectrophotometry,F,BAO_0000019,assay format,,,,,,,,,CHEMBL613712,Radical scavenging activity,,,CHEMBL1759984,1,,Bioorg Med Chem Lett,2011,,,,,250.0,,250000.0,5.398,Baja
CHEMBL146,BUTYLATED HYDROXYTOLUENE,,220.36,,4.3,,Cc1cc(C(C)(C)C)c(O)c(C(C)(C)C)c1,EC50,=,87500.0,nM,4.06,,,UO_0000065,,,,,,CHEMBL1764346,Antioxidant activity assessed as DPPH radical scavenging activity by spectrophotometry,F,BAO_0000019,assay format,,,,,,,,,CHEMBL613712,Radical scavenging activity,,,CHEMBL1759984,1,,Bioorg Med Chem Lett,2011,,,,,87.5,,87500.0,4.942,Media
CHEMBL301141,4-HYDROXYCOUMARINS,,162.14,,1.5,,O=c1cc(O)c2ccccc2o1,EC50,=,3800000.0,nM,,Outside typical range,,UO_0000065,,,,,,CHEMBL1919346,Antioxidant activity assessed as DPPH free radical scavenging activity after 10 mins by UV-Vis spectrophotometric analysis,F,BAO_0000019,assay format,,,,,,,,,CHEMBL613712,Radical scavenging activity,,,CHEMBL1914374,1,,Bioorg Med Chem,2011,,,,,3.8,,3800000.0,6.58,Baja
CHEMBL1917494,,,268.27,,3.17,,COc1ccccc1-c1c(O)c2ccccc2oc1=O,EC50,=,1920000.0,nM,,Outside typical range,,UO_0000065,,,,,,CHEMBL1919346,Antioxidant activity assessed as DPPH free radical scavenging activity after 10 mins by UV-Vis spectrophotometric analysis,F,BAO_0000019,assay format,,,,,,,,,CHEMBL613712,Radical scavenging activity,,,CHEMBL1914374,1,,Bioorg Med Chem,2011,,,,,1.92,,1920000.0,6.283,Baja
CHEMBL1917495,,,268.27,,3.17,,COc1ccc(-c2c(O)c3ccccc3oc2=O)cc1,EC50,=,540000.0,nM,,Outside typical range,,UO_0000065,,,,,,CHEMBL1919346,Antioxidant activity assessed as DPPH free radical scavenging activity after 10 mins by UV-Vis spectrophotometric analysis,F,BAO_0000019,assay format,,,,,,,,,CHEMBL613712,Radical scavenging activity,,,CHEMBL1914374,1,,Bioorg Med Chem,2011,,,,,0.54,,540000.0,5.732,Baja
CHEMBL1917496,,,272.69,,3.82,,O=c1oc2ccccc2c(O)c1-c1ccccc1Cl,EC50,=,4140000.0,nM,,Outside typical range,,UO_0000065,,,,,,CHEMBL1919346,Antioxidant activity assessed as DPPH free radical scavenging activity after 10 mins by UV-Vis spectrophotometric analysis,F,BAO_0000019,assay format,,,,,,,,,CHEMBL613712,Radical scavenging activity,,,CHEMBL1914374,1,,Bioorg Med Chem,2011,,,,,4.14,,4140000.0,6.617,Baja
CHEMBL1917497,,,272.69,,3.82,,O=c1oc2ccccc2c(O)c1-c1ccc(Cl)cc1,EC50,=,4150000.0,nM,,Outside typical range,,UO_0000065,,,,,,CHEMBL1919346,Antioxidant activity assessed as DPPH free radical scavenging activity after 10 mins by UV-Vis spectrophotometric analysis,F,BAO_0000019,assay format,,,,,,,,,CHEMBL613712,Radical scavenging activity,,,CHEMBL1914374,1,,Bioorg Med Chem,2011,,,,,4.15,,4150000.0,6.618,Baja
CHEMBL64744,,,238.24,,3.17,,O=c1oc2ccccc2c(O)c1-c1ccccc1,EC50,=,4190000.0,nM,,Outside typical range,,UO_0000065,,,,,,CHEMBL1919346,Antioxidant activity assessed as DPPH free radical scavenging activity after 10 mins by UV-Vis spectrophotometric analysis,F,BAO_0000019,assay format,,,,,,,,,CHEMBL613712,Radical scavenging activity,,,CHEMBL1914374,1,,Bioorg Med Chem,2011,,,,,4.19,,4190000.0,6.622,Baja
CHEMBL1917498,,,288.3,,4.32,,O=c1oc2ccccc2c(O)c1-c1cccc2ccccc12,EC50,=,6410000.0,nM,,Outside typical range,,UO_0000065,,,,,,CHEMBL1919346,Antioxidant activity assessed as DPPH free radical scavenging activity after 10 mins by UV-Vis spectrophotometric analysis,F,BAO_0000019,assay format,,,,,,,,,CHEMBL613712,Radical scavenging activity,,,CHEMBL1914374,1,,Bioorg Med Chem,2011,,,,,6.41,,6410000.0,6.807,Baja
CHEMBL12208,HYMECROMONE,,176.17,,1.81,,Cc1cc(=O)oc2cc(O)ccc12,EC50,=,8900000.0,nM,,Outside typical range,,UO_0000065,,,,,,CHEMBL1919346,Antioxidant activity assessed as DPPH free radical scavenging activity after 10 mins by UV-Vis spectrophotometric analysis,F,BAO_0000019,assay format,,,,,,,,,CHEMBL613712,Radical scavenging activity,,,CHEMBL1914374,1,,Bioorg Med Chem,2011,,,,,8.9,,8900000.0,6.949,Baja
CHEMBL196,ASCORBIC ACID,,176.12,,-1.41,,O=C1O[C@H]([C@@H](O)CO)C(O)=C1O,EC50,=,439560.0,nM,,Outside typical range,,UO_0000065,,,,,,CHEMBL2428814,Antioxidant activity assessed as DPPH radical scavenging activity incubated for 20 mins under dark condition by spectrophotometric analysis,F,BAO_0000019,assay format,,,,,,,,,CHEMBL613712,Radical scavenging activity,,,CHEMBL2424630,1,,Bioorg Med Chem Lett,2013,,,,,439.56,,439560.0,5.643,Baja
CHEMBL2391148,(+)-SECOISOLARICIRESINOLDIGLUCOSIDE,,686.7,,-2.23,,COc1cc(C[C@H](CO[C@@H]2O[C@H](CO)[C@@H](O)[C@H](O)[C@H]2O)[C@@H](CO[C@@H]2O[C@H](CO)[C@@H](O)[C@H](O)[C@H]2O)Cc2ccc(O)c(OC)c2)ccc1O,EC50,=,157540.0,nM,,Outside typical range,,UO_0000065,,,,,,CHEMBL2428814,Antioxidant activity assessed as DPPH radical scavenging activity incubated for 20 mins under dark condition by spectrophotometric analysis,F,BAO_0000019,assay format,,,,,,,,,CHEMBL613712,Radical scavenging activity,,,CHEMBL2424630,1,,Bioorg Med Chem Lett,2013,,,,,157.54,,157540.0,5.197,Media
CHEMBL47,ALPHA-TOCOPHEROL,,430.72,,8.84,,Cc1c(C)c2c(c(C)c1O)CC[C@@](C)(CCC[C@H](C)CCC[C@H](C)CCCC(C)C)O2,EC50,=,132810.0,nM,,Outside typical range,,UO_0000065,,,,,,CHEMBL2428814,Antioxidant activity assessed as DPPH radical scavenging activity incubated for 20 mins under dark condition by spectrophotometric analysis,F,BAO_0000019,assay format,,,,,,,,,CHEMBL613712,Radical scavenging activity,,,CHEMBL2424630,1,,Bioorg Med Chem Lett,2013,,,,,132.81,,132810.0,5.123,Media
CHEMBL2425486,,,686.7,,-2.23,,COc1cc(C[C@@H](CO[C@@H]2O[C@H](CO)[C@@H](O)[C@H](O)[C@H]2O)[C@H](CO[C@@H]2O[C@H](CO)[C@@H](O)[C@H](O)[C@H]2O)Cc2ccc(O)c(OC)c2)ccc1O,EC50,=,123630.0,nM,,Outside typical range,,UO_0000065,,,,,,CHEMBL2428814,Antioxidant activity assessed as DPPH radical scavenging activity incubated for 20 mins under dark condition by spectrophotometric analysis,F,BAO_0000019,assay format,,,,,,,,,CHEMBL613712,Radical scavenging activity,,,CHEMBL2424630,1,,Bioorg Med Chem Lett,2013,,,,,123.63,,123630.0,5.092,Media
CHEMBL2391148,(+)-SECOISOLARICIRESINOLDIGLUCOSIDE,,686.7,,-2.23,,COc1cc(C[C@H](CO[C@@H]2O[C@H](CO)[C@@H](O)[C@H](O)[C@H]2O)[C@@H](CO[C@@H]2O[C@H](CO)[C@@H](O)[C@H](O)[C@H]2O)Cc2ccc(O)c(OC)c2)ccc1O,EC50,=,83940.0,nM,4.08,,,UO_0000065,,,,,,CHEMBL2428814,Antioxidant activity assessed as DPPH radical scavenging activity incubated for 20 mins under dark condition by spectrophotometric analysis,F,BAO_0000019,assay format,,,,,,,,,CHEMBL613712,Radical scavenging activity,,,CHEMBL2424630,1,,Bioorg Med Chem Lett,2013,,,,,83.94,,83940.0,4.924,Media
CHEMBL196,ASCORBIC ACID,,176.12,,-1.41,,O=C1O[C@H]([C@@H](O)CO)C(O)=C1O,EC50,=,1129320.0,nM,,Outside typical range,,UO_0000065,,,,,,CHEMBL2428820,Antioxidant activity assessed as reduction of K3FeCN6 by spectrophotometric analysis in presence of FeCl3,F,BAO_0000019,assay format,,,,,,,,,CHEMBL3879801,NON-PROTEIN TARGET,,,CHEMBL2424630,1,,Bioorg Med Chem Lett,2013,,,,,1129.32,,1129320.0,6.053,Baja
CHEMBL47,ALPHA-TOCOPHEROL,,430.72,,8.84,,Cc1c(C)c2c(c(C)c1O)CC[C@@](C)(CCC[C@H](C)CCC[C@H](C)CCCC(C)C)O2,EC50,=,944620.0,nM,,Outside typical range,,UO_0000065,,,,,,CHEMBL2428820,Antioxidant activity assessed as reduction of K3FeCN6 by spectrophotometric analysis in presence of FeCl3,F,BAO_0000019,assay format,,,,,,,,,CHEMBL3879801,NON-PROTEIN TARGET,,,CHEMBL2424630,1,,Bioorg Med Chem Lett,2013,,,,,944.62,,944620.0,5.975,Baja
CHEMBL2391148,(+)-SECOISOLARICIRESINOLDIGLUCOSIDE,,686.7,,-2.23,,COc1cc(C[C@H](CO[C@@H]2O[C@H](CO)[C@@H](O)[C@H](O)[C@H]2O)[C@@H](CO[C@@H]2O[C@H](CO)[C@@H](O)[C@H](O)[C@H]2O)Cc2ccc(O)c(OC)c2)ccc1O,EC50,=,292170.0,nM,,Outside typical range,,UO_0000065,,,,,,CHEMBL2428820,Antioxidant activity assessed as reduction of K3FeCN6 by spectrophotometric analysis in presence of FeCl3,F,BAO_0000019,assay format,,,,,,,,,CHEMBL3879801,NON-PROTEIN TARGET,,,CHEMBL2424630,1,,Bioorg Med Chem Lett,2013,,,,,292.17,,292170.0,5.466,Baja
CHEMBL2425486,,,686.7,,-2.23,,COc1cc(C[C@@H](CO[C@@H]2O[C@H](CO)[C@@H](O)[C@H](O)[C@H]2O)[C@H](CO[C@@H]2O[C@H](CO)[C@@H](O)[C@H](O)[C@H]2O)Cc2ccc(O)c(OC)c2)ccc1O,EC50,=,331940.0,nM,,Outside typical range,,UO_0000065,,,,,,CHEMBL2428820,Antioxidant activity assessed as reduction of K3FeCN6 by spectrophotometric analysis in presence of FeCl3,F,BAO_0000019,assay format,,,,,,,,,CHEMBL3879801,NON-PROTEIN TARGET,,,CHEMBL2424630,1,,Bioorg Med Chem Lett,2013,,,,,331.94,,331940.0,5.521,Baja
CHEMBL2391148,(+)-SECOISOLARICIRESINOLDIGLUCOSIDE,,686.7,,-2.23,,COc1cc(C[C@H](CO[C@@H]2O[C@H](CO)[C@@H](O)[C@H](O)[C@H]2O)[C@@H](CO[C@@H]2O[C@H](CO)[C@@H](O)[C@H](O)[C@H]2O)Cc2ccc(O)c(OC)c2)ccc1O,EC50,=,275240.0,nM,,Outside typical range,,UO_0000065,,,,,,CHEMBL2428820,Antioxidant activity assessed as reduction of K3FeCN6 by spectrophotometric analysis in presence of FeCl3,F,BAO_0000019,assay format,,,,,,,,,CHEMBL3879801,NON-PROTEIN TARGET,,,CHEMBL2424630,1,,Bioorg Med Chem Lett,2013,,,,,275.24,,275240.0,5.44,Baja
CHEMBL3590165,,,529.81,,6.29,,COc1cc(/C=N/NC(=O)c2nn(-c3ccc(Cl)cc3Cl)c(-c3ccc(Cl)cc3)c2C)ccc1O,EC50,=,3550000.0,nM,,Outside typical range,,UO_0000065,,,,,,CHEMBL3591247,Antioxidant activity assessed as DPPH radical scavenging activity,P,BAO_0000100,small-molecule physicochemical format,,,,,,,,,CHEMBL2362975,No relevant target,,,CHEMBL3588847,1,,Eur J Med Chem,2015,,,,,3.55,,3550000.0,6.55,Baja
CHEMBL3590166,,,495.37,,5.63,,COc1cc(/C=N/NC(=O)c2nn(-c3ccc(Cl)cc3Cl)c(-c3ccccc3)c2C)ccc1O,EC50,=,2990000.0,nM,,Outside typical range,,UO_0000065,,,,,,CHEMBL3591247,Antioxidant activity assessed as DPPH radical scavenging activity,P,BAO_0000100,small-molecule physicochemical format,,,,,,,,,CHEMBL2362975,No relevant target,,,CHEMBL3588847,1,,Eur J Med Chem,2015,,,,,2.99,,2990000.0,6.476,Baja
CHEMBL3590167,,,426.48,,4.33,,COc1cc(/C=N/NC(=O)c2nn(-c3ccccc3)c(-c3ccccc3)c2C)ccc1O,EC50,=,2460000.0,nM,,Outside typical range,,UO_0000065,,,,,,CHEMBL3591247,Antioxidant activity assessed as DPPH radical scavenging activity,P,BAO_0000100,small-molecule physicochemical format,,,,,,,,,CHEMBL2362975,No relevant target,,,CHEMBL3588847,1,,Eur J Med Chem,2015,,,,,2.46,,2460000.0,6.391,Baja
CHEMBL3590168,,,529.81,,6.29,,COc1cc(/C=N/NC(=O)c2nn(-c3ccc(Cl)c(Cl)c3)c(-c3ccc(Cl)cc3)c2C)ccc1O,EC50,=,2600000.0,nM,,Outside typical range,,UO_0000065,,,,,,CHEMBL3591247,Antioxidant activity assessed as DPPH radical scavenging activity,P,BAO_0000100,small-molecule physicochemical format,,,,,,,,,CHEMBL2362975,No relevant target,,,CHEMBL3588847,1,,Eur J Med Chem,2015,,,,,2.6,,2600000.0,6.415,Baja
CHEMBL3590169,,,513.36,,5.77,,COc1cc(/C=N/NC(=O)c2nn(-c3ccc(F)c(Cl)c3)c(-c3ccc(Cl)cc3)c2C)ccc1O,EC50,=,3560000.0,nM,,Outside typical range,,UO_0000065,,,,,,CHEMBL3591247,Antioxidant activity assessed as DPPH radical scavenging activity,P,BAO_0000100,small-molecule physicochemical format,,,,,,,,,CHEMBL2362975,No relevant target,,,CHEMBL3588847,1,,Eur J Med Chem,2015,,,,,3.56,,3560000.0,6.551,Baja
CHEMBL3589392,,,546.41,,6.18,,COc1cc(/C=N/NC(=O)c2nn(-c3ccnc4cc(Cl)ccc34)c(-c3ccc(Cl)cc3)c2C)ccc1O,EC50,=,4590000.0,nM,,Outside typical range,,UO_0000065,,,,,,CHEMBL3591247,Antioxidant activity assessed as DPPH radical scavenging activity,P,BAO_0000100,small-molecule physicochemical format,,,,,,,,,CHEMBL2362975,No relevant target,,,CHEMBL3588847,1,,Eur J Med Chem,2015,,,,,4.59,,4590000.0,6.662,Baja
CHEMBL3589393,,,528.92,,6.0,,COc1cc(/C=N/NC(=O)c2nn(-c3ccc(C(F)(F)F)cc3)c(-c3ccc(Cl)cc3)c2C)ccc1O,EC50,=,2340000.0,nM,,Outside typical range,,UO_0000065,,,,,,CHEMBL3591247,Antioxidant activity assessed as DPPH radical scavenging activity,P,BAO_0000100,small-molecule physicochemical format,,,,,,,,,CHEMBL2362975,No relevant target,,,CHEMBL3588847,1,,Eur J Med Chem,2015,,,,,2.34,,2340000.0,6.369,Baja
CHEMBL3589394,,,480.45,,4.74,,COc1cc(/C=N/NC(=O)c2nn(-c3ccc(F)cc3F)c(-c3ccc(F)cc3)c2C)ccc1O,EC50,=,3540000.0,nM,,Outside typical range,,UO_0000065,,,,,,CHEMBL3591247,Antioxidant activity assessed as DPPH radical scavenging activity,P,BAO_0000100,small-molecule physicochemical format,,,,,,,,,CHEMBL2362975,No relevant target,,,CHEMBL3588847,1,,Eur J Med Chem,2015,,,,,3.54,,3540000.0,6.549,Baja
CHEMBL3589395,,,496.9,,5.26,,COc1cc(/C=N/NC(=O)c2nn(-c3ccc(F)c(Cl)c3)c(-c3ccc(F)cc3)c2C)ccc1O,EC50,=,6920000.0,nM,,Outside typical range,,UO_0000065,,,,,,CHEMBL3591247,Antioxidant activity assessed as DPPH radical scavenging activity,P,BAO_0000100,small-molecule physicochemical format,,,,,,,,,CHEMBL2362975,No relevant target,,,CHEMBL3588847,1,,Eur J Med Chem,2015,,,,,6.92,,6920000.0,6.84,Baja
CHEMBL3589396,,,529.96,,5.67,,COc1cc(/C=N/NC(=O)c2nn(-c3ccnc4cc(Cl)ccc34)c(-c3ccc(F)cc3)c2C)ccc1O,EC50,=,6450000.0,nM,,Outside typical range,,UO_0000065,,,,,,CHEMBL3591247,Antioxidant activity assessed as DPPH radical scavenging activity,P,BAO_0000100,small-molecule physicochemical format,,,,,,,,,CHEMBL2362975,No relevant target,,,CHEMBL3588847,1,,Eur J Med Chem,2015,,,,,6.45,,6450000.0,6.81,Baja
CHEMBL3589397,,,573.37,,6.11,,COc1cc(/C=N/NC(=O)c2nn(-c3ccc(C(F)(F)F)cc3)c(-c3ccc(Br)cc3)c2C)ccc1O,EC50,=,2910000.0,nM,,Outside typical range,,UO_0000065,,,,,,CHEMBL3591247,Antioxidant activity assessed as DPPH radical scavenging activity,P,BAO_0000100,small-molecule physicochemical format,,,,,,,,,CHEMBL2362975,No relevant target,,,CHEMBL3588847,1,,Eur J Med Chem,2015,,,,,2.91,,2910000.0,6.464,Baja
CHEMBL3589398,,,563.36,,6.65,,COc1cc(/C=N/NC(=O)c2nn(-c3ccc(Cl)cc3Cl)c(-c3ccc(C(F)(F)F)cc3)c2C)ccc1O,EC50,=,4240000.0,nM,,Outside typical range,,UO_0000065,,,,,,CHEMBL3591247,Antioxidant activity assessed as DPPH radical scavenging activity,P,BAO_0000100,small-molecule physicochemical format,,,,,,,,,CHEMBL2362975,No relevant target,,,CHEMBL3588847,1,,Eur J Med Chem,2015,,,,,4.24,,4240000.0,6.627,Baja
CHEMBL3589399,,,530.45,,5.62,,COc1cc(/C=N/NC(=O)c2nn(-c3ccc(F)cc3F)c(-c3ccc(C(F)(F)F)cc3)c2C)ccc1O,EC50,=,2900000.0,nM,,Outside typical range,,UO_0000065,,,,,,CHEMBL3591247,Antioxidant activity assessed as DPPH radical scavenging activity,P,BAO_0000100,small-molecule physicochemical format,,,,,,,,,CHEMBL2362975,No relevant target,,,CHEMBL3588847,1,,Eur J Med Chem,2015,,,,,2.9,,2900000.0,6.462,Baja
CHEMBL120568,VANILLIC ACID,,168.15,,1.1,,COc1cc(C(=O)O)ccc1O,EC50,=,65830000.0,nM,,Outside typical range,,UO_0000065,,,,,,CHEMBL3591247,Antioxidant activity assessed as DPPH radical scavenging activity,P,BAO_0000100,small-molecule physicochemical format,,,,,,,,,CHEMBL2362975,No relevant target,,,CHEMBL3588847,1,,Eur J Med Chem,2015,,,,,65.83,,65830000.0,7.818,Baja
CHEMBL196,ASCORBIC ACID,,176.12,,-1.41,,O=C1O[C@H]([C@@H](O)CO)C(O)=C1O,EC50,=,2070000.0,nM,,Outside typical range,,UO_0000065,,,,,,CHEMBL3591247,Antioxidant activity assessed as DPPH radical scavenging activity,P,BAO_0000100,small-molecule physicochemical format,,,,,,,,,CHEMBL2362975,No relevant target,,,CHEMBL3588847,1,,Eur J Med Chem,2015,,,,,2.07,,2070000.0,6.316,Baja
CHEMBL145,CAFFEIC ACID,,180.16,,1.2,,O=C(O)/C=C/c1ccc(O)c(O)c1,EC50,=,47.8,nM,7.32,,,UO_0000065,,,,,,CHEMBL4271046,Antioxidant activity assessed as DPPH free radical scavenging activity,F,BAO_0000019,assay format,,,,,,,,,CHEMBL2362975,No relevant target,,,CHEMBL4270492,1,,Eur J Med Chem,2017,,,,,0.0478,,47.8,1.679,Alta
CHEMBL32749,FERULATE,,194.19,,1.5,,COc1cc(/C=C/C(=O)O)ccc1O,EC50,=,92.7,nM,7.03,,,UO_0000065,,,,,,CHEMBL4271046,Antioxidant activity assessed as DPPH free radical scavenging activity,F,BAO_0000019,assay format,,,,,,,,,CHEMBL2362975,No relevant target,,,CHEMBL4270492,1,,Eur J Med Chem,2017,,,,,0.0927,,92.7,1.967,Alta
CHEMBL66879,COUMARIC ACID,,164.16,,1.49,,O=C(O)/C=C/c1ccc(O)cc1,EC50,=,66290.0,nM,4.18,,,UO_0000065,,,,,,CHEMBL4271046,Antioxidant activity assessed as DPPH free radical scavenging activity,F,BAO_0000019,assay format,,,,,,,,,CHEMBL2362975,No relevant target,,,CHEMBL4270492,1,,Eur J Med Chem,2017,,,,,66.29,,66290.0,4.821,Media
CHEMBL52564,O-COUMARIC ACID,,164.16,,1.49,,O=C(O)/C=C/c1ccccc1O,EC50,=,130050.0,nM,,Outside typical range,,UO_0000065,,,,,,CHEMBL4271046,Antioxidant activity assessed as DPPH free radical scavenging activity,F,BAO_0000019,assay format,,,,,,,,,CHEMBL2362975,No relevant target,,,CHEMBL4270492,1,,Eur J Med Chem,2017,,,,,130.05,,130050.0,5.114,Media
CHEMBL98521,,,164.16,,1.49,,O=C(O)/C=C/c1cccc(O)c1,EC50,>,300000.0,nM,,Outside typical range,,UO_0000065,,,,,,CHEMBL4271046,Antioxidant activity assessed as DPPH free radical scavenging activity,F,BAO_0000019,assay format,,,,,,,,,CHEMBL2362975,No relevant target,,,CHEMBL4270492,1,,Eur J Med Chem,2017,,,,,300.0,,300000.0,5.477,Baja
CHEMBL109341,SINAPINATE,,224.21,,1.51,,COc1cc(/C=C/C(=O)O)cc(OC)c1O,EC50,=,72.4,nM,7.14,,,UO_0000065,,,,,,CHEMBL4271046,Antioxidant activity assessed as DPPH free radical scavenging activity,F,BAO_0000019,assay format,,,,,,,,,CHEMBL2362975,No relevant target,,,CHEMBL4270492,1,,Eur J Med Chem,2017,,,,,0.0724,,72.4,1.86,Alta
CHEMBL37537,PROTOCATECHUIC ACID,,154.12,,0.8,,O=C(O)c1ccc(O)c(O)c1,EC50,=,57.4,nM,7.24,,,UO_0000065,,,,,,CHEMBL4271046,Antioxidant activity assessed as DPPH free radical scavenging activity,F,BAO_0000019,assay format,,,,,,,,,CHEMBL2362975,No relevant target,,,CHEMBL4270492,1,,Eur J Med Chem,2017,,,,,0.0574,,57.4,1.759,Alta
CHEMBL1461,GENTISIC ACID,,154.12,,0.8,,O=C(O)c1cc(O)ccc1O,EC50,=,29.2,nM,7.54,,,UO_0000065,,,,,,CHEMBL4271046,Antioxidant activity assessed as DPPH free radical scavenging activity,F,BAO_0000019,assay format,,,,,,,,,CHEMBL2362975,No relevant target,,,CHEMBL4270492,1,,Eur J Med Chem,2017,,,,,0.0292,,29.2,1.465,Alta
CHEMBL120568,VANILLIC ACID,,168.15,,1.1,,COc1cc(C(=O)O)ccc1O,EC50,=,14370.0,nM,4.84,,,UO_0000065,,,,,,CHEMBL4271046,Antioxidant activity assessed as DPPH free radical scavenging activity,F,BAO_0000019,assay format,,,,,,,,,CHEMBL2362975,No relevant target,,,CHEMBL4270492,1,,Eur J Med Chem,2017,,,,,14.37,,14370.0,4.157,Alta
CHEMBL288114,GALLIC ACID,,170.12,,0.5,,O=C(O)c1cc(O)c(O)c(O)c1,EC50,=,23.7,nM,7.62,,,UO_0000065,,,,,,CHEMBL4271046,Antioxidant activity assessed as DPPH free radical scavenging activity,F,BAO_0000019,assay format,,,,,,,,,CHEMBL2362975,No relevant target,,,CHEMBL4270492,1,,Eur J Med Chem,2017,,,,,0.0237,,23.7,1.375,Alta
CHEMBL1414,SYRINGIC ACID,,198.17,,1.11,,COc1cc(C(=O)O)cc(OC)c1O,EC50,=,42.7,nM,7.37,,,UO_0000065,,,,,,CHEMBL4271046,Antioxidant activity assessed as DPPH free radical scavenging activity,F,BAO_0000019,assay format,,,,,,,,,CHEMBL2362975,No relevant target,,,CHEMBL4270492,1,,Eur J Med Chem,2017,,,,,0.0427,,42.7,1.63,Alta
CHEMBL441343,PARABEN,,138.12,,1.09,,O=C(O)c1ccc(O)cc1,EC50,>,800000.0,nM,,Outside typical range,,UO_0000065,,,,,,CHEMBL4271046,Antioxidant activity assessed as DPPH free radical scavenging activity,F,BAO_0000019,assay format,,,,,,,,,CHEMBL2362975,No relevant target,,,CHEMBL4270492,1,,Eur J Med Chem,2017,,,,,800.0,,800000.0,5.903,Baja
CHEMBL424,SALICYLIC ACID,,138.12,,1.09,,O=C(O)c1ccccc1O,EC50,>,800000.0,nM,,Outside typical range,,UO_0000065,,,,,,CHEMBL4271046,Antioxidant activity assessed as DPPH free radical scavenging activity,F,BAO_0000019,assay format,,,,,,,,,CHEMBL2362975,No relevant target,,,CHEMBL4270492,1,,Eur J Med Chem,2017,,,,,800.0,,800000.0,5.903,Baja
CHEMBL196,ASCORBIC ACID,,176.12,,-1.41,,O=C1O[C@H]([C@@H](O)CO)C(O)=C1O,EC50,=,7400000.0,nM,,Outside typical range,,UO_0000065,,,,,,CHEMBL4035801,Antioxidant activity of the compound in phosphate buffer at pH 6.6 assessed as potassium ferric cyanide ion reducing activity after 20 mins by spectrophotometric method,F,BAO_0000019,assay format,,,,,,,,,CHEMBL2362975,No relevant target,,,CHEMBL4033697,1,,Bioorg Med Chem Lett,2017,,,,,7.4,,7400000.0,6.869,Baja
CHEMBL4101909,,,337.49,,3.94,,CCCCCCn1c(CCC)nc2cc(NS(C)(=O)=O)ccc21,EC50,=,5100000.0,nM,,Outside typical range,,UO_0000065,,,,,,CHEMBL4035801,Antioxidant activity of the compound in phosphate buffer at pH 6.6 assessed as potassium ferric cyanide ion reducing activity after 20 mins by spectrophotometric method,F,BAO_0000019,assay format,,,,,,,,,CHEMBL2362975,No relevant target,,,CHEMBL4033697,1,,Bioorg Med Chem Lett,2017,,,,,5.1,,5100000.0,6.708,Baja
CHEMBL4066644,,,323.46,,3.55,,CCCCCn1c(CCC)nc2cc(NS(C)(=O)=O)ccc21,EC50,=,3700000.0,nM,,Outside typical range,,UO_0000065,,,,,,CHEMBL4035801,Antioxidant activity of the compound in phosphate buffer at pH 6.6 assessed as potassium ferric cyanide ion reducing activity after 20 mins by spectrophotometric method,F,BAO_0000019,assay format,,,,,,,,,CHEMBL2362975,No relevant target,,,CHEMBL4033697,1,,Bioorg Med Chem Lett,2017,,,,,3.7,,3700000.0,6.568,Baja
CHEMBL4067392,,,309.44,,3.16,,CCCCn1c(CCC)nc2cc(NS(C)(=O)=O)ccc21,EC50,=,4000000.0,nM,,Outside typical range,,UO_0000065,,,,,,CHEMBL4035801,Antioxidant activity of the compound in phosphate buffer at pH 6.6 assessed as potassium ferric cyanide ion reducing activity after 20 mins by spectrophotometric method,F,BAO_0000019,assay format,,,,,,,,,CHEMBL2362975,No relevant target,,,CHEMBL4033697,1,,Bioorg Med Chem Lett,2017,,,,,4.0,,4000000.0,6.602,Baja
CHEMBL4093238,,,259.4,,4.15,,CCCCCCn1c(CCC)nc2cc(N)ccc21,EC50,=,10300000.0,nM,,Outside typical range,,UO_0000065,,,,,,CHEMBL4035801,Antioxidant activity of the compound in phosphate buffer at pH 6.6 assessed as potassium ferric cyanide ion reducing activity after 20 mins by spectrophotometric method,F,BAO_0000019,assay format,,,,,,,,,CHEMBL2362975,No relevant target,,,CHEMBL4033697,1,,Bioorg Med Chem Lett,2017,,,,,10.3,,10300000.0,7.013,Baja
CHEMBL4072508,,,245.37,,3.76,,CCCCCn1c(CCC)nc2cc(N)ccc21,EC50,=,10200000.0,nM,,Outside typical range,,UO_0000065,,,,,,CHEMBL4035801,Antioxidant activity of the compound in phosphate buffer at pH 6.6 assessed as potassium ferric cyanide ion reducing activity after 20 mins by spectrophotometric method,F,BAO_0000019,assay format,,,,,,,,,CHEMBL2362975,No relevant target,,,CHEMBL4033697,1,,Bioorg Med Chem Lett,2017,,,,,10.2,,10200000.0,7.009,Baja
CHEMBL4085486,,,231.34,,3.37,,CCCCn1c(CCC)nc2cc(N)ccc21,EC50,=,18200000.0,nM,,Outside typical range,,UO_0000065,,,,,,CHEMBL4035801,Antioxidant activity of the compound in phosphate buffer at pH 6.6 assessed as potassium ferric cyanide ion reducing activity after 20 mins by spectrophotometric method,F,BAO_0000019,assay format,,,,,,,,,CHEMBL2362975,No relevant target,,,CHEMBL4033697,1,,Bioorg Med Chem Lett,2017,,,,,18.2,,18200000.0,7.26,Baja
CHEMBL4063910,,,289.38,,4.48,,CCCCCCn1c(CCC)nc2cc([N+](=O)[O-])ccc21,EC50,>,50000000.0,nM,,Outside typical range,,UO_0000065,,,,,,CHEMBL4035801,Antioxidant activity of the compound in phosphate buffer at pH 6.6 assessed as potassium ferric cyanide ion reducing activity after 20 mins by spectrophotometric method,F,BAO_0000019,assay format,,,,,,,,,CHEMBL2362975,No relevant target,,,CHEMBL4033697,1,,Bioorg Med Chem Lett,2017,,,,,50.0,,50000000.0,7.699,Baja
CHEMBL4101792,,,275.35,,4.09,,CCCCCn1c(CCC)nc2cc([N+](=O)[O-])ccc21,EC50,>,50000000.0,nM,,Outside typical range,,UO_0000065,,,,,,CHEMBL4035801,Antioxidant activity of the compound in phosphate buffer at pH 6.6 assessed as potassium ferric cyanide ion reducing activity after 20 mins by spectrophotometric method,F,BAO_0000019,assay format,,,,,,,,,CHEMBL2362975,No relevant target,,,CHEMBL4033697,1,,Bioorg Med Chem Lett,2017,,,,,50.0,,50000000.0,7.699,Baja
CHEMBL4075130,,,261.32,,3.7,,CCCCn1c(CCC)nc2cc([N+](=O)[O-])ccc21,EC50,>,50000000.0,nM,,Outside typical range,,UO_0000065,,,,,,CHEMBL4035801,Antioxidant activity of the compound in phosphate buffer at pH 6.6 assessed as potassium ferric cyanide ion reducing activity after 20 mins by spectrophotometric method,F,BAO_0000019,assay format,,,,,,,,,CHEMBL2362975,No relevant target,,,CHEMBL4033697,1,,Bioorg Med Chem Lett,2017,,,,,50.0,,50000000.0,7.699,Baja
CHEMBL4456811,,,599.17,,7.96,,COc1cc(N)c(Cl)cc1C(=O)CCC1CCN(Cc2ccc(OCc3ccccc3)c(OCc3ccccc3)c2)CC1,EC50,>,250000.0,nM,,Outside typical range,,UO_0000065,,,,,,CHEMBL4362798,Antioxidant activity assessed as DPPH radical scavenging activity measured after 120 mins,F,BAO_0000019,assay format,,,,,,,,,CHEMBL2362975,No relevant target,,,CHEMBL4359885,1,,Eur J Med Chem,2019,,,,,250.0,,250000.0,5.398,Baja
CHEMBL4526049,,,418.92,,4.22,,COc1cc(N)c(Cl)cc1C(=O)CCC1CCN(Cc2ccc(O)c(O)c2)CC1,EC50,=,19600.0,nM,4.71,,,UO_0000065,,,,,,CHEMBL4362798,Antioxidant activity assessed as DPPH radical scavenging activity measured after 120 mins,F,BAO_0000019,assay format,,,,,,,,,CHEMBL2362975,No relevant target,,,CHEMBL4359885,1,,Eur J Med Chem,2019,,,,,19.6,,19600.0,4.292,Alta
CHEMBL4463522,,,430.93,,4.53,,COc1cc(N)c(Cl)cc1C(=O)CCC1CCN(Cc2ccc3c(c2)OCO3)CC1,EC50,>,250000.0,nM,,Outside typical range,,UO_0000065,,,,,,CHEMBL4362798,Antioxidant activity assessed as DPPH radical scavenging activity measured after 120 mins,F,BAO_0000019,assay format,,,,,,,,,CHEMBL2362975,No relevant target,,,CHEMBL4359885,1,,Eur J Med Chem,2019,,,,,250.0,,250000.0,5.398,Baja
CHEMBL4554225,,,523.07,,6.39,,COc1cc(CN2CCC(CCC(=O)c3cc(Cl)c(N)cc3OC)CC2)ccc1OCc1ccccc1,EC50,>,250000.0,nM,,Outside typical range,,UO_0000065,,,,,,CHEMBL4362798,Antioxidant activity assessed as DPPH radical scavenging activity measured after 120 mins,F,BAO_0000019,assay format,,,,,,,,,CHEMBL2362975,No relevant target,,,CHEMBL4359885,1,,Eur J Med Chem,2019,,,,,250.0,,250000.0,5.398,Baja
CHEMBL4527729,,,432.95,,4.52,,COc1cc(CN2CCC(CCC(=O)c3cc(Cl)c(N)cc3OC)CC2)ccc1O,EC50,=,180300.0,nM,,Outside typical range,,UO_0000065,,,,,,CHEMBL4362798,Antioxidant activity assessed as DPPH radical scavenging activity measured after 120 mins,F,BAO_0000019,assay format,,,,,,,,,CHEMBL2362975,No relevant target,,,CHEMBL4359885,1,,Eur J Med Chem,2019,,,,,180.3,,180300.0,5.256,Baja
CHEMBL4550930,,,523.07,,6.39,,COc1ccc(CN2CCC(CCC(=O)c3cc(Cl)c(N)cc3OC)CC2)cc1OCc1ccccc1,EC50,>,250000.0,nM,,Outside typical range,,UO_0000065,,,,,,CHEMBL4362798,Antioxidant activity assessed as DPPH radical scavenging activity measured after 120 mins,F,BAO_0000019,assay format,,,,,,,,,CHEMBL2362975,No relevant target,,,CHEMBL4359885,1,,Eur J Med Chem,2019,,,,,250.0,,250000.0,5.398,Baja
CHEMBL4580044,,,432.95,,4.52,,COc1ccc(CN2CCC(CCC(=O)c3cc(Cl)c(N)cc3OC)CC2)cc1O,EC50,=,85500.0,nM,4.07,,,UO_0000065,,,,,,CHEMBL4362798,Antioxidant activity assessed as DPPH radical scavenging activity measured after 120 mins,F,BAO_0000019,assay format,,,,,,,,,CHEMBL2362975,No relevant target,,,CHEMBL4359885,1,,Eur J Med Chem,2019,,,,,85.5,,85500.0,4.932,Media
CHEMBL4473833,,,528.18,,5.44,,COc1cc(N)c(Cl)cc1C(=O)CCC1CCN(CCNC(=O)CCCC[C@@H]2CCSS2)CC1,EC50,>,250000.0,nM,,Outside typical range,,UO_0000065,,,,,,CHEMBL4362798,Antioxidant activity assessed as DPPH radical scavenging activity measured after 120 mins,F,BAO_0000019,assay format,,,,,,,,,CHEMBL2362975,No relevant target,,,CHEMBL4359885,1,,Eur J Med Chem,2019,,,,,250.0,,250000.0,5.398,Baja
CHEMBL4457426,,,516.04,,4.15,,COc1cc(/C=C/C(=O)NCCN2CCC(CCC(=O)c3cc(Cl)c(N)cc3OC)CC2)ccc1O,EC50,=,45500.0,nM,4.34,,,UO_0000065,,,,,,CHEMBL4362798,Antioxidant activity assessed as DPPH radical scavenging activity measured after 120 mins,F,BAO_0000019,assay format,,,,,,,,,CHEMBL2362975,No relevant target,,,CHEMBL4359885,1,,Eur J Med Chem,2019,,,,,45.5,,45500.0,4.658,Media
CHEMBL153,TROLOX,,250.29,,2.49,,Cc1c(C)c2c(c(C)c1O)CCC(C)(C(=O)O)O2,EC50,=,22900.0,nM,4.64,,,UO_0000065,,,,,,CHEMBL4362798,Antioxidant activity assessed as DPPH radical scavenging activity measured after 120 mins,F,BAO_0000019,assay format,,,,,,,,,CHEMBL2362975,No relevant target,,,CHEMBL4359885,1,,Eur J Med Chem,2019,,,,,22.9,,22900.0,4.36,Alta
CHEMBL50,QUERCETIN,,302.24,,1.99,,O=c1c(O)c(-c2ccc(O)c(O)c2)oc2cc(O)cc(O)c12,EC50,=,9300.0,nM,5.03,,,UO_0000065,,,,,,CHEMBL4362798,Antioxidant activity assessed as DPPH radical scavenging activity measured after 120 mins,F,BAO_0000019,assay format,,,,,,,,,CHEMBL2362975,No relevant target,,,CHEMBL4359885,1,,Eur J Med Chem,2019,,,,,9.3,,9300.0,3.968,Alta
CHEMBL250450,ISOQUERCETIN,,464.38,,-0.54,,O=c1c(O[C@@H]2O[C@H](CO)[C@@H](O)[C@H](O)[C@H]2O)c(-c2ccc(O)c(O)c2)oc2cc(O)cc(O)c12,EC50,=,152000.0,nM,,Outside typical range,,UO_0000065,,,,,,CHEMBL4392324,Antioxidant activity in pH 7.4 PBS assessed as ABTS+ radical scavenger activity incubated under absence of light for 16 hrs,F,BAO_0000019,assay format,,,,,,,,,CHEMBL2362975,No relevant target,,,CHEMBL4390682,1,,Bioorg Med Chem,2019,,,,,152.0,,152000.0,5.182,Media
CHEMBL163316,3-O-METHYLQUERCETIN,,316.26,,2.29,,COc1c(-c2ccc(O)c(O)c2)oc2cc(O)cc(O)c2c1=O,EC50,=,45000.0,nM,4.35,,,UO_0000065,,,,,,CHEMBL4392324,Antioxidant activity in pH 7.4 PBS assessed as ABTS+ radical scavenger activity incubated under absence of light for 16 hrs,F,BAO_0000019,assay format,,,,,,,,,CHEMBL2362975,No relevant target,,,CHEMBL4390682,1,,Bioorg Med Chem,2019,,,,,45.0,,45000.0,4.653,Media
CHEMBL151,LUTEOLIN,,286.24,,2.28,,O=c1cc(-c2ccc(O)c(O)c2)oc2cc(O)cc(O)c12,EC50,=,46000.0,nM,4.34,,,UO_0000065,,,,,,CHEMBL4392324,Antioxidant activity in pH 7.4 PBS assessed as ABTS+ radical scavenger activity incubated under absence of light for 16 hrs,F,BAO_0000019,assay format,,,,,,,,,CHEMBL2362975,No relevant target,,,CHEMBL4390682,1,,Bioorg Med Chem,2019,,,,,46.0,,46000.0,4.663,Media
CHEMBL50,QUERCETIN,,302.24,,1.99,,O=c1c(O)c(-c2ccc(O)c(O)c2)oc2cc(O)cc(O)c12,EC50,=,9600.0,nM,5.02,,,UO_0000065,,,,,,CHEMBL4392324,Antioxidant activity in pH 7.4 PBS assessed as ABTS+ radical scavenger activity incubated under absence of light for 16 hrs,F,BAO_0000019,assay format,,,,,,,,,CHEMBL2362975,No relevant target,,,CHEMBL4390682,1,,Bioorg Med Chem,2019,,,,,9.6,,9600.0,3.982,Alta
CHEMBL250450,ISOQUERCETIN,,464.38,,-0.54,,O=c1c(O[C@@H]2O[C@H](CO)[C@@H](O)[C@H](O)[C@H]2O)c(-c2ccc(O)c(O)c2)oc2cc(O)cc(O)c12,EC50,=,94000.0,nM,4.03,,,UO_0000065,,,,,,CHEMBL4392325,Antioxidant activity in Sprague-Dawley rat brain homogenates assessed as inhibition of lipoperoxidation incubated for 40 mins by fluorescence based assay,F,BAO_0000221,tissue-based format,,,,,,,,,CHEMBL613617,Brain,Rattus norvegicus,,CHEMBL4390682,1,,Bioorg Med Chem,2019,,,,,94.0,,94000.0,4.973,Media
CHEMBL163316,3-O-METHYLQUERCETIN,,316.26,,2.29,,COc1c(-c2ccc(O)c(O)c2)oc2cc(O)cc(O)c2c1=O,EC50,=,74000.0,nM,4.13,,,UO_0000065,,,,,,CHEMBL4392325,Antioxidant activity in Sprague-Dawley rat brain homogenates assessed as inhibition of lipoperoxidation incubated for 40 mins by fluorescence based assay,F,BAO_0000221,tissue-based format,,,,,,,,,CHEMBL613617,Brain,Rattus norvegicus,,CHEMBL4390682,1,,Bioorg Med Chem,2019,,,,,74.0,,74000.0,4.869,Media
CHEMBL151,LUTEOLIN,,286.24,,2.28,,O=c1cc(-c2ccc(O)c(O)c2)oc2cc(O)cc(O)c12,EC50,=,79000.0,nM,4.1,,,UO_0000065,,,,,,CHEMBL4392325,Antioxidant activity in Sprague-Dawley rat brain homogenates assessed as inhibition of lipoperoxidation incubated for 40 mins by fluorescence based assay,F,BAO_0000221,tissue-based format,,,,,,,,,CHEMBL613617,Brain,Rattus norvegicus,,CHEMBL4390682,1,,Bioorg Med Chem,2019,,,,,79.0,,79000.0,4.898,Media
CHEMBL50,QUERCETIN,,302.24,,1.99,,O=c1c(O)c(-c2ccc(O)c(O)c2)oc2cc(O)cc(O)c12,EC50,=,5700.0,nM,5.24,,,UO_0000065,,,,,,CHEMBL4392325,Antioxidant activity in Sprague-Dawley rat brain homogenates assessed as inhibition of lipoperoxidation incubated for 40 mins by fluorescence based assay,F,BAO_0000221,tissue-based format,,,,,,,,,CHEMBL613617,Brain,Rattus norvegicus,,CHEMBL4390682,1,,Bioorg Med Chem,2019,,,,,5.7,,5700.0,3.756,Alta
CHEMBL475398,,,186.21,,2.76,,Oc1ccc(-c2ccccc2)cc1O,EC50,=,46000.0,nM,4.34,,,UO_0000065,,,,,,CHEMBL5354826,Antioxidant activity assessed as DPPH radical scavenging activity by ultraviolet spectrophotometric analysis,F,BAO_0000019,assay format,,,,,,,,,CHEMBL2362975,No relevant target,,,CHEMBL5352445,1,,Eur J Med Chem,2022,,,,,0.046,,46000.0,4.663,Media
CHEMBL5418840,,,220.66,,3.42,,Oc1ccc(-c2ccc(Cl)cc2)cc1O,EC50,=,64000.0,nM,4.19,,,UO_0000065,,,,,,CHEMBL5354826,Antioxidant activity assessed as DPPH radical scavenging activity by ultraviolet spectrophotometric analysis,F,BAO_0000019,assay format,,,,,,,,,CHEMBL2362975,No relevant target,,,CHEMBL5352445,1,,Eur J Med Chem,2022,,,,,0.064,,64000.0,4.806,Media
CHEMBL5413658,,,220.66,,3.42,,Oc1ccc(-c2cccc(Cl)c2)cc1O,EC50,=,74000.0,nM,4.13,,,UO_0000065,,,,,,CHEMBL5354826,Antioxidant activity assessed as DPPH radical scavenging activity by ultraviolet spectrophotometric analysis,F,BAO_0000019,assay format,,,,,,,,,CHEMBL2362975,No relevant target,,,CHEMBL5352445,1,,Eur J Med Chem,2022,,,,,0.074,,74000.0,4.869,Media
CHEMBL5403030,,,202.21,,2.47,,Oc1ccc(-c2ccc(O)c(O)c2)cc1,EC50,=,275000.0,nM,,Outside typical range,,UO_0000065,,,,,,CHEMBL5354826,Antioxidant activity assessed as DPPH radical scavenging activity by ultraviolet spectrophotometric analysis,F,BAO_0000019,assay format,,,,,,,,,CHEMBL2362975,No relevant target,,,CHEMBL5352445,1,,Eur J Med Chem,2022,,,,,0.275,,275000.0,5.439,Baja
CHEMBL5441068,,,244.25,,2.54,,Oc1ccc(-c2ccc3c(c2)OCCO3)cc1O,EC50,=,71000.0,nM,4.15,,,UO_0000065,,,,,,CHEMBL5354826,Antioxidant activity assessed as DPPH radical scavenging activity by ultraviolet spectrophotometric analysis,F,BAO_0000019,assay format,,,,,,,,,CHEMBL2362975,No relevant target,,,CHEMBL5352445,1,,Eur J Med Chem,2022,,,,,0.071,,71000.0,4.851,Media
CHEMBL5425532,,,226.23,,3.51,,Oc1ccc(-c2cc3ccccc3o2)cc1O,EC50,=,49000.0,nM,4.31,,,UO_0000065,,,,,,CHEMBL5354826,Antioxidant activity assessed as DPPH radical scavenging activity by ultraviolet spectrophotometric analysis,F,BAO_0000019,assay format,,,,,,,,,CHEMBL2362975,No relevant target,,,CHEMBL5352445,1,,Eur J Med Chem,2022,,,,,0.049,,49000.0,4.69,Media
CHEMBL5398068,,,236.27,,3.92,,Oc1ccc(-c2ccc3ccccc3c2)cc1O,EC50,=,53000.0,nM,4.28,,,UO_0000065,,,,,,CHEMBL5354826,Antioxidant activity assessed as DPPH radical scavenging activity by ultraviolet spectrophotometric analysis,F,BAO_0000019,assay format,,,,,,,,,CHEMBL2362975,No relevant target,,,CHEMBL5352445,1,,Eur J Med Chem,2022,,,,,0.053,,53000.0,4.724,Media
CHEMBL5413117,,,280.32,,4.32,,CCOc1ccc2ccccc2c1-c1ccc(O)c(O)c1,EC50,=,37000.0,nM,4.43,,,UO_0000065,,,,,,CHEMBL5354826,Antioxidant activity assessed as DPPH radical scavenging activity by ultraviolet spectrophotometric analysis,F,BAO_0000019,assay format,,,,,,,,,CHEMBL2362975,No relevant target,,,CHEMBL5352445,1,,Eur J Med Chem,2022,,,,,0.037,,37000.0,4.568,Media
CHEMBL5395696,,,326.44,,4.83,,Oc1ccc(-c2cccc3c2SC2C=CC=CC2S3)cc1O,EC50,=,37000.0,nM,4.43,,,UO_0000065,,,,,,CHEMBL5354826,Antioxidant activity assessed as DPPH radical scavenging activity by ultraviolet spectrophotometric analysis,F,BAO_0000019,assay format,,,,,,,,,CHEMBL2362975,No relevant target,,,CHEMBL5352445,1,,Eur J Med Chem,2022,,,,,0.037,,37000.0,4.568,Media
CHEMBL5401317,,,286.33,,5.07,,Oc1ccc(-c2c3ccccc3cc3ccccc23)cc1O,EC50,=,51000.0,nM,4.29,,,UO_0000065,,,,,,CHEMBL5354826,Antioxidant activity assessed as DPPH radical scavenging activity by ultraviolet spectrophotometric analysis,F,BAO_0000019,assay format,,,,,,,,,CHEMBL2362975,No relevant target,,,CHEMBL5352445,1,,Eur J Med Chem,2022,,,,,0.051,,51000.0,4.708,Media
CHEMBL5421129,,,292.36,,5.13,,Oc1ccc(-c2cccc3c2sc2ccccc23)cc1O,EC50,=,82000.0,nM,4.09,,,UO_0000065,,,,,,CHEMBL5354826,Antioxidant activity assessed as DPPH radical scavenging activity by ultraviolet spectrophotometric analysis,F,BAO_0000019,assay format,,,,,,,,,CHEMBL2362975,No relevant target,,,CHEMBL5352445,1,,Eur J Med Chem,2022,,,,,0.082,,82000.0,4.914,Media
CHEMBL5427414,,,276.29,,4.66,,Oc1ccc(-c2cccc3c2oc2ccccc23)cc1O,EC50,=,54000.0,nM,4.27,,,UO_0000065,,,,,,CHEMBL5354826,Antioxidant activity assessed as DPPH radical scavenging activity by ultraviolet spectrophotometric analysis,F,BAO_0000019,assay format,,,,,,,,,CHEMBL2362975,No relevant target,,,CHEMBL5352445,1,,Eur J Med Chem,2022,,,,,0.054,,54000.0,4.732,Media
CHEMBL291501,RESVERATROL 4'-METHYL ETHER,,242.27,,3.28,,COc1ccc(/C=C/c2cc(O)cc(O)c2)cc1,EC50,=,48.6,,,,,,,,,,,CHEMBL845399,"Antioxidant activity as the effective concentration to achieve 50% bioeffectivity value of 2,2-diphenyl-1-picrylhydrazyl radical (DPPH)",B,BAO_0000019,assay format,,,,,,,,,CHEMBL613712,Radical scavenging activity,,,CHEMBL1136515,1,,Bioorg Med Chem Lett,2003,,,,,48.6,,,,Baja
CHEMBL58983,,,226.28,,3.58,,Cc1cc(O)cc(/C=C/c2ccc(O)cc2)c1,EC50,=,30.1,,,,,,,,,,,CHEMBL845399,"Antioxidant activity as the effective concentration to achieve 50% bioeffectivity value of 2,2-diphenyl-1-picrylhydrazyl radical (DPPH)",B,BAO_0000019,assay format,,,,,,,,,CHEMBL613712,Radical scavenging activity,,,CHEMBL1136515,1,,Bioorg Med Chem Lett,2003,,,,,30.1,,,,Baja
CHEMBL375925,CYATHUSAL A,,330.29,,2.46,,C/C=C/c1cc2c(c(=O)o1)-c1c(O)c(O)c(OC)c(C=O)c1CO2,EC50,=,41590.0,nM,4.38,,,UO_0000065,,,,,,CHEMBL905177,Antioxidant activity assessed as DPPH radical scavenging activity after 30 mins,F,BAO_0000019,assay format,,,,,,,,,CHEMBL613712,Radical scavenging activity,,,CHEMBL1143704,1,,J Nat Prod,2007,,,,,41.59,,41590.0,4.619,Media
CHEMBL153,TROLOX,,250.29,,2.49,,Cc1c(C)c2c(c(C)c1O)CCC(C)(C(=O)O)O2,EC50,=,37610.0,nM,4.42,,,UO_0000065,,,,,,CHEMBL905177,Antioxidant activity assessed as DPPH radical scavenging activity after 30 mins,F,BAO_0000019,assay format,,,,,,,,,CHEMBL613712,Radical scavenging activity,,,CHEMBL1143704,1,,J Nat Prod,2007,,,,,37.61,,37610.0,4.575,Media
CHEMBL4296740,BUTYLATED HYDROXYANISOLE,,360.49,,,,COc1ccc(O)c(C(C)(C)C)c1.COc1ccc(O)cc1C(C)(C)C,EC50,=,97090.0,nM,4.01,,,UO_0000065,,,,,,CHEMBL905177,Antioxidant activity assessed as DPPH radical scavenging activity after 30 mins,F,BAO_0000019,assay format,,,,,,,,,CHEMBL613712,Radical scavenging activity,,,CHEMBL1143704,1,,J Nat Prod,2007,,,,,97.09,,97090.0,4.987,Media
CHEMBL375926,PULVINATAL,,360.32,,2.61,,C/C=C/c1cc2c(c(=O)o1)-c1c(O)c(O)c(OC)c(C=O)c1C(OC)O2,EC50,=,28590.0,nM,4.54,,,UO_0000065,,,,,,CHEMBL905177,Antioxidant activity assessed as DPPH radical scavenging activity after 30 mins,F,BAO_0000019,assay format,,,,,,,,,CHEMBL613712,Radical scavenging activity,,,CHEMBL1143704,1,,J Nat Prod,2007,,,,,28.59,,28590.0,4.456,Media
CHEMBL228355,CYATHUSAL C,,388.37,,3.39,,C/C=C/c1cc2c(c(=O)o1)-c1c(O)c(O)c(OC)c(C=O)c1C(OC(C)C)O2,EC50,=,26640.0,nM,4.57,,,UO_0000065,,,,,,CHEMBL905177,Antioxidant activity assessed as DPPH radical scavenging activity after 30 mins,F,BAO_0000019,assay format,,,,,,,,,CHEMBL613712,Radical scavenging activity,,,CHEMBL1143704,1,,J Nat Prod,2007,,,,,26.64,,26640.0,4.426,Media
CHEMBL228300,CYATHUSAL B,,346.29,,1.96,,C/C=C/c1cc2c(c(=O)o1)-c1c(O)c(O)c(OC)c(C=O)c1C(O)O2,EC50,=,46010.0,nM,4.34,,,UO_0000065,,,,,,CHEMBL905177,Antioxidant activity assessed as DPPH radical scavenging activity after 30 mins,F,BAO_0000019,assay format,,,,,,,,,CHEMBL613712,Radical scavenging activity,,,CHEMBL1143704,1,,J Nat Prod,2007,,,,,46.01,,46010.0,4.663,Media
CHEMBL375925,CYATHUSAL A,,330.29,,2.46,,C/C=C/c1cc2c(c(=O)o1)-c1c(O)c(O)c(OC)c(C=O)c1CO2,EC50,=,7860.0,nM,5.11,,,UO_0000065,,,,,,CHEMBL905178,Antioxidant activity assessed as ABTS radical scavenging activity after 30 mins,F,BAO_0000019,assay format,,,,,,,,,CHEMBL3879801,NON-PROTEIN TARGET,,,CHEMBL1143704,1,,J Nat Prod,2007,,,,,7.86,,7860.0,3.895,Alta
CHEMBL153,TROLOX,,250.29,,2.49,,Cc1c(C)c2c(c(C)c1O)CCC(C)(C(=O)O)O2,EC50,=,14540.0,nM,4.84,,,UO_0000065,,,,,,CHEMBL905178,Antioxidant activity assessed as ABTS radical scavenging activity after 30 mins,F,BAO_0000019,assay format,,,,,,,,,CHEMBL3879801,NON-PROTEIN TARGET,,,CHEMBL1143704,1,,J Nat Prod,2007,,,,,14.54,,14540.0,4.163,Alta
CHEMBL4296740,BUTYLATED HYDROXYANISOLE,,360.49,,,,COc1ccc(O)c(C(C)(C)C)c1.COc1ccc(O)cc1C(C)(C)C,EC50,=,11700.0,nM,4.93,,,UO_0000065,,,,,,CHEMBL905178,Antioxidant activity assessed as ABTS radical scavenging activity after 30 mins,F,BAO_0000019,assay format,,,,,,,,,CHEMBL3879801,NON-PROTEIN TARGET,,,CHEMBL1143704,1,,J Nat Prod,2007,,,,,11.7,,11700.0,4.068,Alta
CHEMBL375926,PULVINATAL,,360.32,,2.61,,C/C=C/c1cc2c(c(=O)o1)-c1c(O)c(O)c(OC)c(C=O)c1C(OC)O2,EC50,=,8360.0,nM,5.08,,,UO_0000065,,,,,,CHEMBL905178,Antioxidant activity assessed as ABTS radical scavenging activity after 30 mins,F,BAO_0000019,assay format,,,,,,,,,CHEMBL3879801,NON-PROTEIN TARGET,,,CHEMBL1143704,1,,J Nat Prod,2007,,,,,8.36,,8360.0,3.922,Alta
CHEMBL228355,CYATHUSAL C,,388.37,,3.39,,C/C=C/c1cc2c(c(=O)o1)-c1c(O)c(O)c(OC)c(C=O)c1C(OC(C)C)O2,EC50,=,9100.0,nM,5.04,,,UO_0000065,,,,,,CHEMBL905178,Antioxidant activity assessed as ABTS radical scavenging activity after 30 mins,F,BAO_0000019,assay format,,,,,,,,,CHEMBL3879801,NON-PROTEIN TARGET,,,CHEMBL1143704,1,,J Nat Prod,2007,,,,,9.1,,9100.0,3.959,Alta
CHEMBL228300,CYATHUSAL B,,346.29,,1.96,,C/C=C/c1cc2c(c(=O)o1)-c1c(O)c(O)c(OC)c(C=O)c1C(O)O2,EC50,=,11060.0,nM,4.96,,,UO_0000065,,,,,,CHEMBL905178,Antioxidant activity assessed as ABTS radical scavenging activity after 30 mins,F,BAO_0000019,assay format,,,,,,,,,CHEMBL3879801,NON-PROTEIN TARGET,,,CHEMBL1143704,1,,J Nat Prod,2007,,,,,11.06,,11060.0,4.044,Alta
CHEMBL389305,,,283.4,,5.27,,COc1ccc(Nc2cccc3c(C)c(C)sc23)cc1,EC50,=,21.6,ug.mL-1,,,,UO_0000274,,,,,,CHEMBL891540,Antioxidant activity assessed as reduction of ferric cyanide complex by reducing power assay,F,BAO_0000019,assay format,,,,,,,,,CHEMBL3879801,NON-PROTEIN TARGET,,,CHEMBL1146338,1,,Bioorg Med Chem,2007,,,,,0.0216,,76217.361,4.882,Media
CHEMBL389306,,,283.4,,5.27,,COc1cccc(Nc2cccc3c(C)c(C)sc23)c1,EC50,=,98.7,ug.mL-1,,Outside typical range,,UO_0000274,,,,,,CHEMBL891540,Antioxidant activity assessed as reduction of ferric cyanide complex by reducing power assay,F,BAO_0000019,assay format,,,,,,,,,CHEMBL3879801,NON-PROTEIN TARGET,,,CHEMBL1146338,1,,Bioorg Med Chem,2007,,,,,0.0987,,348270.995,5.542,Baja
CHEMBL241913,,,313.42,,5.28,,COc1ccc(Nc2cccc3c(C)c(C)sc23)cc1OC,EC50,=,22.7,ug.mL-1,,,,UO_0000274,,,,,,CHEMBL891540,Antioxidant activity assessed as reduction of ferric cyanide complex by reducing power assay,F,BAO_0000019,assay format,,,,,,,,,CHEMBL3879801,NON-PROTEIN TARGET,,,CHEMBL1146338,1,,Bioorg Med Chem,2007,,,,,0.0227,,72426.776,4.86,Media
CHEMBL241914,,,278.38,,5.13,,Cc1sc2c(Nc3ccc(C#N)cc3)cccc2c1C,EC50,>,250.0,ug.mL-1,,Outside typical range,,UO_0000274,,,,,,CHEMBL891540,Antioxidant activity assessed as reduction of ferric cyanide complex by reducing power assay,F,BAO_0000019,assay format,,,,,,,,,CHEMBL3879801,NON-PROTEIN TARGET,,,CHEMBL1146338,1,,Bioorg Med Chem,2007,,,,,0.25,,898053.021,5.953,Baja
CHEMBL388238,,,254.36,,4.66,,Cc1sc2c(Nc3cccnc3)cccc2c1C,EC50,>,250.0,ug.mL-1,,Outside typical range,,UO_0000274,,,,,,CHEMBL891540,Antioxidant activity assessed as reduction of ferric cyanide complex by reducing power assay,F,BAO_0000019,assay format,,,,,,,,,CHEMBL3879801,NON-PROTEIN TARGET,,,CHEMBL1146338,1,,Bioorg Med Chem,2007,,,,,0.25,,982858.94,5.992,Baja
CHEMBL388444,,,254.36,,4.66,,Cc1sc2c(Nc3ccccn3)cccc2c1C,EC50,>,250.0,ug.mL-1,,Outside typical range,,UO_0000274,,,,,,CHEMBL891540,Antioxidant activity assessed as reduction of ferric cyanide complex by reducing power assay,F,BAO_0000019,assay format,,,,,,,,,CHEMBL3879801,NON-PROTEIN TARGET,,,CHEMBL1146338,1,,Bioorg Med Chem,2007,,,,,0.25,,982858.94,5.992,Baja
CHEMBL389305,,,283.4,,5.27,,COc1ccc(Nc2cccc3c(C)c(C)sc23)cc1,EC50,=,8.45,ug.mL-1,,,,UO_0000274,,,,,,CHEMBL891543,Antioxidant activity assessed as inhibition of lipid peroxidation after 2 hrs by beta carotene bleaching method,F,BAO_0000019,assay format,,,,,,,,,CHEMBL3879801,NON-PROTEIN TARGET,,,CHEMBL1146338,1,,Bioorg Med Chem,2007,,,,,0.00845,,29816.514,4.474,Media
CHEMBL389306,,,283.4,,5.27,,COc1cccc(Nc2cccc3c(C)c(C)sc23)c1,EC50,=,13.7,ug.mL-1,,,,UO_0000274,,,,,,CHEMBL891543,Antioxidant activity assessed as inhibition of lipid peroxidation after 2 hrs by beta carotene bleaching method,F,BAO_0000019,assay format,,,,,,,,,CHEMBL3879801,NON-PROTEIN TARGET,,,CHEMBL1146338,1,,Bioorg Med Chem,2007,,,,,0.0137,,48341.567,4.684,Media
CHEMBL241913,,,313.42,,5.28,,COc1ccc(Nc2cccc3c(C)c(C)sc23)cc1OC,EC50,=,8.73,ug.mL-1,,,,UO_0000274,,,,,,CHEMBL891543,Antioxidant activity assessed as inhibition of lipid peroxidation after 2 hrs by beta carotene bleaching method,F,BAO_0000019,assay format,,,,,,,,,CHEMBL3879801,NON-PROTEIN TARGET,,,CHEMBL1146338,1,,Bioorg Med Chem,2007,,,,,0.00873,,27853.998,4.445,Media
CHEMBL241914,,,278.38,,5.13,,Cc1sc2c(Nc3ccc(C#N)cc3)cccc2c1C,EC50,=,16.0,ug.mL-1,,,,UO_0000274,,,,,,CHEMBL891543,Antioxidant activity assessed as inhibition of lipid peroxidation after 2 hrs by beta carotene bleaching method,F,BAO_0000019,assay format,,,,,,,,,CHEMBL3879801,NON-PROTEIN TARGET,,,CHEMBL1146338,1,,Bioorg Med Chem,2007,,,,,0.016,,57475.393,4.759,Media
CHEMBL388238,,,254.36,,4.66,,Cc1sc2c(Nc3cccnc3)cccc2c1C,EC50,=,17.3,ug.mL-1,,,,UO_0000274,,,,,,CHEMBL891543,Antioxidant activity assessed as inhibition of lipid peroxidation after 2 hrs by beta carotene bleaching method,F,BAO_0000019,assay format,,,,,,,,,CHEMBL3879801,NON-PROTEIN TARGET,,,CHEMBL1146338,1,,Bioorg Med Chem,2007,,,,,0.0173,,68013.839,4.833,Media
CHEMBL388444,,,254.36,,4.66,,Cc1sc2c(Nc3ccccn3)cccc2c1C,EC50,>,250.0,ug.mL-1,,Outside typical range,,UO_0000274,,,,,,CHEMBL891543,Antioxidant activity assessed as inhibition of lipid peroxidation after 2 hrs by beta carotene bleaching method,F,BAO_0000019,assay format,,,,,,,,,CHEMBL3879801,NON-PROTEIN TARGET,,,CHEMBL1146338,1,,Bioorg Med Chem,2007,,,,,0.25,,982858.94,5.992,Baja
CHEMBL464825,MANGIFERIN,,422.34,,-0.72,,O=c1c2cc(O)c(O)cc2oc2cc(O)c([C@@H]3O[C@H](CO)[C@@H](O)[C@H](O)[C@H]3O)c(O)c12,EC50,=,1260.0,nM,5.9,,,UO_0000065,,,,,,CHEMBL1043925,Antioxidant activity assessed as protection against peroxyl radical-induced alkaline phosphatase oxidation by fluorimetric assay,F,BAO_0000019,assay format,,,,,,,,,CHEMBL3879801,NON-PROTEIN TARGET,,,CHEMBL1154138,1,,J Nat Prod,2008,,,,,1.26,,1260.0,3.1,Alta
CHEMBL573652,,,558.45,,0.52,,O=C(O[C@@H]1[C@@H](O)[C@H](Oc2c(O)cc3oc4cc(O)c(O)cc4c(=O)c3c2O)O[C@H](CO)[C@H]1O)c1ccc(O)cc1,EC50,=,980.0,nM,6.01,,,UO_0000065,,,,,,CHEMBL1043925,Antioxidant activity assessed as protection against peroxyl radical-induced alkaline phosphatase oxidation by fluorimetric assay,F,BAO_0000019,assay format,,,,,,,,,CHEMBL3879801,NON-PROTEIN TARGET,,,CHEMBL1154138,1,,J Nat Prod,2008,,,,,0.98,,980.0,2.991,Alta
CHEMBL578973,,,584.49,,0.92,,O=C(/C=C/c1ccc(O)cc1)O[C@@H]1[C@@H](O)[C@H](Oc2c(O)cc3oc4cc(O)c(O)cc4c(=O)c3c2O)O[C@H](CO)[C@H]1O,EC50,=,830.0,nM,6.08,,,UO_0000065,,,,,,CHEMBL1043925,Antioxidant activity assessed as protection against peroxyl radical-induced alkaline phosphatase oxidation by fluorimetric assay,F,BAO_0000019,assay format,,,,,,,,,CHEMBL3879801,NON-PROTEIN TARGET,,,CHEMBL1154138,1,,J Nat Prod,2008,,,,,0.83,,830.0,2.919,Alta
CHEMBL575364,,,584.49,,0.92,,O=C(/C=C/c1ccc(O)cc1)OC[C@H]1O[C@@H](Oc2c(O)cc3oc4cc(O)c(O)cc4c(=O)c3c2O)[C@H](O)[C@@H](O)[C@@H]1O,EC50,=,1480.0,nM,5.83,,,UO_0000065,,,,,,CHEMBL1043925,Antioxidant activity assessed as protection against peroxyl radical-induced alkaline phosphatase oxidation by fluorimetric assay,F,BAO_0000019,assay format,,,,,,,,,CHEMBL3879801,NON-PROTEIN TARGET,,,CHEMBL1154138,1,,J Nat Prod,2008,,,,,1.48,,1480.0,3.17,Alta
CHEMBL575365,,,568.49,,1.21,,O=C(/C=C/c1ccccc1)O[C@@H]1[C@@H](O)[C@H](Oc2c(O)cc3oc4cc(O)c(O)cc4c(=O)c3c2O)O[C@H](CO)[C@H]1O,EC50,=,980.0,nM,6.01,,,UO_0000065,,,,,,CHEMBL1043925,Antioxidant activity assessed as protection against peroxyl radical-induced alkaline phosphatase oxidation by fluorimetric assay,F,BAO_0000019,assay format,,,,,,,,,CHEMBL3879801,NON-PROTEIN TARGET,,,CHEMBL1154138,1,,J Nat Prod,2008,,,,,0.98,,980.0,2.991,Alta
CHEMBL575168,,,600.49,,0.62,,O=C(/C=C/c1ccc(O)c(O)c1)O[C@@H]1[C@@H](O)[C@H](Oc2c(O)cc3oc4cc(O)c(O)cc4c(=O)c3c2O)O[C@H](CO)[C@H]1O,EC50,=,1180.0,nM,5.93,,,UO_0000065,,,,,,CHEMBL1043925,Antioxidant activity assessed as protection against peroxyl radical-induced alkaline phosphatase oxidation by fluorimetric assay,F,BAO_0000019,assay format,,,,,,,,,CHEMBL3879801,NON-PROTEIN TARGET,,,CHEMBL1154138,1,,J Nat Prod,2008,,,,,1.18,,1180.0,3.072,Alta
CHEMBL574786,,,542.45,,0.81,,O=C(O[C@@H]1[C@@H](O)[C@H](Oc2c(O)cc3oc4cc(O)c(O)cc4c(=O)c3c2O)O[C@H](CO)[C@H]1O)c1ccccc1,EC50,=,1870.0,nM,5.73,,,UO_0000065,,,,,,CHEMBL1043925,Antioxidant activity assessed as protection against peroxyl radical-induced alkaline phosphatase oxidation by fluorimetric assay,F,BAO_0000019,assay format,,,,,,,,,CHEMBL3879801,NON-PROTEIN TARGET,,,CHEMBL1154138,1,,J Nat Prod,2008,,,,,1.87,,1870.0,3.272,Alta
CHEMBL50,QUERCETIN,,302.24,,1.99,,O=c1c(O)c(-c2ccc(O)c(O)c2)oc2cc(O)cc(O)c12,EC50,=,1000.0,nM,6.0,,,UO_0000065,,,,,,CHEMBL1043925,Antioxidant activity assessed as protection against peroxyl radical-induced alkaline phosphatase oxidation by fluorimetric assay,F,BAO_0000019,assay format,,,,,,,,,CHEMBL3879801,NON-PROTEIN TARGET,,,CHEMBL1154138,1,,J Nat Prod,2008,,,,,1.0,,1000.0,3.0,Alta
CHEMBL1271925,,,504.44,,0.63,,COc1cc2oc(-c3ccc(O)cc3)cc(=O)c2c(O)c1O[C@@H]1O[C@H](COC(C)=O)[C@@H](O)[C@H](O)[C@H]1O,EC50,=,113000.0,nM,,Outside typical range,,UO_0000065,,,,,,CHEMBL1272790,Antioxidant activity of the compound assessed as DPPH radical scavenging activity after 30 mins,F,BAO_0000019,assay format,,,,,,,,,CHEMBL613712,Radical scavenging activity,,,CHEMBL1268973,1,,Bioorg Med Chem Lett,2010,,,,,113.0,,113000.0,5.053,Media
CHEMBL1271926,,,492.43,,0.07,,COc1cc2oc(-c3ccc(O)c(O[C@@H]4O[C@H](CO)[C@@H](O)[C@H](O)[C@H]4O)c3)c(C)c(=O)c2c(O)c1O,EC50,=,31000.0,nM,4.51,,,UO_0000065,,,,,,CHEMBL1272790,Antioxidant activity of the compound assessed as DPPH radical scavenging activity after 30 mins,F,BAO_0000019,assay format,,,,,,,,,CHEMBL613712,Radical scavenging activity,,,CHEMBL1268973,1,,Bioorg Med Chem Lett,2010,,,,,31.0,,31000.0,4.491,Media
CHEMBL509624,,,450.4,,-0.31,,O=C1C[C@@H](c2ccc(O)c(O)c2)Oc2cc(O[C@@H]3O[C@H](CO)[C@@H](O)[C@H](O)[C@H]3O)cc(O)c21,EC50,=,15600.0,nM,4.81,,,UO_0000065,,,,,,CHEMBL1272790,Antioxidant activity of the compound assessed as DPPH radical scavenging activity after 30 mins,F,BAO_0000019,assay format,,,,,,,,,CHEMBL613712,Radical scavenging activity,,,CHEMBL1268973,1,,Bioorg Med Chem Lett,2010,,,,,15.6,,15600.0,4.193,Alta
CHEMBL1271981,,,448.38,,-0.24,,O=c1cc(-c2cc(O)cc(O)c2)oc2cc(O[C@@H]3O[C@H](CO)[C@@H](O)[C@H](O)[C@H]3O)cc(O)c12,EC50,=,32000.0,nM,4.5,,,UO_0000065,,,,,,CHEMBL1272790,Antioxidant activity of the compound assessed as DPPH radical scavenging activity after 30 mins,F,BAO_0000019,assay format,,,,,,,,,CHEMBL613712,Radical scavenging activity,,,CHEMBL1268973,1,,Bioorg Med Chem Lett,2010,,,,,32.0,,32000.0,4.505,Media
CHEMBL469654,PRUNIN,,434.4,,-0.02,,O=C1C[C@@H](c2ccc(O)cc2)Oc2cc(O[C@@H]3O[C@H](CO)[C@@H](O)[C@H](O)[C@H]3O)cc(O)c21,EC50,=,40600.0,nM,4.39,,,UO_0000065,,,,,,CHEMBL1272790,Antioxidant activity of the compound assessed as DPPH radical scavenging activity after 30 mins,F,BAO_0000019,assay format,,,,,,,,,CHEMBL613712,Radical scavenging activity,,,CHEMBL1268973,1,,Bioorg Med Chem Lett,2010,,,,,40.6,,40600.0,4.609,Media
CHEMBL487017,APIGETRIN,,432.38,,0.05,,O=c1cc(-c2ccc(O)cc2)oc2cc(O[C@@H]3O[C@H](CO)[C@@H](O)[C@H](O)[C@H]3O)cc(O)c12,EC50,=,20370.0,nM,4.69,,,UO_0000065,,,,,,CHEMBL1272790,Antioxidant activity of the compound assessed as DPPH radical scavenging activity after 30 mins,F,BAO_0000019,assay format,,,,,,,,,CHEMBL613712,Radical scavenging activity,,,CHEMBL1268973,1,,Bioorg Med Chem Lett,2010,,,,,20.37,,20370.0,4.309,Alta
CHEMBL233929,GALUTEOLIN,,448.38,,-0.24,,O=c1cc(-c2ccc(O)c(O)c2)oc2cc(O[C@@H]3O[C@H](CO)[C@@H](O)[C@H](O)[C@H]3O)cc(O)c12,EC50,=,3940.0,nM,5.41,,,UO_0000065,,,,,,CHEMBL1272790,Antioxidant activity of the compound assessed as DPPH radical scavenging activity after 30 mins,F,BAO_0000019,assay format,,,,,,,,,CHEMBL613712,Radical scavenging activity,,,CHEMBL1268973,1,,Bioorg Med Chem Lett,2010,,,,,3.94,,3940.0,3.595,Alta
CHEMBL487018,TILIANINE,,446.41,,0.35,,COc1ccc(-c2cc(=O)c3c(O)cc(O[C@@H]4O[C@H](CO)[C@@H](O)[C@H](O)[C@H]4O)cc3o2)cc1,EC50,=,95000.0,nM,4.02,,,UO_0000065,,,,,,CHEMBL1272790,Antioxidant activity of the compound assessed as DPPH radical scavenging activity after 30 mins,F,BAO_0000019,assay format,,,,,,,,,CHEMBL613712,Radical scavenging activity,,,CHEMBL1268973,1,,Bioorg Med Chem Lett,2010,,,,,95.0,,95000.0,4.978,Media
CHEMBL1272141,,,490.42,,0.33,,CCOC(=O)[C@H]1O[C@@H](Oc2cc(O)c3c(=O)cc(-c4ccc(O)c(O)c4)oc3c2)[C@H](O)[C@@H](O)[C@@H]1O,EC50,=,13150.0,nM,4.88,,,UO_0000065,,,,,,CHEMBL1272790,Antioxidant activity of the compound assessed as DPPH radical scavenging activity after 30 mins,F,BAO_0000019,assay format,,,,,,,,,CHEMBL613712,Radical scavenging activity,,,CHEMBL1268973,1,,Bioorg Med Chem Lett,2010,,,,,13.15,,13150.0,4.119,Alta
CHEMBL1272142,,,520.44,,0.33,,COc1cc2oc(-c3ccc(O)c(O)c3)cc(=O)c2c(O)c1O[C@@H]1O[C@H](COC(C)=O)[C@@H](O)[C@H](O)[C@H]1O,EC50,=,95240.0,nM,4.02,,,UO_0000065,,,,,,CHEMBL1272790,Antioxidant activity of the compound assessed as DPPH radical scavenging activity after 30 mins,F,BAO_0000019,assay format,,,,,,,,,CHEMBL613712,Radical scavenging activity,,,CHEMBL1268973,1,,Bioorg Med Chem Lett,2010,,,,,95.24,,95240.0,4.979,Media
CHEMBL1272196,,,478.41,,-0.24,,COc1cc2oc(-c3ccc(O)c(O)c3)cc(=O)c2c(O)c1O[C@@H]1O[C@H](CO)[C@@H](O)[C@H](O)[C@H]1O,EC50,=,81170.0,nM,4.09,,,UO_0000065,,,,,,CHEMBL1272790,Antioxidant activity of the compound assessed as DPPH radical scavenging activity after 30 mins,F,BAO_0000019,assay format,,,,,,,,,CHEMBL613712,Radical scavenging activity,,,CHEMBL1268973,1,,Bioorg Med Chem Lett,2010,,,,,81.17,,81170.0,4.909,Media
CHEMBL1272197,,,462.41,,0.06,,COc1cc2oc(-c3ccc(O)cc3)cc(=O)c2c(O)c1O[C@@H]1O[C@H](CO)[C@@H](O)[C@H](O)[C@H]1O,EC50,=,159100.0,nM,,Outside typical range,,UO_0000065,,,,,,CHEMBL1272790,Antioxidant activity of the compound assessed as DPPH radical scavenging activity after 30 mins,F,BAO_0000019,assay format,,,,,,,,,CHEMBL613712,Radical scavenging activity,,,CHEMBL1268973,1,,Bioorg Med Chem Lett,2010,,,,,159.1,,159100.0,5.202,Media
CHEMBL8996,ERIODICTYOL,,288.25,,2.22,,O=C1C[C@@H](c2ccc(O)c(O)c2)Oc2cc(O)cc(O)c21,EC50,=,98770.0,nM,4.0,,,UO_0000065,,,,,,CHEMBL1272790,Antioxidant activity of the compound assessed as DPPH radical scavenging activity after 30 mins,F,BAO_0000019,assay format,,,,,,,,,CHEMBL613712,Radical scavenging activity,,,CHEMBL1268973,1,,Bioorg Med Chem Lett,2010,,,,,98.77,,98770.0,4.995,Media
CHEMBL9352,NARINGENIN,,272.26,,2.51,,O=C1C[C@@H](c2ccc(O)cc2)Oc2cc(O)cc(O)c21,EC50,=,72330.0,nM,4.14,,,UO_0000065,,,,,,CHEMBL1272790,Antioxidant activity of the compound assessed as DPPH radical scavenging activity after 30 mins,F,BAO_0000019,assay format,,,,,,,,,CHEMBL613712,Radical scavenging activity,,,CHEMBL1268973,1,,Bioorg Med Chem Lett,2010,,,,,72.33,,72330.0,4.859,Media
CHEMBL1272251,,,288.25,,2.22,,O=C1C[C@@H](c2cc(O)cc(O)c2)Oc2cc(O)cc(O)c21,EC50,=,32150.0,nM,4.49,,,UO_0000065,,,,,,CHEMBL1272790,Antioxidant activity of the compound assessed as DPPH radical scavenging activity after 30 mins,F,BAO_0000019,assay format,,,,,,,,,CHEMBL613712,Radical scavenging activity,,,CHEMBL1268973,1,,Bioorg Med Chem Lett,2010,,,,,32.15,,32150.0,4.507,Media
CHEMBL151,LUTEOLIN,,286.24,,2.28,,O=c1cc(-c2ccc(O)c(O)c2)oc2cc(O)cc(O)c12,EC50,=,6120.0,nM,5.21,,,UO_0000065,,,,,,CHEMBL1272790,Antioxidant activity of the compound assessed as DPPH radical scavenging activity after 30 mins,F,BAO_0000019,assay format,,,,,,,,,CHEMBL613712,Radical scavenging activity,,,CHEMBL1268973,1,,Bioorg Med Chem Lett,2010,,,,,6.12,,6120.0,3.787,Alta
CHEMBL55415,SCUTELLAREIN,,286.24,,2.28,,O=c1cc(-c2ccc(O)cc2)oc2cc(O)c(O)c(O)c12,EC50,=,20020.0,nM,4.7,,,UO_0000065,,,,,,CHEMBL1272790,Antioxidant activity of the compound assessed as DPPH radical scavenging activity after 30 mins,F,BAO_0000019,assay format,,,,,,,,,CHEMBL613712,Radical scavenging activity,,,CHEMBL1268973,1,,Bioorg Med Chem Lett,2010,,,,,20.02,,20020.0,4.301,Alta
CHEMBL1271925,,,504.44,,0.63,,COc1cc2oc(-c3ccc(O)cc3)cc(=O)c2c(O)c1O[C@@H]1O[C@H](COC(C)=O)[C@@H](O)[C@H](O)[C@H]1O,EC50,=,4510000.0,nM,,Outside typical range,,UO_0000065,,,,,,CHEMBL1272791,Antioxidant activity assessed as ferrous ion chelating activity,F,BAO_0000019,assay format,,,,,,,,,CHEMBL3879801,NON-PROTEIN TARGET,,,CHEMBL1268973,1,,Bioorg Med Chem Lett,2010,,,,,4.51,,4510000.0,6.654,Baja
CHEMBL1271926,,,492.43,,0.07,,COc1cc2oc(-c3ccc(O)c(O[C@@H]4O[C@H](CO)[C@@H](O)[C@H](O)[C@H]4O)c3)c(C)c(=O)c2c(O)c1O,EC50,=,60000.0,nM,4.22,,,UO_0000065,,,,,,CHEMBL1272791,Antioxidant activity assessed as ferrous ion chelating activity,F,BAO_0000019,assay format,,,,,,,,,CHEMBL3879801,NON-PROTEIN TARGET,,,CHEMBL1268973,1,,Bioorg Med Chem Lett,2010,,,,,0.06,,60000.0,4.778,Media
CHEMBL509624,,,450.4,,-0.31,,O=C1C[C@@H](c2ccc(O)c(O)c2)Oc2cc(O[C@@H]3O[C@H](CO)[C@@H](O)[C@H](O)[C@H]3O)cc(O)c21,EC50,=,212900000.0,nM,,Outside typical range,,UO_0000065,,,,,,CHEMBL1272791,Antioxidant activity assessed as ferrous ion chelating activity,F,BAO_0000019,assay format,,,,,,,,,CHEMBL3879801,NON-PROTEIN TARGET,,,CHEMBL1268973,1,,Bioorg Med Chem Lett,2010,,,,,212.9,,212900000.0,8.328,Baja
CHEMBL1271981,,,448.38,,-0.24,,O=c1cc(-c2cc(O)cc(O)c2)oc2cc(O[C@@H]3O[C@H](CO)[C@@H](O)[C@H](O)[C@H]3O)cc(O)c12,EC50,=,415700000.0,nM,,Outside typical range,,UO_0000065,,,,,,CHEMBL1272791,Antioxidant activity assessed as ferrous ion chelating activity,F,BAO_0000019,assay format,,,,,,,,,CHEMBL3879801,NON-PROTEIN TARGET,,,CHEMBL1268973,1,,Bioorg Med Chem Lett,2010,,,,,415.7,,415700000.0,8.619,Baja
CHEMBL469654,PRUNIN,,434.4,,-0.02,,O=C1C[C@@H](c2ccc(O)cc2)Oc2cc(O[C@@H]3O[C@H](CO)[C@@H](O)[C@H](O)[C@H]3O)cc(O)c21,EC50,=,380200000.0,nM,,Outside typical range,,UO_0000065,,,,,,CHEMBL1272791,Antioxidant activity assessed as ferrous ion chelating activity,F,BAO_0000019,assay format,,,,,,,,,CHEMBL3879801,NON-PROTEIN TARGET,,,CHEMBL1268973,1,,Bioorg Med Chem Lett,2010,,,,,380.2,,380200000.0,8.58,Baja
CHEMBL487017,APIGETRIN,,432.38,,0.05,,O=c1cc(-c2ccc(O)cc2)oc2cc(O[C@@H]3O[C@H](CO)[C@@H](O)[C@H](O)[C@H]3O)cc(O)c12,EC50,=,515100000.0,nM,,Outside typical range,,UO_0000065,,,,,,CHEMBL1272791,Antioxidant activity assessed as ferrous ion chelating activity,F,BAO_0000019,assay format,,,,,,,,,CHEMBL3879801,NON-PROTEIN TARGET,,,CHEMBL1268973,1,,Bioorg Med Chem Lett,2010,,,,,515.1,,515100000.0,8.712,Baja
CHEMBL233929,GALUTEOLIN,,448.38,,-0.24,,O=c1cc(-c2ccc(O)c(O)c2)oc2cc(O[C@@H]3O[C@H](CO)[C@@H](O)[C@H](O)[C@H]3O)cc(O)c12,EC50,=,1100000.0,nM,,Outside typical range,,UO_0000065,,,,,,CHEMBL1272791,Antioxidant activity assessed as ferrous ion chelating activity,F,BAO_0000019,assay format,,,,,,,,,CHEMBL3879801,NON-PROTEIN TARGET,,,CHEMBL1268973,1,,Bioorg Med Chem Lett,2010,,,,,1.1,,1100000.0,6.041,Baja
CHEMBL487018,TILIANINE,,446.41,,0.35,,COc1ccc(-c2cc(=O)c3c(O)cc(O[C@@H]4O[C@H](CO)[C@@H](O)[C@H](O)[C@H]4O)cc3o2)cc1,EC50,=,420000000.0,nM,,Outside typical range,,UO_0000065,,,,,,CHEMBL1272791,Antioxidant activity assessed as ferrous ion chelating activity,F,BAO_0000019,assay format,,,,,,,,,CHEMBL3879801,NON-PROTEIN TARGET,,,CHEMBL1268973,1,,Bioorg Med Chem Lett,2010,,,,,420.0,,420000000.0,8.623,Baja
CHEMBL1272141,,,490.42,,0.33,,CCOC(=O)[C@H]1O[C@@H](Oc2cc(O)c3c(=O)cc(-c4ccc(O)c(O)c4)oc3c2)[C@H](O)[C@@H](O)[C@@H]1O,EC50,=,3310000.0,nM,,Outside typical range,,UO_0000065,,,,,,CHEMBL1272791,Antioxidant activity assessed as ferrous ion chelating activity,F,BAO_0000019,assay format,,,,,,,,,CHEMBL3879801,NON-PROTEIN TARGET,,,CHEMBL1268973,1,,Bioorg Med Chem Lett,2010,,,,,3.31,,3310000.0,6.52,Baja
CHEMBL1272142,,,520.44,,0.33,,COc1cc2oc(-c3ccc(O)c(O)c3)cc(=O)c2c(O)c1O[C@@H]1O[C@H](COC(C)=O)[C@@H](O)[C@H](O)[C@H]1O,EC50,=,1130000.0,nM,,Outside typical range,,UO_0000065,,,,,,CHEMBL1272791,Antioxidant activity assessed as ferrous ion chelating activity,F,BAO_0000019,assay format,,,,,,,,,CHEMBL3879801,NON-PROTEIN TARGET,,,CHEMBL1268973,1,,Bioorg Med Chem Lett,2010,,,,,1.13,,1130000.0,6.053,Baja
CHEMBL1272196,,,478.41,,-0.24,,COc1cc2oc(-c3ccc(O)c(O)c3)cc(=O)c2c(O)c1O[C@@H]1O[C@H](CO)[C@@H](O)[C@H](O)[C@H]1O,EC50,=,27600000.0,nM,,Outside typical range,,UO_0000065,,,,,,CHEMBL1272791,Antioxidant activity assessed as ferrous ion chelating activity,F,BAO_0000019,assay format,,,,,,,,,CHEMBL3879801,NON-PROTEIN TARGET,,,CHEMBL1268973,1,,Bioorg Med Chem Lett,2010,,,,,27.6,,27600000.0,7.441,Baja
CHEMBL1272197,,,462.41,,0.06,,COc1cc2oc(-c3ccc(O)cc3)cc(=O)c2c(O)c1O[C@@H]1O[C@H](CO)[C@@H](O)[C@H](O)[C@H]1O,EC50,=,621100000.0,nM,,Outside typical range,,UO_0000065,,,,,,CHEMBL1272791,Antioxidant activity assessed as ferrous ion chelating activity,F,BAO_0000019,assay format,,,,,,,,,CHEMBL3879801,NON-PROTEIN TARGET,,,CHEMBL1268973,1,,Bioorg Med Chem Lett,2010,,,,,621.1,,621100000.0,8.793,Baja
CHEMBL8996,ERIODICTYOL,,288.25,,2.22,,O=C1C[C@@H](c2ccc(O)c(O)c2)Oc2cc(O)cc(O)c21,EC50,=,8370000.0,nM,,Outside typical range,,UO_0000065,,,,,,CHEMBL1272791,Antioxidant activity assessed as ferrous ion chelating activity,F,BAO_0000019,assay format,,,,,,,,,CHEMBL3879801,NON-PROTEIN TARGET,,,CHEMBL1268973,1,,Bioorg Med Chem Lett,2010,,,,,8.37,,8370000.0,6.923,Baja
CHEMBL9352,NARINGENIN,,272.26,,2.51,,O=C1C[C@@H](c2ccc(O)cc2)Oc2cc(O)cc(O)c21,EC50,=,21400000.0,nM,,Outside typical range,,UO_0000065,,,,,,CHEMBL1272791,Antioxidant activity assessed as ferrous ion chelating activity,F,BAO_0000019,assay format,,,,,,,,,CHEMBL3879801,NON-PROTEIN TARGET,,,CHEMBL1268973,1,,Bioorg Med Chem Lett,2010,,,,,21.4,,21400000.0,7.33,Baja
CHEMBL1272251,,,288.25,,2.22,,O=C1C[C@@H](c2cc(O)cc(O)c2)Oc2cc(O)cc(O)c21,EC50,=,161200000.0,nM,,Outside typical range,,UO_0000065,,,,,,CHEMBL1272791,Antioxidant activity assessed as ferrous ion chelating activity,F,BAO_0000019,assay format,,,,,,,,,CHEMBL3879801,NON-PROTEIN TARGET,,,CHEMBL1268973,1,,Bioorg Med Chem Lett,2010,,,,,161.2,,161200000.0,8.207,Baja
CHEMBL151,LUTEOLIN,,286.24,,2.28,,O=c1cc(-c2ccc(O)c(O)c2)oc2cc(O)cc(O)c12,EC50,=,12000000.0,nM,,Outside typical range,,UO_0000065,,,,,,CHEMBL1272791,Antioxidant activity assessed as ferrous ion chelating activity,F,BAO_0000019,assay format,,,,,,,,,CHEMBL3879801,NON-PROTEIN TARGET,,,CHEMBL1268973,1,,Bioorg Med Chem Lett,2010,,,,,12.0,,12000000.0,7.079,Baja
CHEMBL55415,SCUTELLAREIN,,286.24,,2.28,,O=c1cc(-c2ccc(O)cc2)oc2cc(O)c(O)c(O)c12,EC50,=,500000000.0,nM,,Outside typical range,,UO_0000065,,,,,,CHEMBL1272791,Antioxidant activity assessed as ferrous ion chelating activity,F,BAO_0000019,assay format,,,,,,,,,CHEMBL3879801,NON-PROTEIN TARGET,,,CHEMBL1268973,1,,Bioorg Med Chem Lett,2010,,,,,500.0,,500000000.0,8.699,Baja
CHEMBL1271925,,,504.44,,0.63,,COc1cc2oc(-c3ccc(O)cc3)cc(=O)c2c(O)c1O[C@@H]1O[C@H](COC(C)=O)[C@@H](O)[C@H](O)[C@H]1O,EC50,=,12300.0,nM,4.91,,,UO_0000065,,,,,,CHEMBL1272792,Antioxidant activity assessed as ABTS radical scavenging activity,F,BAO_0000019,assay format,,,,,,,,,CHEMBL3879801,NON-PROTEIN TARGET,,,CHEMBL1268973,1,,Bioorg Med Chem Lett,2010,,,,,12.3,,12300.0,4.09,Alta
CHEMBL1271926,,,492.43,,0.07,,COc1cc2oc(-c3ccc(O)c(O[C@@H]4O[C@H](CO)[C@@H](O)[C@H](O)[C@H]4O)c3)c(C)c(=O)c2c(O)c1O,EC50,=,15720.0,nM,4.8,,,UO_0000065,,,,,,CHEMBL1272792,Antioxidant activity assessed as ABTS radical scavenging activity,F,BAO_0000019,assay format,,,,,,,,,CHEMBL3879801,NON-PROTEIN TARGET,,,CHEMBL1268973,1,,Bioorg Med Chem Lett,2010,,,,,15.72,,15720.0,4.196,Alta
CHEMBL509624,,,450.4,,-0.31,,O=C1C[C@@H](c2ccc(O)c(O)c2)Oc2cc(O[C@@H]3O[C@H](CO)[C@@H](O)[C@H](O)[C@H]3O)cc(O)c21,EC50,=,7260.0,nM,5.14,,,UO_0000065,,,,,,CHEMBL1272792,Antioxidant activity assessed as ABTS radical scavenging activity,F,BAO_0000019,assay format,,,,,,,,,CHEMBL3879801,NON-PROTEIN TARGET,,,CHEMBL1268973,1,,Bioorg Med Chem Lett,2010,,,,,7.26,,7260.0,3.861,Alta
CHEMBL1271981,,,448.38,,-0.24,,O=c1cc(-c2cc(O)cc(O)c2)oc2cc(O[C@@H]3O[C@H](CO)[C@@H](O)[C@H](O)[C@H]3O)cc(O)c12,EC50,=,9650.0,nM,5.01,,,UO_0000065,,,,,,CHEMBL1272792,Antioxidant activity assessed as ABTS radical scavenging activity,F,BAO_0000019,assay format,,,,,,,,,CHEMBL3879801,NON-PROTEIN TARGET,,,CHEMBL1268973,1,,Bioorg Med Chem Lett,2010,,,,,9.65,,9650.0,3.985,Alta
CHEMBL469654,PRUNIN,,434.4,,-0.02,,O=C1C[C@@H](c2ccc(O)cc2)Oc2cc(O[C@@H]3O[C@H](CO)[C@@H](O)[C@H](O)[C@H]3O)cc(O)c21,EC50,=,18060.0,nM,4.74,,,UO_0000065,,,,,,CHEMBL1272792,Antioxidant activity assessed as ABTS radical scavenging activity,F,BAO_0000019,assay format,,,,,,,,,CHEMBL3879801,NON-PROTEIN TARGET,,,CHEMBL1268973,1,,Bioorg Med Chem Lett,2010,,,,,18.06,,18060.0,4.257,Alta
CHEMBL487017,APIGETRIN,,432.38,,0.05,,O=c1cc(-c2ccc(O)cc2)oc2cc(O[C@@H]3O[C@H](CO)[C@@H](O)[C@H](O)[C@H]3O)cc(O)c12,EC50,=,13090.0,nM,4.88,,,UO_0000065,,,,,,CHEMBL1272792,Antioxidant activity assessed as ABTS radical scavenging activity,F,BAO_0000019,assay format,,,,,,,,,CHEMBL3879801,NON-PROTEIN TARGET,,,CHEMBL1268973,1,,Bioorg Med Chem Lett,2010,,,,,13.09,,13090.0,4.117,Alta
CHEMBL233929,GALUTEOLIN,,448.38,,-0.24,,O=c1cc(-c2ccc(O)c(O)c2)oc2cc(O[C@@H]3O[C@H](CO)[C@@H](O)[C@H](O)[C@H]3O)cc(O)c12,EC50,=,56460.0,nM,4.25,,,UO_0000065,,,,,,CHEMBL1272792,Antioxidant activity assessed as ABTS radical scavenging activity,F,BAO_0000019,assay format,,,,,,,,,CHEMBL3879801,NON-PROTEIN TARGET,,,CHEMBL1268973,1,,Bioorg Med Chem Lett,2010,,,,,56.46,,56460.0,4.752,Media
CHEMBL487018,TILIANINE,,446.41,,0.35,,COc1ccc(-c2cc(=O)c3c(O)cc(O[C@@H]4O[C@H](CO)[C@@H](O)[C@H](O)[C@H]4O)cc3o2)cc1,EC50,=,400000.0,nM,,Outside typical range,,UO_0000065,,,,,,CHEMBL1272792,Antioxidant activity assessed as ABTS radical scavenging activity,F,BAO_0000019,assay format,,,,,,,,,CHEMBL3879801,NON-PROTEIN TARGET,,,CHEMBL1268973,1,,Bioorg Med Chem Lett,2010,,,,,400.0,,400000.0,5.602,Baja
CHEMBL1272141,,,490.42,,0.33,,CCOC(=O)[C@H]1O[C@@H](Oc2cc(O)c3c(=O)cc(-c4ccc(O)c(O)c4)oc3c2)[C@H](O)[C@@H](O)[C@@H]1O,EC50,=,87840.0,nM,4.06,,,UO_0000065,,,,,,CHEMBL1272792,Antioxidant activity assessed as ABTS radical scavenging activity,F,BAO_0000019,assay format,,,,,,,,,CHEMBL3879801,NON-PROTEIN TARGET,,,CHEMBL1268973,1,,Bioorg Med Chem Lett,2010,,,,,87.84,,87840.0,4.944,Media
CHEMBL1272142,,,520.44,,0.33,,COc1cc2oc(-c3ccc(O)c(O)c3)cc(=O)c2c(O)c1O[C@@H]1O[C@H](COC(C)=O)[C@@H](O)[C@H](O)[C@H]1O,EC50,=,76190.0,nM,4.12,,,UO_0000065,,,,,,CHEMBL1272792,Antioxidant activity assessed as ABTS radical scavenging activity,F,BAO_0000019,assay format,,,,,,,,,CHEMBL3879801,NON-PROTEIN TARGET,,,CHEMBL1268973,1,,Bioorg Med Chem Lett,2010,,,,,76.19,,76190.0,4.882,Media
CHEMBL1272196,,,478.41,,-0.24,,COc1cc2oc(-c3ccc(O)c(O)c3)cc(=O)c2c(O)c1O[C@@H]1O[C@H](CO)[C@@H](O)[C@H](O)[C@H]1O,EC50,=,86120.0,nM,4.07,,,UO_0000065,,,,,,CHEMBL1272792,Antioxidant activity assessed as ABTS radical scavenging activity,F,BAO_0000019,assay format,,,,,,,,,CHEMBL3879801,NON-PROTEIN TARGET,,,CHEMBL1268973,1,,Bioorg Med Chem Lett,2010,,,,,86.12,,86120.0,4.935,Media
CHEMBL1272197,,,462.41,,0.06,,COc1cc2oc(-c3ccc(O)cc3)cc(=O)c2c(O)c1O[C@@H]1O[C@H](CO)[C@@H](O)[C@H](O)[C@H]1O,EC50,=,581200.0,nM,,Outside typical range,,UO_0000065,,,,,,CHEMBL1272792,Antioxidant activity assessed as ABTS radical scavenging activity,F,BAO_0000019,assay format,,,,,,,,,CHEMBL3879801,NON-PROTEIN TARGET,,,CHEMBL1268973,1,,Bioorg Med Chem Lett,2010,,,,,581.2,,581200.0,5.764,Baja
CHEMBL8996,ERIODICTYOL,,288.25,,2.22,,O=C1C[C@@H](c2ccc(O)c(O)c2)Oc2cc(O)cc(O)c21,EC50,=,1150.0,nM,5.94,,,UO_0000065,,,,,,CHEMBL1272792,Antioxidant activity assessed as ABTS radical scavenging activity,F,BAO_0000019,assay format,,,,,,,,,CHEMBL3879801,NON-PROTEIN TARGET,,,CHEMBL1268973,1,,Bioorg Med Chem Lett,2010,,,,,1.15,,1150.0,3.061,Alta
CHEMBL9352,NARINGENIN,,272.26,,2.51,,O=C1C[C@@H](c2ccc(O)cc2)Oc2cc(O)cc(O)c21,EC50,=,13480.0,nM,4.87,,,UO_0000065,,,,,,CHEMBL1272792,Antioxidant activity assessed as ABTS radical scavenging activity,F,BAO_0000019,assay format,,,,,,,,,CHEMBL3879801,NON-PROTEIN TARGET,,,CHEMBL1268973,1,,Bioorg Med Chem Lett,2010,,,,,13.48,,13480.0,4.13,Alta
CHEMBL1272251,,,288.25,,2.22,,O=C1C[C@@H](c2cc(O)cc(O)c2)Oc2cc(O)cc(O)c21,EC50,=,16320.0,nM,4.79,,,UO_0000065,,,,,,CHEMBL1272792,Antioxidant activity assessed as ABTS radical scavenging activity,F,BAO_0000019,assay format,,,,,,,,,CHEMBL3879801,NON-PROTEIN TARGET,,,CHEMBL1268973,1,,Bioorg Med Chem Lett,2010,,,,,16.32,,16320.0,4.213,Alta
CHEMBL151,LUTEOLIN,,286.24,,2.28,,O=c1cc(-c2ccc(O)c(O)c2)oc2cc(O)cc(O)c12,EC50,=,105300.0,nM,,Outside typical range,,UO_0000065,,,,,,CHEMBL1272792,Antioxidant activity assessed as ABTS radical scavenging activity,F,BAO_0000019,assay format,,,,,,,,,CHEMBL3879801,NON-PROTEIN TARGET,,,CHEMBL1268973,1,,Bioorg Med Chem Lett,2010,,,,,105.3,,105300.0,5.022,Media
CHEMBL55415,SCUTELLAREIN,,286.24,,2.28,,O=c1cc(-c2ccc(O)cc2)oc2cc(O)c(O)c(O)c12,EC50,=,13370.0,nM,4.87,,,UO_0000065,,,,,,CHEMBL1272792,Antioxidant activity assessed as ABTS radical scavenging activity,F,BAO_0000019,assay format,,,,,,,,,CHEMBL3879801,NON-PROTEIN TARGET,,,CHEMBL1268973,1,,Bioorg Med Chem Lett,2010,,,,,13.37,,13370.0,4.126,Alta
CHEMBL1911051,RETICULOSIDE,,758.72,,-2.38,,C/C=C1/[C@H](O[C@@H]2O[C@H](CO)[C@@H](O)[C@H](O)[C@H]2O)OC=C(C(=O)OC)[C@H]1CC(=O)OC[C@H]1O[C@@H](Oc2c(OC)cc(/C=C/CO)cc2OC)[C@H](O)[C@@H](O)[C@@H]1O,EC50,=,64140.0,nM,4.19,,,UO_0000065,,,,,,CHEMBL1913116,Antioxidant activity assessed as superoxide radical scavenging activity after 20 mins by spectrophotometric analysis,F,BAO_0000019,assay format,,,,,,,,,CHEMBL3879801,NON-PROTEIN TARGET,,,CHEMBL1909498,1,,Bioorg Med Chem Lett,2011,,,,,64.14,,64140.0,4.807,Media
CHEMBL1911052,JASPOLYOSIDE,,926.87,,-1.9,,C/C=C1/[C@H](O[C@@H]2O[C@H](CO)[C@@H](O)[C@H](O)[C@H]2O)OC=C(C(=O)OC)[C@H]1CC(=O)OC[C@H]1O[C@@H](O[C@@H]2OC=C(C(=O)OC)[C@@H](CC(=O)OCCc3ccc(O)c(O)c3)/C2=C\C)[C@H](O)[C@@H](O)[C@@H]1O,EC50,=,4970.0,nM,5.3,,,UO_0000065,,,,,,CHEMBL1913116,Antioxidant activity assessed as superoxide radical scavenging activity after 20 mins by spectrophotometric analysis,F,BAO_0000019,assay format,,,,,,,,,CHEMBL3879801,NON-PROTEIN TARGET,,,CHEMBL1909498,1,,Bioorg Med Chem Lett,2011,,,,,4.97,,4970.0,3.696,Alta
CHEMBL1086877,LIGSTROSIDE,,524.52,,-0.34,,C/C=C1/[C@H](O[C@@H]2O[C@H](CO)[C@@H](O)[C@H](O)[C@H]2O)OC=C(C(=O)OC)[C@H]1CC(=O)OCCc1ccc(O)cc1,EC50,>,100000.0,nM,,,,UO_0000065,,,,,,CHEMBL1913116,Antioxidant activity assessed as superoxide radical scavenging activity after 20 mins by spectrophotometric analysis,F,BAO_0000019,assay format,,,,,,,,,CHEMBL3879801,NON-PROTEIN TARGET,,,CHEMBL1909498,1,,Bioorg Med Chem Lett,2011,,,,,100.0,,100000.0,5.0,Media
CHEMBL1911053,OLEUROPEIN,,540.52,,-0.63,,C/C=C1/[C@H](O[C@@H]2O[C@H](CO)[C@@H](O)[C@H](O)[C@H]2O)OC=C(C(=O)OC)[C@H]1CC(=O)OCCc1ccc(O)c(O)c1,EC50,=,2570.0,nM,5.59,,,UO_0000065,,,,,,CHEMBL1913116,Antioxidant activity assessed as superoxide radical scavenging activity after 20 mins by spectrophotometric analysis,F,BAO_0000019,assay format,,,,,,,,,CHEMBL3879801,NON-PROTEIN TARGET,,,CHEMBL1909498,1,,Bioorg Med Chem Lett,2011,,,,,2.57,,2570.0,3.41,Alta
CHEMBL1083218,,,520.53,,0.66,,COc1cc([C@H]2OC[C@H]3[C@@H]2CO[C@@H]3c2ccc(O[C@@H]3O[C@H](CO)[C@@H](O)[C@H](O)[C@H]3O)c(OC)c2)ccc1O,EC50,=,18550.0,nM,4.73,,,UO_0000065,,,,,,CHEMBL1913116,Antioxidant activity assessed as superoxide radical scavenging activity after 20 mins by spectrophotometric analysis,F,BAO_0000019,assay format,,,,,,,,,CHEMBL3879801,NON-PROTEIN TARGET,,,CHEMBL1909498,1,,Bioorg Med Chem Lett,2011,,,,,18.55,,18550.0,4.268,Alta
CHEMBL1077080,,,580.58,,0.68,,COc1cc([C@H]2OC[C@H]3[C@@H]2CO[C@@H]3c2cc(OC)c(O[C@@H]3O[C@H](CO)[C@@H](O)[C@H](O)[C@H]3O)c(OC)c2)cc(OC)c1O,EC50,>,100000.0,nM,,,,UO_0000065,,,,,,CHEMBL1913116,Antioxidant activity assessed as superoxide radical scavenging activity after 20 mins by spectrophotometric analysis,F,BAO_0000019,assay format,,,,,,,,,CHEMBL3879801,NON-PROTEIN TARGET,,,CHEMBL1909498,1,,Bioorg Med Chem Lett,2011,,,,,100.0,,100000.0,5.0,Media
CHEMBL505393,LIRIODENDRTACHIOSIDE,,742.72,,-1.85,,COc1cc([C@H]2OC[C@H]3[C@@H]2CO[C@@H]3c2cc(OC)c(O[C@@H]3O[C@H](CO)[C@@H](O)[C@H](O)[C@H]3O)c(OC)c2)cc(OC)c1O[C@H]1O[C@@H](CO)[C@H](O)[C@@H](O)[C@@H]1O,EC50,=,15980.0,nM,4.8,,,UO_0000065,,,,,,CHEMBL1913116,Antioxidant activity assessed as superoxide radical scavenging activity after 20 mins by spectrophotometric analysis,F,BAO_0000019,assay format,,,,,,,,,CHEMBL3879801,NON-PROTEIN TARGET,,,CHEMBL1909498,1,,Bioorg Med Chem Lett,2011,,,,,15.98,,15980.0,4.204,Alta
CHEMBL1911054,,,538.55,,-1.39,,COc1cc([C@H]2c3cc(O[C@@H]4O[C@H](CO)[C@@H](O)[C@H](O)[C@H]4O)c(OC)cc3C[C@@](O)(CO)[C@@H]2CO)ccc1O,EC50,=,39260.0,nM,4.41,,,UO_0000065,,,,,,CHEMBL1913116,Antioxidant activity assessed as superoxide radical scavenging activity after 20 mins by spectrophotometric analysis,F,BAO_0000019,assay format,,,,,,,,,CHEMBL3879801,NON-PROTEIN TARGET,,,CHEMBL1909498,1,,Bioorg Med Chem Lett,2011,,,,,39.26,,39260.0,4.594,Media
CHEMBL1911055,,,538.55,,-0.76,,COc1cc(C[C@]2(O)CO[C@@H](c3ccc(O[C@H]4O[C@@H](CO)[C@H](O)[C@@H](O)[C@@H]4O)c(OC)c3)[C@@H]2CO)ccc1O,EC50,>,100000.0,nM,,,,UO_0000065,,,,,,CHEMBL1913116,Antioxidant activity assessed as superoxide radical scavenging activity after 20 mins by spectrophotometric analysis,F,BAO_0000019,assay format,,,,,,,,,CHEMBL3879801,NON-PROTEIN TARGET,,,CHEMBL1909498,1,,Bioorg Med Chem Lett,2011,,,,,100.0,,100000.0,5.0,Media
CHEMBL1911056,,,538.55,,-0.76,,COc1cc([C@@H]2OC[C@@](O)(Cc3ccc(O[C@@H]4O[C@H](CO)[C@@H](O)[C@H](O)[C@H]4O)c(OC)c3)[C@H]2CO)ccc1O,EC50,=,25280.0,nM,4.6,,,UO_0000065,,,,,,CHEMBL1913116,Antioxidant activity assessed as superoxide radical scavenging activity after 20 mins by spectrophotometric analysis,F,BAO_0000019,assay format,,,,,,,,,CHEMBL3879801,NON-PROTEIN TARGET,,,CHEMBL1909498,1,,Bioorg Med Chem Lett,2011,,,,,25.28,,25280.0,4.403,Media
CHEMBL1911057,ARMANDISIDE,,552.57,,0.14,,COc1cc(C[C@@H]2CO[C@@H](c3cc(OC)c(O)c(OC)c3)[C@@H]2CO)ccc1O[C@@H]1O[C@H](CO)[C@@H](O)[C@H](O)[C@H]1O,EC50,=,10640.0,nM,4.97,,,UO_0000065,,,,,,CHEMBL1913116,Antioxidant activity assessed as superoxide radical scavenging activity after 20 mins by spectrophotometric analysis,F,BAO_0000019,assay format,,,,,,,,,CHEMBL3879801,NON-PROTEIN TARGET,,,CHEMBL1909498,1,,Bioorg Med Chem Lett,2011,,,,,10.64,,10640.0,4.027,Alta
CHEMBL1911058,CONIFERYALDEHYDE GLUCOSIDE,,340.33,,-0.91,,COc1cc(/C=C/C=O)ccc1O[C@@H]1O[C@H](CO)[C@@H](O)[C@H](O)[C@H]1O,EC50,>,100000.0,nM,,,,UO_0000065,,,,,,CHEMBL1913116,Antioxidant activity assessed as superoxide radical scavenging activity after 20 mins by spectrophotometric analysis,F,BAO_0000019,assay format,,,,,,,,,CHEMBL3879801,NON-PROTEIN TARGET,,,CHEMBL1909498,1,,Bioorg Med Chem Lett,2011,,,,,100.0,,100000.0,5.0,Media
CHEMBL251059,SINAPALDEHYDE GLUCOSIDE,,370.35,,-0.91,,COc1cc(/C=C/C=O)cc(OC)c1O[C@@H]1O[C@H](CO)[C@@H](O)[C@H](O)[C@H]1O,EC50,>,100000.0,nM,,,,UO_0000065,,,,,,CHEMBL1913116,Antioxidant activity assessed as superoxide radical scavenging activity after 20 mins by spectrophotometric analysis,F,BAO_0000019,assay format,,,,,,,,,CHEMBL3879801,NON-PROTEIN TARGET,,,CHEMBL1909498,1,,Bioorg Med Chem Lett,2011,,,,,100.0,,100000.0,5.0,Media
CHEMBL250872,SYRINGIN,,372.37,,-1.11,,COc1cc(/C=C/CO)cc(OC)c1O[C@@H]1O[C@H](CO)[C@@H](O)[C@H](O)[C@H]1O,EC50,=,70880.0,nM,4.15,,,UO_0000065,,,,,,CHEMBL1913116,Antioxidant activity assessed as superoxide radical scavenging activity after 20 mins by spectrophotometric analysis,F,BAO_0000019,assay format,,,,,,,,,CHEMBL3879801,NON-PROTEIN TARGET,,,CHEMBL1909498,1,,Bioorg Med Chem Lett,2011,,,,,70.88,,70880.0,4.851,Media
CHEMBL1911059,ISOSYRINGINOSIDE,,534.51,,-3.29,,COc1cc(/C=C/CO[C@H]2O[C@@H](CO)[C@H](O)[C@@H](O)[C@@H]2O)cc(OC)c1O[C@@H]1O[C@H](CO)[C@@H](O)[C@H](O)[C@H]1O,EC50,=,14140.0,nM,4.85,,,UO_0000065,,,,,,CHEMBL1913116,Antioxidant activity assessed as superoxide radical scavenging activity after 20 mins by spectrophotometric analysis,F,BAO_0000019,assay format,,,,,,,,,CHEMBL3879801,NON-PROTEIN TARGET,,,CHEMBL1909498,1,,Bioorg Med Chem Lett,2011,,,,,14.14,,14140.0,4.15,Alta
CHEMBL465208,SALIDROSIDE,,300.31,,-1.25,,OC[C@H]1O[C@@H](OCCc2ccc(O)cc2)[C@H](O)[C@@H](O)[C@@H]1O,EC50,>,100000.0,nM,,,,UO_0000065,,,,,,CHEMBL1913116,Antioxidant activity assessed as superoxide radical scavenging activity after 20 mins by spectrophotometric analysis,F,BAO_0000019,assay format,,,,,,,,,CHEMBL3879801,NON-PROTEIN TARGET,,,CHEMBL1909498,1,,Bioorg Med Chem Lett,2011,,,,,100.0,,100000.0,5.0,Media
CHEMBL1689261,,,316.31,,-1.54,,OC[C@H]1O[C@@H](OCCc2ccc(O)c(O)c2)[C@H](O)[C@@H](O)[C@@H]1O,EC50,=,4970.0,nM,5.3,,,UO_0000065,,,,,,CHEMBL1913116,Antioxidant activity assessed as superoxide radical scavenging activity after 20 mins by spectrophotometric analysis,F,BAO_0000019,assay format,,,,,,,,,CHEMBL3879801,NON-PROTEIN TARGET,,,CHEMBL1909498,1,,Bioorg Med Chem Lett,2011,,,,,4.97,,4970.0,3.696,Alta
CHEMBL1911051,RETICULOSIDE,,758.72,,-2.38,,C/C=C1/[C@H](O[C@@H]2O[C@H](CO)[C@@H](O)[C@H](O)[C@H]2O)OC=C(C(=O)OC)[C@H]1CC(=O)OC[C@H]1O[C@@H](Oc2c(OC)cc(/C=C/CO)cc2OC)[C@H](O)[C@@H](O)[C@@H]1O,EC50,>,100000.0,nM,,,,UO_0000065,,,,,,CHEMBL1913117,Antioxidant activity assessed as DPPH radical scavenging activity after 30 mins by spectrophotometric analysis,F,BAO_0000019,assay format,,,,,,,,,CHEMBL613712,Radical scavenging activity,,,CHEMBL1909498,1,,Bioorg Med Chem Lett,2011,,,,,100.0,,100000.0,5.0,Media
CHEMBL1911052,JASPOLYOSIDE,,926.87,,-1.9,,C/C=C1/[C@H](O[C@@H]2O[C@H](CO)[C@@H](O)[C@H](O)[C@H]2O)OC=C(C(=O)OC)[C@H]1CC(=O)OC[C@H]1O[C@@H](O[C@@H]2OC=C(C(=O)OC)[C@@H](CC(=O)OCCc3ccc(O)c(O)c3)/C2=C\C)[C@H](O)[C@@H](O)[C@@H]1O,EC50,>,100000.0,nM,,,,UO_0000065,,,,,,CHEMBL1913117,Antioxidant activity assessed as DPPH radical scavenging activity after 30 mins by spectrophotometric analysis,F,BAO_0000019,assay format,,,,,,,,,CHEMBL613712,Radical scavenging activity,,,CHEMBL1909498,1,,Bioorg Med Chem Lett,2011,,,,,100.0,,100000.0,5.0,Media
CHEMBL1086877,LIGSTROSIDE,,524.52,,-0.34,,C/C=C1/[C@H](O[C@@H]2O[C@H](CO)[C@@H](O)[C@H](O)[C@H]2O)OC=C(C(=O)OC)[C@H]1CC(=O)OCCc1ccc(O)cc1,EC50,>,100000.0,nM,,,,UO_0000065,,,,,,CHEMBL1913117,Antioxidant activity assessed as DPPH radical scavenging activity after 30 mins by spectrophotometric analysis,F,BAO_0000019,assay format,,,,,,,,,CHEMBL613712,Radical scavenging activity,,,CHEMBL1909498,1,,Bioorg Med Chem Lett,2011,,,,,100.0,,100000.0,5.0,Media
CHEMBL1911053,OLEUROPEIN,,540.52,,-0.63,,C/C=C1/[C@H](O[C@@H]2O[C@H](CO)[C@@H](O)[C@H](O)[C@H]2O)OC=C(C(=O)OC)[C@H]1CC(=O)OCCc1ccc(O)c(O)c1,EC50,=,20840.0,nM,4.68,,,UO_0000065,,,,,,CHEMBL1913117,Antioxidant activity assessed as DPPH radical scavenging activity after 30 mins by spectrophotometric analysis,F,BAO_0000019,assay format,,,,,,,,,CHEMBL613712,Radical scavenging activity,,,CHEMBL1909498,1,,Bioorg Med Chem Lett,2011,,,,,20.84,,20840.0,4.319,Alta
CHEMBL1083218,,,520.53,,0.66,,COc1cc([C@H]2OC[C@H]3[C@@H]2CO[C@@H]3c2ccc(O[C@@H]3O[C@H](CO)[C@@H](O)[C@H](O)[C@H]3O)c(OC)c2)ccc1O,EC50,>,100000.0,nM,,,,UO_0000065,,,,,,CHEMBL1913117,Antioxidant activity assessed as DPPH radical scavenging activity after 30 mins by spectrophotometric analysis,F,BAO_0000019,assay format,,,,,,,,,CHEMBL613712,Radical scavenging activity,,,CHEMBL1909498,1,,Bioorg Med Chem Lett,2011,,,,,100.0,,100000.0,5.0,Media
CHEMBL1077080,,,580.58,,0.68,,COc1cc([C@H]2OC[C@H]3[C@@H]2CO[C@@H]3c2cc(OC)c(O[C@@H]3O[C@H](CO)[C@@H](O)[C@H](O)[C@H]3O)c(OC)c2)cc(OC)c1O,EC50,>,100000.0,nM,,,,UO_0000065,,,,,,CHEMBL1913117,Antioxidant activity assessed as DPPH radical scavenging activity after 30 mins by spectrophotometric analysis,F,BAO_0000019,assay format,,,,,,,,,CHEMBL613712,Radical scavenging activity,,,CHEMBL1909498,1,,Bioorg Med Chem Lett,2011,,,,,100.0,,100000.0,5.0,Media
CHEMBL505393,LIRIODENDRTACHIOSIDE,,742.72,,-1.85,,COc1cc([C@H]2OC[C@H]3[C@@H]2CO[C@@H]3c2cc(OC)c(O[C@@H]3O[C@H](CO)[C@@H](O)[C@H](O)[C@H]3O)c(OC)c2)cc(OC)c1O[C@H]1O[C@@H](CO)[C@H](O)[C@@H](O)[C@@H]1O,EC50,>,100000.0,nM,,,,UO_0000065,,,,,,CHEMBL1913117,Antioxidant activity assessed as DPPH radical scavenging activity after 30 mins by spectrophotometric analysis,F,BAO_0000019,assay format,,,,,,,,,CHEMBL613712,Radical scavenging activity,,,CHEMBL1909498,1,,Bioorg Med Chem Lett,2011,,,,,100.0,,100000.0,5.0,Media
CHEMBL1911054,,,538.55,,-1.39,,COc1cc([C@H]2c3cc(O[C@@H]4O[C@H](CO)[C@@H](O)[C@H](O)[C@H]4O)c(OC)cc3C[C@@](O)(CO)[C@@H]2CO)ccc1O,EC50,>,100000.0,nM,,,,UO_0000065,,,,,,CHEMBL1913117,Antioxidant activity assessed as DPPH radical scavenging activity after 30 mins by spectrophotometric analysis,F,BAO_0000019,assay format,,,,,,,,,CHEMBL613712,Radical scavenging activity,,,CHEMBL1909498,1,,Bioorg Med Chem Lett,2011,,,,,100.0,,100000.0,5.0,Media
CHEMBL1911055,,,538.55,,-0.76,,COc1cc(C[C@]2(O)CO[C@@H](c3ccc(O[C@H]4O[C@@H](CO)[C@H](O)[C@@H](O)[C@@H]4O)c(OC)c3)[C@@H]2CO)ccc1O,EC50,>,100000.0,nM,,,,UO_0000065,,,,,,CHEMBL1913117,Antioxidant activity assessed as DPPH radical scavenging activity after 30 mins by spectrophotometric analysis,F,BAO_0000019,assay format,,,,,,,,,CHEMBL613712,Radical scavenging activity,,,CHEMBL1909498,1,,Bioorg Med Chem Lett,2011,,,,,100.0,,100000.0,5.0,Media
CHEMBL1911056,,,538.55,,-0.76,,COc1cc([C@@H]2OC[C@@](O)(Cc3ccc(O[C@@H]4O[C@H](CO)[C@@H](O)[C@H](O)[C@H]4O)c(OC)c3)[C@H]2CO)ccc1O,EC50,>,100000.0,nM,,,,UO_0000065,,,,,,CHEMBL1913117,Antioxidant activity assessed as DPPH radical scavenging activity after 30 mins by spectrophotometric analysis,F,BAO_0000019,assay format,,,,,,,,,CHEMBL613712,Radical scavenging activity,,,CHEMBL1909498,1,,Bioorg Med Chem Lett,2011,,,,,100.0,,100000.0,5.0,Media
CHEMBL1911057,ARMANDISIDE,,552.57,,0.14,,COc1cc(C[C@@H]2CO[C@@H](c3cc(OC)c(O)c(OC)c3)[C@@H]2CO)ccc1O[C@@H]1O[C@H](CO)[C@@H](O)[C@H](O)[C@H]1O,EC50,>,100000.0,nM,,,,UO_0000065,,,,,,CHEMBL1913117,Antioxidant activity assessed as DPPH radical scavenging activity after 30 mins by spectrophotometric analysis,F,BAO_0000019,assay format,,,,,,,,,CHEMBL613712,Radical scavenging activity,,,CHEMBL1909498,1,,Bioorg Med Chem Lett,2011,,,,,100.0,,100000.0,5.0,Media
CHEMBL1911058,CONIFERYALDEHYDE GLUCOSIDE,,340.33,,-0.91,,COc1cc(/C=C/C=O)ccc1O[C@@H]1O[C@H](CO)[C@@H](O)[C@H](O)[C@H]1O,EC50,>,100000.0,nM,,,,UO_0000065,,,,,,CHEMBL1913117,Antioxidant activity assessed as DPPH radical scavenging activity after 30 mins by spectrophotometric analysis,F,BAO_0000019,assay format,,,,,,,,,CHEMBL613712,Radical scavenging activity,,,CHEMBL1909498,1,,Bioorg Med Chem Lett,2011,,,,,100.0,,100000.0,5.0,Media
CHEMBL251059,SINAPALDEHYDE GLUCOSIDE,,370.35,,-0.91,,COc1cc(/C=C/C=O)cc(OC)c1O[C@@H]1O[C@H](CO)[C@@H](O)[C@H](O)[C@H]1O,EC50,>,100000.0,nM,,,,UO_0000065,,,,,,CHEMBL1913117,Antioxidant activity assessed as DPPH radical scavenging activity after 30 mins by spectrophotometric analysis,F,BAO_0000019,assay format,,,,,,,,,CHEMBL613712,Radical scavenging activity,,,CHEMBL1909498,1,,Bioorg Med Chem Lett,2011,,,,,100.0,,100000.0,5.0,Media
CHEMBL250872,SYRINGIN,,372.37,,-1.11,,COc1cc(/C=C/CO)cc(OC)c1O[C@@H]1O[C@H](CO)[C@@H](O)[C@H](O)[C@H]1O,EC50,>,100000.0,nM,,,,UO_0000065,,,,,,CHEMBL1913117,Antioxidant activity assessed as DPPH radical scavenging activity after 30 mins by spectrophotometric analysis,F,BAO_0000019,assay format,,,,,,,,,CHEMBL613712,Radical scavenging activity,,,CHEMBL1909498,1,,Bioorg Med Chem Lett,2011,,,,,100.0,,100000.0,5.0,Media
CHEMBL1911059,ISOSYRINGINOSIDE,,534.51,,-3.29,,COc1cc(/C=C/CO[C@H]2O[C@@H](CO)[C@H](O)[C@@H](O)[C@@H]2O)cc(OC)c1O[C@@H]1O[C@H](CO)[C@@H](O)[C@H](O)[C@H]1O,EC50,>,100000.0,nM,,,,UO_0000065,,,,,,CHEMBL1913117,Antioxidant activity assessed as DPPH radical scavenging activity after 30 mins by spectrophotometric analysis,F,BAO_0000019,assay format,,,,,,,,,CHEMBL613712,Radical scavenging activity,,,CHEMBL1909498,1,,Bioorg Med Chem Lett,2011,,,,,100.0,,100000.0,5.0,Media
CHEMBL465208,SALIDROSIDE,,300.31,,-1.25,,OC[C@H]1O[C@@H](OCCc2ccc(O)cc2)[C@H](O)[C@@H](O)[C@@H]1O,EC50,>,100000.0,nM,,,,UO_0000065,,,,,,CHEMBL1913117,Antioxidant activity assessed as DPPH radical scavenging activity after 30 mins by spectrophotometric analysis,F,BAO_0000019,assay format,,,,,,,,,CHEMBL613712,Radical scavenging activity,,,CHEMBL1909498,1,,Bioorg Med Chem Lett,2011,,,,,100.0,,100000.0,5.0,Media
CHEMBL1689261,,,316.31,,-1.54,,OC[C@H]1O[C@@H](OCCc2ccc(O)c(O)c2)[C@H](O)[C@@H](O)[C@@H]1O,EC50,=,32960.0,nM,4.48,,,UO_0000065,,,,,,CHEMBL1913117,Antioxidant activity assessed as DPPH radical scavenging activity after 30 mins by spectrophotometric analysis,F,BAO_0000019,assay format,,,,,,,,,CHEMBL613712,Radical scavenging activity,,,CHEMBL1909498,1,,Bioorg Med Chem Lett,2011,,,,,32.96,,32960.0,4.518,Media
CHEMBL2048833,,,340.33,,2.98,,CCOC(=O)Cc1cc(O)cc2oc(-c3ccc(O)cc3)cc(=O)c12,EC50,=,71.11,ug.mL-1,,Outside typical range,,UO_0000274,,,,,,CHEMBL2051469,Antioxidant activity assessed as DPPH free radical scavenging activity,F,BAO_0000019,assay format,,,,,,,,,CHEMBL613712,Radical scavenging activity,,,CHEMBL2046382,1,,Bioorg Med Chem Lett,2012,,,,,71.11,,208944.26,5.32,Baja
CHEMBL2048834,,,358.3,,2.0,,COC(=O)Cc1cc(O)cc2oc(-c3cc(O)c(O)c(O)c3)cc(=O)c12,EC50,=,55.08,ug.mL-1,,Outside typical range,,UO_0000274,,,,,,CHEMBL2051469,Antioxidant activity assessed as DPPH free radical scavenging activity,F,BAO_0000019,assay format,,,,,,,,,CHEMBL613712,Radical scavenging activity,,,CHEMBL2046382,1,,Bioorg Med Chem Lett,2012,,,,,55.08,,153725.928,5.187,Media
CHEMBL2048835,,,342.3,,2.29,,COC(=O)Cc1cc(O)cc2oc(-c3ccc(O)c(O)c3)cc(=O)c12,EC50,=,49.99,ug.mL-1,,,,UO_0000274,,,,,,CHEMBL2051469,Antioxidant activity assessed as DPPH free radical scavenging activity,F,BAO_0000019,assay format,,,,,,,,,CHEMBL613712,Radical scavenging activity,,,CHEMBL2046382,1,,Bioorg Med Chem Lett,2012,,,,,49.99,,146041.484,5.164,Media
CHEMBL2048836,,,342.3,,2.29,,COC(=O)Cc1cc(O)cc2oc(-c3ccc(O)cc3O)cc(=O)c12,EC50,=,60.0,ug.mL-1,,Outside typical range,,UO_0000274,,,,,,CHEMBL2051469,Antioxidant activity assessed as DPPH free radical scavenging activity,F,BAO_0000019,assay format,,,,,,,,,CHEMBL613712,Radical scavenging activity,,,CHEMBL2046382,1,,Bioorg Med Chem Lett,2012,,,,,60.0,,175284.838,5.244,Baja
CHEMBL2048837,,,342.3,,2.29,,COC(=O)Cc1cc(O)cc2oc(-c3cc(O)ccc3O)cc(=O)c12,EC50,=,119.11,ug.mL-1,,Outside typical range,,UO_0000274,,,,,,CHEMBL2051469,Antioxidant activity assessed as DPPH free radical scavenging activity,F,BAO_0000019,assay format,,,,,,,,,CHEMBL613712,Radical scavenging activity,,,CHEMBL2046382,1,,Bioorg Med Chem Lett,2012,,,,,119.11,,347969.617,5.542,Baja
CHEMBL2048960,,,362.74,,3.67,,COC(=O)Cc1cc(O)cc2oc(-c3ccc(Cl)c(F)c3)cc(=O)c12,EC50,=,61.66,ug.mL-1,,Outside typical range,,UO_0000274,,,,,,CHEMBL2051469,Antioxidant activity assessed as DPPH free radical scavenging activity,F,BAO_0000019,assay format,,,,,,,,,CHEMBL613712,Radical scavenging activity,,,CHEMBL2046382,1,,Bioorg Med Chem Lett,2012,,,,,61.66,,169984.011,5.23,Media
CHEMBL151,LUTEOLIN,,286.24,,2.28,,O=c1cc(-c2ccc(O)c(O)c2)oc2cc(O)cc(O)c12,EC50,=,44.18,ug.mL-1,,,,UO_0000274,,,,,,CHEMBL2051469,Antioxidant activity assessed as DPPH free radical scavenging activity,F,BAO_0000019,assay format,,,,,,,,,CHEMBL613712,Radical scavenging activity,,,CHEMBL2046382,1,,Bioorg Med Chem Lett,2012,,,,,44.18,,154346.003,5.188,Media
CHEMBL196,ASCORBIC ACID,,176.12,,-1.41,,O=C1O[C@H]([C@@H](O)CO)C(O)=C1O,EC50,=,40.28,ug.mL-1,,,,UO_0000274,,,,,,CHEMBL2051469,Antioxidant activity assessed as DPPH free radical scavenging activity,F,BAO_0000019,assay format,,,,,,,,,CHEMBL613712,Radical scavenging activity,,,CHEMBL2046382,1,,Bioorg Med Chem Lett,2012,,,,,40.28,,228707.699,5.359,Baja
CHEMBL2048833,,,340.33,,2.98,,CCOC(=O)Cc1cc(O)cc2oc(-c3ccc(O)cc3)cc(=O)c12,EC50,=,77.71,ug.mL-1,,Outside typical range,,UO_0000274,,,,,,CHEMBL2051470,Antioxidant activity assessed as superoxide radical scavenging activity,F,BAO_0000019,assay format,,,,,,,,,CHEMBL3879801,NON-PROTEIN TARGET,,,CHEMBL2046382,1,,Bioorg Med Chem Lett,2012,,,,,77.71,,228337.202,5.359,Baja
CHEMBL2048834,,,358.3,,2.0,,COC(=O)Cc1cc(O)cc2oc(-c3cc(O)c(O)c(O)c3)cc(=O)c12,EC50,=,50.09,ug.mL-1,,Outside typical range,,UO_0000274,,,,,,CHEMBL2051470,Antioxidant activity assessed as superoxide radical scavenging activity,F,BAO_0000019,assay format,,,,,,,,,CHEMBL3879801,NON-PROTEIN TARGET,,,CHEMBL2046382,1,,Bioorg Med Chem Lett,2012,,,,,50.09,,139799.051,5.146,Media
CHEMBL2048835,,,342.3,,2.29,,COC(=O)Cc1cc(O)cc2oc(-c3ccc(O)c(O)c3)cc(=O)c12,EC50,=,44.08,ug.mL-1,,,,UO_0000274,,,,,,CHEMBL2051470,Antioxidant activity assessed as superoxide radical scavenging activity,F,BAO_0000019,assay format,,,,,,,,,CHEMBL3879801,NON-PROTEIN TARGET,,,CHEMBL2046382,1,,Bioorg Med Chem Lett,2012,,,,,44.08,,128775.928,5.11,Media
CHEMBL2048836,,,342.3,,2.29,,COC(=O)Cc1cc(O)cc2oc(-c3ccc(O)cc3O)cc(=O)c12,EC50,=,60.9,ug.mL-1,,Outside typical range,,UO_0000274,,,,,,CHEMBL2051470,Antioxidant activity assessed as superoxide radical scavenging activity,F,BAO_0000019,assay format,,,,,,,,,CHEMBL3879801,NON-PROTEIN TARGET,,,CHEMBL2046382,1,,Bioorg Med Chem Lett,2012,,,,,60.9,,177914.11,5.25,Baja
CHEMBL2048837,,,342.3,,2.29,,COC(=O)Cc1cc(O)cc2oc(-c3cc(O)ccc3O)cc(=O)c12,EC50,=,106.22,ug.mL-1,,Outside typical range,,UO_0000274,,,,,,CHEMBL2051470,Antioxidant activity assessed as superoxide radical scavenging activity,F,BAO_0000019,assay format,,,,,,,,,CHEMBL3879801,NON-PROTEIN TARGET,,,CHEMBL2046382,1,,Bioorg Med Chem Lett,2012,,,,,106.22,,310312.591,5.492,Baja
CHEMBL2048960,,,362.74,,3.67,,COC(=O)Cc1cc(O)cc2oc(-c3ccc(Cl)c(F)c3)cc(=O)c12,EC50,=,60.92,ug.mL-1,,Outside typical range,,UO_0000274,,,,,,CHEMBL2051470,Antioxidant activity assessed as superoxide radical scavenging activity,F,BAO_0000019,assay format,,,,,,,,,CHEMBL3879801,NON-PROTEIN TARGET,,,CHEMBL2046382,1,,Bioorg Med Chem Lett,2012,,,,,60.92,,167943.982,5.225,Media
CHEMBL151,LUTEOLIN,,286.24,,2.28,,O=c1cc(-c2ccc(O)c(O)c2)oc2cc(O)cc(O)c12,EC50,=,31.01,ug.mL-1,,,,UO_0000274,,,,,,CHEMBL2051470,Antioxidant activity assessed as superoxide radical scavenging activity,F,BAO_0000019,assay format,,,,,,,,,CHEMBL3879801,NON-PROTEIN TARGET,,,CHEMBL2046382,1,,Bioorg Med Chem Lett,2012,,,,,31.01,,108335.662,5.035,Media
CHEMBL196,ASCORBIC ACID,,176.12,,-1.41,,O=C1O[C@H]([C@@H](O)CO)C(O)=C1O,EC50,=,21.01,ug.mL-1,,,,UO_0000274,,,,,,CHEMBL2051470,Antioxidant activity assessed as superoxide radical scavenging activity,F,BAO_0000019,assay format,,,,,,,,,CHEMBL3879801,NON-PROTEIN TARGET,,,CHEMBL2046382,1,,Bioorg Med Chem Lett,2012,,,,,21.01,,119293.663,5.077,Media
CHEMBL196,ASCORBIC ACID,,176.12,,-1.41,,O=C1O[C@H]([C@@H](O)CO)C(O)=C1O,EC50,=,3.22,ug.mL-1,,,,UO_0000274,,,,,,CHEMBL2411120,Antioxidant activity assessed as DPPH free radical scavenging activity after 30 mins by spectrophotometry,F,BAO_0000019,assay format,,,,,,,,,CHEMBL613712,Radical scavenging activity,,,CHEMBL2407089,1,,Eur J Med Chem,2013,,,,,3.22,,18282.989,4.262,Alta
CHEMBL2408314,,,402.46,,5.11,,Cc1ccc(-c2cc3ncc4c(-c5cccnc5)nn(-c5ccccc5)c4n3n2)cc1,EC50,=,53.76,ug.mL-1,,Outside typical range,,UO_0000274,,,,,,CHEMBL2411120,Antioxidant activity assessed as DPPH free radical scavenging activity after 30 mins by spectrophotometry,F,BAO_0000019,assay format,,,,,,,,,CHEMBL613712,Radical scavenging activity,,,CHEMBL2407089,1,,Eur J Med Chem,2013,,,,,53.76,,133578.492,5.126,Media
CHEMBL2408313,,,422.88,,5.45,,Clc1ccc(-c2cc3ncc4c(-c5cccnc5)nn(-c5ccccc5)c4n3n2)cc1,EC50,=,80.5,ug.mL-1,,Outside typical range,,UO_0000274,,,,,,CHEMBL2411120,Antioxidant activity assessed as DPPH free radical scavenging activity after 30 mins by spectrophotometry,F,BAO_0000019,assay format,,,,,,,,,CHEMBL613712,Radical scavenging activity,,,CHEMBL2407089,1,,Eur J Med Chem,2013,,,,,80.5,,190361.332,5.28,Baja
CHEMBL2408312,,,388.43,,4.8,,c1ccc(-c2cc3ncc4c(-c5cccnc5)nn(-c5ccccc5)c4n3n2)cc1,EC50,>,100.0,ug.mL-1,,Outside typical range,,UO_0000274,,,,,,CHEMBL2411120,Antioxidant activity assessed as DPPH free radical scavenging activity after 30 mins by spectrophotometry,F,BAO_0000019,assay format,,,,,,,,,CHEMBL613712,Radical scavenging activity,,,CHEMBL2407089,1,,Eur J Med Chem,2013,,,,,100.0,,257446.644,5.411,Baja
CHEMBL2408310,,,329.39,,4.02,,N#Cc1cc2c(-c3cccnc3)nn(-c3ccccc3)c2[nH]c1=S,EC50,=,92.85,ug.mL-1,,Outside typical range,,UO_0000274,,,,,,CHEMBL2411120,Antioxidant activity assessed as DPPH free radical scavenging activity after 30 mins by spectrophotometry,F,BAO_0000019,assay format,,,,,,,,,CHEMBL613712,Radical scavenging activity,,,CHEMBL2407089,1,,Eur J Med Chem,2013,,,,,92.85,,281884.696,5.45,Baja
CHEMBL2408150,,,313.32,,2.65,,N#Cc1cc2c(-c3cccnc3)nn(-c3ccccc3)c2[nH]c1=O,EC50,>,100.0,ug.mL-1,,Outside typical range,,UO_0000274,,,,,,CHEMBL2411120,Antioxidant activity assessed as DPPH free radical scavenging activity after 30 mins by spectrophotometry,F,BAO_0000019,assay format,,,,,,,,,CHEMBL613712,Radical scavenging activity,,,CHEMBL2407089,1,,Eur J Med Chem,2013,,,,,100.0,,319162.518,5.504,Baja
CHEMBL2408149,,,426.86,,4.66,,O=C(c1ccc(Cl)cc1)c1cc2c(-c3cccnc3)nn(-c3ccccc3)c2[nH]c1=O,EC50,=,8.97,ug.mL-1,,,,UO_0000274,,,,,,CHEMBL2411120,Antioxidant activity assessed as DPPH free radical scavenging activity after 30 mins by spectrophotometry,F,BAO_0000019,assay format,,,,,,,,,CHEMBL613712,Radical scavenging activity,,,CHEMBL2407089,1,,Eur J Med Chem,2013,,,,,8.97,,21013.916,4.323,Alta
CHEMBL2408148,,,410.41,,4.15,,O=C(c1ccc(F)cc1)c1cc2c(-c3cccnc3)nn(-c3ccccc3)c2[nH]c1=O,EC50,=,4.21,ug.mL-1,,,,UO_0000274,,,,,,CHEMBL2411120,Antioxidant activity assessed as DPPH free radical scavenging activity after 30 mins by spectrophotometry,F,BAO_0000019,assay format,,,,,,,,,CHEMBL613712,Radical scavenging activity,,,CHEMBL2407089,1,,Eur J Med Chem,2013,,,,,4.21,,10258.035,4.011,Alta
CHEMBL2408147,,,406.45,,4.32,,Cc1ccc(C(=O)c2cc3c(-c4cccnc4)nn(-c4ccccc4)c3[nH]c2=O)cc1,EC50,=,54.76,ug.mL-1,,Outside typical range,,UO_0000274,,,,,,CHEMBL2411120,Antioxidant activity assessed as DPPH free radical scavenging activity after 30 mins by spectrophotometry,F,BAO_0000019,assay format,,,,,,,,,CHEMBL613712,Radical scavenging activity,,,CHEMBL2407089,1,,Eur J Med Chem,2013,,,,,54.76,,134727.519,5.129,Media
CHEMBL2408146,,,393.41,,3.4,,O=C(c1cccnc1)c1cc2c(-c3cccnc3)nn(-c3ccccc3)c2[nH]c1=O,EC50,=,38.64,ug.mL-1,,,,UO_0000274,,,,,,CHEMBL2411120,Antioxidant activity assessed as DPPH free radical scavenging activity after 30 mins by spectrophotometry,F,BAO_0000019,assay format,,,,,,,,,CHEMBL613712,Radical scavenging activity,,,CHEMBL2407089,1,,Eur J Med Chem,2013,,,,,38.64,,98218.144,4.992,Media
CHEMBL3237818,,,298.25,,2.57,,O=C(O)c1ccccc1-c1cc2cc(O)c(O)cc2oc1=O,EC50,=,5320.0,nM,5.27,,,UO_0000065,,,,,,CHEMBL3239524,Antioxidant activity assessed as DPPH radical scavenging activity by spectrophotometry,F,BAO_0000019,assay format,,,,,,,,,CHEMBL613712,Radical scavenging activity,,,CHEMBL3232778,1,,Eur J Med Chem,2014,,,,,5.32,,5320.0,3.726,Alta
CHEMBL3237819,,,298.25,,2.57,,O=C(O)c1ccccc1-c1cc2ccc(O)c(O)c2oc1=O,EC50,=,3590.0,nM,5.45,,,UO_0000065,,,,,,CHEMBL3239524,Antioxidant activity assessed as DPPH radical scavenging activity by spectrophotometry,F,BAO_0000019,assay format,,,,,,,,,CHEMBL613712,Radical scavenging activity,,,CHEMBL3232778,1,,Eur J Med Chem,2014,,,,,3.59,,3590.0,3.555,Alta
CHEMBL3237820,,,298.25,,2.57,,O=C(O)c1cc(O)c(O)cc1-c1cc2ccccc2oc1=O,EC50,=,5140.0,nM,5.29,,,UO_0000065,,,,,,CHEMBL3239524,Antioxidant activity assessed as DPPH radical scavenging activity by spectrophotometry,F,BAO_0000019,assay format,,,,,,,,,CHEMBL613712,Radical scavenging activity,,,CHEMBL3232778,1,,Eur J Med Chem,2014,,,,,5.14,,5140.0,3.711,Alta
CHEMBL3237821,,,314.25,,2.28,,O=C(O)c1cc(O)c(O)cc1-c1cc2cc(O)ccc2oc1=O,EC50,=,3170.0,nM,5.5,,,UO_0000065,,,,,,CHEMBL3239524,Antioxidant activity assessed as DPPH radical scavenging activity by spectrophotometry,F,BAO_0000019,assay format,,,,,,,,,CHEMBL613712,Radical scavenging activity,,,CHEMBL3232778,1,,Eur J Med Chem,2014,,,,,3.17,,3170.0,3.501,Alta
CHEMBL3237822,,,314.25,,2.28,,O=C(O)c1cc(O)c(O)cc1-c1cc2c(O)cccc2oc1=O,EC50,=,6860.0,nM,5.16,,,UO_0000065,,,,,,CHEMBL3239524,Antioxidant activity assessed as DPPH radical scavenging activity by spectrophotometry,F,BAO_0000019,assay format,,,,,,,,,CHEMBL613712,Radical scavenging activity,,,CHEMBL3232778,1,,Eur J Med Chem,2014,,,,,6.86,,6860.0,3.836,Alta
CHEMBL3237823,,,314.25,,2.28,,O=C(O)c1cc(O)c(O)cc1-c1cc2cccc(O)c2oc1=O,EC50,=,4090.0,nM,5.39,,,UO_0000065,,,,,,CHEMBL3239524,Antioxidant activity assessed as DPPH radical scavenging activity by spectrophotometry,F,BAO_0000019,assay format,,,,,,,,,CHEMBL613712,Radical scavenging activity,,,CHEMBL3232778,1,,Eur J Med Chem,2014,,,,,4.09,,4090.0,3.612,Alta
CHEMBL3237824,,,314.25,,2.28,,O=C(O)c1cc(O)c(O)cc1-c1cc2ccc(O)cc2oc1=O,EC50,=,6020.0,nM,5.22,,,UO_0000065,,,,,,CHEMBL3239524,Antioxidant activity assessed as DPPH radical scavenging activity by spectrophotometry,F,BAO_0000019,assay format,,,,,,,,,CHEMBL613712,Radical scavenging activity,,,CHEMBL3232778,1,,Eur J Med Chem,2014,,,,,6.02,,6020.0,3.78,Alta
CHEMBL3237825,,,377.15,,3.33,,O=C(O)c1cc(O)c(O)cc1-c1cc2cc(Br)ccc2oc1=O,EC50,=,4020.0,nM,5.4,,,UO_0000065,,,,,,CHEMBL3239524,Antioxidant activity assessed as DPPH radical scavenging activity by spectrophotometry,F,BAO_0000019,assay format,,,,,,,,,CHEMBL613712,Radical scavenging activity,,,CHEMBL3232778,1,,Eur J Med Chem,2014,,,,,4.02,,4020.0,3.604,Alta
CHEMBL3237826,,,330.25,,1.98,,O=C(O)c1cc(O)c(O)cc1-c1cc2cc(O)c(O)cc2oc1=O,EC50,=,5300.0,nM,5.28,,,UO_0000065,,,,,,CHEMBL3239524,Antioxidant activity assessed as DPPH radical scavenging activity by spectrophotometry,F,BAO_0000019,assay format,,,,,,,,,CHEMBL613712,Radical scavenging activity,,,CHEMBL3232778,1,,Eur J Med Chem,2014,,,,,5.3,,5300.0,3.724,Alta
CHEMBL3237827,,,330.25,,1.98,,O=C(O)c1cc(O)c(O)cc1-c1cc2ccc(O)c(O)c2oc1=O,EC50,=,3390.0,nM,5.47,,,UO_0000065,,,,,,CHEMBL3239524,Antioxidant activity assessed as DPPH radical scavenging activity by spectrophotometry,F,BAO_0000019,assay format,,,,,,,,,CHEMBL613712,Radical scavenging activity,,,CHEMBL3232778,1,,Eur J Med Chem,2014,,,,,3.39,,3390.0,3.53,Alta
CHEMBL153,TROLOX,,250.29,,2.49,,Cc1c(C)c2c(c(C)c1O)CCC(C)(C(=O)O)O2,EC50,=,9340.0,nM,5.03,,,UO_0000065,,,,,,CHEMBL3239524,Antioxidant activity assessed as DPPH radical scavenging activity by spectrophotometry,F,BAO_0000019,assay format,,,,,,,,,CHEMBL613712,Radical scavenging activity,,,CHEMBL3232778,1,,Eur J Med Chem,2014,,,,,9.34,,9340.0,3.97,Alta
CHEMBL145,CAFFEIC ACID,,180.16,,1.2,,O=C(O)/C=C/c1ccc(O)c(O)c1,EC50,=,9480.0,nM,5.02,,,UO_0000065,,,,,,CHEMBL3239524,Antioxidant activity assessed as DPPH radical scavenging activity by spectrophotometry,F,BAO_0000019,assay format,,,,,,,,,CHEMBL613712,Radical scavenging activity,,,CHEMBL3232778,1,,Eur J Med Chem,2014,,,,,9.48,,9480.0,3.977,Alta
CHEMBL37537,PROTOCATECHUIC ACID,,154.12,,0.8,,O=C(O)c1ccc(O)c(O)c1,EC50,=,8830.0,nM,5.05,,,UO_0000065,,,,,,CHEMBL3239524,Antioxidant activity assessed as DPPH radical scavenging activity by spectrophotometry,F,BAO_0000019,assay format,,,,,,,,,CHEMBL613712,Radical scavenging activity,,,CHEMBL3232778,1,,Eur J Med Chem,2014,,,,,8.83,,8830.0,3.946,Alta
CHEMBL288114,GALLIC ACID,,170.12,,0.5,,O=C(O)c1cc(O)c(O)c(O)c1,EC50,=,5340.0,nM,5.27,,,UO_0000065,,,,,,CHEMBL3239524,Antioxidant activity assessed as DPPH radical scavenging activity by spectrophotometry,F,BAO_0000019,assay format,,,,,,,,,CHEMBL613712,Radical scavenging activity,,,CHEMBL3232778,1,,Eur J Med Chem,2014,,,,,5.34,,5340.0,3.728,Alta
CHEMBL3632846,,,503.64,,5.07,,COc1ccc2nc3c(c(NCCNC(=O)C4(C)CCc5c(C)c(O)c(C)c(C)c5O4)c2c1)CCCC3,EC50,=,95890.0,nM,4.02,,,UO_0000065,,,,,,CHEMBL3635772,Antioxidant activity assessed as DPPH radical scavenging activity after 30 mins by microplate reader analysis,P,BAO_0000100,small-molecule physicochemical format,,,,,,,,,CHEMBL2362975,No relevant target,,,CHEMBL3632576,1,,J Med Chem,2015,,,,,95.89,,95890.0,4.982,Media
CHEMBL3632847,,,517.67,,5.46,,COc1ccc2nc3c(c(NCCCNC(=O)C4(C)CCc5c(C)c(O)c(C)c(C)c5O4)c2c1)CCCC3,EC50,>,100000.0,nM,,,,UO_0000065,,,,,,CHEMBL3635772,Antioxidant activity assessed as DPPH radical scavenging activity after 30 mins by microplate reader analysis,P,BAO_0000100,small-molecule physicochemical format,,,,,,,,,CHEMBL2362975,No relevant target,,,CHEMBL3632576,1,,J Med Chem,2015,,,,,100.0,,100000.0,5.0,Media
CHEMBL3632626,,,531.7,,5.85,,COc1ccc2nc3c(c(NCCCCNC(=O)C4(C)CCc5c(C)c(O)c(C)c(C)c5O4)c2c1)CCCC3,EC50,>,100000.0,nM,,,,UO_0000065,,,,,,CHEMBL3635772,Antioxidant activity assessed as DPPH radical scavenging activity after 30 mins by microplate reader analysis,P,BAO_0000100,small-molecule physicochemical format,,,,,,,,,CHEMBL2362975,No relevant target,,,CHEMBL3632576,1,,J Med Chem,2015,,,,,100.0,,100000.0,5.0,Media
CHEMBL3632848,,,545.72,,6.24,,COc1ccc2nc3c(c(NCCCCCNC(=O)C4(C)CCc5c(C)c(O)c(C)c(C)c5O4)c2c1)CCCC3,EC50,=,62700.0,nM,4.2,,,UO_0000065,,,,,,CHEMBL3635772,Antioxidant activity assessed as DPPH radical scavenging activity after 30 mins by microplate reader analysis,P,BAO_0000100,small-molecule physicochemical format,,,,,,,,,CHEMBL2362975,No relevant target,,,CHEMBL3632576,1,,J Med Chem,2015,,,,,62.7,,62700.0,4.797,Media
CHEMBL3632849,,,559.75,,6.63,,COc1ccc2nc3c(c(NCCCCCCNC(=O)C4(C)CCc5c(C)c(O)c(C)c(C)c5O4)c2c1)CCCC3,EC50,=,58750.0,nM,4.23,,,UO_0000065,,,,,,CHEMBL3635772,Antioxidant activity assessed as DPPH radical scavenging activity after 30 mins by microplate reader analysis,P,BAO_0000100,small-molecule physicochemical format,,,,,,,,,CHEMBL2362975,No relevant target,,,CHEMBL3632576,1,,J Med Chem,2015,,,,,58.75,,58750.0,4.769,Media
CHEMBL3632850,,,573.78,,7.02,,COc1ccc2nc3c(c(NCCCCCCCNC(=O)C4(C)CCc5c(C)c(O)c(C)c(C)c5O4)c2c1)CCCC3,EC50,=,59010.0,nM,4.23,,,UO_0000065,,,,,,CHEMBL3635772,Antioxidant activity assessed as DPPH radical scavenging activity after 30 mins by microplate reader analysis,P,BAO_0000100,small-molecule physicochemical format,,,,,,,,,CHEMBL2362975,No relevant target,,,CHEMBL3632576,1,,J Med Chem,2015,,,,,59.01,,59010.0,4.771,Media
CHEMBL3632851,,,587.81,,7.41,,COc1ccc2nc3c(c(NCCCCCCCCNC(=O)C4(C)CCc5c(C)c(O)c(C)c(C)c5O4)c2c1)CCCC3,EC50,>,100000.0,nM,,,,UO_0000065,,,,,,CHEMBL3635772,Antioxidant activity assessed as DPPH radical scavenging activity after 30 mins by microplate reader analysis,P,BAO_0000100,small-molecule physicochemical format,,,,,,,,,CHEMBL2362975,No relevant target,,,CHEMBL3632576,1,,J Med Chem,2015,,,,,100.0,,100000.0,5.0,Media
CHEMBL3410951,,,473.62,,5.06,,Cc1c(C)c2c(c(C)c1O)CCC(C)(C(=O)NCCNc1c3c(nc4ccccc14)CCCC3)O2,EC50,>,100000.0,nM,,,,UO_0000065,,,,,,CHEMBL3635772,Antioxidant activity assessed as DPPH radical scavenging activity after 30 mins by microplate reader analysis,P,BAO_0000100,small-molecule physicochemical format,,,,,,,,,CHEMBL2362975,No relevant target,,,CHEMBL3632576,1,,J Med Chem,2015,,,,,100.0,,100000.0,5.0,Media
CHEMBL3632987,,,487.64,,5.45,,Cc1c(C)c2c(c(C)c1O)CCC(C)(C(=O)NCCCNc1c3c(nc4ccccc14)CCCC3)O2,EC50,=,51340.0,nM,4.29,,,UO_0000065,,,,,,CHEMBL3635772,Antioxidant activity assessed as DPPH radical scavenging activity after 30 mins by microplate reader analysis,P,BAO_0000100,small-molecule physicochemical format,,,,,,,,,CHEMBL2362975,No relevant target,,,CHEMBL3632576,1,,J Med Chem,2015,,,,,51.34,,51340.0,4.71,Media
CHEMBL3410952,,,501.67,,5.84,,Cc1c(C)c2c(c(C)c1O)CCC(C)(C(=O)NCCCCNc1c3c(nc4ccccc14)CCCC3)O2,EC50,>,100000.0,nM,,,,UO_0000065,,,,,,CHEMBL3635772,Antioxidant activity assessed as DPPH radical scavenging activity after 30 mins by microplate reader analysis,P,BAO_0000100,small-molecule physicochemical format,,,,,,,,,CHEMBL2362975,No relevant target,,,CHEMBL3632576,1,,J Med Chem,2015,,,,,100.0,,100000.0,5.0,Media
CHEMBL3410953,,,515.7,,6.23,,Cc1c(C)c2c(c(C)c1O)CCC(C)(C(=O)NCCCCCNc1c3c(nc4ccccc14)CCCC3)O2,EC50,=,65620.0,nM,4.18,,,UO_0000065,,,,,,CHEMBL3635772,Antioxidant activity assessed as DPPH radical scavenging activity after 30 mins by microplate reader analysis,P,BAO_0000100,small-molecule physicochemical format,,,,,,,,,CHEMBL2362975,No relevant target,,,CHEMBL3632576,1,,J Med Chem,2015,,,,,65.62,,65620.0,4.817,Media
CHEMBL3410954,,,529.73,,6.62,,Cc1c(C)c2c(c(C)c1O)CCC(C)(C(=O)NCCCCCCNc1c3c(nc4ccccc14)CCCC3)O2,EC50,=,61790.0,nM,4.21,,,UO_0000065,,,,,,CHEMBL3635772,Antioxidant activity assessed as DPPH radical scavenging activity after 30 mins by microplate reader analysis,P,BAO_0000100,small-molecule physicochemical format,,,,,,,,,CHEMBL2362975,No relevant target,,,CHEMBL3632576,1,,J Med Chem,2015,,,,,61.79,,61790.0,4.791,Media
CHEMBL3410955,,,543.75,,7.01,,Cc1c(C)c2c(c(C)c1O)CCC(C)(C(=O)NCCCCCCCNc1c3c(nc4ccccc14)CCCC3)O2,EC50,>,100000.0,nM,,,,UO_0000065,,,,,,CHEMBL3635772,Antioxidant activity assessed as DPPH radical scavenging activity after 30 mins by microplate reader analysis,P,BAO_0000100,small-molecule physicochemical format,,,,,,,,,CHEMBL2362975,No relevant target,,,CHEMBL3632576,1,,J Med Chem,2015,,,,,100.0,,100000.0,5.0,Media
CHEMBL3410956,,,557.78,,7.4,,Cc1c(C)c2c(c(C)c1O)CCC(C)(C(=O)NCCCCCCCCNc1c3c(nc4ccccc14)CCCC3)O2,EC50,=,66470.0,nM,4.18,,,UO_0000065,,,,,,CHEMBL3635772,Antioxidant activity assessed as DPPH radical scavenging activity after 30 mins by microplate reader analysis,P,BAO_0000100,small-molecule physicochemical format,,,,,,,,,CHEMBL2362975,No relevant target,,,CHEMBL3632576,1,,J Med Chem,2015,,,,,66.47,,66470.0,4.823,Media
CHEMBL3632988,,,508.06,,5.71,,Cc1c(C)c2c(c(C)c1O)CCC(C)(C(=O)NCCNc1c3c(nc4cc(Cl)ccc14)CCCC3)O2,EC50,=,67830.0,nM,4.17,,,UO_0000065,,,,,,CHEMBL3635772,Antioxidant activity assessed as DPPH radical scavenging activity after 30 mins by microplate reader analysis,P,BAO_0000100,small-molecule physicochemical format,,,,,,,,,CHEMBL2362975,No relevant target,,,CHEMBL3632576,1,,J Med Chem,2015,,,,,67.83,,67830.0,4.831,Media
CHEMBL3632989,,,522.09,,6.1,,Cc1c(C)c2c(c(C)c1O)CCC(C)(C(=O)NCCCNc1c3c(nc4cc(Cl)ccc14)CCCC3)O2,EC50,=,48830.0,nM,4.31,,,UO_0000065,,,,,,CHEMBL3635772,Antioxidant activity assessed as DPPH radical scavenging activity after 30 mins by microplate reader analysis,P,BAO_0000100,small-molecule physicochemical format,,,,,,,,,CHEMBL2362975,No relevant target,,,CHEMBL3632576,1,,J Med Chem,2015,,,,,48.83,,48830.0,4.689,Media
CHEMBL3632990,,,536.12,,6.49,,Cc1c(C)c2c(c(C)c1O)CCC(C)(C(=O)NCCCCNc1c3c(nc4cc(Cl)ccc14)CCCC3)O2,EC50,=,50770.0,nM,4.29,,,UO_0000065,,,,,,CHEMBL3635772,Antioxidant activity assessed as DPPH radical scavenging activity after 30 mins by microplate reader analysis,P,BAO_0000100,small-molecule physicochemical format,,,,,,,,,CHEMBL2362975,No relevant target,,,CHEMBL3632576,1,,J Med Chem,2015,,,,,50.77,,50770.0,4.706,Media
CHEMBL3632991,,,550.14,,6.88,,Cc1c(C)c2c(c(C)c1O)CCC(C)(C(=O)NCCCCCNc1c3c(nc4cc(Cl)ccc14)CCCC3)O2,EC50,=,49760.0,nM,4.3,,,UO_0000065,,,,,,CHEMBL3635772,Antioxidant activity assessed as DPPH radical scavenging activity after 30 mins by microplate reader analysis,P,BAO_0000100,small-molecule physicochemical format,,,,,,,,,CHEMBL2362975,No relevant target,,,CHEMBL3632576,1,,J Med Chem,2015,,,,,49.76,,49760.0,4.697,Media
CHEMBL3632992,,,564.17,,7.27,,Cc1c(C)c2c(c(C)c1O)CCC(C)(C(=O)NCCCCCCNc1c3c(nc4cc(Cl)ccc14)CCCC3)O2,EC50,=,48830.0,nM,4.31,,,UO_0000065,,,,,,CHEMBL3635772,Antioxidant activity assessed as DPPH radical scavenging activity after 30 mins by microplate reader analysis,P,BAO_0000100,small-molecule physicochemical format,,,,,,,,,CHEMBL2362975,No relevant target,,,CHEMBL3632576,1,,J Med Chem,2015,,,,,48.83,,48830.0,4.689,Media
CHEMBL3632993,,,578.2,,7.66,,Cc1c(C)c2c(c(C)c1O)CCC(C)(C(=O)NCCCCCCCNc1c3c(nc4cc(Cl)ccc14)CCCC3)O2,EC50,=,44240.0,nM,4.35,,,UO_0000065,,,,,,CHEMBL3635772,Antioxidant activity assessed as DPPH radical scavenging activity after 30 mins by microplate reader analysis,P,BAO_0000100,small-molecule physicochemical format,,,,,,,,,CHEMBL2362975,No relevant target,,,CHEMBL3632576,1,,J Med Chem,2015,,,,,44.24,,44240.0,4.646,Media
CHEMBL150372,3-HYDROXYCOUMARIN,,162.14,,1.5,,O=c1oc2ccccc2cc1O,EC50,=,65800.0,nM,4.18,,,UO_0000065,,,,,,CHEMBL3743018,Antioxidant activity assessed as DPPH radical scavenging activity,P,BAO_0000100,small-molecule physicochemical format,,,,,,,,,CHEMBL2362975,No relevant target,,,CHEMBL3739322,1,,Eur J Med Chem,2015,,,,,65.8,,65800.0,4.818,Media
CHEMBL301141,4-HYDROXYCOUMARINS,,162.14,,1.5,,O=c1cc(O)c2ccccc2o1,EC50,=,351300.0,nM,,Outside typical range,,UO_0000065,,,,,,CHEMBL3743018,Antioxidant activity assessed as DPPH radical scavenging activity,P,BAO_0000100,small-molecule physicochemical format,,,,,,,,,CHEMBL2362975,No relevant target,,,CHEMBL3739322,1,,Eur J Med Chem,2015,,,,,351.3,,351300.0,5.546,Baja
CHEMBL243263,6-HYDROXYCOUMARIN,,162.14,,1.5,,O=c1ccc2cc(O)ccc2o1,EC50,>,400000.0,nM,,Outside typical range,,UO_0000065,,,,,,CHEMBL3743018,Antioxidant activity assessed as DPPH radical scavenging activity,P,BAO_0000100,small-molecule physicochemical format,,,,,,,,,CHEMBL2362975,No relevant target,,,CHEMBL3739322,1,,Eur J Med Chem,2015,,,,,400.0,,400000.0,5.602,Baja
CHEMBL51628,UMBELLIFERONE,,162.14,,1.5,,O=c1ccc2ccc(O)cc2o1,EC50,>,400000.0,nM,,Outside typical range,,UO_0000065,,,,,,CHEMBL3743018,Antioxidant activity assessed as DPPH radical scavenging activity,P,BAO_0000100,small-molecule physicochemical format,,,,,,,,,CHEMBL2362975,No relevant target,,,CHEMBL3739322,1,,Eur J Med Chem,2015,,,,,400.0,,400000.0,5.602,Baja
CHEMBL3740422,,,295.29,,3.05,,O=c1oc2ccccc2cc1OC/C(=N\O)c1ccccc1,EC50,>,400000.0,nM,,Outside typical range,,UO_0000065,,,,,,CHEMBL3743018,Antioxidant activity assessed as DPPH radical scavenging activity,P,BAO_0000100,small-molecule physicochemical format,,,,,,,,,CHEMBL2362975,No relevant target,,,CHEMBL3739322,1,,Eur J Med Chem,2015,,,,,400.0,,400000.0,5.602,Baja
CHEMBL3740091,,,313.28,,3.19,,O=c1oc2ccccc2cc1OC/C(=N\O)c1ccc(F)cc1,EC50,>,400000.0,nM,,Outside typical range,,UO_0000065,,,,,,CHEMBL3743018,Antioxidant activity assessed as DPPH radical scavenging activity,P,BAO_0000100,small-molecule physicochemical format,,,,,,,,,CHEMBL2362975,No relevant target,,,CHEMBL3739322,1,,Eur J Med Chem,2015,,,,,400.0,,400000.0,5.602,Baja
CHEMBL3741362,,,295.29,,3.05,,O=c1ccc2cc(OC/C(=N\O)c3ccccc3)ccc2o1,EC50,>,400000.0,nM,,Outside typical range,,UO_0000065,,,,,,CHEMBL3743018,Antioxidant activity assessed as DPPH radical scavenging activity,P,BAO_0000100,small-molecule physicochemical format,,,,,,,,,CHEMBL2362975,No relevant target,,,CHEMBL3739322,1,,Eur J Med Chem,2015,,,,,400.0,,400000.0,5.602,Baja
CHEMBL242080,E319,,166.22,,2.4,,CC(C)(C)c1cc(O)ccc1O,EC50,=,57500.0,nM,4.24,,,UO_0000065,,,,,,CHEMBL3743018,Antioxidant activity assessed as DPPH radical scavenging activity,P,BAO_0000100,small-molecule physicochemical format,,,,,,,,,CHEMBL2362975,No relevant target,,,CHEMBL3739322,1,,Eur J Med Chem,2015,,,,,57.5,,57500.0,4.76,Media
CHEMBL150,KAEMPFEROL,,286.24,,2.28,,O=c1c(O)c(-c2ccc(O)cc2)oc2cc(O)cc(O)c12,EC50,=,7740.0,nM,5.11,,,UO_0000065,,,,,,CHEMBL3782199,Antioxidant activity in human HepG2 cells assessed as decrease in fluorescence level after 2.5 hrs measured every 5 mins for 1 hr by DCFH-DA staining based fluorescence assay,F,BAO_0000219,cell-based format,,,,,,,,,CHEMBL395,HepG2,Homo sapiens,,CHEMBL3779891,1,,Eur J Med Chem,2016,,,,,7.74,,7740.0,3.889,Alta
CHEMBL50,QUERCETIN,,302.24,,1.99,,O=c1c(O)c(-c2ccc(O)c(O)c2)oc2cc(O)cc(O)c12,EC50,=,4630.0,nM,5.33,,,UO_0000065,,,,,,CHEMBL3782199,Antioxidant activity in human HepG2 cells assessed as decrease in fluorescence level after 2.5 hrs measured every 5 mins for 1 hr by DCFH-DA staining based fluorescence assay,F,BAO_0000219,cell-based format,,,,,,,,,CHEMBL395,HepG2,Homo sapiens,,CHEMBL3779891,1,,Eur J Med Chem,2016,,,,,4.63,,4630.0,3.666,Alta
CHEMBL90568,DIOSMETIN,,300.27,,2.59,,COc1ccc(-c2cc(=O)c3c(O)cc(O)cc3o2)cc1O,EC50,=,7980.0,nM,5.1,,,UO_0000065,,,,,,CHEMBL3782199,Antioxidant activity in human HepG2 cells assessed as decrease in fluorescence level after 2.5 hrs measured every 5 mins for 1 hr by DCFH-DA staining based fluorescence assay,F,BAO_0000219,cell-based format,,,,,,,,,CHEMBL395,HepG2,Homo sapiens,,CHEMBL3779891,1,,Eur J Med Chem,2016,,,,,7.98,,7980.0,3.902,Alta
CHEMBL3945571,,,340.16,,3.76,,O=C(/C=C/c1ccc(O)c(O)c1)Nc1cc(Cl)c(O)c(Cl)c1,EC50,=,5510.0,nM,5.26,,,UO_0000065,,,,,,CHEMBL3870029,Antioxidant activity assessed as DPPH free radical scavenging activity measured after 30 mins by spectrophotometry,F,BAO_0000019,assay format,,,,,,,,,CHEMBL2362975,No relevant target,,,CHEMBL3868627,1,,Bioorg Med Chem Lett,2016,,,,,5.51,,5510.0,3.741,Alta
CHEMBL3960063,,,285.3,,2.76,,Cc1ccc(O)c(NC(=O)/C=C/c2ccc(O)c(O)c2)c1,EC50,=,6570.0,nM,5.18,,,UO_0000065,,,,,,CHEMBL3870029,Antioxidant activity assessed as DPPH free radical scavenging activity measured after 30 mins by spectrophotometry,F,BAO_0000019,assay format,,,,,,,,,CHEMBL2362975,No relevant target,,,CHEMBL3868627,1,,Bioorg Med Chem Lett,2016,,,,,6.57,,6570.0,3.818,Alta
CHEMBL1163788,,,300.27,,2.66,,O=C(/C=C/c1ccc(O)c(O)c1)Nc1ccc([N+](=O)[O-])cc1,EC50,=,7210.0,nM,5.14,,,UO_0000065,,,,,,CHEMBL3870029,Antioxidant activity assessed as DPPH free radical scavenging activity measured after 30 mins by spectrophotometry,F,BAO_0000019,assay format,,,,,,,,,CHEMBL2362975,No relevant target,,,CHEMBL3868627,1,,Bioorg Med Chem Lett,2016,,,,,7.21,,7210.0,3.858,Alta
CHEMBL3894063,,,297.31,,2.95,,CC(=O)c1cccc(NC(=O)/C=C/c2ccc(O)c(O)c2)c1,EC50,=,10620.0,nM,4.97,,,UO_0000065,,,,,,CHEMBL3870029,Antioxidant activity assessed as DPPH free radical scavenging activity measured after 30 mins by spectrophotometry,F,BAO_0000019,assay format,,,,,,,,,CHEMBL2362975,No relevant target,,,CHEMBL3868627,1,,Bioorg Med Chem Lett,2016,,,,,10.62,,10620.0,4.026,Alta
CHEMBL3962998,,,327.38,,3.75,,CC(C)(C)c1ccc(O)c(NC(=O)/C=C/c2ccc(O)c(O)c2)c1,EC50,=,11900.0,nM,4.92,,,UO_0000065,,,,,,CHEMBL3870029,Antioxidant activity assessed as DPPH free radical scavenging activity measured after 30 mins by spectrophotometry,F,BAO_0000019,assay format,,,,,,,,,CHEMBL2362975,No relevant target,,,CHEMBL3868627,1,,Bioorg Med Chem Lett,2016,,,,,11.9,,11900.0,4.076,Alta
CHEMBL3928747,,,314.3,,2.97,,Cc1cc([N+](=O)[O-])ccc1NC(=O)/C=C/c1ccc(O)c(O)c1,EC50,=,13180.0,nM,4.88,,,UO_0000065,,,,,,CHEMBL3870029,Antioxidant activity assessed as DPPH free radical scavenging activity measured after 30 mins by spectrophotometry,F,BAO_0000019,assay format,,,,,,,,,CHEMBL2362975,No relevant target,,,CHEMBL3868627,1,,Bioorg Med Chem Lett,2016,,,,,13.18,,13180.0,4.12,Alta
CHEMBL3900768,,,346.39,,4.49,,O=C(/C=C/c1ccc(O)c(O)c1)Nc1ccccc1Nc1ccccc1,EC50,=,14670.0,nM,4.83,,,UO_0000065,,,,,,CHEMBL3870029,Antioxidant activity assessed as DPPH free radical scavenging activity measured after 30 mins by spectrophotometry,F,BAO_0000019,assay format,,,,,,,,,CHEMBL2362975,No relevant target,,,CHEMBL3868627,1,,Bioorg Med Chem Lett,2016,,,,,14.67,,14670.0,4.166,Alta
CHEMBL1163444,,,273.26,,2.89,,O=C(/C=C/c1ccc(O)c(O)c1)Nc1ccc(F)cc1,EC50,=,24060.0,nM,4.62,,,UO_0000065,,,,,,CHEMBL3870029,Antioxidant activity assessed as DPPH free radical scavenging activity measured after 30 mins by spectrophotometry,F,BAO_0000019,assay format,,,,,,,,,CHEMBL2362975,No relevant target,,,CHEMBL3868627,1,,Bioorg Med Chem Lett,2016,,,,,24.06,,24060.0,4.381,Alta
CHEMBL3953695,,,363.44,,4.9,,O=C(/C=C/c1ccc(O)c(O)c1)Nc1ccccc1Sc1ccccc1,EC50,=,27040.0,nM,4.57,,,UO_0000065,,,,,,CHEMBL3870029,Antioxidant activity assessed as DPPH free radical scavenging activity measured after 30 mins by spectrophotometry,F,BAO_0000019,assay format,,,,,,,,,CHEMBL2362975,No relevant target,,,CHEMBL3868627,1,,Bioorg Med Chem Lett,2016,,,,,27.04,,27040.0,4.432,Media
CHEMBL145,CAFFEIC ACID,,180.16,,1.2,,O=C(O)/C=C/c1ccc(O)c(O)c1,EC50,=,30880.0,nM,4.51,,,UO_0000065,,,,,,CHEMBL3870029,Antioxidant activity assessed as DPPH free radical scavenging activity measured after 30 mins by spectrophotometry,F,BAO_0000019,assay format,,,,,,,,,CHEMBL2362975,No relevant target,,,CHEMBL3868627,1,,Bioorg Med Chem Lett,2016,,,,,30.88,,30880.0,4.49,Media
CHEMBL3944982,,,270.29,,2.33,,Nc1ccc(NC(=O)/C=C/c2ccc(O)c(O)c2)cc1,EC50,=,36010.0,nM,4.44,,,UO_0000065,,,,,,CHEMBL3870029,Antioxidant activity assessed as DPPH free radical scavenging activity measured after 30 mins by spectrophotometry,F,BAO_0000019,assay format,,,,,,,,,CHEMBL2362975,No relevant target,,,CHEMBL3868627,1,,Bioorg Med Chem Lett,2016,,,,,36.01,,36010.0,4.556,Media
CHEMBL3927146,,,305.33,,3.9,,O=C(/C=C/c1ccc(O)c(O)c1)Nc1ccc2ccccc2c1,EC50,=,47300.0,nM,4.33,,,UO_0000065,,,,,,CHEMBL3870029,Antioxidant activity assessed as DPPH free radical scavenging activity measured after 30 mins by spectrophotometry,F,BAO_0000019,assay format,,,,,,,,,CHEMBL2362975,No relevant target,,,CHEMBL3868627,1,,Bioorg Med Chem Lett,2016,,,,,47.3,,47300.0,4.675,Media
CHEMBL275362,,,255.27,,2.75,,O=C(/C=C/c1ccc(O)c(O)c1)Nc1ccccc1,EC50,=,52630.0,nM,4.28,,,UO_0000065,,,,,,CHEMBL3870029,Antioxidant activity assessed as DPPH free radical scavenging activity measured after 30 mins by spectrophotometry,F,BAO_0000019,assay format,,,,,,,,,CHEMBL2362975,No relevant target,,,CHEMBL3868627,1,,Bioorg Med Chem Lett,2016,,,,,52.63,,52630.0,4.721,Media
CHEMBL562174,,,322.36,,2.95,,O=C(/C=C/c1ccc(O)c(O)c1)NCCc1c[nH]c2ccccc12,EC50,=,58810.0,nM,4.23,,,UO_0000065,,,,,,CHEMBL3870029,Antioxidant activity assessed as DPPH free radical scavenging activity measured after 30 mins by spectrophotometry,F,BAO_0000019,assay format,,,,,,,,,CHEMBL2362975,No relevant target,,,CHEMBL3868627,1,,Bioorg Med Chem Lett,2016,,,,,58.81,,58810.0,4.769,Media
CHEMBL153,TROLOX,,250.29,,2.49,,Cc1c(C)c2c(c(C)c1O)CCC(C)(C(=O)O)O2,EC50,=,5280.0,nM,5.28,,,UO_0000065,,,,,,CHEMBL4002399,Antioxidant activity assessed as ABTS radical scavenging activity after 1 min,F,BAO_0000019,assay format,,,,,,,,,CHEMBL2362975,No relevant target,,,CHEMBL4000253,1,,Bioorg Med Chem,2017,,,,,5.28,,5280.0,3.723,Alta
CHEMBL3818390,,,339.17,,3.7,,O=c1oc2c(O)c(O)ccc2cc1-c1cc(Br)cs1,EC50,>,200000.0,nM,,Outside typical range,,UO_0000065,,,,,,CHEMBL4002399,Antioxidant activity assessed as ABTS radical scavenging activity after 1 min,F,BAO_0000019,assay format,,,,,,,,,CHEMBL2362975,No relevant target,,,CHEMBL4000253,1,,Bioorg Med Chem,2017,,,,,200.0,,200000.0,5.301,Baja
CHEMBL3818426,,,323.17,,3.99,,O=c1oc2c(O)cccc2cc1-c1cc(Br)cs1,EC50,>,200000.0,nM,,Outside typical range,,UO_0000065,,,,,,CHEMBL4002399,Antioxidant activity assessed as ABTS radical scavenging activity after 1 min,F,BAO_0000019,assay format,,,,,,,,,CHEMBL2362975,No relevant target,,,CHEMBL4000253,1,,Bioorg Med Chem,2017,,,,,200.0,,200000.0,5.301,Baja
CHEMBL4088744,,,323.17,,3.99,,O=c1oc2cc(O)ccc2cc1-c1cc(Br)cs1,EC50,>,200000.0,nM,,Outside typical range,,UO_0000065,,,,,,CHEMBL4002399,Antioxidant activity assessed as ABTS radical scavenging activity after 1 min,F,BAO_0000019,assay format,,,,,,,,,CHEMBL2362975,No relevant target,,,CHEMBL4000253,1,,Bioorg Med Chem,2017,,,,,200.0,,200000.0,5.301,Baja
CHEMBL4067496,,,339.17,,3.7,,O=c1oc2cc(O)cc(O)c2cc1-c1cc(Br)cs1,EC50,=,11690.0,nM,4.93,,,UO_0000065,,,,,,CHEMBL4002399,Antioxidant activity assessed as ABTS radical scavenging activity after 1 min,F,BAO_0000019,assay format,,,,,,,,,CHEMBL2362975,No relevant target,,,CHEMBL4000253,1,,Bioorg Med Chem,2017,,,,,11.69,,11690.0,4.068,Alta
CHEMBL4066488,,,244.27,,3.23,,O=c1oc2ccc(O)cc2cc1-c1cccs1,EC50,>,200000.0,nM,,Outside typical range,,UO_0000065,,,,,,CHEMBL4002399,Antioxidant activity assessed as ABTS radical scavenging activity after 1 min,F,BAO_0000019,assay format,,,,,,,,,CHEMBL2362975,No relevant target,,,CHEMBL4000253,1,,Bioorg Med Chem,2017,,,,,200.0,,200000.0,5.301,Baja
CHEMBL389990,,,244.27,,3.23,,O=c1oc2cc(O)ccc2cc1-c1cccs1,EC50,>,200000.0,nM,,Outside typical range,,UO_0000065,,,,,,CHEMBL4002399,Antioxidant activity assessed as ABTS radical scavenging activity after 1 min,F,BAO_0000019,assay format,,,,,,,,,CHEMBL2362975,No relevant target,,,CHEMBL4000253,1,,Bioorg Med Chem,2017,,,,,200.0,,200000.0,5.301,Baja
CHEMBL4104177,,,260.27,,2.93,,O=c1oc2cc(O)cc(O)c2cc1-c1cccs1,EC50,=,8510.0,nM,5.07,,,UO_0000065,,,,,,CHEMBL4002399,Antioxidant activity assessed as ABTS radical scavenging activity after 1 min,F,BAO_0000019,assay format,,,,,,,,,CHEMBL2362975,No relevant target,,,CHEMBL4000253,1,,Bioorg Med Chem,2017,,,,,8.51,,8510.0,3.93,Alta
CHEMBL4086260,,,260.27,,2.93,,O=c1oc2cc(O)cc(O)c2cc1-c1ccsc1,EC50,=,8400.0,nM,5.08,,,UO_0000065,,,,,,CHEMBL4002399,Antioxidant activity assessed as ABTS radical scavenging activity after 1 min,F,BAO_0000019,assay format,,,,,,,,,CHEMBL2362975,No relevant target,,,CHEMBL4000253,1,,Bioorg Med Chem,2017,,,,,8.4,,8400.0,3.924,Alta
CHEMBL4073206,,,333.14,,3.63,,O=c1oc2cc(O)cc(O)c2cc1-c1ccc(Br)cc1,EC50,=,20770.0,nM,4.68,,,UO_0000065,,,,,,CHEMBL4002399,Antioxidant activity assessed as ABTS radical scavenging activity after 1 min,F,BAO_0000019,assay format,,,,,,,,,CHEMBL2362975,No relevant target,,,CHEMBL4000253,1,,Bioorg Med Chem,2017,,,,,20.77,,20770.0,4.317,Alta
CHEMBL3913244,,,254.24,,2.87,,O=c1oc2cc(O)cc(O)c2cc1-c1ccccc1,EC50,=,7080.0,nM,5.15,,,UO_0000065,,,,,,CHEMBL4002399,Antioxidant activity assessed as ABTS radical scavenging activity after 1 min,F,BAO_0000019,assay format,,,,,,,,,CHEMBL2362975,No relevant target,,,CHEMBL4000253,1,,Bioorg Med Chem,2017,,,,,7.08,,7080.0,3.85,Alta
CHEMBL3263526,,,276.32,,3.53,,CC(C)=NNc1nc(-c2cccc([N+](=O)[O-])c2)cs1,EC50,=,1750000.0,nM,,Outside typical range,,UO_0000065,,,,,,CHEMBL4141662,Antioxidant activity assessed as total antioxidant capacity after 90 mins by phosphomolybdenum method,F,BAO_0000019,assay format,,,,,,,,,CHEMBL2362975,No relevant target,,,CHEMBL4138155,1,,Eur J Med Chem,2018,,,,,1.75,,1750000.0,6.243,Baja
CHEMBL4170390,,,290.35,,3.92,,CC/C(C)=N\Nc1nc(-c2cccc([N+](=O)[O-])c2)cs1,EC50,=,1650000.0,nM,,Outside typical range,,UO_0000065,,,,,,CHEMBL4141662,Antioxidant activity assessed as total antioxidant capacity after 90 mins by phosphomolybdenum method,F,BAO_0000019,assay format,,,,,,,,,CHEMBL2362975,No relevant target,,,CHEMBL4138155,1,,Eur J Med Chem,2018,,,,,1.65,,1650000.0,6.217,Baja
CHEMBL4162473,,,304.38,,4.31,,CCC/C(C)=N\Nc1nc(-c2cccc([N+](=O)[O-])c2)cs1,EC50,=,1200000.0,nM,,Outside typical range,,UO_0000065,,,,,,CHEMBL4141662,Antioxidant activity assessed as total antioxidant capacity after 90 mins by phosphomolybdenum method,F,BAO_0000019,assay format,,,,,,,,,CHEMBL2362975,No relevant target,,,CHEMBL4138155,1,,Eur J Med Chem,2018,,,,,1.2,,1200000.0,6.079,Baja
CHEMBL4162060,,,304.38,,4.31,,CCC(CC)=NNc1nc(-c2cccc([N+](=O)[O-])c2)cs1,EC50,=,1100000.0,nM,,Outside typical range,,UO_0000065,,,,,,CHEMBL4141662,Antioxidant activity assessed as total antioxidant capacity after 90 mins by phosphomolybdenum method,F,BAO_0000019,assay format,,,,,,,,,CHEMBL2362975,No relevant target,,,CHEMBL4138155,1,,Eur J Med Chem,2018,,,,,1.1,,1100000.0,6.041,Baja
CHEMBL4172739,,,318.4,,4.55,,C/C(CC(C)C)=N/Nc1nc(-c2cccc([N+](=O)[O-])c2)cs1,EC50,=,1130000.0,nM,,Outside typical range,,UO_0000065,,,,,,CHEMBL4141662,Antioxidant activity assessed as total antioxidant capacity after 90 mins by phosphomolybdenum method,F,BAO_0000019,assay format,,,,,,,,,CHEMBL2362975,No relevant target,,,CHEMBL4138155,1,,Eur J Med Chem,2018,,,,,1.13,,1130000.0,6.053,Baja
CHEMBL4161431,,,316.39,,4.47,,C=CCC/C(C)=N\Nc1nc(-c2cccc([N+](=O)[O-])c2)cs1,EC50,=,1150000.0,nM,,Outside typical range,,UO_0000065,,,,,,CHEMBL4141662,Antioxidant activity assessed as total antioxidant capacity after 90 mins by phosphomolybdenum method,F,BAO_0000019,assay format,,,,,,,,,CHEMBL2362975,No relevant target,,,CHEMBL4138155,1,,Eur J Med Chem,2018,,,,,1.15,,1150000.0,6.061,Baja
CHEMBL4169354,,,318.4,,4.7,,CCCC/C(C)=N\Nc1nc(-c2cccc([N+](=O)[O-])c2)cs1,EC50,=,1460000.0,nM,,Outside typical range,,UO_0000065,,,,,,CHEMBL4141662,Antioxidant activity assessed as total antioxidant capacity after 90 mins by phosphomolybdenum method,F,BAO_0000019,assay format,,,,,,,,,CHEMBL2362975,No relevant target,,,CHEMBL4138155,1,,Eur J Med Chem,2018,,,,,1.46,,1460000.0,6.164,Baja
CHEMBL4176538,,,318.4,,4.7,,CCC/C(CC)=N\Nc1nc(-c2cccc([N+](=O)[O-])c2)cs1,EC50,=,1250000.0,nM,,Outside typical range,,UO_0000065,,,,,,CHEMBL4141662,Antioxidant activity assessed as total antioxidant capacity after 90 mins by phosphomolybdenum method,F,BAO_0000019,assay format,,,,,,,,,CHEMBL2362975,No relevant target,,,CHEMBL4138155,1,,Eur J Med Chem,2018,,,,,1.25,,1250000.0,6.097,Baja
CHEMBL4165922,,,346.46,,5.48,,CCCCC/C(CC)=N\Nc1nc(-c2cccc([N+](=O)[O-])c2)cs1,EC50,=,1470000.0,nM,,Outside typical range,,UO_0000065,,,,,,CHEMBL4141662,Antioxidant activity assessed as total antioxidant capacity after 90 mins by phosphomolybdenum method,F,BAO_0000019,assay format,,,,,,,,,CHEMBL2362975,No relevant target,,,CHEMBL4138155,1,,Eur J Med Chem,2018,,,,,1.47,,1470000.0,6.167,Baja
CHEMBL4173167,,,332.43,,5.09,,CCCC/C(CC)=N\Nc1nc(-c2cccc([N+](=O)[O-])c2)cs1,EC50,=,1560000.0,nM,,Outside typical range,,UO_0000065,,,,,,CHEMBL4141662,Antioxidant activity assessed as total antioxidant capacity after 90 mins by phosphomolybdenum method,F,BAO_0000019,assay format,,,,,,,,,CHEMBL2362975,No relevant target,,,CHEMBL4138155,1,,Eur J Med Chem,2018,,,,,1.56,,1560000.0,6.193,Baja
CHEMBL4162482,,,346.46,,5.48,,CCCCCC/C(C)=N\Nc1nc(-c2cccc([N+](=O)[O-])c2)cs1,EC50,=,1240000.0,nM,,Outside typical range,,UO_0000065,,,,,,CHEMBL4141662,Antioxidant activity assessed as total antioxidant capacity after 90 mins by phosphomolybdenum method,F,BAO_0000019,assay format,,,,,,,,,CHEMBL2362975,No relevant target,,,CHEMBL4138155,1,,Eur J Med Chem,2018,,,,,1.24,,1240000.0,6.093,Baja
CHEMBL399764,,,302.36,,4.06,,O=[N+]([O-])c1cccc(-c2csc(NN=C3CCCC3)n2)c1,EC50,=,1340000.0,nM,,Outside typical range,,UO_0000065,,,,,,CHEMBL4141662,Antioxidant activity assessed as total antioxidant capacity after 90 mins by phosphomolybdenum method,F,BAO_0000019,assay format,,,,,,,,,CHEMBL2362975,No relevant target,,,CHEMBL4138155,1,,Eur J Med Chem,2018,,,,,1.34,,1340000.0,6.127,Baja
CHEMBL4159091,,,316.39,,4.45,,O=[N+]([O-])c1cccc(-c2csc(NN=C3CCCCC3)n2)c1,EC50,=,1430000.0,nM,,Outside typical range,,UO_0000065,,,,,,CHEMBL4141662,Antioxidant activity assessed as total antioxidant capacity after 90 mins by phosphomolybdenum method,F,BAO_0000019,assay format,,,,,,,,,CHEMBL2362975,No relevant target,,,CHEMBL4138155,1,,Eur J Med Chem,2018,,,,,1.43,,1430000.0,6.155,Baja
CHEMBL4175062,,,330.41,,4.7,,CC1CCC(=NNc2nc(-c3cccc([N+](=O)[O-])c3)cs2)CC1,EC50,=,1130000.0,nM,,Outside typical range,,UO_0000065,,,,,,CHEMBL4141662,Antioxidant activity assessed as total antioxidant capacity after 90 mins by phosphomolybdenum method,F,BAO_0000019,assay format,,,,,,,,,CHEMBL2362975,No relevant target,,,CHEMBL4138155,1,,Eur J Med Chem,2018,,,,,1.13,,1130000.0,6.053,Baja
CHEMBL4164415,,,330.41,,4.84,,O=[N+]([O-])c1cccc(-c2csc(NN=C3CCCCCC3)n2)c1,EC50,=,1230000.0,nM,,Outside typical range,,UO_0000065,,,,,,CHEMBL4141662,Antioxidant activity assessed as total antioxidant capacity after 90 mins by phosphomolybdenum method,F,BAO_0000019,assay format,,,,,,,,,CHEMBL2362975,No relevant target,,,CHEMBL4138155,1,,Eur J Med Chem,2018,,,,,1.23,,1230000.0,6.09,Baja
CHEMBL4163420,,,344.44,,5.23,,O=[N+]([O-])c1cccc(-c2csc(NN=C3CCCCCCC3)n2)c1,EC50,=,1220000.0,nM,,Outside typical range,,UO_0000065,,,,,,CHEMBL4141662,Antioxidant activity assessed as total antioxidant capacity after 90 mins by phosphomolybdenum method,F,BAO_0000019,assay format,,,,,,,,,CHEMBL2362975,No relevant target,,,CHEMBL4138155,1,,Eur J Med Chem,2018,,,,,1.22,,1220000.0,6.086,Baja
CHEMBL4174116,,,302.36,,3.92,,C/C(=N/Nc1nc(-c2cccc([N+](=O)[O-])c2)cs1)C1CC1,EC50,=,1470000.0,nM,,Outside typical range,,UO_0000065,,,,,,CHEMBL4141662,Antioxidant activity assessed as total antioxidant capacity after 90 mins by phosphomolybdenum method,F,BAO_0000019,assay format,,,,,,,,,CHEMBL2362975,No relevant target,,,CHEMBL4138155,1,,Eur J Med Chem,2018,,,,,1.47,,1470000.0,6.167,Baja
CHEMBL4166872,,,344.44,,5.09,,C/C(=N/Nc1nc(-c2cccc([N+](=O)[O-])c2)cs1)C1CCCCC1,EC50,=,1190000.0,nM,,Outside typical range,,UO_0000065,,,,,,CHEMBL4141662,Antioxidant activity assessed as total antioxidant capacity after 90 mins by phosphomolybdenum method,F,BAO_0000019,assay format,,,,,,,,,CHEMBL2362975,No relevant target,,,CHEMBL4138155,1,,Eur J Med Chem,2018,,,,,1.19,,1190000.0,6.076,Baja
CHEMBL153,TROLOX,,250.29,,2.49,,Cc1c(C)c2c(c(C)c1O)CCC(C)(C(=O)O)O2,EC50,=,1130000.0,nM,,Outside typical range,,UO_0000065,,,,,,CHEMBL4141662,Antioxidant activity assessed as total antioxidant capacity after 90 mins by phosphomolybdenum method,F,BAO_0000019,assay format,,,,,,,,,CHEMBL2362975,No relevant target,,,CHEMBL4138155,1,,Eur J Med Chem,2018,,,,,1.13,,1130000.0,6.053,Baja
CHEMBL389305,,,283.4,,5.27,,COc1ccc(Nc2cccc3c(C)c(C)sc23)cc1,EC50,=,14.0,ug.mL-1,,,,UO_0000274,,,,,,CHEMBL891541,Antioxidant activity assessed as DPPH radical scavenging activity,F,BAO_0000019,assay format,,,,,,,,,CHEMBL613712,Radical scavenging activity,,,CHEMBL1146338,1,,Bioorg Med Chem,2007,,,,,0.014,,49400.141,4.694,Media
CHEMBL389306,,,283.4,,5.27,,COc1cccc(Nc2cccc3c(C)c(C)sc23)c1,EC50,>,250.0,ug.mL-1,,Outside typical range,,UO_0000274,,,,,,CHEMBL891541,Antioxidant activity assessed as DPPH radical scavenging activity,F,BAO_0000019,assay format,,,,,,,,,CHEMBL613712,Radical scavenging activity,,,CHEMBL1146338,1,,Bioorg Med Chem,2007,,,,,0.25,,882145.378,5.946,Baja
CHEMBL241913,,,313.42,,5.28,,COc1ccc(Nc2cccc3c(C)c(C)sc23)cc1OC,EC50,=,17.3,ug.mL-1,,,,UO_0000274,,,,,,CHEMBL891541,Antioxidant activity assessed as DPPH radical scavenging activity,F,BAO_0000019,assay format,,,,,,,,,CHEMBL613712,Radical scavenging activity,,,CHEMBL1146338,1,,Bioorg Med Chem,2007,,,,,0.0173,,55197.499,4.742,Media
CHEMBL241914,,,278.38,,5.13,,Cc1sc2c(Nc3ccc(C#N)cc3)cccc2c1C,EC50,>,250.0,ug.mL-1,,Outside typical range,,UO_0000274,,,,,,CHEMBL891541,Antioxidant activity assessed as DPPH radical scavenging activity,F,BAO_0000019,assay format,,,,,,,,,CHEMBL613712,Radical scavenging activity,,,CHEMBL1146338,1,,Bioorg Med Chem,2007,,,,,0.25,,898053.021,5.953,Baja
CHEMBL388238,,,254.36,,4.66,,Cc1sc2c(Nc3cccnc3)cccc2c1C,EC50,>,250.0,ug.mL-1,,Outside typical range,,UO_0000274,,,,,,CHEMBL891541,Antioxidant activity assessed as DPPH radical scavenging activity,F,BAO_0000019,assay format,,,,,,,,,CHEMBL613712,Radical scavenging activity,,,CHEMBL1146338,1,,Bioorg Med Chem,2007,,,,,0.25,,982858.94,5.992,Baja
CHEMBL388444,,,254.36,,4.66,,Cc1sc2c(Nc3ccccn3)cccc2c1C,EC50,>,250.0,ug.mL-1,,Outside typical range,,UO_0000274,,,,,,CHEMBL891541,Antioxidant activity assessed as DPPH radical scavenging activity,F,BAO_0000019,assay format,,,,,,,,,CHEMBL613712,Radical scavenging activity,,,CHEMBL1146338,1,,Bioorg Med Chem,2007,,,,,0.25,,982858.94,5.992,Baja
CHEMBL196,ASCORBIC ACID,,176.12,,-1.41,,O=C1O[C@H]([C@@H](O)CO)C(O)=C1O,EC50,=,4.2,ug.mL-1,,,,UO_0000274,,,,,,CHEMBL1632851,Antioxidant activity assessed as DPPH radical scavenging activity after 30 mins,F,BAO_0000019,assay format,,,,,,,,,CHEMBL613712,Radical scavenging activity,,,CHEMBL1629709,1,,J Nat Prod,2010,,,,,4.2,,23847.377,4.377,Alta
CHEMBL37537,PROTOCATECHUIC ACID,,154.12,,0.8,,O=C(O)c1ccc(O)c(O)c1,EC50,=,2.1,ug.mL-1,,,,UO_0000274,,,,,,CHEMBL1632851,Antioxidant activity assessed as DPPH radical scavenging activity after 30 mins,F,BAO_0000019,assay format,,,,,,,,,CHEMBL613712,Radical scavenging activity,,,CHEMBL1629709,1,,J Nat Prod,2010,,,,,2.1,,13625.746,4.134,Alta
CHEMBL37537,PROTOCATECHUIC ACID,,154.12,,0.8,,O=C(O)c1ccc(O)c(O)c1,EC50,=,4.0,ug.mL-1,,,,UO_0000274,,,,,,CHEMBL1632852,Antioxidant activity assessed as trolox equivalent of ABTS radical scavenging activity after 12 to 16 hrs,F,BAO_0000019,assay format,,,,,,,,,CHEMBL3879801,NON-PROTEIN TARGET,,,CHEMBL1629709,1,,J Nat Prod,2010,,,,,4.0,,25953.802,4.414,Media
CHEMBL196,ASCORBIC ACID,,176.12,,-1.41,,O=C1O[C@H]([C@@H](O)CO)C(O)=C1O,EC50,=,4.9,ug.mL-1,,,,UO_0000274,,,,,,CHEMBL1632852,Antioxidant activity assessed as trolox equivalent of ABTS radical scavenging activity after 12 to 16 hrs,F,BAO_0000019,assay format,,,,,,,,,CHEMBL3879801,NON-PROTEIN TARGET,,,CHEMBL1629709,1,,J Nat Prod,2010,,,,,4.9,,27821.94,4.444,Media
CHEMBL2048833,,,340.33,,2.98,,CCOC(=O)Cc1cc(O)cc2oc(-c3ccc(O)cc3)cc(=O)c12,EC50,=,171.54,ug.mL-1,,Outside typical range,,UO_0000274,,,,,,CHEMBL2051471,Antioxidant activity of the compound assessed as inhibition of lipid peroxidation,F,BAO_0000019,assay format,,,,,,,,,CHEMBL3879801,NON-PROTEIN TARGET,,,CHEMBL2046382,1,,Bioorg Med Chem Lett,2012,,,,,171.54,,504040.196,5.702,Baja
CHEMBL2048834,,,358.3,,2.0,,COC(=O)Cc1cc(O)cc2oc(-c3cc(O)c(O)c(O)c3)cc(=O)c12,EC50,=,156.21,ug.mL-1,,Outside typical range,,UO_0000274,,,,,,CHEMBL2051471,Antioxidant activity of the compound assessed as inhibition of lipid peroxidation,F,BAO_0000019,assay format,,,,,,,,,CHEMBL3879801,NON-PROTEIN TARGET,,,CHEMBL2046382,1,,Bioorg Med Chem Lett,2012,,,,,156.21,,435975.44,5.639,Baja
CHEMBL2048835,,,342.3,,2.29,,COC(=O)Cc1cc(O)cc2oc(-c3ccc(O)c(O)c3)cc(=O)c12,EC50,=,142.0,ug.mL-1,,Outside typical range,,UO_0000274,,,,,,CHEMBL2051471,Antioxidant activity of the compound assessed as inhibition of lipid peroxidation,F,BAO_0000019,assay format,,,,,,,,,CHEMBL3879801,NON-PROTEIN TARGET,,,CHEMBL2046382,1,,Bioorg Med Chem Lett,2012,,,,,142.0,,414840.783,5.618,Baja
CHEMBL2048837,,,342.3,,2.29,,COC(=O)Cc1cc(O)cc2oc(-c3cc(O)ccc3O)cc(=O)c12,EC50,=,221.12,ug.mL-1,,Outside typical range,,UO_0000274,,,,,,CHEMBL2051471,Antioxidant activity of the compound assessed as inhibition of lipid peroxidation,F,BAO_0000019,assay format,,,,,,,,,CHEMBL3879801,NON-PROTEIN TARGET,,,CHEMBL2046382,1,,Bioorg Med Chem Lett,2012,,,,,221.12,,645983.056,5.81,Baja
CHEMBL151,LUTEOLIN,,286.24,,2.28,,O=c1cc(-c2ccc(O)c(O)c2)oc2cc(O)cc(O)c12,EC50,=,134.1,ug.mL-1,,Outside typical range,,UO_0000274,,,,,,CHEMBL2051471,Antioxidant activity of the compound assessed as inhibition of lipid peroxidation,F,BAO_0000019,assay format,,,,,,,,,CHEMBL3879801,NON-PROTEIN TARGET,,,CHEMBL2046382,1,,Bioorg Med Chem Lett,2012,,,,,134.1,,468487.982,5.671,Baja
CHEMBL196,ASCORBIC ACID,,176.12,,-1.41,,O=C1O[C@H]([C@@H](O)CO)C(O)=C1O,EC50,=,139.97,ug.mL-1,,Outside typical range,,UO_0000274,,,,,,CHEMBL2051471,Antioxidant activity of the compound assessed as inhibition of lipid peroxidation,F,BAO_0000019,assay format,,,,,,,,,CHEMBL3879801,NON-PROTEIN TARGET,,,CHEMBL2046382,1,,Bioorg Med Chem Lett,2012,,,,,139.97,,794742.221,5.9,Baja
CHEMBL2048833,,,340.33,,2.98,,CCOC(=O)Cc1cc(O)cc2oc(-c3ccc(O)cc3)cc(=O)c12,EC50,=,151.1,ug.mL-1,,Outside typical range,,UO_0000274,,,,,,CHEMBL2051472,Antioxidant activity in erythrocytes assessed as inhibition of hemolysis,F,BAO_0000219,cell-based format,,,,,,,,,CHEMBL3879801,NON-PROTEIN TARGET,,,CHEMBL2046382,1,,Bioorg Med Chem Lett,2012,,,,,151.1,,443980.842,5.647,Baja
CHEMBL2048834,,,358.3,,2.0,,COC(=O)Cc1cc(O)cc2oc(-c3cc(O)c(O)c(O)c3)cc(=O)c12,EC50,=,139.76,ug.mL-1,,Outside typical range,,UO_0000274,,,,,,CHEMBL2051472,Antioxidant activity in erythrocytes assessed as inhibition of hemolysis,F,BAO_0000219,cell-based format,,,,,,,,,CHEMBL3879801,NON-PROTEIN TARGET,,,CHEMBL2046382,1,,Bioorg Med Chem Lett,2012,,,,,139.76,,390064.192,5.591,Baja
CHEMBL2048835,,,342.3,,2.29,,COC(=O)Cc1cc(O)cc2oc(-c3ccc(O)c(O)c3)cc(=O)c12,EC50,=,127.98,ug.mL-1,,Outside typical range,,UO_0000274,,,,,,CHEMBL2051472,Antioxidant activity in erythrocytes assessed as inhibition of hemolysis,F,BAO_0000219,cell-based format,,,,,,,,,CHEMBL3879801,NON-PROTEIN TARGET,,,CHEMBL2046382,1,,Bioorg Med Chem Lett,2012,,,,,127.98,,373882.559,5.573,Baja
CHEMBL2048837,,,342.3,,2.29,,COC(=O)Cc1cc(O)cc2oc(-c3cc(O)ccc3O)cc(=O)c12,EC50,=,209.56,ug.mL-1,,Outside typical range,,UO_0000274,,,,,,CHEMBL2051472,Antioxidant activity in erythrocytes assessed as inhibition of hemolysis,F,BAO_0000219,cell-based format,,,,,,,,,CHEMBL3879801,NON-PROTEIN TARGET,,,CHEMBL2046382,1,,Bioorg Med Chem Lett,2012,,,,,209.56,,612211.51,5.787,Baja
CHEMBL151,LUTEOLIN,,286.24,,2.28,,O=c1cc(-c2ccc(O)c(O)c2)oc2cc(O)cc(O)c12,EC50,=,122.0,ug.mL-1,,Outside typical range,,UO_0000274,,,,,,CHEMBL2051472,Antioxidant activity in erythrocytes assessed as inhibition of hemolysis,F,BAO_0000219,cell-based format,,,,,,,,,CHEMBL3879801,NON-PROTEIN TARGET,,,CHEMBL2046382,1,,Bioorg Med Chem Lett,2012,,,,,122.0,,426215.763,5.63,Baja
CHEMBL196,ASCORBIC ACID,,176.12,,-1.41,,O=C1O[C@H]([C@@H](O)CO)C(O)=C1O,EC50,=,119.87,ug.mL-1,,Outside typical range,,UO_0000274,,,,,,CHEMBL2051472,Antioxidant activity in erythrocytes assessed as inhibition of hemolysis,F,BAO_0000219,cell-based format,,,,,,,,,CHEMBL3879801,NON-PROTEIN TARGET,,,CHEMBL2046382,1,,Bioorg Med Chem Lett,2012,,,,,119.87,,680615.489,5.833,Baja
CHEMBL2333084,,,472.62,,4.92,,COc1c(C)cc(O)cc1C/C=C(\C)CC(=O)/C=C(\C)CCCC(C)(O)C(=O)/C=C/C(C)(C)O,EC50,=,33100.0,nM,4.48,,,UO_0000065,,,,,,CHEMBL2340702,Antioxidant activity assessed as ABTS free radical scavenging activity measured up to 6 mins by spectrophotometric analysis,F,BAO_0000019,assay format,,,,,,,,,CHEMBL3879801,NON-PROTEIN TARGET,,,CHEMBL2331111,1,,J Nat Prod,2013,,,,,33.1,,33100.0,4.52,Media
CHEMBL2333083,USNEOIDONE Z,,472.62,,4.92,,COc1c(C)cc(O)cc1C/C=C(\C)CC(=O)/C=C(/C)CCCC(C)(O)C(=O)/C=C/C(C)(C)O,EC50,=,43100.0,nM,4.37,,,UO_0000065,,,,,,CHEMBL2340702,Antioxidant activity assessed as ABTS free radical scavenging activity measured up to 6 mins by spectrophotometric analysis,F,BAO_0000019,assay format,,,,,,,,,CHEMBL3879801,NON-PROTEIN TARGET,,,CHEMBL2331111,1,,J Nat Prod,2013,,,,,43.1,,43100.0,4.634,Media
CHEMBL2333082,CYSTOMEXICONE B,,358.48,,4.86,,COc1c(C)cc(O)cc1C/C=C(\C)CC(=O)/C=C(\C)CCCC(C)=O,EC50,=,33300.0,nM,4.48,,,UO_0000065,,,,,,CHEMBL2340702,Antioxidant activity assessed as ABTS free radical scavenging activity measured up to 6 mins by spectrophotometric analysis,F,BAO_0000019,assay format,,,,,,,,,CHEMBL3879801,NON-PROTEIN TARGET,,,CHEMBL2331111,1,,J Nat Prod,2013,,,,,33.3,,33300.0,4.522,Media
CHEMBL2333081,CYSTOMEXICONE A,,358.48,,4.86,,COc1c(C)cc(O)cc1C/C=C(\C)CC(=O)/C=C(/C)CCCC(C)=O,EC50,=,51600.0,nM,4.29,,,UO_0000065,,,,,,CHEMBL2340702,Antioxidant activity assessed as ABTS free radical scavenging activity measured up to 6 mins by spectrophotometric analysis,F,BAO_0000019,assay format,,,,,,,,,CHEMBL3879801,NON-PROTEIN TARGET,,,CHEMBL2331111,1,,J Nat Prod,2013,,,,,51.6,,51600.0,4.713,Media
CHEMBL2333080,,,456.62,,5.81,,COc1c(C)cc(O)cc1C/C=C(\C)CC(=O)/C=C(\C)CCCC(C)C(=O)/C=C/C(C)(C)O,EC50,=,24500.0,nM,4.61,,,UO_0000065,,,,,,CHEMBL2340702,Antioxidant activity assessed as ABTS free radical scavenging activity measured up to 6 mins by spectrophotometric analysis,F,BAO_0000019,assay format,,,,,,,,,CHEMBL3879801,NON-PROTEIN TARGET,,,CHEMBL2331111,1,,J Nat Prod,2013,,,,,24.5,,24500.0,4.389,Media
CHEMBL2333079,,,456.62,,5.81,,COc1c(C)cc(O)cc1C/C=C(\C)CC(=O)/C=C(/C)CCCC(C)C(=O)/C=C/C(C)(C)O,EC50,=,26300.0,nM,4.58,,,UO_0000065,,,,,,CHEMBL2340702,Antioxidant activity assessed as ABTS free radical scavenging activity measured up to 6 mins by spectrophotometric analysis,F,BAO_0000019,assay format,,,,,,,,,CHEMBL3879801,NON-PROTEIN TARGET,,,CHEMBL2331111,1,,J Nat Prod,2013,,,,,26.3,,26300.0,4.42,Media
CHEMBL2333078,CYSTODIONE D,,374.48,,4.14,,COc1c(C)cc(O)cc1/C=C/C(C)(O)CC(=O)/C=C(\C)CCCC(C)=O,EC50,=,44700.0,nM,4.35,,,UO_0000065,,,,,,CHEMBL2340702,Antioxidant activity assessed as ABTS free radical scavenging activity measured up to 6 mins by spectrophotometric analysis,F,BAO_0000019,assay format,,,,,,,,,CHEMBL3879801,NON-PROTEIN TARGET,,,CHEMBL2331111,1,,J Nat Prod,2013,,,,,44.7,,44700.0,4.65,Media
CHEMBL2333077,CYSTODIONE C,,374.48,,4.14,,COc1c(C)cc(O)cc1/C=C/C(C)(O)CC(=O)/C=C(/C)CCCC(C)=O,EC50,=,55900.0,nM,4.25,,,UO_0000065,,,,,,CHEMBL2340702,Antioxidant activity assessed as ABTS free radical scavenging activity measured up to 6 mins by spectrophotometric analysis,F,BAO_0000019,assay format,,,,,,,,,CHEMBL3879801,NON-PROTEIN TARGET,,,CHEMBL2331111,1,,J Nat Prod,2013,,,,,55.9,,55900.0,4.747,Media
CHEMBL2333076,CYSTODIONE B,,472.62,,5.08,,COc1c(C)cc(O)cc1/C=C/C(C)(O)CC(=O)/C=C(\C)CCCC(C)C(=O)/C=C/C(C)(C)O,EC50,=,24400.0,nM,4.61,,,UO_0000065,,,,,,CHEMBL2340702,Antioxidant activity assessed as ABTS free radical scavenging activity measured up to 6 mins by spectrophotometric analysis,F,BAO_0000019,assay format,,,,,,,,,CHEMBL3879801,NON-PROTEIN TARGET,,,CHEMBL2331111,1,,J Nat Prod,2013,,,,,24.4,,24400.0,4.387,Alta
CHEMBL2333075,CYSTODIONE A,,472.62,,5.08,,COc1c(C)cc(O)cc1/C=C/C(C)(O)CC(=O)/C=C(/C)CCCC(C)C(=O)/C=C/C(C)(C)O,EC50,=,22500.0,nM,4.65,,,UO_0000065,,,,,,CHEMBL2340702,Antioxidant activity assessed as ABTS free radical scavenging activity measured up to 6 mins by spectrophotometric analysis,F,BAO_0000019,assay format,,,,,,,,,CHEMBL3879801,NON-PROTEIN TARGET,,,CHEMBL2331111,1,,J Nat Prod,2013,,,,,22.5,,22500.0,4.352,Alta
CHEMBL153,TROLOX,,250.29,,2.49,,Cc1c(C)c2c(c(C)c1O)CCC(C)(C(=O)O)O2,EC50,=,25900.0,nM,4.59,,,UO_0000065,,,,,,CHEMBL2340702,Antioxidant activity assessed as ABTS free radical scavenging activity measured up to 6 mins by spectrophotometric analysis,F,BAO_0000019,assay format,,,,,,,,,CHEMBL3879801,NON-PROTEIN TARGET,,,CHEMBL2331111,1,,J Nat Prod,2013,,,,,25.9,,25900.0,4.413,Media
CHEMBL14193,4-HYDROXYBENZALDEHYDE,,122.12,,1.2,,O=Cc1ccc(O)cc1,EC50,>,250000.0,nM,,Outside typical range,,UO_0000065,,,,,,CHEMBL3418119,Antioxidant activity assessed as DPPH free radical scavenging activity incubated for 30 mins,P,BAO_0000100,small-molecule physicochemical format,,,,,,,,,CHEMBL2362975,No relevant target,,,CHEMBL3414459,1,,Eur J Med Chem,2015,,,,,250.0,,250000.0,5.398,Baja
CHEMBL222021,PROTOCATECHUALDEHYDE,,138.12,,0.91,,O=Cc1ccc(O)c(O)c1,EC50,=,6570.0,nM,5.18,,,UO_0000065,,,,,,CHEMBL3418119,Antioxidant activity assessed as DPPH free radical scavenging activity incubated for 30 mins,P,BAO_0000100,small-molecule physicochemical format,,,,,,,,,CHEMBL2362975,No relevant target,,,CHEMBL3414459,1,,Eur J Med Chem,2015,,,,,6.57,,6570.0,3.818,Alta
CHEMBL3415884,,,154.12,,0.62,,O=Cc1cc(O)c(O)cc1O,EC50,=,5970.0,nM,5.22,,,UO_0000065,,,,,,CHEMBL3418119,Antioxidant activity assessed as DPPH free radical scavenging activity incubated for 30 mins,P,BAO_0000100,small-molecule physicochemical format,,,,,,,,,CHEMBL2362975,No relevant target,,,CHEMBL3414459,1,,Eur J Med Chem,2015,,,,,5.97,,5970.0,3.776,Alta
CHEMBL254710,,,154.12,,0.62,,O=Cc1cc(O)c(O)c(O)c1,EC50,=,15350.0,nM,4.81,,,UO_0000065,,,,,,CHEMBL3418119,Antioxidant activity assessed as DPPH free radical scavenging activity incubated for 30 mins,P,BAO_0000100,small-molecule physicochemical format,,,,,,,,,CHEMBL2362975,No relevant target,,,CHEMBL3414459,1,,Eur J Med Chem,2015,,,,,15.35,,15350.0,4.186,Alta
CHEMBL3415885,,,264.19,,,,NNC(=[Se])Nc1cccc2ccccc12,EC50,=,6650.0,nM,5.18,,,UO_0000065,,,,,,CHEMBL3418119,Antioxidant activity assessed as DPPH free radical scavenging activity incubated for 30 mins,P,BAO_0000100,small-molecule physicochemical format,,,,,,,,,CHEMBL2362975,No relevant target,,,CHEMBL3414459,1,,Eur J Med Chem,2015,,,,,6.65,,6650.0,3.823,Alta
CHEMBL456610,,,271.35,,2.71,,Oc1ccc(/C=N/NC(=S)Nc2ccccc2)cc1,EC50,=,90100.0,nM,4.04,,,UO_0000065,,,,,,CHEMBL3418119,Antioxidant activity assessed as DPPH free radical scavenging activity incubated for 30 mins,P,BAO_0000100,small-molecule physicochemical format,,,,,,,,,CHEMBL2362975,No relevant target,,,CHEMBL3414459,1,,Eur J Med Chem,2015,,,,,90.1,,90100.0,4.955,Media
CHEMBL3415886,,,287.34,,2.42,,Oc1ccc(/C=N/NC(=S)Nc2ccccc2)cc1O,EC50,=,9270.0,nM,5.03,,,UO_0000065,,,,,,CHEMBL3418119,Antioxidant activity assessed as DPPH free radical scavenging activity incubated for 30 mins,P,BAO_0000100,small-molecule physicochemical format,,,,,,,,,CHEMBL2362975,No relevant target,,,CHEMBL3414459,1,,Eur J Med Chem,2015,,,,,9.27,,9270.0,3.967,Alta
CHEMBL2296747,,,303.34,,2.12,,Oc1cc(O)c(/C=N/NC(=S)Nc2ccccc2)cc1O,EC50,=,13900.0,nM,4.86,,,UO_0000065,,,,,,CHEMBL3418119,Antioxidant activity assessed as DPPH free radical scavenging activity incubated for 30 mins,P,BAO_0000100,small-molecule physicochemical format,,,,,,,,,CHEMBL2362975,No relevant target,,,CHEMBL3414459,1,,Eur J Med Chem,2015,,,,,13.9,,13900.0,4.143,Alta
CHEMBL3415887,,,303.34,,2.12,,Oc1cc(/C=N/NC(=S)Nc2ccccc2)cc(O)c1O,EC50,=,7000.0,nM,5.16,,,UO_0000065,,,,,,CHEMBL3418119,Antioxidant activity assessed as DPPH free radical scavenging activity incubated for 30 mins,P,BAO_0000100,small-molecule physicochemical format,,,,,,,,,CHEMBL2362975,No relevant target,,,CHEMBL3414459,1,,Eur J Med Chem,2015,,,,,7.0,,7000.0,3.845,Alta
CHEMBL3415888,,,318.24,,,,Oc1ccc(/C=N/NC(=[Se])Nc2ccccc2)cc1,EC50,=,27800.0,nM,4.56,,,UO_0000065,,,,,,CHEMBL3418119,Antioxidant activity assessed as DPPH free radical scavenging activity incubated for 30 mins,P,BAO_0000100,small-molecule physicochemical format,,,,,,,,,CHEMBL2362975,No relevant target,,,CHEMBL3414459,1,,Eur J Med Chem,2015,,,,,27.8,,27800.0,4.444,Media
CHEMBL3415889,,,334.24,,,,Oc1ccc(/C=N/NC(=[Se])Nc2ccccc2)cc1O,EC50,=,8770.0,nM,5.06,,,UO_0000065,,,,,,CHEMBL3418119,Antioxidant activity assessed as DPPH free radical scavenging activity incubated for 30 mins,P,BAO_0000100,small-molecule physicochemical format,,,,,,,,,CHEMBL2362975,No relevant target,,,CHEMBL3414459,1,,Eur J Med Chem,2015,,,,,8.77,,8770.0,3.943,Alta
CHEMBL3415890,,,350.24,,,,Oc1cc(/C=N/NC(=[Se])Nc2ccccc2)cc(O)c1O,EC50,=,4870.0,nM,5.31,,,UO_0000065,,,,,,CHEMBL3418119,Antioxidant activity assessed as DPPH free radical scavenging activity incubated for 30 mins,P,BAO_0000100,small-molecule physicochemical format,,,,,,,,,CHEMBL2362975,No relevant target,,,CHEMBL3414459,1,,Eur J Med Chem,2015,,,,,4.87,,4870.0,3.688,Alta
CHEMBL3415891,,,368.3,,,,Oc1ccc(/C=N/NC(=[Se])Nc2cccc3ccccc23)cc1,EC50,=,21670.0,nM,4.66,,,UO_0000065,,,,,,CHEMBL3418119,Antioxidant activity assessed as DPPH free radical scavenging activity incubated for 30 mins,P,BAO_0000100,small-molecule physicochemical format,,,,,,,,,CHEMBL2362975,No relevant target,,,CHEMBL3414459,1,,Eur J Med Chem,2015,,,,,21.67,,21670.0,4.336,Alta
CHEMBL3415892,,,384.3,,,,Oc1ccc(/C=N/NC(=[Se])Nc2cccc3ccccc23)cc1O,EC50,=,18170.0,nM,4.74,,,UO_0000065,,,,,,CHEMBL3418119,Antioxidant activity assessed as DPPH free radical scavenging activity incubated for 30 mins,P,BAO_0000100,small-molecule physicochemical format,,,,,,,,,CHEMBL2362975,No relevant target,,,CHEMBL3414459,1,,Eur J Med Chem,2015,,,,,18.17,,18170.0,4.259,Alta
CHEMBL3415893,,,400.3,,,,Oc1cc(O)c(/C=N/NC(=[Se])Nc2cccc3ccccc23)cc1O,EC50,=,10700.0,nM,4.97,,,UO_0000065,,,,,,CHEMBL3418119,Antioxidant activity assessed as DPPH free radical scavenging activity incubated for 30 mins,P,BAO_0000100,small-molecule physicochemical format,,,,,,,,,CHEMBL2362975,No relevant target,,,CHEMBL3414459,1,,Eur J Med Chem,2015,,,,,10.7,,10700.0,4.029,Alta
CHEMBL3415894,,,400.3,,,,Oc1cc(/C=N/NC(=[Se])Nc2cccc3ccccc23)cc(O)c1O,EC50,=,8870.0,nM,5.05,,,UO_0000065,,,,,,CHEMBL3418119,Antioxidant activity assessed as DPPH free radical scavenging activity incubated for 30 mins,P,BAO_0000100,small-molecule physicochemical format,,,,,,,,,CHEMBL2362975,No relevant target,,,CHEMBL3414459,1,,Eur J Med Chem,2015,,,,,8.87,,8870.0,3.948,Alta
CHEMBL1950045,,,154.16,,0.63,,OCCc1ccc(O)c(O)c1,EC50,=,13800.0,nM,4.86,,,UO_0000065,,,,,,CHEMBL3418119,Antioxidant activity assessed as DPPH free radical scavenging activity incubated for 30 mins,P,BAO_0000100,small-molecule physicochemical format,,,,,,,,,CHEMBL2362975,No relevant target,,,CHEMBL3414459,1,,Eur J Med Chem,2015,,,,,13.8,,13800.0,4.14,Alta
CHEMBL3823393,,,327.36,,4.23,,CCOP(=O)(OCC)C(C)(C)/[N+]([O-])=C/c1c(C)cccc1C,EC50,>,1000000.0,nM,,Outside typical range,,UO_0000065,,,,,,CHEMBL3826545,Antioxidant activity assessed as DPPH scavenging activity measured after 3 mins by spectrophotometric method,P,BAO_0000100,small-molecule physicochemical format,,,,,,,,,CHEMBL2362975,No relevant target,,,CHEMBL3822454,1,,Eur J Med Chem,2016,,,,,1000.0,,1000000.0,6.0,Baja
CHEMBL13210,,,177.25,,2.41,,CC(C)(C)/[N+]([O-])=C/c1ccccc1,EC50,>,1000000.0,nM,,Outside typical range,,UO_0000065,,,,,,CHEMBL3826545,Antioxidant activity assessed as DPPH scavenging activity measured after 3 mins by spectrophotometric method,P,BAO_0000100,small-molecule physicochemical format,,,,,,,,,CHEMBL2362975,No relevant target,,,CHEMBL3822454,1,,Eur J Med Chem,2016,,,,,1000.0,,1000000.0,6.0,Baja
CHEMBL288114,GALLIC ACID,,170.12,,0.5,,O=C(O)c1cc(O)c(O)c(O)c1,EC50,=,7000.0,nM,5.16,,,UO_0000065,,,,,,CHEMBL3826545,Antioxidant activity assessed as DPPH scavenging activity measured after 3 mins by spectrophotometric method,P,BAO_0000100,small-molecule physicochemical format,,,,,,,,,CHEMBL2362975,No relevant target,,,CHEMBL3822454,1,,Eur J Med Chem,2016,,,,,7.0,,7000.0,3.845,Alta
CHEMBL145,CAFFEIC ACID,,180.16,,1.2,,O=C(O)/C=C/c1ccc(O)c(O)c1,EC50,=,17000.0,nM,4.77,,,UO_0000065,,,,,,CHEMBL3826545,Antioxidant activity assessed as DPPH scavenging activity measured after 3 mins by spectrophotometric method,P,BAO_0000100,small-molecule physicochemical format,,,,,,,,,CHEMBL2362975,No relevant target,,,CHEMBL3822454,1,,Eur J Med Chem,2016,,,,,17.0,,17000.0,4.23,Alta
CHEMBL32749,FERULATE,,194.19,,1.5,,COc1cc(/C=C/C(=O)O)ccc1O,EC50,=,61000.0,nM,4.21,,,UO_0000065,,,,,,CHEMBL3826545,Antioxidant activity assessed as DPPH scavenging activity measured after 3 mins by spectrophotometric method,P,BAO_0000100,small-molecule physicochemical format,,,,,,,,,CHEMBL2362975,No relevant target,,,CHEMBL3822454,1,,Eur J Med Chem,2016,,,,,61.0,,61000.0,4.785,Media
CHEMBL109341,SINAPINATE,,224.21,,1.51,,COc1cc(/C=C/C(=O)O)cc(OC)c1O,EC50,=,35000.0,nM,4.46,,,UO_0000065,,,,,,CHEMBL3826545,Antioxidant activity assessed as DPPH scavenging activity measured after 3 mins by spectrophotometric method,P,BAO_0000100,small-molecule physicochemical format,,,,,,,,,CHEMBL2362975,No relevant target,,,CHEMBL3822454,1,,Eur J Med Chem,2016,,,,,35.0,,35000.0,4.544,Media
CHEMBL153,TROLOX,,250.29,,2.49,,Cc1c(C)c2c(c(C)c1O)CCC(C)(C(=O)O)O2,EC50,=,20000.0,nM,4.7,,,UO_0000065,,,,,,CHEMBL3826545,Antioxidant activity assessed as DPPH scavenging activity measured after 3 mins by spectrophotometric method,P,BAO_0000100,small-molecule physicochemical format,,,,,,,,,CHEMBL2362975,No relevant target,,,CHEMBL3822454,1,,Eur J Med Chem,2016,,,,,20.0,,20000.0,4.301,Alta
CHEMBL50,QUERCETIN,,302.24,,1.99,,O=c1c(O)c(-c2ccc(O)c(O)c2)oc2cc(O)cc(O)c12,EC50,=,13000.0,nM,4.89,,,UO_0000065,,,,,,CHEMBL3826545,Antioxidant activity assessed as DPPH scavenging activity measured after 3 mins by spectrophotometric method,P,BAO_0000100,small-molecule physicochemical format,,,,,,,,,CHEMBL2362975,No relevant target,,,CHEMBL3822454,1,,Eur J Med Chem,2016,,,,,13.0,,13000.0,4.114,Alta
CHEMBL3824195,,,367.3,,4.64,,CCOP(=O)(OCC)C(C)(C)/[N+]([O-])=C/c1ccccc1C(F)(F)F,EC50,>,1000000.0,nM,,Outside typical range,,UO_0000065,,,,,,CHEMBL3826545,Antioxidant activity assessed as DPPH scavenging activity measured after 3 mins by spectrophotometric method,P,BAO_0000100,small-molecule physicochemical format,,,,,,,,,CHEMBL2362975,No relevant target,,,CHEMBL3822454,1,,Eur J Med Chem,2016,,,,,1000.0,,1000000.0,6.0,Baja
CHEMBL3823032,,,371.37,,3.79,,CCOC(=O)c1ccc(/C=[N+](\[O-])C(C)(C)P(=O)(OCC)OCC)cc1,EC50,>,1000000.0,nM,,Outside typical range,,UO_0000065,,,,,,CHEMBL3826545,Antioxidant activity assessed as DPPH scavenging activity measured after 3 mins by spectrophotometric method,P,BAO_0000100,small-molecule physicochemical format,,,,,,,,,CHEMBL2362975,No relevant target,,,CHEMBL3822454,1,,Eur J Med Chem,2016,,,,,1000.0,,1000000.0,6.0,Baja
CHEMBL3823459,,,343.32,,3.32,,CCOP(=O)(OCC)C(C)(C)/[N+]([O-])=C/c1ccc(C(=O)O)cc1,EC50,>,1000000.0,nM,,Outside typical range,,UO_0000065,,,,,,CHEMBL3826545,Antioxidant activity assessed as DPPH scavenging activity measured after 3 mins by spectrophotometric method,P,BAO_0000100,small-molecule physicochemical format,,,,,,,,,CHEMBL2362975,No relevant target,,,CHEMBL3822454,1,,Eur J Med Chem,2016,,,,,1000.0,,1000000.0,6.0,Baja
CHEMBL3823941,,,356.36,,3.58,,CCOP(=O)(OCC)C(C)(C)/[N+]([O-])=C/c1ccc(NC(C)=O)cc1,EC50,>,1000000.0,nM,,Outside typical range,,UO_0000065,,,,,,CHEMBL3826545,Antioxidant activity assessed as DPPH scavenging activity measured after 3 mins by spectrophotometric method,P,BAO_0000100,small-molecule physicochemical format,,,,,,,,,CHEMBL2362975,No relevant target,,,CHEMBL3822454,1,,Eur J Med Chem,2016,,,,,1000.0,,1000000.0,6.0,Baja
CHEMBL3823026,,,344.3,,3.53,,CCOP(=O)(OCC)C(C)(C)/[N+]([O-])=C/c1ccc([N+](=O)[O-])cc1,EC50,>,1000000.0,nM,,Outside typical range,,UO_0000065,,,,,,CHEMBL3826545,Antioxidant activity assessed as DPPH scavenging activity measured after 3 mins by spectrophotometric method,P,BAO_0000100,small-molecule physicochemical format,,,,,,,,,CHEMBL2362975,No relevant target,,,CHEMBL3822454,1,,Eur J Med Chem,2016,,,,,1000.0,,1000000.0,6.0,Baja
CHEMBL3824002,,,344.3,,3.53,,CCOP(=O)(OCC)C(C)(C)/[N+]([O-])=C/c1cccc([N+](=O)[O-])c1,EC50,>,1000000.0,nM,,Outside typical range,,UO_0000065,,,,,,CHEMBL3826545,Antioxidant activity assessed as DPPH scavenging activity measured after 3 mins by spectrophotometric method,P,BAO_0000100,small-molecule physicochemical format,,,,,,,,,CHEMBL2362975,No relevant target,,,CHEMBL3822454,1,,Eur J Med Chem,2016,,,,,1000.0,,1000000.0,6.0,Baja
CHEMBL3823592,,,344.3,,3.53,,CCOP(=O)(OCC)C(C)(C)/[N+]([O-])=C/c1ccccc1[N+](=O)[O-],EC50,>,1000000.0,nM,,Outside typical range,,UO_0000065,,,,,,CHEMBL3826545,Antioxidant activity assessed as DPPH scavenging activity measured after 3 mins by spectrophotometric method,P,BAO_0000100,small-molecule physicochemical format,,,,,,,,,CHEMBL2362975,No relevant target,,,CHEMBL3822454,1,,Eur J Med Chem,2016,,,,,1000.0,,1000000.0,6.0,Baja
CHEMBL3823604,,,375.36,,3.34,,CCOP(=O)(OCC)C(C)(C)/[N+]([O-])=C/c1cc(OC)c(O)c(OC)c1,EC50,=,190000.0,nM,,Outside typical range,,UO_0000065,,,,,,CHEMBL3826545,Antioxidant activity assessed as DPPH scavenging activity measured after 3 mins by spectrophotometric method,P,BAO_0000100,small-molecule physicochemical format,,,,,,,,,CHEMBL2362975,No relevant target,,,CHEMBL3822454,1,,Eur J Med Chem,2016,,,,,190.0,,190000.0,5.279,Baja
CHEMBL3823574,,,345.33,,3.33,,CCOP(=O)(OCC)C(C)(C)/[N+]([O-])=C/c1ccc(O)c(OC)c1,EC50,=,254000.0,nM,,Outside typical range,,UO_0000065,,,,,,CHEMBL3826545,Antioxidant activity assessed as DPPH scavenging activity measured after 3 mins by spectrophotometric method,P,BAO_0000100,small-molecule physicochemical format,,,,,,,,,CHEMBL2362975,No relevant target,,,CHEMBL3822454,1,,Eur J Med Chem,2016,,,,,254.0,,254000.0,5.405,Baja
CHEMBL3823412,,,347.3,,2.73,,CCOP(=O)(OCC)C(C)(C)/[N+]([O-])=C/c1cc(O)c(O)c(O)c1,EC50,=,19000.0,nM,4.72,,,UO_0000065,,,,,,CHEMBL3826545,Antioxidant activity assessed as DPPH scavenging activity measured after 3 mins by spectrophotometric method,P,BAO_0000100,small-molecule physicochemical format,,,,,,,,,CHEMBL2362975,No relevant target,,,CHEMBL3822454,1,,Eur J Med Chem,2016,,,,,19.0,,19000.0,4.279,Alta
CHEMBL3823828,,,331.31,,3.03,,CCOP(=O)(OCC)C(C)(C)/[N+]([O-])=C/c1ccc(O)cc1O,EC50,>,1000000.0,nM,,Outside typical range,,UO_0000065,,,,,,CHEMBL3826545,Antioxidant activity assessed as DPPH scavenging activity measured after 3 mins by spectrophotometric method,P,BAO_0000100,small-molecule physicochemical format,,,,,,,,,CHEMBL2362975,No relevant target,,,CHEMBL3822454,1,,Eur J Med Chem,2016,,,,,1000.0,,1000000.0,6.0,Baja
CHEMBL3824333,,,331.31,,3.03,,CCOP(=O)(OCC)C(C)(C)/[N+]([O-])=C/c1cc(O)cc(O)c1,EC50,>,1000000.0,nM,,Outside typical range,,UO_0000065,,,,,,CHEMBL3826545,Antioxidant activity assessed as DPPH scavenging activity measured after 3 mins by spectrophotometric method,P,BAO_0000100,small-molecule physicochemical format,,,,,,,,,CHEMBL2362975,No relevant target,,,CHEMBL3822454,1,,Eur J Med Chem,2016,,,,,1000.0,,1000000.0,6.0,Baja
CHEMBL4283585,,,472.63,,3.82,,CN(C)CCN(CC1CCCN(C2Cc3ccccc3C2)C1)C(=O)c1ccc2cccnc2c1O,EC50,=,61400.0,nM,4.21,,,UO_0000065,,,,,,CHEMBL4273358,Antioxidant activity assessed as DPPH free radical scavenging activity after 90 mins dark incubation,F,BAO_0000019,assay format,,,,,,,,,CHEMBL2362975,No relevant target,,,CHEMBL4270567,1,,Eur J Med Chem,2018,,,,,61.4,,61400.0,4.788,Media
CHEMBL4278201,,,459.59,,3.91,,COCCN(CC1CCCN(C2Cc3ccccc3C2)C1)C(=O)c1ccc2cccnc2c1O,EC50,=,3544000.0,nM,,Outside typical range,,UO_0000065,,,,,,CHEMBL4273358,Antioxidant activity assessed as DPPH free radical scavenging activity after 90 mins dark incubation,F,BAO_0000019,assay format,,,,,,,,,CHEMBL2362975,No relevant target,,,CHEMBL4270567,1,,Eur J Med Chem,2018,,,,,3544.0,,3544000.0,6.549,Baja
CHEMBL4288890,,,517.63,,3.73,,CN(C)CCN(CC1CCCN(C2Cc3ccccc3C2)C1)C(=O)c1cc([N+](=O)[O-])c2cccnc2c1O,EC50,=,1048900.0,nM,,Outside typical range,,UO_0000065,,,,,,CHEMBL4273358,Antioxidant activity assessed as DPPH free radical scavenging activity after 90 mins dark incubation,F,BAO_0000019,assay format,,,,,,,,,CHEMBL2362975,No relevant target,,,CHEMBL4270567,1,,Eur J Med Chem,2018,,,,,1048.9,,1048900.0,6.021,Baja
CHEMBL4294570,,,472.63,,3.82,,CN(C)CCN(CC1CCCN(C2Cc3ccccc3C2)C1)C(=O)c1ccc2cccc(O)c2n1,EC50,=,544000.0,nM,,Outside typical range,,UO_0000065,,,,,,CHEMBL4273358,Antioxidant activity assessed as DPPH free radical scavenging activity after 90 mins dark incubation,F,BAO_0000019,assay format,,,,,,,,,CHEMBL2362975,No relevant target,,,CHEMBL4270567,1,,Eur J Med Chem,2018,,,,,544.0,,544000.0,5.736,Baja
CHEMBL4283974,,,517.63,,3.73,,CN(C)CCN(CC1CCCN(C2Cc3ccccc3C2)C1)C(=O)c1ccc2c([N+](=O)[O-])ccc(O)c2n1,EC50,=,1753300.0,nM,,Outside typical range,,UO_0000065,,,,,,CHEMBL4273358,Antioxidant activity assessed as DPPH free radical scavenging activity after 90 mins dark incubation,F,BAO_0000019,assay format,,,,,,,,,CHEMBL2362975,No relevant target,,,CHEMBL4270567,1,,Eur J Med Chem,2018,,,,,1753.3,,1753300.0,6.244,Baja
CHEMBL4291165,,,488.63,,3.53,,CN(C)CCN(CC1CCCN(C2Cc3ccccc3C2)C1)C(=O)c1cc(O)c2cccc(O)c2n1,EC50,=,74600.0,nM,4.13,,,UO_0000065,,,,,,CHEMBL4273358,Antioxidant activity assessed as DPPH free radical scavenging activity after 90 mins dark incubation,F,BAO_0000019,assay format,,,,,,,,,CHEMBL2362975,No relevant target,,,CHEMBL4270567,1,,Eur J Med Chem,2018,,,,,74.6,,74600.0,4.873,Media
CHEMBL4280532,,,533.76,,4.67,,Cc1c(C)c2c(c(C)c1O)CCC(C)(C(=O)N(CCN(C)C)CC1CCCN(C3Cc4ccccc4C3)C1)O2,EC50,=,264200.0,nM,,Outside typical range,,UO_0000065,,,,,,CHEMBL4273358,Antioxidant activity assessed as DPPH free radical scavenging activity after 90 mins dark incubation,F,BAO_0000019,assay format,,,,,,,,,CHEMBL2362975,No relevant target,,,CHEMBL4270567,1,,Eur J Med Chem,2018,,,,,264.2,,264200.0,5.422,Baja
CHEMBL4287764,,,506.72,,3.52,,CN(C)CCN(CC1CCCN(C2Cc3ccccc3C2)C1)C(=O)[C@@H]1N=C(c2ccccc2O)CS1,EC50,=,3233100.0,nM,,Outside typical range,,UO_0000065,,,,,,CHEMBL4273358,Antioxidant activity assessed as DPPH free radical scavenging activity after 90 mins dark incubation,F,BAO_0000019,assay format,,,,,,,,,CHEMBL2362975,No relevant target,,,CHEMBL4270567,1,,Eur J Med Chem,2018,,,,,3233.1,,3233100.0,6.51,Baja
CHEMBL4277107,,,504.7,,4.16,,CN(C)CCN(CC1CCCN(C2Cc3ccccc3C2)C1)C(=O)c1csc(Nc2ccccn2)n1,EC50,=,3475000.0,nM,,Outside typical range,,UO_0000065,,,,,,CHEMBL4273358,Antioxidant activity assessed as DPPH free radical scavenging activity after 90 mins dark incubation,F,BAO_0000019,assay format,,,,,,,,,CHEMBL2362975,No relevant target,,,CHEMBL4270567,1,,Eur J Med Chem,2018,,,,,3475.0,,3475000.0,6.541,Baja
CHEMBL4284357,,,461.61,,2.92,,CN(C)CCN(CC1CCCN(C2Cc3ccccc3C2)C1)C(=O)c1cn2cccc(O)c2n1,EC50,=,42100.0,nM,4.38,,,UO_0000065,,,,,,CHEMBL4273358,Antioxidant activity assessed as DPPH free radical scavenging activity after 90 mins dark incubation,F,BAO_0000019,assay format,,,,,,,,,CHEMBL2362975,No relevant target,,,CHEMBL4270567,1,,Eur J Med Chem,2018,,,,,42.1,,42100.0,4.624,Media
CHEMBL4292256,,,422.57,,2.67,,CN(C)CCN(CC1CCCN(C2Cc3ccccc3C2)C1)C(=O)c1ccc(O)nc1,EC50,=,995000.0,nM,,Outside typical range,,UO_0000065,,,,,,CHEMBL4273358,Antioxidant activity assessed as DPPH free radical scavenging activity after 90 mins dark incubation,F,BAO_0000019,assay format,,,,,,,,,CHEMBL2362975,No relevant target,,,CHEMBL4270567,1,,Eur J Med Chem,2018,,,,,995.0,,995000.0,5.998,Baja
CHEMBL4288849,,,447.62,,3.68,,CN(C)CCN(CC1CCCN(C2Cc3ccccc3C2)C1)C(=O)/C=C/c1ccc(O)cc1,EC50,=,55900.0,nM,4.25,,,UO_0000065,,,,,,CHEMBL4273358,Antioxidant activity assessed as DPPH free radical scavenging activity after 90 mins dark incubation,F,BAO_0000019,assay format,,,,,,,,,CHEMBL2362975,No relevant target,,,CHEMBL4270567,1,,Eur J Med Chem,2018,,,,,55.9,,55900.0,4.747,Media
CHEMBL4284141,,,421.59,,3.28,,CN(C)CCN(CC1CCCN(C2Cc3ccccc3C2)C1)C(=O)c1cccc(O)c1,EC50,=,2862700.0,nM,,Outside typical range,,UO_0000065,,,,,,CHEMBL4273358,Antioxidant activity assessed as DPPH free radical scavenging activity after 90 mins dark incubation,F,BAO_0000019,assay format,,,,,,,,,CHEMBL2362975,No relevant target,,,CHEMBL4270567,1,,Eur J Med Chem,2018,,,,,2862.7,,2862700.0,6.457,Baja
CHEMBL4294752,,,421.59,,3.28,,CN(C)CCN(CC1CCCN(C2Cc3ccccc3C2)C1)C(=O)c1ccc(O)cc1,EC50,=,2731000.0,nM,,Outside typical range,,UO_0000065,,,,,,CHEMBL4273358,Antioxidant activity assessed as DPPH free radical scavenging activity after 90 mins dark incubation,F,BAO_0000019,assay format,,,,,,,,,CHEMBL2362975,No relevant target,,,CHEMBL4270567,1,,Eur J Med Chem,2018,,,,,2731.0,,2731000.0,6.436,Baja
CHEMBL4287511,,,437.58,,2.98,,CN(C)CCN(CC1CCCN(C2Cc3ccccc3C2)C1)C(=O)c1ccc(O)cc1O,EC50,=,389900.0,nM,,Outside typical range,,UO_0000065,,,,,,CHEMBL4273358,Antioxidant activity assessed as DPPH free radical scavenging activity after 90 mins dark incubation,F,BAO_0000019,assay format,,,,,,,,,CHEMBL2362975,No relevant target,,,CHEMBL4270567,1,,Eur J Med Chem,2018,,,,,389.9,,389900.0,5.591,Baja
CHEMBL4279606,,,435.61,,3.58,,COc1ccc(C(=O)N(CCN(C)C)CC2CCCN(C3Cc4ccccc4C3)C2)cc1,EC50,=,2625700.0,nM,,Outside typical range,,UO_0000065,,,,,,CHEMBL4273358,Antioxidant activity assessed as DPPH free radical scavenging activity after 90 mins dark incubation,F,BAO_0000019,assay format,,,,,,,,,CHEMBL2362975,No relevant target,,,CHEMBL4270567,1,,Eur J Med Chem,2018,,,,,2625.7,,2625700.0,6.419,Baja
CHEMBL4277303,,,528.73,,5.35,,CN(C)CCN(CC1CCCN(Cc2csc(Nc3ccccn3)n2)C1)C(=O)c1ccc2ccccc2c1,EC50,=,761800.0,nM,,Outside typical range,,UO_0000065,,,,,,CHEMBL4273358,Antioxidant activity assessed as DPPH free radical scavenging activity after 90 mins dark incubation,F,BAO_0000019,assay format,,,,,,,,,CHEMBL2362975,No relevant target,,,CHEMBL4270567,1,,Eur J Med Chem,2018,,,,,761.8,,761800.0,5.882,Baja
CHEMBL4287944,,,496.66,,5.01,,CN(C)CCN(CC1CCCN(Cc2ccc3cccc(O)c3n2)C1)C(=O)c1ccc2ccccc2c1,EC50,=,402400.0,nM,,Outside typical range,,UO_0000065,,,,,,CHEMBL4273358,Antioxidant activity assessed as DPPH free radical scavenging activity after 90 mins dark incubation,F,BAO_0000019,assay format,,,,,,,,,CHEMBL2362975,No relevant target,,,CHEMBL4270567,1,,Eur J Med Chem,2018,,,,,402.4,,402400.0,5.605,Baja
CHEMBL153,TROLOX,,250.29,,2.49,,Cc1c(C)c2c(c(C)c1O)CCC(C)(C(=O)O)O2,EC50,=,28270.0,nM,4.55,,,UO_0000065,,,,,,CHEMBL4002400,Antioxidant activity assessed as DPPH radical scavenging activity incubated for 15 mins under dark condition,F,BAO_0000019,assay format,,,,,,,,,CHEMBL2362975,No relevant target,,,CHEMBL4000253,1,,Bioorg Med Chem,2017,,,,,28.27,,28270.0,4.451,Media
CHEMBL3818390,,,339.17,,3.7,,O=c1oc2c(O)c(O)ccc2cc1-c1cc(Br)cs1,EC50,>,200000.0,nM,,Outside typical range,,UO_0000065,,,,,,CHEMBL4002400,Antioxidant activity assessed as DPPH radical scavenging activity incubated for 15 mins under dark condition,F,BAO_0000019,assay format,,,,,,,,,CHEMBL2362975,No relevant target,,,CHEMBL4000253,1,,Bioorg Med Chem,2017,,,,,200.0,,200000.0,5.301,Baja
CHEMBL3818426,,,323.17,,3.99,,O=c1oc2c(O)cccc2cc1-c1cc(Br)cs1,EC50,>,200000.0,nM,,Outside typical range,,UO_0000065,,,,,,CHEMBL4002400,Antioxidant activity assessed as DPPH radical scavenging activity incubated for 15 mins under dark condition,F,BAO_0000019,assay format,,,,,,,,,CHEMBL2362975,No relevant target,,,CHEMBL4000253,1,,Bioorg Med Chem,2017,,,,,200.0,,200000.0,5.301,Baja
CHEMBL4088744,,,323.17,,3.99,,O=c1oc2cc(O)ccc2cc1-c1cc(Br)cs1,EC50,>,200000.0,nM,,Outside typical range,,UO_0000065,,,,,,CHEMBL4002400,Antioxidant activity assessed as DPPH radical scavenging activity incubated for 15 mins under dark condition,F,BAO_0000019,assay format,,,,,,,,,CHEMBL2362975,No relevant target,,,CHEMBL4000253,1,,Bioorg Med Chem,2017,,,,,200.0,,200000.0,5.301,Baja
CHEMBL4067496,,,339.17,,3.7,,O=c1oc2cc(O)cc(O)c2cc1-c1cc(Br)cs1,EC50,=,14130.0,nM,4.85,,,UO_0000065,,,,,,CHEMBL4002400,Antioxidant activity assessed as DPPH radical scavenging activity incubated for 15 mins under dark condition,F,BAO_0000019,assay format,,,,,,,,,CHEMBL2362975,No relevant target,,,CHEMBL4000253,1,,Bioorg Med Chem,2017,,,,,14.13,,14130.0,4.15,Alta
CHEMBL4066488,,,244.27,,3.23,,O=c1oc2ccc(O)cc2cc1-c1cccs1,EC50,>,200000.0,nM,,Outside typical range,,UO_0000065,,,,,,CHEMBL4002400,Antioxidant activity assessed as DPPH radical scavenging activity incubated for 15 mins under dark condition,F,BAO_0000019,assay format,,,,,,,,,CHEMBL2362975,No relevant target,,,CHEMBL4000253,1,,Bioorg Med Chem,2017,,,,,200.0,,200000.0,5.301,Baja
CHEMBL389990,,,244.27,,3.23,,O=c1oc2cc(O)ccc2cc1-c1cccs1,EC50,>,200000.0,nM,,Outside typical range,,UO_0000065,,,,,,CHEMBL4002400,Antioxidant activity assessed as DPPH radical scavenging activity incubated for 15 mins under dark condition,F,BAO_0000019,assay format,,,,,,,,,CHEMBL2362975,No relevant target,,,CHEMBL4000253,1,,Bioorg Med Chem,2017,,,,,200.0,,200000.0,5.301,Baja
CHEMBL4104177,,,260.27,,2.93,,O=c1oc2cc(O)cc(O)c2cc1-c1cccs1,EC50,=,15830.0,nM,4.8,,,UO_0000065,,,,,,CHEMBL4002400,Antioxidant activity assessed as DPPH radical scavenging activity incubated for 15 mins under dark condition,F,BAO_0000019,assay format,,,,,,,,,CHEMBL2362975,No relevant target,,,CHEMBL4000253,1,,Bioorg Med Chem,2017,,,,,15.83,,15830.0,4.199,Alta
CHEMBL4086260,,,260.27,,2.93,,O=c1oc2cc(O)cc(O)c2cc1-c1ccsc1,EC50,=,9420.0,nM,5.03,,,UO_0000065,,,,,,CHEMBL4002400,Antioxidant activity assessed as DPPH radical scavenging activity incubated for 15 mins under dark condition,F,BAO_0000019,assay format,,,,,,,,,CHEMBL2362975,No relevant target,,,CHEMBL4000253,1,,Bioorg Med Chem,2017,,,,,9.42,,9420.0,3.974,Alta
CHEMBL4073206,,,333.14,,3.63,,O=c1oc2cc(O)cc(O)c2cc1-c1ccc(Br)cc1,EC50,=,18650.0,nM,4.73,,,UO_0000065,,,,,,CHEMBL4002400,Antioxidant activity assessed as DPPH radical scavenging activity incubated for 15 mins under dark condition,F,BAO_0000019,assay format,,,,,,,,,CHEMBL2362975,No relevant target,,,CHEMBL4000253,1,,Bioorg Med Chem,2017,,,,,18.65,,18650.0,4.271,Alta
CHEMBL3913244,,,254.24,,2.87,,O=c1oc2cc(O)cc(O)c2cc1-c1ccccc1,EC50,=,47110.0,nM,4.33,,,UO_0000065,,,,,,CHEMBL4002400,Antioxidant activity assessed as DPPH radical scavenging activity incubated for 15 mins under dark condition,F,BAO_0000019,assay format,,,,,,,,,CHEMBL2362975,No relevant target,,,CHEMBL4000253,1,,Bioorg Med Chem,2017,,,,,47.11,,47110.0,4.673,Media
CHEMBL307856,,,312.32,,3.49,,COc1cc(-c2cc(=O)c3ccccc3o2)cc(OC)c1OC,EC50,=,71.66,ug.mL-1,,Outside typical range,,UO_0000274,,,,,,CHEMBL4688249,Antioxidant activity assessed as DPPH radical scavenging activity incubated for 20 mins in dark conditions,F,BAO_0000019,assay format,,,,,,,,,CHEMBL2362975,No relevant target,,,CHEMBL4680300,1,,Bioorg Med Chem Lett,2021,,,,,71.66,,229444.16,5.361,Baja
CHEMBL4785388,,,270.24,,2.58,,O=c1cc(-c2cc(O)c(O)c(O)c2)oc2ccccc12,EC50,=,0.33,ug.mL-1,,,,UO_0000274,,,,,,CHEMBL4688249,Antioxidant activity assessed as DPPH radical scavenging activity incubated for 20 mins in dark conditions,F,BAO_0000019,assay format,,,,,,,,,CHEMBL2362975,No relevant target,,,CHEMBL4680300,1,,Bioorg Med Chem Lett,2021,,,,,0.33,,1221.137,3.087,Alta
CHEMBL2047492,,,330.31,,3.62,,COc1cc(-c2oc3ccccc3c(=O)c2F)cc(OC)c1OC,EC50,=,37.14,ug.mL-1,,,,UO_0000274,,,,,,CHEMBL4688249,Antioxidant activity assessed as DPPH radical scavenging activity incubated for 20 mins in dark conditions,F,BAO_0000019,assay format,,,,,,,,,CHEMBL2362975,No relevant target,,,CHEMBL4680300,1,,Bioorg Med Chem Lett,2021,,,,,37.14,,112439.829,5.051,Media
CHEMBL4753576,,,288.23,,2.72,,O=c1c(F)c(-c2cc(O)c(O)c(O)c2)oc2ccccc12,EC50,=,0.24,ug.mL-1,,,,UO_0000274,,,,,,CHEMBL4688249,Antioxidant activity assessed as DPPH radical scavenging activity incubated for 20 mins in dark conditions,F,BAO_0000019,assay format,,,,,,,,,CHEMBL2362975,No relevant target,,,CHEMBL4680300,1,,Bioorg Med Chem Lett,2021,,,,,0.24,,832.668,2.92,Alta
CHEMBL196,ASCORBIC ACID,,176.12,,-1.41,,O=C1O[C@H]([C@@H](O)CO)C(O)=C1O,EC50,=,0.16,ug.mL-1,,,,UO_0000274,,,,,,CHEMBL4688249,Antioxidant activity assessed as DPPH radical scavenging activity incubated for 20 mins in dark conditions,F,BAO_0000019,assay format,,,,,,,,,CHEMBL2362975,No relevant target,,,CHEMBL4680300,1,,Bioorg Med Chem Lett,2021,,,,,0.16,,908.471,2.958,Alta
CHEMBL5200921,,,321.29,,3.17,,O=c1cc(Cc2nc3ccccc3[nH]2)c2cccc([N+](=O)[O-])c2o1,EC50,=,170.0,nM,6.77,,,UO_0000065,,,,,,CHEMBL5126948,Antioxidant activity assessed as DPPH radical scavenging activity incubated for 30 mins in dark condition by spectrophotometrical analysis,F,BAO_0000019,assay format,,,,,,,,,CHEMBL2362975,No relevant target,,,CHEMBL5126506,1,,Eur J Med Chem,2022,,,,,0.17,,170.0,2.23,Alta
CHEMBL5187642,,,364.32,,2.76,,O=C(Cc1cc(=O)oc2c([N+](=O)[O-])cccc12)Nc1nc2ccccc2[nH]1,EC50,=,80.0,nM,7.1,,,UO_0000065,,,,,,CHEMBL5126948,Antioxidant activity assessed as DPPH radical scavenging activity incubated for 30 mins in dark condition by spectrophotometrical analysis,F,BAO_0000019,assay format,,,,,,,,,CHEMBL2362975,No relevant target,,,CHEMBL5126506,1,,Eur J Med Chem,2022,,,,,0.08,,80.0,1.903,Alta
CHEMBL146,BUTYLATED HYDROXYTOLUENE,,220.36,,4.3,,Cc1cc(C(C)(C)C)c(O)c(C(C)(C)C)c1,EC50,=,23400.0,nM,4.63,,,UO_0000065,,,,,,CHEMBL5126948,Antioxidant activity assessed as DPPH radical scavenging activity incubated for 30 mins in dark condition by spectrophotometrical analysis,F,BAO_0000019,assay format,,,,,,,,,CHEMBL2362975,No relevant target,,,CHEMBL5126506,1,,Eur J Med Chem,2022,,,,,23.4,,23400.0,4.369,Alta
CHEMBL196,ASCORBIC ACID,,176.12,,-1.41,,O=C1O[C@H]([C@@H](O)CO)C(O)=C1O,EC50,=,30.0,nM,7.52,,,UO_0000065,,,,,,CHEMBL5126948,Antioxidant activity assessed as DPPH radical scavenging activity incubated for 30 mins in dark condition by spectrophotometrical analysis,F,BAO_0000019,assay format,,,,,,,,,CHEMBL2362975,No relevant target,,,CHEMBL5126506,1,,Eur J Med Chem,2022,,,,,0.03,,30.0,1.477,Alta
CHEMBL324842,ROSMARINIC ACID,,360.32,,1.76,,O=C(/C=C/c1ccc(O)c(O)c1)O[C@H](Cc1ccc(O)c(O)c1)C(=O)O,EC50,=,3.1,ug.mL-1,,,,UO_0000274,,,,,,CHEMBL943009,Antioxidant activity assessed as DPPH reducing activity,F,BAO_0000019,assay format,,,,,,,,,CHEMBL3879801,NON-PROTEIN TARGET,,,CHEMBL1141355,1,,J Nat Prod,2007,,,,,3.1,,8603.464,3.935,Alta
CHEMBL47,ALPHA-TOCOPHEROL,,430.72,,8.84,,Cc1c(C)c2c(c(C)c1O)CC[C@@](C)(CCC[C@H](C)CCC[C@H](C)CCCC(C)C)O2,EC50,=,10.1,ug.mL-1,,,,UO_0000274,,,,,,CHEMBL943009,Antioxidant activity assessed as DPPH reducing activity,F,BAO_0000019,assay format,,,,,,,,,CHEMBL3879801,NON-PROTEIN TARGET,,,CHEMBL1141355,1,,J Nat Prod,2007,,,,,10.1,,23449.108,4.37,Alta
CHEMBL442565,ALPHA-PINENE,,136.24,,3.0,,CC1=CCC2CC1C2(C)C,EC50,=,330600.0,ug.mL-1,,Outside typical range,,UO_0000274,,,,,,CHEMBL1005721,Antioxidant activity assessed as DPPH radical scavenging activity,F,BAO_0000019,assay format,,,,,,,,,CHEMBL613712,Radical scavenging activity,,,CHEMBL1150093,1,,J Nat Prod,1995,,,,,330.6,,2426600117.44,9.385,Baja
CHEMBL452687,SABINENE,,136.24,,3.0,,C=C1CCC2(C(C)C)CC12,EC50,=,232700.0,ug.mL-1,,Outside typical range,,UO_0000274,,,,,,CHEMBL1005721,Antioxidant activity assessed as DPPH radical scavenging activity,F,BAO_0000019,assay format,,,,,,,,,CHEMBL613712,Radical scavenging activity,,,CHEMBL1150093,1,,J Nat Prod,1995,,,,,232.7,,1708015267.176,9.232,Baja
CHEMBL501351,BETA-PINENE,,136.24,,3.0,,C=C1CCC2CC1C2(C)C,EC50,=,220100.0,ug.mL-1,,Outside typical range,,UO_0000274,,,,,,CHEMBL1005721,Antioxidant activity assessed as DPPH radical scavenging activity,F,BAO_0000019,assay format,,,,,,,,,CHEMBL613712,Radical scavenging activity,,,CHEMBL1150093,1,,J Nat Prod,1995,,,,,220.1,,1615531415.15,9.208,Baja
CHEMBL444254,BETA-PHELLANDRENE,,136.24,,3.16,,C=C1C=CC(C(C)C)CC1,EC50,=,127700.0,ug.mL-1,,Outside typical range,,UO_0000274,,,,,,CHEMBL1005721,Antioxidant activity assessed as DPPH radical scavenging activity,F,BAO_0000019,assay format,,,,,,,,,CHEMBL613712,Radical scavenging activity,,,CHEMBL1150093,1,,J Nat Prod,1995,,,,,127.7,,937316500.294,8.972,Baja
CHEMBL455491,MYRCENE,,136.24,,3.48,,C=CC(=C)CCC=C(C)C,EC50,=,248000.0,ug.mL-1,,Outside typical range,,UO_0000274,,,,,,CHEMBL1005721,Antioxidant activity assessed as DPPH radical scavenging activity,F,BAO_0000019,assay format,,,,,,,,,CHEMBL613712,Radical scavenging activity,,,CHEMBL1150093,1,,J Nat Prod,1995,,,,,248.0,,1820317087.493,9.26,Baja
CHEMBL449693,GAMMA-TERPINENE,,136.24,,3.31,,CC1=CCC(C(C)C)=CC1,EC50,=,22000.0,ug.mL-1,,Outside typical range,,UO_0000274,,,,,,CHEMBL1005721,Antioxidant activity assessed as DPPH radical scavenging activity,F,BAO_0000019,assay format,,,,,,,,,CHEMBL613712,Radical scavenging activity,,,CHEMBL1150093,1,,J Nat Prod,1995,,,,,22.0,,161479741.632,8.208,Baja
CHEMBL442915,P-CYMENE,,134.22,,3.12,,Cc1ccc(C(C)C)cc1,EC50,=,408000.0,ug.mL-1,,Outside typical range,,UO_0000274,,,,,,CHEMBL1005721,Antioxidant activity assessed as DPPH radical scavenging activity,F,BAO_0000019,assay format,,,,,,,,,CHEMBL613712,Radical scavenging activity,,,CHEMBL1150093,1,,J Nat Prod,1995,,,,,408.0,,3039785426.911,9.483,Baja
CHEMBL15676,CARVONE,,150.22,,2.49,,C=C(C)C1CC=C(C)C(=O)C1,EC50,=,11700.0,ug.mL-1,,Outside typical range,,UO_0000274,,,,,,CHEMBL1005721,Antioxidant activity assessed as DPPH radical scavenging activity,F,BAO_0000019,assay format,,,,,,,,,CHEMBL613712,Radical scavenging activity,,,CHEMBL1150093,1,,J Nat Prod,1995,,,,,11.7,,77885767.541,7.891,Baja
CHEMBL15768,,,152.24,,2.4,,CC12CCC(CC1=O)C2(C)C,EC50,=,2400.0,ug.mL-1,,Outside typical range,,UO_0000274,,,,,,CHEMBL1005721,Antioxidant activity assessed as DPPH radical scavenging activity,F,BAO_0000019,assay format,,,,,,,,,CHEMBL613712,Radical scavenging activity,,,CHEMBL1150093,1,,J Nat Prod,1995,,,,,2.4,,15764582.239,7.198,Baja
CHEMBL1097205,BORNEOL,,154.25,,2.19,,CC1(C)C2CCC1(C)C(O)C2,EC50,=,2400.0,ug.mL-1,,Outside typical range,,UO_0000274,,,,,,CHEMBL1005721,Antioxidant activity assessed as DPPH radical scavenging activity,F,BAO_0000019,assay format,,,,,,,,,CHEMBL613712,Radical scavenging activity,,,CHEMBL1150093,1,,J Nat Prod,1995,,,,,2.4,,15559157.212,7.192,Baja
CHEMBL507795,TERPINEOL,,154.25,,2.5,,CC1=CCC(O)(C(C)C)CC1,EC50,=,53700.0,ug.mL-1,,Outside typical range,,UO_0000274,,,,,,CHEMBL1005721,Antioxidant activity assessed as DPPH radical scavenging activity,F,BAO_0000019,assay format,,,,,,,,,CHEMBL613712,Radical scavenging activity,,,CHEMBL1150093,1,,J Nat Prod,1995,,,,,53.7,,348136142.626,8.542,Baja
CHEMBL448700,CARYOPHYLLENE,,204.36,,4.73,,C=C1CC/C=C(/C)CC[C@@H]2[C@@H]1CC2(C)C,EC50,=,3.7,ug.mL-1,,,,UO_0000274,,,,,,CHEMBL1005721,Antioxidant activity assessed as DPPH radical scavenging activity,F,BAO_0000019,assay format,,,,,,,,,CHEMBL613712,Radical scavenging activity,,,CHEMBL1150093,1,,J Nat Prod,1995,,,,,3.7,,18105.304,4.258,Alta
CHEMBL447597,ALPHA-TERPINEOL,,154.25,,2.5,,CC1=CC[C@@H](C(C)(C)O)CC1,EC50,=,146.3,ug.mL-1,,Outside typical range,,UO_0000274,,,,,,CHEMBL1005721,Antioxidant activity assessed as DPPH radical scavenging activity,F,BAO_0000019,assay format,,,,,,,,,CHEMBL613712,Radical scavenging activity,,,CHEMBL1150093,1,,J Nat Prod,1995,,,,,146.3,,948460.292,5.977,Baja
CHEMBL443866,VITISINOL B,,574.59,,6.28,,O=Cc1ccc(O)c([C@H]2c3cc(O)cc4c3[C@H](c3cc(O)cc(O)c3[C@@H]2c2ccc(O)cc2)[C@@H](c2ccc(O)cc2)O4)c1,EC50,=,3600.0,nM,5.44,,,UO_0000065,,,,,,CHEMBL970853,Antioxidant activity assessed as ABTS radical scavenging activity,F,BAO_0000019,assay format,,,,,,,,,CHEMBL3879801,NON-PROTEIN TARGET,,,CHEMBL1142581,1,,J Nat Prod,2005,,,,,3.6,,3600.0,3.556,Alta
CHEMBL153,TROLOX,,250.29,,2.49,,Cc1c(C)c2c(c(C)c1O)CCC(C)(C(=O)O)O2,EC50,=,28400.0,nM,4.55,,,UO_0000065,,,,,,CHEMBL970853,Antioxidant activity assessed as ABTS radical scavenging activity,F,BAO_0000019,assay format,,,,,,,,,CHEMBL3879801,NON-PROTEIN TARGET,,,CHEMBL1142581,1,,J Nat Prod,2005,,,,,28.4,,28400.0,4.453,Media
CHEMBL442911,,,906.94,,11.0,,Oc1ccc([C@H]2Oc3cc(O)cc(/C=C/c4ccc5c(c4)[C@H](c4cc(O)cc6c4[C@H](c4cc(O)cc(O)c4)[C@@H](c4ccc(O)cc4)O6)[C@H](c4ccc(O)cc4)O5)c3[C@@H]2c2cc(O)cc(O)c2)cc1,EC50,=,4800.0,nM,5.32,,,UO_0000065,,,,,,CHEMBL970853,Antioxidant activity assessed as ABTS radical scavenging activity,F,BAO_0000019,assay format,,,,,,,,,CHEMBL3879801,NON-PROTEIN TARGET,,,CHEMBL1142581,1,,J Nat Prod,2005,,,,,4.8,,4800.0,3.681,Alta
CHEMBL507409,VITISIN A,,906.94,,10.72,,Oc1ccc([C@H]2c3c(O)cc(O)cc3[C@H]3c4c(cc(O)cc4[C@@H]2c2cc(/C=C/c4cc(O)cc5c4[C@H](c4cc(O)cc(O)c4)[C@@H](c4ccc(O)cc4)O5)ccc2O)O[C@@H]3c2ccc(O)cc2)cc1,EC50,=,13800.0,nM,4.86,,,UO_0000065,,,,,,CHEMBL970853,Antioxidant activity assessed as ABTS radical scavenging activity,F,BAO_0000019,assay format,,,,,,,,,CHEMBL3879801,NON-PROTEIN TARGET,,,CHEMBL1142581,1,,J Nat Prod,2005,,,,,13.8,,13800.0,4.14,Alta
CHEMBL499861,MIYABENOL A,,906.94,,11.0,,Oc1ccc(/C=C/c2cc(O)cc3c2[C@@H](c2cc(O)cc4c2[C@H](c2cc(O)cc5c2[C@@H](c2cc(O)cc(O)c2)[C@H](c2ccc(O)cc2)O5)[C@@H](c2ccc(O)cc2)O4)[C@H](c2ccc(O)cc2)O3)cc1,EC50,=,6600.0,nM,5.18,,,UO_0000065,,,,,,CHEMBL970853,Antioxidant activity assessed as ABTS radical scavenging activity,F,BAO_0000019,assay format,,,,,,,,,CHEMBL3879801,NON-PROTEIN TARGET,,,CHEMBL1142581,1,,J Nat Prod,2005,,,,,6.6,,6600.0,3.82,Alta
CHEMBL466300,AMPELOPSIN C,,680.71,,7.76,,Oc1ccc([C@@H]2c3c(O)cc4c5c3[C@@H]([C@@H](c3ccc(O)cc3)c3c(O)cc(O)cc3[C@@H]5[C@@H](c3ccc(O)cc3)O4)[C@H]2c2cc(O)cc(O)c2)cc1,EC50,=,5400.0,nM,5.27,,,UO_0000065,,,,,,CHEMBL970853,Antioxidant activity assessed as ABTS radical scavenging activity,F,BAO_0000019,assay format,,,,,,,,,CHEMBL3879801,NON-PROTEIN TARGET,,,CHEMBL1142581,1,,J Nat Prod,2005,,,,,5.4,,5400.0,3.732,Alta
CHEMBL469541,,,574.59,,6.56,,O=Cc1ccc2c(c1)C(c1cc(O)cc3c1[C@H](c1cc(O)cc(O)c1)[C@@H](c1ccc(O)cc1)O3)[C@H](c1ccc(O)cc1)O2,EC50,=,4400.0,nM,5.36,,,UO_0000065,,,,,,CHEMBL970853,Antioxidant activity assessed as ABTS radical scavenging activity,F,BAO_0000019,assay format,,,,,,,,,CHEMBL3879801,NON-PROTEIN TARGET,,,CHEMBL1142581,1,,J Nat Prod,2005,,,,,4.4,,4400.0,3.643,Alta
CHEMBL498439,,,454.48,,5.65,,Oc1ccc(/C=C/c2cc(O)cc3c2[C@H](c2cc(O)cc(O)c2)[C@@H](c2ccc(O)cc2)O3)cc1,EC50,=,2800.0,nM,5.55,,,UO_0000065,,,,,,CHEMBL970853,Antioxidant activity assessed as ABTS radical scavenging activity,F,BAO_0000019,assay format,,,,,,,,,CHEMBL3879801,NON-PROTEIN TARGET,,,CHEMBL1142581,1,,J Nat Prod,2005,,,,,2.8,,2800.0,3.447,Alta
CHEMBL497702,VITISINOL D,,454.48,,4.41,,O=C1C=C(/C=C/c2ccc(O)cc2)[C@H]2C(=O)[C@@H]1[C@H](c1ccc(O)cc1)[C@H]2c1cc(O)cc(O)c1,EC50,=,4100.0,nM,5.39,,,UO_0000065,,,,,,CHEMBL970853,Antioxidant activity assessed as ABTS radical scavenging activity,F,BAO_0000019,assay format,,,,,,,,,CHEMBL3879801,NON-PROTEIN TARGET,,,CHEMBL1142581,1,,J Nat Prod,2005,,,,,4.1,,4100.0,3.613,Alta
CHEMBL497517,VITISINOL C,,428.48,,5.38,,O=C1C=C(/C=C/c2ccc(O)cc2)C[C@@H](c2cc(O)cc(O)c2)[C@H](c2ccc(O)cc2)C1,EC50,=,4500.0,nM,5.35,,,UO_0000065,,,,,,CHEMBL970853,Antioxidant activity assessed as ABTS radical scavenging activity,F,BAO_0000019,assay format,,,,,,,,,CHEMBL3879801,NON-PROTEIN TARGET,,,CHEMBL1142581,1,,J Nat Prod,2005,,,,,4.5,,4500.0,3.653,Alta
CHEMBL196,ASCORBIC ACID,,176.12,,-1.41,,O=C1O[C@H]([C@@H](O)CO)C(O)=C1O,EC50,=,45000.0,nM,4.35,,,UO_0000065,,,,,,CHEMBL957938,Antioxidant activity assessed as DPPH free radical scavenging activity at 1 mM,F,BAO_0000019,assay format,,,,,,,,,CHEMBL613712,Radical scavenging activity,,,CHEMBL1157385,1,,J Nat Prod,2008,,,,,45.0,,45000.0,4.653,Media
CHEMBL550681,,,285.37,,4.66,,COc1ccc(Nc2csc3ccccc23)c(OC)c1,EC50,=,87096.36,nM,4.06,,,UO_0000065,,,,,,CHEMBL1023694,Antioxidant activity assessed as inhibition of DPPH radical formation,F,BAO_0000019,assay format,,,,,,,,,CHEMBL613712,Radical scavenging activity,,,CHEMBL1158378,1,,Eur J Med Chem,2009,,,,,4.06,,87096.36,4.94,Media
CHEMBL563252,,,313.38,,4.53,,CCOC(=O)c1sc2ccccc2c1Nc1ccccc1O,EC50,=,123026.88,nM,,Outside typical range,,UO_0000065,,,,,,CHEMBL1023694,Antioxidant activity assessed as inhibition of DPPH radical formation,F,BAO_0000019,assay format,,,,,,,,,CHEMBL613712,Radical scavenging activity,,,CHEMBL1158378,1,,Eur J Med Chem,2009,,,,,3.91,,123026.88,5.09,Media
CHEMBL557069,,,327.45,,5.59,,COc1ccc(Nc2cc3sc(C)c(C)c3cc2C)c(OC)c1,EC50,=,85113.8,nM,4.07,,,UO_0000065,,,,,,CHEMBL1023694,Antioxidant activity assessed as inhibition of DPPH radical formation,F,BAO_0000019,assay format,,,,,,,,,CHEMBL613712,Radical scavenging activity,,,CHEMBL1158378,1,,Eur J Med Chem,2009,,,,,4.07,,85113.8,4.93,Media
CHEMBL563184,,,311.45,,5.89,,COc1ccc(Nc2cc(C)c3c(C)c(C)sc3c2C)cc1,EC50,=,128824.96,nM,,Outside typical range,,UO_0000065,,,,,,CHEMBL1023694,Antioxidant activity assessed as inhibition of DPPH radical formation,F,BAO_0000019,assay format,,,,,,,,,CHEMBL613712,Radical scavenging activity,,,CHEMBL1158378,1,,Eur J Med Chem,2009,,,,,3.89,,128824.96,5.11,Media
CHEMBL569137,,,297.42,,5.58,,COc1cccc(Nc2cc3sc(C)c(C)c3cc2C)c1,EC50,=,416869.38,nM,,Outside typical range,,UO_0000065,,,,,,CHEMBL1023694,Antioxidant activity assessed as inhibition of DPPH radical formation,F,BAO_0000019,assay format,,,,,,,,,CHEMBL613712,Radical scavenging activity,,,CHEMBL1158378,1,,Eur J Med Chem,2009,,,,,3.38,,416869.38,5.62,Baja
CHEMBL564997,,,295.41,,5.38,,Cc1cc2c(C)c(C)sc2cc1Nc1ccc(C=O)cc1,EC50,=,4073802.78,nM,,Outside typical range,,UO_0000065,,,,,,CHEMBL1023694,Antioxidant activity assessed as inhibition of DPPH radical formation,F,BAO_0000019,assay format,,,,,,,,,CHEMBL613712,Radical scavenging activity,,,CHEMBL1158378,1,,Eur J Med Chem,2009,,,,,2.39,,4073802.78,6.61,Baja
CHEMBL538673,,,306.43,,5.75,,Cc1sc2c(C)c(Nc3ccc(C#N)cc3)cc(C)c2c1C,EC50,=,5128613.84,nM,,Outside typical range,,UO_0000065,,,,,,CHEMBL1023694,Antioxidant activity assessed as inhibition of DPPH radical formation,F,BAO_0000019,assay format,,,,,,,,,CHEMBL613712,Radical scavenging activity,,,CHEMBL1158378,1,,Eur J Med Chem,2009,,,,,2.29,,5128613.84,6.71,Baja
CHEMBL558007,,,406.35,,6.35,,COc1cc(Br)c(Nc2cc3sc(C)c(C)c3cc2C)cc1OC,EC50,=,154881.66,nM,,Outside typical range,,UO_0000065,,,,,,CHEMBL1023694,Antioxidant activity assessed as inhibition of DPPH radical formation,F,BAO_0000019,assay format,,,,,,,,,CHEMBL613712,Radical scavenging activity,,,CHEMBL1158378,1,,Eur J Med Chem,2009,,,,,3.81,,154881.66,5.19,Media
CHEMBL540924,,,390.35,,6.65,,COc1ccc(Nc2cc(C)c3c(C)c(C)sc3c2C)c(Br)c1,EC50,=,104712.85,nM,,Outside typical range,,UO_0000065,,,,,,CHEMBL1023694,Antioxidant activity assessed as inhibition of DPPH radical formation,F,BAO_0000019,assay format,,,,,,,,,CHEMBL613712,Radical scavenging activity,,,CHEMBL1158378,1,,Eur J Med Chem,2009,,,,,3.98,,104712.85,5.02,Media
CHEMBL552028,,,376.32,,6.34,,COc1ccc(Nc2cc3sc(C)c(C)c3cc2C)c(Br)c1,EC50,=,204173.79,nM,,Outside typical range,,UO_0000065,,,,,,CHEMBL1023694,Antioxidant activity assessed as inhibition of DPPH radical formation,F,BAO_0000019,assay format,,,,,,,,,CHEMBL613712,Radical scavenging activity,,,CHEMBL1158378,1,,Eur J Med Chem,2009,,,,,3.69,,204173.79,5.31,Baja
CHEMBL550948,,,346.29,,6.33,,Cc1cc2c(C)c(C)sc2cc1Nc1ccccc1Br,EC50,=,891250.94,nM,,Outside typical range,,UO_0000065,,,,,,CHEMBL1023694,Antioxidant activity assessed as inhibition of DPPH radical formation,F,BAO_0000019,assay format,,,,,,,,,CHEMBL613712,Radical scavenging activity,,,CHEMBL1158378,1,,Eur J Med Chem,2009,,,,,3.05,,891250.94,5.95,Baja
CHEMBL561210,,,360.32,,6.64,,Cc1sc2c(C)c(Nc3ccccc3Br)cc(C)c2c1C,EC50,=,3715352.29,nM,,Outside typical range,,UO_0000065,,,,,,CHEMBL1023694,Antioxidant activity assessed as inhibition of DPPH radical formation,F,BAO_0000019,assay format,,,,,,,,,CHEMBL613712,Radical scavenging activity,,,CHEMBL1158378,1,,Eur J Med Chem,2009,,,,,2.43,,3715352.29,6.57,Baja
CHEMBL563365,,,393.29,,6.17,,Cc1cc2c(C)c(C)sc2cc1Nc1ccccc1I,EC50,=,1230268.77,nM,,Outside typical range,,UO_0000065,,,,,,CHEMBL1023694,Antioxidant activity assessed as inhibition of DPPH radical formation,F,BAO_0000019,assay format,,,,,,,,,CHEMBL613712,Radical scavenging activity,,,CHEMBL1158378,1,,Eur J Med Chem,2009,,,,,2.91,,1230268.77,6.09,Baja
CHEMBL557067,,,282.41,,5.27,,Cc1sc2c(C)c(Nc3ccccn3)cc(C)c2c1C,EC50,=,7943282.35,nM,,Outside typical range,,UO_0000065,,,,,,CHEMBL1023694,Antioxidant activity assessed as inhibition of DPPH radical formation,F,BAO_0000019,assay format,,,,,,,,,CHEMBL613712,Radical scavenging activity,,,CHEMBL1158378,1,,Eur J Med Chem,2009,,,,,2.1,,7943282.35,6.9,Baja
CHEMBL203075,,,329.38,,4.36,,COc1ccc(Nc2c(C(=O)O)sc3ccccc23)c(OC)c1,EC50,=,245470.89,nM,,Outside typical range,,UO_0000065,,,,,,CHEMBL1023695,Antioxidant activity assessed as inhibition of DPPH radical formation by Hatano's method,F,BAO_0000019,assay format,,,,,,,,,CHEMBL613712,Radical scavenging activity,,,CHEMBL1158378,1,,Eur J Med Chem,2009,,,,,3.61,,245470.89,5.39,Baja
CHEMBL380486,,,357.43,,4.84,,CCOC(=O)c1sc2ccccc2c1Nc1ccc(OC)cc1OC,EC50,=,169824.37,nM,,Outside typical range,,UO_0000065,,,,,,CHEMBL1023695,Antioxidant activity assessed as inhibition of DPPH radical formation by Hatano's method,F,BAO_0000019,assay format,,,,,,,,,CHEMBL613712,Radical scavenging activity,,,CHEMBL1158378,1,,Eur J Med Chem,2009,,,,,3.77,,169824.37,5.23,Media
CHEMBL519756,,,329.38,,4.23,,CCOC(=O)c1sc2ccccc2c1Nc1ccc(O)cc1O,EC50,=,144543.98,nM,,Outside typical range,,UO_0000065,,,,,,CHEMBL1023695,Antioxidant activity assessed as inhibition of DPPH radical formation by Hatano's method,F,BAO_0000019,assay format,,,,,,,,,CHEMBL613712,Radical scavenging activity,,,CHEMBL1158378,1,,Eur J Med Chem,2009,,,,,3.84,,144543.98,5.16,Media
CHEMBL554103,,,243.31,,4.78,,Fc1ccccc1Nc1csc2ccccc12,EC50,=,154881.66,nM,,Outside typical range,,UO_0000065,,,,,,CHEMBL1023695,Antioxidant activity assessed as inhibition of DPPH radical formation by Hatano's method,F,BAO_0000019,assay format,,,,,,,,,CHEMBL613712,Radical scavenging activity,,,CHEMBL1158378,1,,Eur J Med Chem,2009,,,,,3.81,,154881.66,5.19,Media
CHEMBL365932,,,327.45,,5.59,,COc1ccc(Nc2cc3sc(C)c(C)c3cc2C)cc1OC,EC50,=,50118.72,nM,4.3,,,UO_0000065,,,,,,CHEMBL1023695,Antioxidant activity assessed as inhibition of DPPH radical formation by Hatano's method,F,BAO_0000019,assay format,,,,,,,,,CHEMBL613712,Radical scavenging activity,,,CHEMBL1158378,1,,Eur J Med Chem,2009,,,,,4.3,,50118.72,4.7,Media
CHEMBL186854,,,297.42,,5.58,,COc1ccc(Nc2cc3sc(C)c(C)c3cc2C)cc1,EC50,=,72443.6,nM,4.14,,,UO_0000065,,,,,,CHEMBL1023695,Antioxidant activity assessed as inhibition of DPPH radical formation by Hatano's method,F,BAO_0000019,assay format,,,,,,,,,CHEMBL613712,Radical scavenging activity,,,CHEMBL1158378,1,,Eur J Med Chem,2009,,,,,4.14,,72443.6,4.86,Media
CHEMBL241913,,,313.42,,5.28,,COc1ccc(Nc2cccc3c(C)c(C)sc23)cc1OC,EC50,=,54954.09,nM,4.26,,,UO_0000065,,,,,,CHEMBL1023695,Antioxidant activity assessed as inhibition of DPPH radical formation by Hatano's method,F,BAO_0000019,assay format,,,,,,,,,CHEMBL613712,Radical scavenging activity,,,CHEMBL1158378,1,,Eur J Med Chem,2009,,,,,4.26,,54954.09,4.74,Media
CHEMBL389306,,,283.4,,5.27,,COc1cccc(Nc2cccc3c(C)c(C)sc23)c1,EC50,=,1548816.62,nM,,Outside typical range,,UO_0000065,,,,,,CHEMBL1023695,Antioxidant activity assessed as inhibition of DPPH radical formation by Hatano's method,F,BAO_0000019,assay format,,,,,,,,,CHEMBL613712,Radical scavenging activity,,,CHEMBL1158378,1,,Eur J Med Chem,2009,,,,,2.81,,1548816.62,6.19,Baja
CHEMBL389305,,,283.4,,5.27,,COc1ccc(Nc2cccc3c(C)c(C)sc23)cc1,EC50,=,50118.72,nM,4.3,,,UO_0000065,,,,,,CHEMBL1023695,Antioxidant activity assessed as inhibition of DPPH radical formation by Hatano's method,F,BAO_0000019,assay format,,,,,,,,,CHEMBL613712,Radical scavenging activity,,,CHEMBL1158378,1,,Eur J Med Chem,2009,,,,,4.3,,50118.72,4.7,Media
CHEMBL563974,,,278.38,,5.13,,Cc1sc2c(Nc3cccc(C#N)c3)cccc2c1C,EC50,=,14454397.71,nM,,Outside typical range,,UO_0000065,,,,,,CHEMBL1023695,Antioxidant activity assessed as inhibition of DPPH radical formation by Hatano's method,F,BAO_0000019,assay format,,,,,,,,,CHEMBL613712,Radical scavenging activity,,,CHEMBL1158378,1,,Eur J Med Chem,2009,,,,,1.84,,14454397.71,7.16,Baja
CHEMBL388238,,,254.36,,4.66,,Cc1sc2c(Nc3cccnc3)cccc2c1C,EC50,=,3162277.66,nM,,Outside typical range,,UO_0000065,,,,,,CHEMBL1023695,Antioxidant activity assessed as inhibition of DPPH radical formation by Hatano's method,F,BAO_0000019,assay format,,,,,,,,,CHEMBL613712,Radical scavenging activity,,,CHEMBL1158378,1,,Eur J Med Chem,2009,,,,,2.5,,3162277.66,6.5,Baja
CHEMBL388444,,,254.36,,4.66,,Cc1sc2c(Nc3ccccn3)cccc2c1C,EC50,=,5495408.74,nM,,Outside typical range,,UO_0000065,,,,,,CHEMBL1023695,Antioxidant activity assessed as inhibition of DPPH radical formation by Hatano's method,F,BAO_0000019,assay format,,,,,,,,,CHEMBL613712,Radical scavenging activity,,,CHEMBL1158378,1,,Eur J Med Chem,2009,,,,,2.26,,5495408.74,6.74,Baja
CHEMBL504873,ISOACTEOSIDE,,624.59,,-1.02,,C[C@@H]1O[C@@H](O[C@@H]2[C@@H](O)[C@H](OCCc3ccc(O)c(O)c3)O[C@H](COC(=O)/C=C/c3ccc(O)c(O)c3)[C@H]2O)[C@H](O)[C@H](O)[C@H]1O,EC50,=,1200.0,nM,5.92,,,UO_0000065,,,,,,CHEMBL1033660,Antioxidant activity assessed as protection against peroxyl radical-induced alkaline phosphatase activity loss by microplate assay,F,BAO_0000019,assay format,,,,,,,,,CHEMBL3879801,NON-PROTEIN TARGET,,,CHEMBL1151950,1,,J Nat Prod,2009,,,,,1.2,,1200.0,3.079,Alta
CHEMBL444478,ACETOSIDE,,624.59,,-1.02,,C[C@@H]1O[C@@H](O[C@@H]2[C@@H](O)[C@H](OCCc3ccc(O)c(O)c3)O[C@H](CO)[C@H]2OC(=O)/C=C/c2ccc(O)c(O)c2)[C@H](O)[C@H](O)[C@H]1O,EC50,=,1040.0,nM,5.98,,,UO_0000065,,,,,,CHEMBL1033660,Antioxidant activity assessed as protection against peroxyl radical-induced alkaline phosphatase activity loss by microplate assay,F,BAO_0000019,assay format,,,,,,,,,CHEMBL3879801,NON-PROTEIN TARGET,,,CHEMBL1151950,1,,J Nat Prod,2009,,,,,1.04,,1040.0,3.017,Alta
CHEMBL555032,,,778.76,,-0.2,,C[C@@H]1O[C@@H](O[C@@H]2[C@@H](O)[C@H](OCCc3ccc(O)c(O)c3)O[C@H](COC(=O)CC3(O)CCC(=O)CC3)[C@H]2OC(=O)/C=C/c2ccc(O)c(O)c2)[C@H](O)[C@H](O)[C@H]1O,EC50,=,1270.0,nM,5.9,,,UO_0000065,,,,,,CHEMBL1033660,Antioxidant activity assessed as protection against peroxyl radical-induced alkaline phosphatase activity loss by microplate assay,F,BAO_0000019,assay format,,,,,,,,,CHEMBL3879801,NON-PROTEIN TARGET,,,CHEMBL1151950,1,,J Nat Prod,2009,,,,,1.27,,1270.0,3.104,Alta
CHEMBL540151,,,780.77,,-0.41,,C[C@@H]1O[C@@H](O[C@@H]2[C@@H](O)[C@H](OCCc3ccc(O)c(O)c3)O[C@H](COC(=O)C[C@]3(O)CC[C@@H](O)CC3)[C@H]2OC(=O)/C=C/c2ccc(O)c(O)c2)[C@H](O)[C@H](O)[C@H]1O,EC50,=,1270.0,nM,5.9,,,UO_0000065,,,,,,CHEMBL1033660,Antioxidant activity assessed as protection against peroxyl radical-induced alkaline phosphatase activity loss by microplate assay,F,BAO_0000019,assay format,,,,,,,,,CHEMBL3879801,NON-PROTEIN TARGET,,,CHEMBL1151950,1,,J Nat Prod,2009,,,,,1.27,,1270.0,3.104,Alta
CHEMBL555710,JIONOSIDE D,,638.62,,-0.71,,COc1ccc(CCO[C@@H]2O[C@H](CO)[C@@H](OC(=O)/C=C/c3ccc(O)c(O)c3)[C@H](O[C@@H]3O[C@@H](C)[C@H](O)[C@@H](O)[C@H]3O)[C@H]2O)cc1O,EC50,=,1100.0,nM,5.96,,,UO_0000065,,,,,,CHEMBL1033660,Antioxidant activity assessed as protection against peroxyl radical-induced alkaline phosphatase activity loss by microplate assay,F,BAO_0000019,assay format,,,,,,,,,CHEMBL3879801,NON-PROTEIN TARGET,,,CHEMBL1151950,1,,J Nat Prod,2009,,,,,1.1,,1100.0,3.041,Alta
CHEMBL37537,PROTOCATECHUIC ACID,,154.12,,0.8,,O=C(O)c1ccc(O)c(O)c1,EC50,=,2560.0,nM,5.59,,,UO_0000065,,,,,,CHEMBL1033660,Antioxidant activity assessed as protection against peroxyl radical-induced alkaline phosphatase activity loss by microplate assay,F,BAO_0000019,assay format,,,,,,,,,CHEMBL3879801,NON-PROTEIN TARGET,,,CHEMBL1151950,1,,J Nat Prod,2009,,,,,2.56,,2560.0,3.408,Alta
CHEMBL503531,MARTYNOSIDE A,,652.65,,-0.41,,COc1ccc(CCO[C@@H]2O[C@H](CO)[C@@H](OC(=O)/C=C/c3ccc(O)c(OC)c3)[C@H](O[C@@H]3O[C@@H](C)[C@H](O)[C@@H](O)[C@H]3O)[C@H]2O)cc1O,EC50,=,2420.0,nM,5.62,,,UO_0000065,,,,,,CHEMBL1033660,Antioxidant activity assessed as protection against peroxyl radical-induced alkaline phosphatase activity loss by microplate assay,F,BAO_0000019,assay format,,,,,,,,,CHEMBL3879801,NON-PROTEIN TARGET,,,CHEMBL1151950,1,,J Nat Prod,2009,,,,,2.42,,2420.0,3.384,Alta
CHEMBL562877,,,538.55,,-0.49,,COc1cc([C@H]2Oc3c(OC)cc([C@@H](O)[C@@H](O)CO)cc3[C@@H]2CO)ccc1O[C@@H]1O[C@@H](C)[C@H](O)[C@@H](O)[C@H]1O,EC50,=,9070.0,nM,5.04,,,UO_0000065,,,,,,CHEMBL1033660,Antioxidant activity assessed as protection against peroxyl radical-induced alkaline phosphatase activity loss by microplate assay,F,BAO_0000019,assay format,,,,,,,,,CHEMBL3879801,NON-PROTEIN TARGET,,,CHEMBL1151950,1,,J Nat Prod,2009,,,,,9.07,,9070.0,3.958,Alta
CHEMBL50,QUERCETIN,,302.24,,1.99,,O=c1c(O)c(-c2ccc(O)c(O)c2)oc2cc(O)cc(O)c12,EC50,=,1000.0,nM,6.0,,,UO_0000065,,,,,,CHEMBL1033660,Antioxidant activity assessed as protection against peroxyl radical-induced alkaline phosphatase activity loss by microplate assay,F,BAO_0000019,assay format,,,,,,,,,CHEMBL3879801,NON-PROTEIN TARGET,,,CHEMBL1151950,1,,J Nat Prod,2009,,,,,1.0,,1000.0,3.0,Alta
CHEMBL659,GALANTAMINE,,287.36,,1.85,,COc1ccc2c3c1O[C@H]1C[C@@H](O)C=C[C@@]31CCN(C)C2,EC50,=,4.93,ug.mL-1,,,,UO_0000274,,,,,,CHEMBL1038472,Antioxidant activity in Wistar rat brain assessed as inhibition of lipid peroxidation,F,BAO_0000221,tissue-based format,,,,,,,,,CHEMBL613617,Brain,Rattus norvegicus,,CHEMBL1154647,1,,Eur J Med Chem,2010,,,,,4.93,,17156.18,4.234,Alta
CHEMBL573055,,,571.33,,3.87,,COc1ccc2c3c1O[C@H]1C[C@@H](OP(=O)(OP(=O)(O)O)N(CCCl)CCCl)C=C[C@@]31CCN(C)C2,EC50,=,1.98,ug.mL-1,,,,UO_0000274,,,,,,CHEMBL1038472,Antioxidant activity in Wistar rat brain assessed as inhibition of lipid peroxidation,F,BAO_0000221,tissue-based format,,,,,,,,,CHEMBL613617,Brain,Rattus norvegicus,,CHEMBL1154647,1,,Eur J Med Chem,2010,,,,,1.98,,3465.598,3.54,Alta
CHEMBL583114,,,535.41,,3.77,,COc1ccc2c3c1O[C@H]1C[C@@H](OP(=O)(OCCO)N(CCCl)CCCl)C=C[C@@]31CCN(C)C2,EC50,=,2.87,ug.mL-1,,,,UO_0000274,,,,,,CHEMBL1038472,Antioxidant activity in Wistar rat brain assessed as inhibition of lipid peroxidation,F,BAO_0000221,tissue-based format,,,,,,,,,CHEMBL613617,Brain,Rattus norvegicus,,CHEMBL1154647,1,,Eur J Med Chem,2010,,,,,2.87,,5360.378,3.729,Alta
CHEMBL573508,,,534.42,,3.34,,COc1ccc2c3c1O[C@H]1C[C@@H](OP(=O)(NCCO)N(CCCl)CCCl)C=C[C@@]31CCN(C)C2,EC50,=,1.42,ug.mL-1,,,,UO_0000274,,,,,,CHEMBL1038472,Antioxidant activity in Wistar rat brain assessed as inhibition of lipid peroxidation,F,BAO_0000221,tissue-based format,,,,,,,,,CHEMBL613617,Brain,Rattus norvegicus,,CHEMBL1154647,1,,Eur J Med Chem,2010,,,,,1.42,,2657.086,3.424,Alta
CHEMBL578637,,,551.47,,4.49,,COc1ccc2c3c1O[C@H]1C[C@@H](OP(=O)(SCCO)N(CCCl)CCCl)C=C[C@@]31CCN(C)C2,EC50,=,1.33,ug.mL-1,,,,UO_0000274,,,,,,CHEMBL1038472,Antioxidant activity in Wistar rat brain assessed as inhibition of lipid peroxidation,F,BAO_0000221,tissue-based format,,,,,,,,,CHEMBL613617,Brain,Rattus norvegicus,,CHEMBL1154647,1,,Eur J Med Chem,2010,,,,,1.33,,2411.736,3.382,Alta
CHEMBL573279,,,550.49,,4.45,,COc1ccc2c3c1O[C@H]1C[C@@H](OP(=O)(SCCN)N(CCCl)CCCl)C=C[C@@]31CCN(C)C2,EC50,=,2.91,ug.mL-1,,,,UO_0000274,,,,,,CHEMBL1038472,Antioxidant activity in Wistar rat brain assessed as inhibition of lipid peroxidation,F,BAO_0000221,tissue-based format,,,,,,,,,CHEMBL613617,Brain,Rattus norvegicus,,CHEMBL1154647,1,,Eur J Med Chem,2010,,,,,2.91,,5286.2,3.723,Alta
CHEMBL565445,,,533.44,,3.31,,COc1ccc2c3c1O[C@H]1C[C@@H](OP(=O)(NCCN)N(CCCl)CCCl)C=C[C@@]31CCN(C)C2,EC50,=,2.88,ug.mL-1,,,,UO_0000274,,,,,,CHEMBL1038472,Antioxidant activity in Wistar rat brain assessed as inhibition of lipid peroxidation,F,BAO_0000221,tissue-based format,,,,,,,,,CHEMBL613617,Brain,Rattus norvegicus,,CHEMBL1154647,1,,Eur J Med Chem,2010,,,,,2.88,,5398.92,3.732,Alta
CHEMBL568258,,,568.41,,4.08,,COc1ccc2c3c1O[C@H]1C[C@@H](OP(=O)(Oc4ccc([N+](=O)[O-])cc4)OP(=O)(O)O)C=C[C@@]31CCN(C)C2,EC50,=,3.33,ug.mL-1,,,,UO_0000274,,,,,,CHEMBL1038472,Antioxidant activity in Wistar rat brain assessed as inhibition of lipid peroxidation,F,BAO_0000221,tissue-based format,,,,,,,,,CHEMBL613617,Brain,Rattus norvegicus,,CHEMBL1154647,1,,Eur J Med Chem,2010,,,,,3.33,,5858.447,3.768,Alta
CHEMBL575898,,,532.49,,3.98,,COc1ccc2c3c1O[C@H]1C[C@@H](OP(=O)(OCCO)Oc4ccc([N+](=O)[O-])cc4)C=C[C@@]31CCN(C)C2,EC50,=,3.17,ug.mL-1,,,,UO_0000274,,,,,,CHEMBL1038472,Antioxidant activity in Wistar rat brain assessed as inhibition of lipid peroxidation,F,BAO_0000221,tissue-based format,,,,,,,,,CHEMBL613617,Brain,Rattus norvegicus,,CHEMBL1154647,1,,Eur J Med Chem,2010,,,,,3.17,,5953.163,3.775,Alta
CHEMBL575911,,,531.5,,3.55,,COc1ccc2c3c1O[C@H]1C[C@@H](OP(=O)(NCCO)Oc4ccc([N+](=O)[O-])cc4)C=C[C@@]31CCN(C)C2,EC50,=,2.81,ug.mL-1,,,,UO_0000274,,,,,,CHEMBL1038472,Antioxidant activity in Wistar rat brain assessed as inhibition of lipid peroxidation,F,BAO_0000221,tissue-based format,,,,,,,,,CHEMBL613617,Brain,Rattus norvegicus,,CHEMBL1154647,1,,Eur J Med Chem,2010,,,,,2.81,,5286.924,3.723,Alta
CHEMBL590951,,,548.55,,4.7,,COc1ccc2c3c1O[C@H]1C[C@@H](OP(=O)(Oc4ccc([N+](=O)[O-])cc4)SCCO)C=C[C@@]31CCN(C)C2,EC50,=,2.64,ug.mL-1,,,,UO_0000274,,,,,,CHEMBL1038472,Antioxidant activity in Wistar rat brain assessed as inhibition of lipid peroxidation,F,BAO_0000221,tissue-based format,,,,,,,,,CHEMBL613617,Brain,Rattus norvegicus,,CHEMBL1154647,1,,Eur J Med Chem,2010,,,,,2.64,,4812.688,3.682,Alta
CHEMBL575287,,,547.57,,4.66,,COc1ccc2c3c1O[C@H]1C[C@@H](OP(=O)(Oc4ccc([N+](=O)[O-])cc4)SCCN)C=C[C@@]31CCN(C)C2,EC50,=,1.86,ug.mL-1,,,,UO_0000274,,,,,,CHEMBL1038472,Antioxidant activity in Wistar rat brain assessed as inhibition of lipid peroxidation,F,BAO_0000221,tissue-based format,,,,,,,,,CHEMBL613617,Brain,Rattus norvegicus,,CHEMBL1154647,1,,Eur J Med Chem,2010,,,,,1.86,,3396.826,3.531,Alta
CHEMBL574210,,,530.52,,3.52,,COc1ccc2c3c1O[C@H]1C[C@@H](OP(=O)(NCCN)Oc4ccc([N+](=O)[O-])cc4)C=C[C@@]31CCN(C)C2,EC50,=,1.99,ug.mL-1,,,,UO_0000274,,,,,,CHEMBL1038472,Antioxidant activity in Wistar rat brain assessed as inhibition of lipid peroxidation,F,BAO_0000221,tissue-based format,,,,,,,,,CHEMBL613617,Brain,Rattus norvegicus,,CHEMBL1154647,1,,Eur J Med Chem,2010,,,,,1.99,,3751.037,3.574,Alta
CHEMBL196,ASCORBIC ACID,,176.12,,-1.41,,O=C1O[C@H]([C@@H](O)CO)C(O)=C1O,EC50,=,1.02,ug.mL-1,,,,UO_0000274,,,,,,CHEMBL1038472,Antioxidant activity in Wistar rat brain assessed as inhibition of lipid peroxidation,F,BAO_0000221,tissue-based format,,,,,,,,,CHEMBL613617,Brain,Rattus norvegicus,,CHEMBL1154647,1,,Eur J Med Chem,2010,,,,,1.02,,5791.506,3.763,Alta
CHEMBL659,GALANTAMINE,,287.36,,1.85,,COc1ccc2c3c1O[C@H]1C[C@@H](O)C=C[C@@]31CCN(C)C2,EC50,=,4.21,ug.mL-1,,,,UO_0000274,,,,,,CHEMBL1038473,Antioxidant activity in Wistar rat brain assessed as reduction in glutathione content,F,BAO_0000221,tissue-based format,,,,,,,,,CHEMBL613617,Brain,Rattus norvegicus,,CHEMBL1154647,1,,Eur J Med Chem,2010,,,,,4.21,,14650.612,4.166,Alta
CHEMBL573055,,,571.33,,3.87,,COc1ccc2c3c1O[C@H]1C[C@@H](OP(=O)(OP(=O)(O)O)N(CCCl)CCCl)C=C[C@@]31CCN(C)C2,EC50,=,2.68,ug.mL-1,,,,UO_0000274,,,,,,CHEMBL1038473,Antioxidant activity in Wistar rat brain assessed as reduction in glutathione content,F,BAO_0000221,tissue-based format,,,,,,,,,CHEMBL613617,Brain,Rattus norvegicus,,CHEMBL1154647,1,,Eur J Med Chem,2010,,,,,2.68,,4690.809,3.671,Alta
CHEMBL583114,,,535.41,,3.77,,COc1ccc2c3c1O[C@H]1C[C@@H](OP(=O)(OCCO)N(CCCl)CCCl)C=C[C@@]31CCN(C)C2,EC50,=,2.02,ug.mL-1,,,,UO_0000274,,,,,,CHEMBL1038473,Antioxidant activity in Wistar rat brain assessed as reduction in glutathione content,F,BAO_0000221,tissue-based format,,,,,,,,,CHEMBL613617,Brain,Rattus norvegicus,,CHEMBL1154647,1,,Eur J Med Chem,2010,,,,,2.02,,3772.81,3.577,Alta
CHEMBL573508,,,534.42,,3.34,,COc1ccc2c3c1O[C@H]1C[C@@H](OP(=O)(NCCO)N(CCCl)CCCl)C=C[C@@]31CCN(C)C2,EC50,=,1.03,ug.mL-1,,,,UO_0000274,,,,,,CHEMBL1038473,Antioxidant activity in Wistar rat brain assessed as reduction in glutathione content,F,BAO_0000221,tissue-based format,,,,,,,,,CHEMBL613617,Brain,Rattus norvegicus,,CHEMBL1154647,1,,Eur J Med Chem,2010,,,,,1.03,,1927.323,3.285,Alta
CHEMBL578637,,,551.47,,4.49,,COc1ccc2c3c1O[C@H]1C[C@@H](OP(=O)(SCCO)N(CCCl)CCCl)C=C[C@@]31CCN(C)C2,EC50,=,1.11,ug.mL-1,,,,UO_0000274,,,,,,CHEMBL1038473,Antioxidant activity in Wistar rat brain assessed as reduction in glutathione content,F,BAO_0000221,tissue-based format,,,,,,,,,CHEMBL613617,Brain,Rattus norvegicus,,CHEMBL1154647,1,,Eur J Med Chem,2010,,,,,1.11,,2012.802,3.304,Alta
CHEMBL573279,,,550.49,,4.45,,COc1ccc2c3c1O[C@H]1C[C@@H](OP(=O)(SCCN)N(CCCl)CCCl)C=C[C@@]31CCN(C)C2,EC50,=,2.66,ug.mL-1,,,,UO_0000274,,,,,,CHEMBL1038473,Antioxidant activity in Wistar rat brain assessed as reduction in glutathione content,F,BAO_0000221,tissue-based format,,,,,,,,,CHEMBL613617,Brain,Rattus norvegicus,,CHEMBL1154647,1,,Eur J Med Chem,2010,,,,,2.66,,4832.059,3.684,Alta
CHEMBL565445,,,533.44,,3.31,,COc1ccc2c3c1O[C@H]1C[C@@H](OP(=O)(NCCN)N(CCCl)CCCl)C=C[C@@]31CCN(C)C2,EC50,=,2.43,ug.mL-1,,,,UO_0000274,,,,,,CHEMBL1038473,Antioxidant activity in Wistar rat brain assessed as reduction in glutathione content,F,BAO_0000221,tissue-based format,,,,,,,,,CHEMBL613617,Brain,Rattus norvegicus,,CHEMBL1154647,1,,Eur J Med Chem,2010,,,,,2.43,,4555.339,3.659,Alta
CHEMBL568258,,,568.41,,4.08,,COc1ccc2c3c1O[C@H]1C[C@@H](OP(=O)(Oc4ccc([N+](=O)[O-])cc4)OP(=O)(O)O)C=C[C@@]31CCN(C)C2,EC50,=,2.15,ug.mL-1,,,,UO_0000274,,,,,,CHEMBL1038473,Antioxidant activity in Wistar rat brain assessed as reduction in glutathione content,F,BAO_0000221,tissue-based format,,,,,,,,,CHEMBL613617,Brain,Rattus norvegicus,,CHEMBL1154647,1,,Eur J Med Chem,2010,,,,,2.15,,3782.481,3.578,Alta
CHEMBL575898,,,532.49,,3.98,,COc1ccc2c3c1O[C@H]1C[C@@H](OP(=O)(OCCO)Oc4ccc([N+](=O)[O-])cc4)C=C[C@@]31CCN(C)C2,EC50,=,2.82,ug.mL-1,,,,UO_0000274,,,,,,CHEMBL1038473,Antioxidant activity in Wistar rat brain assessed as reduction in glutathione content,F,BAO_0000221,tissue-based format,,,,,,,,,CHEMBL613617,Brain,Rattus norvegicus,,CHEMBL1154647,1,,Eur J Med Chem,2010,,,,,2.82,,5295.874,3.724,Alta
CHEMBL575911,,,531.5,,3.55,,COc1ccc2c3c1O[C@H]1C[C@@H](OP(=O)(NCCO)Oc4ccc([N+](=O)[O-])cc4)C=C[C@@]31CCN(C)C2,EC50,=,1.08,ug.mL-1,,,,UO_0000274,,,,,,CHEMBL1038473,Antioxidant activity in Wistar rat brain assessed as reduction in glutathione content,F,BAO_0000221,tissue-based format,,,,,,,,,CHEMBL613617,Brain,Rattus norvegicus,,CHEMBL1154647,1,,Eur J Med Chem,2010,,,,,1.08,,2031.985,3.308,Alta
CHEMBL590951,,,548.55,,4.7,,COc1ccc2c3c1O[C@H]1C[C@@H](OP(=O)(Oc4ccc([N+](=O)[O-])cc4)SCCO)C=C[C@@]31CCN(C)C2,EC50,=,1.49,ug.mL-1,,,,UO_0000274,,,,,,CHEMBL1038473,Antioxidant activity in Wistar rat brain assessed as reduction in glutathione content,F,BAO_0000221,tissue-based format,,,,,,,,,CHEMBL613617,Brain,Rattus norvegicus,,CHEMBL1154647,1,,Eur J Med Chem,2010,,,,,1.49,,2716.252,3.434,Alta
CHEMBL575287,,,547.57,,4.66,,COc1ccc2c3c1O[C@H]1C[C@@H](OP(=O)(Oc4ccc([N+](=O)[O-])cc4)SCCN)C=C[C@@]31CCN(C)C2,EC50,=,1.56,ug.mL-1,,,,UO_0000274,,,,,,CHEMBL1038473,Antioxidant activity in Wistar rat brain assessed as reduction in glutathione content,F,BAO_0000221,tissue-based format,,,,,,,,,CHEMBL613617,Brain,Rattus norvegicus,,CHEMBL1154647,1,,Eur J Med Chem,2010,,,,,1.56,,2848.951,3.455,Alta
CHEMBL574210,,,530.52,,3.52,,COc1ccc2c3c1O[C@H]1C[C@@H](OP(=O)(NCCN)Oc4ccc([N+](=O)[O-])cc4)C=C[C@@]31CCN(C)C2,EC50,=,1.89,ug.mL-1,,,,UO_0000274,,,,,,CHEMBL1038473,Antioxidant activity in Wistar rat brain assessed as reduction in glutathione content,F,BAO_0000221,tissue-based format,,,,,,,,,CHEMBL613617,Brain,Rattus norvegicus,,CHEMBL1154647,1,,Eur J Med Chem,2010,,,,,1.89,,3562.542,3.552,Alta
CHEMBL196,ASCORBIC ACID,,176.12,,-1.41,,O=C1O[C@H]([C@@H](O)CO)C(O)=C1O,EC50,=,0.98,ug.mL-1,,,,UO_0000274,,,,,,CHEMBL1038473,Antioxidant activity in Wistar rat brain assessed as reduction in glutathione content,F,BAO_0000221,tissue-based format,,,,,,,,,CHEMBL613617,Brain,Rattus norvegicus,,CHEMBL1154647,1,,Eur J Med Chem,2010,,,,,0.98,,5564.388,3.745,Alta
CHEMBL196,ASCORBIC ACID,,176.12,,-1.41,,O=C1O[C@H]([C@@H](O)CO)C(O)=C1O,EC50,=,1.37,ug.mL-1,,,,UO_0000274,,,,,,CHEMBL1121112,Antioxidant activity in Wistar albino rat assessed as inhibition of catalase activity,F,BAO_0000218,organism-based format,,,,,,,,,CHEMBL376,Rattus norvegicus,Rattus norvegicus,,CHEMBL1157850,1,,Eur J Med Chem,2010,,,,,1.37,,7778.787,3.891,Alta
CHEMBL1096369,,,822.89,,9.17,,CCOC(=O)C1c2ccccc2CN1P1(=S)Oc2ccccc2CN1c1ccc(N2Cc3ccccc3OP2(=S)N2Cc3ccccc3C2C(=O)OCC)cc1,EC50,=,1.68,ug.mL-1,,,,UO_0000274,,,,,,CHEMBL1121112,Antioxidant activity in Wistar albino rat assessed as inhibition of catalase activity,F,BAO_0000218,organism-based format,,,,,,,,,CHEMBL376,Rattus norvegicus,Rattus norvegicus,,CHEMBL1157850,1,,Eur J Med Chem,2010,,,,,1.68,,2041.585,3.31,Alta
CHEMBL1096368,,,798.86,,8.72,,CCOC(=O)C(NP1(=S)Oc2ccccc2CN1c1ccc(N2Cc3ccccc3OP2(=S)NC(C(=O)OCC)c2ccccc2)cc1)c1ccccc1,EC50,=,2.98,ug.mL-1,,,,UO_0000274,,,,,,CHEMBL1121112,Antioxidant activity in Wistar albino rat assessed as inhibition of catalase activity,F,BAO_0000218,organism-based format,,,,,,,,,CHEMBL376,Rattus norvegicus,Rattus norvegicus,,CHEMBL1157850,1,,Eur J Med Chem,2010,,,,,2.98,,3730.316,3.572,Alta
CHEMBL1096367,,,798.86,,7.68,,COC(=O)C(Cc1ccccc1)NP1(=S)Oc2ccccc2CN1c1ccc(N2Cc3ccccc3OP2(=S)NC(Cc2ccccc2)C(=O)OC)cc1,EC50,=,2.2,ug.mL-1,,,,UO_0000274,,,,,,CHEMBL1121112,Antioxidant activity in Wistar albino rat assessed as inhibition of catalase activity,F,BAO_0000218,organism-based format,,,,,,,,,CHEMBL376,Rattus norvegicus,Rattus norvegicus,,CHEMBL1157850,1,,Eur J Med Chem,2010,,,,,2.2,,2753.924,3.44,Alta
CHEMBL1088706,,,778.79,,5.13,,COC(=O)C(Cc1c[nH]cn1)NP1(=S)Oc2ccccc2CN1c1ccc(N2Cc3ccccc3OP2(=S)NC(Cc2c[nH]cn2)C(=O)OC)cc1,EC50,=,1.75,ug.mL-1,,,,UO_0000274,,,,,,CHEMBL1121112,Antioxidant activity in Wistar albino rat assessed as inhibition of catalase activity,F,BAO_0000218,organism-based format,,,,,,,,,CHEMBL376,Rattus norvegicus,Rattus norvegicus,,CHEMBL1157850,1,,Eur J Med Chem,2010,,,,,1.75,,2247.076,3.352,Alta
CHEMBL1096366,,,876.94,,8.64,,COC(=O)C(Cc1c[nH]c2ccccc12)NP1(=S)Oc2ccccc2CN1c1ccc(N2Cc3ccccc3OP2(=S)NC(Cc2c[nH]c3ccccc23)C(=O)OC)cc1,EC50,=,1.98,ug.mL-1,,,,UO_0000274,,,,,,CHEMBL1121112,Antioxidant activity in Wistar albino rat assessed as inhibition of catalase activity,F,BAO_0000218,organism-based format,,,,,,,,,CHEMBL376,Rattus norvegicus,Rattus norvegicus,,CHEMBL1157850,1,,Eur J Med Chem,2010,,,,,1.98,,2257.851,3.354,Alta
CHEMBL1096365,,,702.78,,6.8,,CCCC(NP1(=S)Oc2ccccc2CN1c1ccc(N2Cc3ccccc3OP2(=S)NC(CCC)C(=O)OC)cc1)C(=O)OC,EC50,=,3.98,ug.mL-1,,,,UO_0000274,,,,,,CHEMBL1121112,Antioxidant activity in Wistar albino rat assessed as inhibition of catalase activity,F,BAO_0000218,organism-based format,,,,,,,,,CHEMBL376,Rattus norvegicus,Rattus norvegicus,,CHEMBL1157850,1,,Eur J Med Chem,2010,,,,,3.98,,5663.223,3.753,Alta
CHEMBL1096364,,,730.83,,7.58,,CCCC(NP1(=S)Oc2ccccc2CN1c1ccc(N2Cc3ccccc3OP2(=S)NC(CCC)C(=O)OCC)cc1)C(=O)OCC,EC50,=,3.23,ug.mL-1,,,,UO_0000274,,,,,,CHEMBL1121112,Antioxidant activity in Wistar albino rat assessed as inhibition of catalase activity,F,BAO_0000218,organism-based format,,,,,,,,,CHEMBL376,Rattus norvegicus,Rattus norvegicus,,CHEMBL1157850,1,,Eur J Med Chem,2010,,,,,3.23,,4419.632,3.645,Alta
CHEMBL1096363,,,702.78,,6.51,,COC(=O)C(NP1(=S)Oc2ccccc2CN1c1ccc(N2Cc3ccccc3OP2(=S)NC(C(=O)OC)C(C)C)cc1)C(C)C,EC50,=,4.89,ug.mL-1,,,,UO_0000274,,,,,,CHEMBL1121112,Antioxidant activity in Wistar albino rat assessed as inhibition of catalase activity,F,BAO_0000218,organism-based format,,,,,,,,,CHEMBL376,Rattus norvegicus,Rattus norvegicus,,CHEMBL1157850,1,,Eur J Med Chem,2010,,,,,4.89,,6958.081,3.842,Alta
CHEMBL1096362,,,646.67,,5.24,,COC(=O)C(C)NP1(=S)Oc2ccccc2CN1c1ccc(N2Cc3ccccc3OP2(=S)NC(C)C(=O)OC)cc1,EC50,=,5.28,ug.mL-1,,,,UO_0000274,,,,,,CHEMBL1121112,Antioxidant activity in Wistar albino rat assessed as inhibition of catalase activity,F,BAO_0000218,organism-based format,,,,,,,,,CHEMBL376,Rattus norvegicus,Rattus norvegicus,,CHEMBL1157850,1,,Eur J Med Chem,2010,,,,,5.28,,8164.906,3.912,Alta
CHEMBL1096361,,,674.72,,6.02,,CCOC(=O)C(C)NP1(=S)Oc2ccccc2CN1c1ccc(N2Cc3ccccc3OP2(=S)NC(C)C(=O)OCC)cc1,EC50,=,3.38,ug.mL-1,,,,UO_0000274,,,,,,CHEMBL1121112,Antioxidant activity in Wistar albino rat assessed as inhibition of catalase activity,F,BAO_0000218,organism-based format,,,,,,,,,CHEMBL376,Rattus norvegicus,Rattus norvegicus,,CHEMBL1157850,1,,Eur J Med Chem,2010,,,,,3.38,,5009.485,3.7,Alta
CHEMBL216031,,,320.39,,4.32,,Oc1ccccc1CNc1ccc(NCc2ccccc2O)cc1,EC50,=,6.05,ug.mL-1,,,,UO_0000274,,,,,,CHEMBL1121112,Antioxidant activity in Wistar albino rat assessed as inhibition of catalase activity,F,BAO_0000218,organism-based format,,,,,,,,,CHEMBL376,Rattus norvegicus,Rattus norvegicus,,CHEMBL1157850,1,,Eur J Med Chem,2010,,,,,6.05,,18883.236,4.276,Alta
CHEMBL216031,,,320.39,,4.32,,Oc1ccccc1CNc1ccc(NCc2ccccc2O)cc1,EC50,=,5.02,ug.mL-1,,,,UO_0000274,,,,,,CHEMBL1121113,Antioxidant activity in Wistar albino rat assessed as inhibition of lipid peroxidation,F,BAO_0000218,organism-based format,,,,,,,,,CHEMBL376,Rattus norvegicus,Rattus norvegicus,,CHEMBL1157850,1,,Eur J Med Chem,2010,,,,,5.02,,15668.404,4.195,Alta
CHEMBL196,ASCORBIC ACID,,176.12,,-1.41,,O=C1O[C@H]([C@@H](O)CO)C(O)=C1O,EC50,=,1.02,ug.mL-1,,,,UO_0000274,,,,,,CHEMBL1121113,Antioxidant activity in Wistar albino rat assessed as inhibition of lipid peroxidation,F,BAO_0000218,organism-based format,,,,,,,,,CHEMBL376,Rattus norvegicus,Rattus norvegicus,,CHEMBL1157850,1,,Eur J Med Chem,2010,,,,,1.02,,5791.506,3.763,Alta
CHEMBL1096369,,,822.89,,9.17,,CCOC(=O)C1c2ccccc2CN1P1(=S)Oc2ccccc2CN1c1ccc(N2Cc3ccccc3OP2(=S)N2Cc3ccccc3C2C(=O)OCC)cc1,EC50,=,1.56,ug.mL-1,,,,UO_0000274,,,,,,CHEMBL1121113,Antioxidant activity in Wistar albino rat assessed as inhibition of lipid peroxidation,F,BAO_0000218,organism-based format,,,,,,,,,CHEMBL376,Rattus norvegicus,Rattus norvegicus,,CHEMBL1157850,1,,Eur J Med Chem,2010,,,,,1.56,,1895.758,3.278,Alta
CHEMBL1096368,,,798.86,,8.72,,CCOC(=O)C(NP1(=S)Oc2ccccc2CN1c1ccc(N2Cc3ccccc3OP2(=S)NC(C(=O)OCC)c2ccccc2)cc1)c1ccccc1,EC50,=,2.57,ug.mL-1,,,,UO_0000274,,,,,,CHEMBL1121113,Antioxidant activity in Wistar albino rat assessed as inhibition of lipid peroxidation,F,BAO_0000218,organism-based format,,,,,,,,,CHEMBL376,Rattus norvegicus,Rattus norvegicus,,CHEMBL1157850,1,,Eur J Med Chem,2010,,,,,2.57,,3217.084,3.507,Alta
CHEMBL1096367,,,798.86,,7.68,,COC(=O)C(Cc1ccccc1)NP1(=S)Oc2ccccc2CN1c1ccc(N2Cc3ccccc3OP2(=S)NC(Cc2ccccc2)C(=O)OC)cc1,EC50,=,2.1,ug.mL-1,,,,UO_0000274,,,,,,CHEMBL1121113,Antioxidant activity in Wistar albino rat assessed as inhibition of lipid peroxidation,F,BAO_0000218,organism-based format,,,,,,,,,CHEMBL376,Rattus norvegicus,Rattus norvegicus,,CHEMBL1157850,1,,Eur J Med Chem,2010,,,,,2.1,,2628.746,3.42,Alta
CHEMBL1088706,,,778.79,,5.13,,COC(=O)C(Cc1c[nH]cn1)NP1(=S)Oc2ccccc2CN1c1ccc(N2Cc3ccccc3OP2(=S)NC(Cc2c[nH]cn2)C(=O)OC)cc1,EC50,=,1.56,ug.mL-1,,,,UO_0000274,,,,,,CHEMBL1121113,Antioxidant activity in Wistar albino rat assessed as inhibition of lipid peroxidation,F,BAO_0000218,organism-based format,,,,,,,,,CHEMBL376,Rattus norvegicus,Rattus norvegicus,,CHEMBL1157850,1,,Eur J Med Chem,2010,,,,,1.56,,2003.107,3.302,Alta
CHEMBL1096366,,,876.94,,8.64,,COC(=O)C(Cc1c[nH]c2ccccc12)NP1(=S)Oc2ccccc2CN1c1ccc(N2Cc3ccccc3OP2(=S)NC(Cc2c[nH]c3ccccc23)C(=O)OC)cc1,EC50,=,1.82,ug.mL-1,,,,UO_0000274,,,,,,CHEMBL1121113,Antioxidant activity in Wistar albino rat assessed as inhibition of lipid peroxidation,F,BAO_0000218,organism-based format,,,,,,,,,CHEMBL376,Rattus norvegicus,Rattus norvegicus,,CHEMBL1157850,1,,Eur J Med Chem,2010,,,,,1.82,,2075.399,3.317,Alta
CHEMBL1096365,,,702.78,,6.8,,CCCC(NP1(=S)Oc2ccccc2CN1c1ccc(N2Cc3ccccc3OP2(=S)NC(CCC)C(=O)OC)cc1)C(=O)OC,EC50,=,2.91,ug.mL-1,,,,UO_0000274,,,,,,CHEMBL1121113,Antioxidant activity in Wistar albino rat assessed as inhibition of lipid peroxidation,F,BAO_0000218,organism-based format,,,,,,,,,CHEMBL376,Rattus norvegicus,Rattus norvegicus,,CHEMBL1157850,1,,Eur J Med Chem,2010,,,,,2.91,,4140.698,3.617,Alta
CHEMBL1096364,,,730.83,,7.58,,CCCC(NP1(=S)Oc2ccccc2CN1c1ccc(N2Cc3ccccc3OP2(=S)NC(CCC)C(=O)OCC)cc1)C(=O)OCC,EC50,=,2.59,ug.mL-1,,,,UO_0000274,,,,,,CHEMBL1121113,Antioxidant activity in Wistar albino rat assessed as inhibition of lipid peroxidation,F,BAO_0000218,organism-based format,,,,,,,,,CHEMBL376,Rattus norvegicus,Rattus norvegicus,,CHEMBL1157850,1,,Eur J Med Chem,2010,,,,,2.59,,3543.916,3.549,Alta
CHEMBL1096363,,,702.78,,6.51,,COC(=O)C(NP1(=S)Oc2ccccc2CN1c1ccc(N2Cc3ccccc3OP2(=S)NC(C(=O)OC)C(C)C)cc1)C(C)C,EC50,=,4.1,ug.mL-1,,,,UO_0000274,,,,,,CHEMBL1121113,Antioxidant activity in Wistar albino rat assessed as inhibition of lipid peroxidation,F,BAO_0000218,organism-based format,,,,,,,,,CHEMBL376,Rattus norvegicus,Rattus norvegicus,,CHEMBL1157850,1,,Eur J Med Chem,2010,,,,,4.1,,5833.974,3.766,Alta
CHEMBL1096362,,,646.67,,5.24,,COC(=O)C(C)NP1(=S)Oc2ccccc2CN1c1ccc(N2Cc3ccccc3OP2(=S)NC(C)C(=O)OC)cc1,EC50,=,4.25,ug.mL-1,,,,UO_0000274,,,,,,CHEMBL1121113,Antioxidant activity in Wistar albino rat assessed as inhibition of lipid peroxidation,F,BAO_0000218,organism-based format,,,,,,,,,CHEMBL376,Rattus norvegicus,Rattus norvegicus,,CHEMBL1157850,1,,Eur J Med Chem,2010,,,,,4.25,,6572.131,3.818,Alta
CHEMBL1096361,,,674.72,,6.02,,CCOC(=O)C(C)NP1(=S)Oc2ccccc2CN1c1ccc(N2Cc3ccccc3OP2(=S)NC(C)C(=O)OCC)cc1,EC50,=,3.1,ug.mL-1,,,,UO_0000274,,,,,,CHEMBL1121113,Antioxidant activity in Wistar albino rat assessed as inhibition of lipid peroxidation,F,BAO_0000218,organism-based format,,,,,,,,,CHEMBL376,Rattus norvegicus,Rattus norvegicus,,CHEMBL1157850,1,,Eur J Med Chem,2010,,,,,3.1,,4594.498,3.662,Alta
CHEMBL196,ASCORBIC ACID,,176.12,,-1.41,,O=C1O[C@H]([C@@H](O)CO)C(O)=C1O,EC50,=,0.98,ug.mL-1,,,,UO_0000274,,,,,,CHEMBL1121114,Antioxidant activity in Wistar albino rat assessed as reduced glutathione activity,F,BAO_0000218,organism-based format,,,,,,,,,CHEMBL376,Rattus norvegicus,Rattus norvegicus,,CHEMBL1157850,1,,Eur J Med Chem,2010,,,,,0.98,,5564.388,3.745,Alta
CHEMBL1096369,,,822.89,,9.17,,CCOC(=O)C1c2ccccc2CN1P1(=S)Oc2ccccc2CN1c1ccc(N2Cc3ccccc3OP2(=S)N2Cc3ccccc3C2C(=O)OCC)cc1,EC50,=,1.49,ug.mL-1,,,,UO_0000274,,,,,,CHEMBL1121114,Antioxidant activity in Wistar albino rat assessed as reduced glutathione activity,F,BAO_0000218,organism-based format,,,,,,,,,CHEMBL376,Rattus norvegicus,Rattus norvegicus,,CHEMBL1157850,1,,Eur J Med Chem,2010,,,,,1.49,,1810.692,3.258,Alta
CHEMBL1096368,,,798.86,,8.72,,CCOC(=O)C(NP1(=S)Oc2ccccc2CN1c1ccc(N2Cc3ccccc3OP2(=S)NC(C(=O)OCC)c2ccccc2)cc1)c1ccccc1,EC50,=,2.15,ug.mL-1,,,,UO_0000274,,,,,,CHEMBL1121114,Antioxidant activity in Wistar albino rat assessed as reduced glutathione activity,F,BAO_0000218,organism-based format,,,,,,,,,CHEMBL376,Rattus norvegicus,Rattus norvegicus,,CHEMBL1157850,1,,Eur J Med Chem,2010,,,,,2.15,,2691.335,3.43,Alta
CHEMBL1096367,,,798.86,,7.68,,COC(=O)C(Cc1ccccc1)NP1(=S)Oc2ccccc2CN1c1ccc(N2Cc3ccccc3OP2(=S)NC(Cc2ccccc2)C(=O)OC)cc1,EC50,=,2.05,ug.mL-1,,,,UO_0000274,,,,,,CHEMBL1121114,Antioxidant activity in Wistar albino rat assessed as reduced glutathione activity,F,BAO_0000218,organism-based format,,,,,,,,,CHEMBL376,Rattus norvegicus,Rattus norvegicus,,CHEMBL1157850,1,,Eur J Med Chem,2010,,,,,2.05,,2566.157,3.409,Alta
CHEMBL1088706,,,778.79,,5.13,,COC(=O)C(Cc1c[nH]cn1)NP1(=S)Oc2ccccc2CN1c1ccc(N2Cc3ccccc3OP2(=S)NC(Cc2c[nH]cn2)C(=O)OC)cc1,EC50,=,1.45,ug.mL-1,,,,UO_0000274,,,,,,CHEMBL1121114,Antioxidant activity in Wistar albino rat assessed as reduced glutathione activity,F,BAO_0000218,organism-based format,,,,,,,,,CHEMBL376,Rattus norvegicus,Rattus norvegicus,,CHEMBL1157850,1,,Eur J Med Chem,2010,,,,,1.45,,1861.863,3.27,Alta
CHEMBL1096365,,,702.78,,6.8,,CCCC(NP1(=S)Oc2ccccc2CN1c1ccc(N2Cc3ccccc3OP2(=S)NC(CCC)C(=O)OC)cc1)C(=O)OC,EC50,=,2.66,ug.mL-1,,,,UO_0000274,,,,,,CHEMBL1121114,Antioxidant activity in Wistar albino rat assessed as reduced glutathione activity,F,BAO_0000218,organism-based format,,,,,,,,,CHEMBL376,Rattus norvegicus,Rattus norvegicus,,CHEMBL1157850,1,,Eur J Med Chem,2010,,,,,2.66,,3784.968,3.578,Alta
CHEMBL1096366,,,876.94,,8.64,,COC(=O)C(Cc1c[nH]c2ccccc12)NP1(=S)Oc2ccccc2CN1c1ccc(N2Cc3ccccc3OP2(=S)NC(Cc2c[nH]c3ccccc23)C(=O)OC)cc1,EC50,=,1.45,ug.mL-1,,,,UO_0000274,,,,,,CHEMBL1121114,Antioxidant activity in Wistar albino rat assessed as reduced glutathione activity,F,BAO_0000218,organism-based format,,,,,,,,,CHEMBL376,Rattus norvegicus,Rattus norvegicus,,CHEMBL1157850,1,,Eur J Med Chem,2010,,,,,1.45,,1653.477,3.218,Alta
CHEMBL1096363,,,702.78,,6.51,,COC(=O)C(NP1(=S)Oc2ccccc2CN1c1ccc(N2Cc3ccccc3OP2(=S)NC(C(=O)OC)C(C)C)cc1)C(C)C,EC50,=,3.05,ug.mL-1,,,,UO_0000274,,,,,,CHEMBL1121114,Antioxidant activity in Wistar albino rat assessed as reduced glutathione activity,F,BAO_0000218,organism-based format,,,,,,,,,CHEMBL376,Rattus norvegicus,Rattus norvegicus,,CHEMBL1157850,1,,Eur J Med Chem,2010,,,,,3.05,,4339.907,3.637,Alta
CHEMBL1096364,,,730.83,,7.58,,CCCC(NP1(=S)Oc2ccccc2CN1c1ccc(N2Cc3ccccc3OP2(=S)NC(CCC)C(=O)OCC)cc1)C(=O)OCC,EC50,=,2.5,ug.mL-1,,,,UO_0000274,,,,,,CHEMBL1121114,Antioxidant activity in Wistar albino rat assessed as reduced glutathione activity,F,BAO_0000218,organism-based format,,,,,,,,,CHEMBL376,Rattus norvegicus,Rattus norvegicus,,CHEMBL1157850,1,,Eur J Med Chem,2010,,,,,2.5,,3420.768,3.534,Alta
CHEMBL1096361,,,674.72,,6.02,,CCOC(=O)C(C)NP1(=S)Oc2ccccc2CN1c1ccc(N2Cc3ccccc3OP2(=S)NC(C)C(=O)OCC)cc1,EC50,=,2.68,ug.mL-1,,,,UO_0000274,,,,,,CHEMBL1121114,Antioxidant activity in Wistar albino rat assessed as reduced glutathione activity,F,BAO_0000218,organism-based format,,,,,,,,,CHEMBL376,Rattus norvegicus,Rattus norvegicus,,CHEMBL1157850,1,,Eur J Med Chem,2010,,,,,2.68,,3972.018,3.599,Alta
CHEMBL1096362,,,646.67,,5.24,,COC(=O)C(C)NP1(=S)Oc2ccccc2CN1c1ccc(N2Cc3ccccc3OP2(=S)NC(C)C(=O)OC)cc1,EC50,=,3.5,ug.mL-1,,,,UO_0000274,,,,,,CHEMBL1121114,Antioxidant activity in Wistar albino rat assessed as reduced glutathione activity,F,BAO_0000218,organism-based format,,,,,,,,,CHEMBL376,Rattus norvegicus,Rattus norvegicus,,CHEMBL1157850,1,,Eur J Med Chem,2010,,,,,3.5,,5412.343,3.733,Alta
CHEMBL216031,,,320.39,,4.32,,Oc1ccccc1CNc1ccc(NCc2ccccc2O)cc1,EC50,=,5.42,ug.mL-1,,,,UO_0000274,,,,,,CHEMBL1121114,Antioxidant activity in Wistar albino rat assessed as reduced glutathione activity,F,BAO_0000218,organism-based format,,,,,,,,,CHEMBL376,Rattus norvegicus,Rattus norvegicus,,CHEMBL1157850,1,,Eur J Med Chem,2010,,,,,5.42,,16916.883,4.228,Alta
CHEMBL196,ASCORBIC ACID,,176.12,,-1.41,,O=C1O[C@H]([C@@H](O)CO)C(O)=C1O,EC50,=,0.99,ug.mL-1,,,,UO_0000274,,,,,,CHEMBL1121115,Antioxidant activity in Wistar albino rat assessed as inhibition of superoxide dismutase activity,F,BAO_0000218,organism-based format,,,,,,,,,CHEMBL376,Rattus norvegicus,Rattus norvegicus,,CHEMBL1157850,1,,Eur J Med Chem,2010,,,,,0.99,,5621.167,3.75,Alta
CHEMBL1096369,,,822.89,,9.17,,CCOC(=O)C1c2ccccc2CN1P1(=S)Oc2ccccc2CN1c1ccc(N2Cc3ccccc3OP2(=S)N2Cc3ccccc3C2C(=O)OCC)cc1,EC50,=,1.55,ug.mL-1,,,,UO_0000274,,,,,,CHEMBL1121115,Antioxidant activity in Wistar albino rat assessed as inhibition of superoxide dismutase activity,F,BAO_0000218,organism-based format,,,,,,,,,CHEMBL376,Rattus norvegicus,Rattus norvegicus,,CHEMBL1157850,1,,Eur J Med Chem,2010,,,,,1.55,,1883.605,3.275,Alta
CHEMBL1096368,,,798.86,,8.72,,CCOC(=O)C(NP1(=S)Oc2ccccc2CN1c1ccc(N2Cc3ccccc3OP2(=S)NC(C(=O)OCC)c2ccccc2)cc1)c1ccccc1,EC50,=,2.42,ug.mL-1,,,,UO_0000274,,,,,,CHEMBL1121115,Antioxidant activity in Wistar albino rat assessed as inhibition of superoxide dismutase activity,F,BAO_0000218,organism-based format,,,,,,,,,CHEMBL376,Rattus norvegicus,Rattus norvegicus,,CHEMBL1157850,1,,Eur J Med Chem,2010,,,,,2.42,,3029.317,3.481,Alta
CHEMBL1096367,,,798.86,,7.68,,COC(=O)C(Cc1ccccc1)NP1(=S)Oc2ccccc2CN1c1ccc(N2Cc3ccccc3OP2(=S)NC(Cc2ccccc2)C(=O)OC)cc1,EC50,=,1.98,ug.mL-1,,,,UO_0000274,,,,,,CHEMBL1121115,Antioxidant activity in Wistar albino rat assessed as inhibition of superoxide dismutase activity,F,BAO_0000218,organism-based format,,,,,,,,,CHEMBL376,Rattus norvegicus,Rattus norvegicus,,CHEMBL1157850,1,,Eur J Med Chem,2010,,,,,1.98,,2478.532,3.394,Alta
CHEMBL1088706,,,778.79,,5.13,,COC(=O)C(Cc1c[nH]cn1)NP1(=S)Oc2ccccc2CN1c1ccc(N2Cc3ccccc3OP2(=S)NC(Cc2c[nH]cn2)C(=O)OC)cc1,EC50,=,1.4,ug.mL-1,,,,UO_0000274,,,,,,CHEMBL1121115,Antioxidant activity in Wistar albino rat assessed as inhibition of superoxide dismutase activity,F,BAO_0000218,organism-based format,,,,,,,,,CHEMBL376,Rattus norvegicus,Rattus norvegicus,,CHEMBL1157850,1,,Eur J Med Chem,2010,,,,,1.4,,1797.66,3.255,Alta
CHEMBL1096366,,,876.94,,8.64,,COC(=O)C(Cc1c[nH]c2ccccc12)NP1(=S)Oc2ccccc2CN1c1ccc(N2Cc3ccccc3OP2(=S)NC(Cc2c[nH]c3ccccc23)C(=O)OC)cc1,EC50,=,1.39,ug.mL-1,,,,UO_0000274,,,,,,CHEMBL1121115,Antioxidant activity in Wistar albino rat assessed as inhibition of superoxide dismutase activity,F,BAO_0000218,organism-based format,,,,,,,,,CHEMBL376,Rattus norvegicus,Rattus norvegicus,,CHEMBL1157850,1,,Eur J Med Chem,2010,,,,,1.39,,1585.057,3.2,Alta
CHEMBL1096365,,,702.78,,6.8,,CCCC(NP1(=S)Oc2ccccc2CN1c1ccc(N2Cc3ccccc3OP2(=S)NC(CCC)C(=O)OC)cc1)C(=O)OC,EC50,=,2.31,ug.mL-1,,,,UO_0000274,,,,,,CHEMBL1121115,Antioxidant activity in Wistar albino rat assessed as inhibition of superoxide dismutase activity,F,BAO_0000218,organism-based format,,,,,,,,,CHEMBL376,Rattus norvegicus,Rattus norvegicus,,CHEMBL1157850,1,,Eur J Med Chem,2010,,,,,2.31,,3286.946,3.517,Alta
CHEMBL1096364,,,730.83,,7.58,,CCCC(NP1(=S)Oc2ccccc2CN1c1ccc(N2Cc3ccccc3OP2(=S)NC(CCC)C(=O)OCC)cc1)C(=O)OCC,EC50,=,2.33,ug.mL-1,,,,UO_0000274,,,,,,CHEMBL1121115,Antioxidant activity in Wistar albino rat assessed as inhibition of superoxide dismutase activity,F,BAO_0000218,organism-based format,,,,,,,,,CHEMBL376,Rattus norvegicus,Rattus norvegicus,,CHEMBL1157850,1,,Eur J Med Chem,2010,,,,,2.33,,3188.156,3.504,Alta
CHEMBL1096363,,,702.78,,6.51,,COC(=O)C(NP1(=S)Oc2ccccc2CN1c1ccc(N2Cc3ccccc3OP2(=S)NC(C(=O)OC)C(C)C)cc1)C(C)C,EC50,=,3.45,ug.mL-1,,,,UO_0000274,,,,,,CHEMBL1121115,Antioxidant activity in Wistar albino rat assessed as inhibition of superoxide dismutase activity,F,BAO_0000218,organism-based format,,,,,,,,,CHEMBL376,Rattus norvegicus,Rattus norvegicus,,CHEMBL1157850,1,,Eur J Med Chem,2010,,,,,3.45,,4909.075,3.691,Alta
CHEMBL1096362,,,646.67,,5.24,,COC(=O)C(C)NP1(=S)Oc2ccccc2CN1c1ccc(N2Cc3ccccc3OP2(=S)NC(C)C(=O)OC)cc1,EC50,=,3.56,ug.mL-1,,,,UO_0000274,,,,,,CHEMBL1121115,Antioxidant activity in Wistar albino rat assessed as inhibition of superoxide dismutase activity,F,BAO_0000218,organism-based format,,,,,,,,,CHEMBL376,Rattus norvegicus,Rattus norvegicus,,CHEMBL1157850,1,,Eur J Med Chem,2010,,,,,3.56,,5505.126,3.741,Alta
CHEMBL1096361,,,674.72,,6.02,,CCOC(=O)C(C)NP1(=S)Oc2ccccc2CN1c1ccc(N2Cc3ccccc3OP2(=S)NC(C)C(=O)OCC)cc1,EC50,=,2.98,ug.mL-1,,,,UO_0000274,,,,,,CHEMBL1121115,Antioxidant activity in Wistar albino rat assessed as inhibition of superoxide dismutase activity,F,BAO_0000218,organism-based format,,,,,,,,,CHEMBL376,Rattus norvegicus,Rattus norvegicus,,CHEMBL1157850,1,,Eur J Med Chem,2010,,,,,2.98,,4416.647,3.645,Alta
CHEMBL216031,,,320.39,,4.32,,Oc1ccccc1CNc1ccc(NCc2ccccc2O)cc1,EC50,=,4.58,ug.mL-1,,,,UO_0000274,,,,,,CHEMBL1121115,Antioxidant activity in Wistar albino rat assessed as inhibition of superoxide dismutase activity,F,BAO_0000218,organism-based format,,,,,,,,,CHEMBL376,Rattus norvegicus,Rattus norvegicus,,CHEMBL1157850,1,,Eur J Med Chem,2010,,,,,4.58,,14295.078,4.155,Alta
CHEMBL1254172,,,449.55,,3.24,,COc1ccc2[nH]c3c(c2c1)CCN[C@@H]3C[C@H]1OC[C@@H](NC(=O)Cc2ccccc2)[C@@H](C)O1,EC50,>,100000.0,nM,,,,UO_0000065,,,,,,CHEMBL1250856,Antioxidant activity against nitric oxide scavenging activity in rat PC12 cells assessed as cell survival after 14 hrs by MTT assay,F,BAO_0000219,cell-based format,,,,,,,,,CHEMBL612556,PC-12,Rattus norvegicus,,CHEMBL1250517,1,,J Med Chem,2010,,,,,100.0,,100000.0,5.0,Media
CHEMBL1254263,,,477.56,,2.78,,COC(=O)[C@@H]1Cc2c([nH]c3ccccc23)[C@@H](C[C@H]2OC[C@@H](NC(=O)Cc3ccccc3)[C@@H](C)O2)N1,EC50,>,100000.0,nM,,,,UO_0000065,,,,,,CHEMBL1250856,Antioxidant activity against nitric oxide scavenging activity in rat PC12 cells assessed as cell survival after 14 hrs by MTT assay,F,BAO_0000219,cell-based format,,,,,,,,,CHEMBL612556,PC-12,Rattus norvegicus,,CHEMBL1250517,1,,J Med Chem,2010,,,,,100.0,,100000.0,5.0,Media
CHEMBL1254343,,,331.42,,1.84,,COc1ccc2[nH]c3c(c2c1)CCN[C@@H]3C[C@H]1OC[C@@H](N)[C@@H](C)O1,EC50,=,88500.0,nM,4.05,,,UO_0000065,,,,,,CHEMBL1250856,Antioxidant activity against nitric oxide scavenging activity in rat PC12 cells assessed as cell survival after 14 hrs by MTT assay,F,BAO_0000219,cell-based format,,,,,,,,,CHEMBL612556,PC-12,Rattus norvegicus,,CHEMBL1250517,1,,J Med Chem,2010,,,,,88.5,,88500.0,4.947,Media
CHEMBL1254418,,,359.43,,1.38,,COC(=O)[C@@H]1Cc2c([nH]c3ccccc23)[C@@H](C[C@H]2OC[C@@H](N)[C@@H](C)O2)N1,EC50,=,96300.0,nM,4.02,,,UO_0000065,,,,,,CHEMBL1250856,Antioxidant activity against nitric oxide scavenging activity in rat PC12 cells assessed as cell survival after 14 hrs by MTT assay,F,BAO_0000219,cell-based format,,,,,,,,,CHEMBL612556,PC-12,Rattus norvegicus,,CHEMBL1250517,1,,J Med Chem,2010,,,,,96.3,,96300.0,4.984,Media
CHEMBL1254172,,,449.55,,3.24,,COc1ccc2[nH]c3c(c2c1)CCN[C@@H]3C[C@H]1OC[C@@H](NC(=O)Cc2ccccc2)[C@@H](C)O1,EC50,=,86800.0,nM,4.06,,,UO_0000065,,,,,,CHEMBL1250857,Antioxidant activity against H2O2 scavenging activity in rat PC12 cells assessed as cell survival after 14 hrs by MTT assay,F,BAO_0000219,cell-based format,,,,,,,,,CHEMBL612556,PC-12,Rattus norvegicus,,CHEMBL1250517,1,,J Med Chem,2010,,,,,86.8,,86800.0,4.939,Media
CHEMBL1254263,,,477.56,,2.78,,COC(=O)[C@@H]1Cc2c([nH]c3ccccc23)[C@@H](C[C@H]2OC[C@@H](NC(=O)Cc3ccccc3)[C@@H](C)O2)N1,EC50,=,91600.0,nM,4.04,,,UO_0000065,,,,,,CHEMBL1250857,Antioxidant activity against H2O2 scavenging activity in rat PC12 cells assessed as cell survival after 14 hrs by MTT assay,F,BAO_0000219,cell-based format,,,,,,,,,CHEMBL612556,PC-12,Rattus norvegicus,,CHEMBL1250517,1,,J Med Chem,2010,,,,,91.6,,91600.0,4.962,Media
CHEMBL1254343,,,331.42,,1.84,,COc1ccc2[nH]c3c(c2c1)CCN[C@@H]3C[C@H]1OC[C@@H](N)[C@@H](C)O1,EC50,=,32500.0,nM,4.49,,,UO_0000065,,,,,,CHEMBL1250857,Antioxidant activity against H2O2 scavenging activity in rat PC12 cells assessed as cell survival after 14 hrs by MTT assay,F,BAO_0000219,cell-based format,,,,,,,,,CHEMBL612556,PC-12,Rattus norvegicus,,CHEMBL1250517,1,,J Med Chem,2010,,,,,32.5,,32500.0,4.512,Media
CHEMBL1254418,,,359.43,,1.38,,COC(=O)[C@@H]1Cc2c([nH]c3ccccc23)[C@@H](C[C@H]2OC[C@@H](N)[C@@H](C)O2)N1,EC50,=,45700.0,nM,4.34,,,UO_0000065,,,,,,CHEMBL1250857,Antioxidant activity against H2O2 scavenging activity in rat PC12 cells assessed as cell survival after 14 hrs by MTT assay,F,BAO_0000219,cell-based format,,,,,,,,,CHEMBL612556,PC-12,Rattus norvegicus,,CHEMBL1250517,1,,J Med Chem,2010,,,,,45.7,,45700.0,4.66,Media
CHEMBL1254172,,,449.55,,3.24,,COc1ccc2[nH]c3c(c2c1)CCN[C@@H]3C[C@H]1OC[C@@H](NC(=O)Cc2ccccc2)[C@@H](C)O1,EC50,=,79600.0,nM,4.1,,,UO_0000065,,,,,,CHEMBL1250858,Antioxidant activity against hydroxyl scavenging activity in rat PC12 cells assessed as cell survival after 14 hrs by MTT assay,F,BAO_0000219,cell-based format,,,,,,,,,CHEMBL612556,PC-12,Rattus norvegicus,,CHEMBL1250517,1,,J Med Chem,2010,,,,,79.6,,79600.0,4.901,Media
CHEMBL1254263,,,477.56,,2.78,,COC(=O)[C@@H]1Cc2c([nH]c3ccccc23)[C@@H](C[C@H]2OC[C@@H](NC(=O)Cc3ccccc3)[C@@H](C)O2)N1,EC50,=,88100.0,nM,4.05,,,UO_0000065,,,,,,CHEMBL1250858,Antioxidant activity against hydroxyl scavenging activity in rat PC12 cells assessed as cell survival after 14 hrs by MTT assay,F,BAO_0000219,cell-based format,,,,,,,,,CHEMBL612556,PC-12,Rattus norvegicus,,CHEMBL1250517,1,,J Med Chem,2010,,,,,88.1,,88100.0,4.945,Media
CHEMBL1254343,,,331.42,,1.84,,COc1ccc2[nH]c3c(c2c1)CCN[C@@H]3C[C@H]1OC[C@@H](N)[C@@H](C)O1,EC50,=,25700.0,nM,4.59,,,UO_0000065,,,,,,CHEMBL1250858,Antioxidant activity against hydroxyl scavenging activity in rat PC12 cells assessed as cell survival after 14 hrs by MTT assay,F,BAO_0000219,cell-based format,,,,,,,,,CHEMBL612556,PC-12,Rattus norvegicus,,CHEMBL1250517,1,,J Med Chem,2010,,,,,25.7,,25700.0,4.41,Media
CHEMBL1254418,,,359.43,,1.38,,COC(=O)[C@@H]1Cc2c([nH]c3ccccc23)[C@@H](C[C@H]2OC[C@@H](N)[C@@H](C)O2)N1,EC50,=,50900.0,nM,4.29,,,UO_0000065,,,,,,CHEMBL1250858,Antioxidant activity against hydroxyl scavenging activity in rat PC12 cells assessed as cell survival after 14 hrs by MTT assay,F,BAO_0000219,cell-based format,,,,,,,,,CHEMBL612556,PC-12,Rattus norvegicus,,CHEMBL1250517,1,,J Med Chem,2010,,,,,50.9,,50900.0,4.707,Media
CHEMBL196,ASCORBIC ACID,,176.12,,-1.41,,O=C1O[C@H]([C@@H](O)CO)C(O)=C1O,EC50,=,26200.0,nM,4.58,,,UO_0000065,,,,,,CHEMBL1769803,Antioxidant activity assessed as DPPH free radical scavenging activity after 30 mins,F,BAO_0000019,assay format,,,,,,,,,CHEMBL613712,Radical scavenging activity,,,CHEMBL1765063,1,,Bioorg Med Chem,2011,,,,,26.2,,26200.0,4.418,Media
CHEMBL1766164,,,260.29,,2.99,,COc1cc(COc2ccc(O)cc2)cc(OC)c1,EC50,=,76300.0,nM,4.12,,,UO_0000065,,,,,,CHEMBL1769803,Antioxidant activity assessed as DPPH free radical scavenging activity after 30 mins,F,BAO_0000019,assay format,,,,,,,,,CHEMBL613712,Radical scavenging activity,,,CHEMBL1765063,1,,Bioorg Med Chem,2011,,,,,76.3,,76300.0,4.883,Media
CHEMBL1766167,,,234.68,,3.62,,Oc1ccc(OCc2cccc(Cl)c2)cc1,EC50,=,76800.0,nM,4.12,,,UO_0000065,,,,,,CHEMBL1769803,Antioxidant activity assessed as DPPH free radical scavenging activity after 30 mins,F,BAO_0000019,assay format,,,,,,,,,CHEMBL613712,Radical scavenging activity,,,CHEMBL1765063,1,,Bioorg Med Chem,2011,,,,,76.8,,76800.0,4.885,Media
CHEMBL1766165,,,218.23,,3.11,,Oc1ccc(OCc2ccc(F)cc2)cc1,EC50,=,101700.0,nM,,Outside typical range,,UO_0000065,,,,,,CHEMBL1769803,Antioxidant activity assessed as DPPH free radical scavenging activity after 30 mins,F,BAO_0000019,assay format,,,,,,,,,CHEMBL613712,Radical scavenging activity,,,CHEMBL1765063,1,,Bioorg Med Chem,2011,,,,,101.7,,101700.0,5.007,Media
CHEMBL1766166,,,234.68,,3.62,,Oc1ccc(OCc2ccccc2Cl)cc1,EC50,=,113100.0,nM,,Outside typical range,,UO_0000065,,,,,,CHEMBL1769803,Antioxidant activity assessed as DPPH free radical scavenging activity after 30 mins,F,BAO_0000019,assay format,,,,,,,,,CHEMBL613712,Radical scavenging activity,,,CHEMBL1765063,1,,Bioorg Med Chem,2011,,,,,113.1,,113100.0,5.053,Media
CHEMBL1766160,,,250.68,,3.33,,Oc1cc(O)cc(OCc2cccc(Cl)c2)c1,EC50,=,119400.0,nM,,Outside typical range,,UO_0000065,,,,,,CHEMBL1769803,Antioxidant activity assessed as DPPH free radical scavenging activity after 30 mins,F,BAO_0000019,assay format,,,,,,,,,CHEMBL613712,Radical scavenging activity,,,CHEMBL1765063,1,,Bioorg Med Chem,2011,,,,,119.4,,119400.0,5.077,Media
CHEMBL1766153,,,276.29,,2.69,,COc1cc(COc2cc(O)cc(O)c2)cc(OC)c1,EC50,=,128700.0,nM,,Outside typical range,,UO_0000065,,,,,,CHEMBL1769803,Antioxidant activity assessed as DPPH free radical scavenging activity after 30 mins,F,BAO_0000019,assay format,,,,,,,,,CHEMBL613712,Radical scavenging activity,,,CHEMBL1765063,1,,Bioorg Med Chem,2011,,,,,128.7,,128700.0,5.11,Media
CHEMBL1766156,,,234.23,,2.82,,Oc1cc(O)cc(OCc2ccc(F)cc2)c1,EC50,=,140000.0,nM,,Outside typical range,,UO_0000065,,,,,,CHEMBL1769803,Antioxidant activity assessed as DPPH free radical scavenging activity after 30 mins,F,BAO_0000019,assay format,,,,,,,,,CHEMBL613712,Radical scavenging activity,,,CHEMBL1765063,1,,Bioorg Med Chem,2011,,,,,140.0,,140000.0,5.146,Media
CHEMBL1766158,,,250.68,,3.33,,Oc1cc(O)cc(OCc2ccccc2Cl)c1,EC50,=,165400.0,nM,,Outside typical range,,UO_0000065,,,,,,CHEMBL1769803,Antioxidant activity assessed as DPPH free radical scavenging activity after 30 mins,F,BAO_0000019,assay format,,,,,,,,,CHEMBL613712,Radical scavenging activity,,,CHEMBL1765063,1,,Bioorg Med Chem,2011,,,,,165.4,,165400.0,5.219,Media
CHEMBL17962,HISTIDINE,,155.16,,-0.64,,N[C@@H](Cc1c[nH]cn1)C(=O)O,EC50,=,100000.0,nM,4.0,,,UO_0000065,,,,,,CHEMBL2445840,Antioxidant activity assessed as inhibition of H2O2-induced hydroxyl radical formation by EPR spectroscopic analysis in presence of Fe2+,F,BAO_0000019,assay format,,,,,,,,,CHEMBL3879801,NON-PROTEIN TARGET,,,CHEMBL2439985,1,,J Med Chem,2013,,,,,100.0,,100000.0,5.0,Media
CHEMBL3037932,,,1186.31,,,,NCCCC[C@H]1NC(=O)[C@H](Cc2c[nH]cn2)NC(=O)[C@@H](Cc2c[nH]c3ccccc23)NC(=O)[C@H](Cc2c[nH]c3ccccc23)NC(=O)[C@@H](Cc2c[nH]cn2)NC(=O)[C@H](Cc2c[nH]cn2)NC(=O)[C@@H](Cc2c[nH]cn2)NC(=O)[C@H](Cc2c[nH]cn2)NC1=O,EC50,=,3000.0,nM,5.52,,,UO_0000065,,,,,,CHEMBL2445840,Antioxidant activity assessed as inhibition of H2O2-induced hydroxyl radical formation by EPR spectroscopic analysis in presence of Fe2+,F,BAO_0000019,assay format,,,,,,,,,CHEMBL3879801,NON-PROTEIN TARGET,,,CHEMBL2439985,1,,J Med Chem,2013,,,,,3.0,,3000.0,3.477,Alta
CHEMBL17962,HISTIDINE,,155.16,,-0.64,,N[C@@H](Cc1c[nH]cn1)C(=O)O,EC50,=,6000.0,nM,5.22,,,UO_0000065,,,,,,CHEMBL2445842,Antioxidant activity assessed as inhibition of H2O2-induced ROS production by DCFH assay,F,BAO_0000019,assay format,,,,,,,,,CHEMBL3879801,NON-PROTEIN TARGET,,,CHEMBL2439985,1,,J Med Chem,2013,,,,,6.0,,6000.0,3.778,Alta
CHEMBL153,TROLOX,,250.29,,2.49,,Cc1c(C)c2c(c(C)c1O)CCC(C)(C(=O)O)O2,EC50,=,350.0,nM,6.46,,,UO_0000065,,,,,,CHEMBL2445842,Antioxidant activity assessed as inhibition of H2O2-induced ROS production by DCFH assay,F,BAO_0000019,assay format,,,,,,,,,CHEMBL3879801,NON-PROTEIN TARGET,,,CHEMBL2439985,1,,J Med Chem,2013,,,,,0.35,,350.0,2.544,Alta
CHEMBL3037934,,,1349.41,,,,O=C1N[C@H](CCCCNc2ccc([N+](=O)[O-])c3nonc23)C(=O)N[C@@H](Cc2c[nH]cn2)C(=O)N[C@H](Cc2c[nH]cn2)C(=O)N[C@@H](Cc2c[nH]cn2)C(=O)N[C@H](Cc2c[nH]cn2)C(=O)N[C@@H](Cc2c[nH]c3ccccc23)C(=O)N[C@H](Cc2c[nH]c3ccccc23)C(=O)N[C@H]1Cc1c[nH]cn1,EC50,=,300.0,nM,6.52,,,UO_0000065,,,,,,CHEMBL2445842,Antioxidant activity assessed as inhibition of H2O2-induced ROS production by DCFH assay,F,BAO_0000019,assay format,,,,,,,,,CHEMBL3879801,NON-PROTEIN TARGET,,,CHEMBL2439985,1,,J Med Chem,2013,,,,,0.3,,300.0,2.477,Alta
CHEMBL3037933,,,1136.25,,,,NCCCC[C@H]1NC(=O)[C@H](Cc2c[nH]cn2)NC(=O)[C@@H](Cc2c[nH]c3ccccc23)NC(=O)[C@H](Cc2c[nH]c3ccccc23)NC(=O)[C@@H](Cc2c[nH]cn2)NC(=O)[C@H](Cc2c[nH]cn2)NC(=O)[C@@H](Cc2c[nH]cn2)NC(=O)[C@H](CO)NC1=O,EC50,=,200.0,nM,6.7,,,UO_0000065,,,,,,CHEMBL2445842,Antioxidant activity assessed as inhibition of H2O2-induced ROS production by DCFH assay,F,BAO_0000019,assay format,,,,,,,,,CHEMBL3879801,NON-PROTEIN TARGET,,,CHEMBL2439985,1,,J Med Chem,2013,,,,,0.2,,200.0,2.301,Alta
CHEMBL3037932,,,1186.31,,,,NCCCC[C@H]1NC(=O)[C@H](Cc2c[nH]cn2)NC(=O)[C@@H](Cc2c[nH]c3ccccc23)NC(=O)[C@H](Cc2c[nH]c3ccccc23)NC(=O)[C@@H](Cc2c[nH]cn2)NC(=O)[C@H](Cc2c[nH]cn2)NC(=O)[C@@H](Cc2c[nH]cn2)NC(=O)[C@H](Cc2c[nH]cn2)NC1=O,EC50,=,400.0,nM,6.4,,,UO_0000065,,,,,,CHEMBL2445842,Antioxidant activity assessed as inhibition of H2O2-induced ROS production by DCFH assay,F,BAO_0000019,assay format,,,,,,,,,CHEMBL3879801,NON-PROTEIN TARGET,,,CHEMBL2439985,1,,J Med Chem,2013,,,,,0.4,,400.0,2.602,Alta
CHEMBL3093467,,,238.28,,2.37,,CCCCC(=O)OCCc1ccc(O)c(O)c1,EC50,=,0.59,ug.mL-1,,,,UO_0000274,,,,,,CHEMBL3096925,Antioxidant activity assessed as DPPH radical scavenging activity,F,BAO_0000019,assay format,,,,,,,,,CHEMBL613712,Radical scavenging activity,,,CHEMBL3091354,1,,Bioorg Med Chem,2013,,,,,0.59,,2476.079,3.394,Alta
CHEMBL1950046,HYDROXYTYROSOL BUTANOATE,,224.26,,1.98,,CCCC(=O)OCCc1ccc(O)c(O)c1,EC50,=,0.58,ug.mL-1,,,,UO_0000274,,,,,,CHEMBL3096925,Antioxidant activity assessed as DPPH radical scavenging activity,F,BAO_0000019,assay format,,,,,,,,,CHEMBL613712,Radical scavenging activity,,,CHEMBL3091354,1,,Bioorg Med Chem,2013,,,,,0.58,,2586.284,3.413,Alta
CHEMBL3093466,,,210.23,,1.59,,CCC(=O)OCCc1ccc(O)c(O)c1,EC50,=,0.56,ug.mL-1,,,,UO_0000274,,,,,,CHEMBL3096925,Antioxidant activity assessed as DPPH radical scavenging activity,F,BAO_0000019,assay format,,,,,,,,,CHEMBL613712,Radical scavenging activity,,,CHEMBL3091354,1,,Bioorg Med Chem,2013,,,,,0.56,,2663.749,3.425,Alta
CHEMBL3093465,,,196.2,,1.2,,CC(=O)OCCc1ccc(O)c(O)c1,EC50,=,0.57,ug.mL-1,,,,UO_0000274,,,,,,CHEMBL3096925,Antioxidant activity assessed as DPPH radical scavenging activity,F,BAO_0000019,assay format,,,,,,,,,CHEMBL613712,Radical scavenging activity,,,CHEMBL3091354,1,,Bioorg Med Chem,2013,,,,,0.57,,2905.199,3.463,Alta
CHEMBL3093464,,,238.28,,2.37,,CCCCOC(=O)CCc1ccc(O)c(O)c1,EC50,=,58.9,ug.mL-1,,Outside typical range,,UO_0000274,,,,,,CHEMBL3096925,Antioxidant activity assessed as DPPH radical scavenging activity,F,BAO_0000019,assay format,,,,,,,,,CHEMBL613712,Radical scavenging activity,,,CHEMBL3091354,1,,Bioorg Med Chem,2013,,,,,58.9,,247188.182,5.393,Baja
CHEMBL3093472,,,224.26,,1.98,,CCCOC(=O)CCc1ccc(O)c(O)c1,EC50,=,89.65,ug.mL-1,,Outside typical range,,UO_0000274,,,,,,CHEMBL3096925,Antioxidant activity assessed as DPPH radical scavenging activity,F,BAO_0000019,assay format,,,,,,,,,CHEMBL613712,Radical scavenging activity,,,CHEMBL3091354,1,,Bioorg Med Chem,2013,,,,,89.65,,399759.208,5.602,Baja
CHEMBL3093471,,,210.23,,1.59,,CCOC(=O)CCc1ccc(O)c(O)c1,EC50,=,136.7,ug.mL-1,,Outside typical range,,UO_0000274,,,,,,CHEMBL3096925,Antioxidant activity assessed as DPPH radical scavenging activity,F,BAO_0000019,assay format,,,,,,,,,CHEMBL613712,Radical scavenging activity,,,CHEMBL3091354,1,,Bioorg Med Chem,2013,,,,,136.7,,650240.213,5.813,Baja
CHEMBL3093470,,,196.2,,1.2,,COC(=O)CCc1ccc(O)c(O)c1,EC50,=,161.9,ug.mL-1,,Outside typical range,,UO_0000274,,,,,,CHEMBL3096925,Antioxidant activity assessed as DPPH radical scavenging activity,F,BAO_0000019,assay format,,,,,,,,,CHEMBL613712,Radical scavenging activity,,,CHEMBL3091354,1,,Bioorg Med Chem,2013,,,,,161.9,,825178.389,5.917,Baja
CHEMBL136927,DIHYDROCAFFEIC ACID,,182.18,,1.11,,O=C(O)CCc1ccc(O)c(O)c1,EC50,=,61.29,ug.mL-1,,Outside typical range,,UO_0000274,,,,,,CHEMBL3096925,Antioxidant activity assessed as DPPH radical scavenging activity,F,BAO_0000019,assay format,,,,,,,,,CHEMBL613712,Radical scavenging activity,,,CHEMBL3091354,1,,Bioorg Med Chem,2013,,,,,61.29,,336425.513,5.527,Baja
CHEMBL1261,CITRIC ACID,,192.12,,-1.25,,O=C(O)CC(O)(CC(=O)O)C(=O)O,EC50,=,0.074,ug.mL-1,,,,UO_0000274,,,,,,CHEMBL3062156,Antioxidant activity assessed as Fe2+ chelating activity after 10 min by spectrophotometry,F,BAO_0000019,assay format,,,,,,,,,CHEMBL3879801,NON-PROTEIN TARGET,,,CHEMBL3045002,1,,Med Chem Res,2012,,,,,0.074,,385.176,2.586,Alta
CHEMBL858,EDETIC ACID,,292.24,,-2.07,,O=C(O)CN(CCN(CC(=O)O)CC(=O)O)CC(=O)O,EC50,=,3.4e-05,ug.mL-1,,,,UO_0000274,,,,,,CHEMBL3062156,Antioxidant activity assessed as Fe2+ chelating activity after 10 min by spectrophotometry,F,BAO_0000019,assay format,,,,,,,,,CHEMBL3879801,NON-PROTEIN TARGET,,,CHEMBL3045002,1,,Med Chem Res,2012,,,,,0.034,,0.116,-0.936,Alta
CHEMBL2237412,,,262.26,,1.19,,COC(=O)C1=C(C)NC(=O)NC1c1ccc(O)cc1,EC50,=,0.79,ug.mL-1,,,,UO_0000274,,,,,,CHEMBL3062156,Antioxidant activity assessed as Fe2+ chelating activity after 10 min by spectrophotometry,F,BAO_0000019,assay format,,,,,,,,,CHEMBL3879801,NON-PROTEIN TARGET,,,CHEMBL3045002,1,,Med Chem Res,2012,,,,,0.79,,3012.278,3.479,Alta
CHEMBL2237411,,,292.29,,1.2,,COC(=O)C1=C(C)NC(=O)NC1c1ccc(O)c(OC)c1,EC50,=,0.9,ug.mL-1,,,,UO_0000274,,,,,,CHEMBL3062156,Antioxidant activity assessed as Fe2+ chelating activity after 10 min by spectrophotometry,F,BAO_0000019,assay format,,,,,,,,,CHEMBL3879801,NON-PROTEIN TARGET,,,CHEMBL3045002,1,,Med Chem Res,2012,,,,,0.9,,3079.134,3.488,Alta
CHEMBL2237410,,,276.29,,1.5,,COC(=O)C1=C(C)NC(=O)NC1c1ccc(OC)cc1,EC50,=,1.92,ug.mL-1,,,,UO_0000274,,,,,,CHEMBL3062156,Antioxidant activity assessed as Fe2+ chelating activity after 10 min by spectrophotometry,F,BAO_0000019,assay format,,,,,,,,,CHEMBL3879801,NON-PROTEIN TARGET,,,CHEMBL3045002,1,,Med Chem Res,2012,,,,,1.92,,6949.22,3.842,Alta
CHEMBL2398410,,,291.26,,1.4,,COC(=O)C1=C(C)NC(=O)NC1c1cccc([N+](=O)[O-])c1,EC50,=,1.6,ug.mL-1,,,,UO_0000274,,,,,,CHEMBL3062156,Antioxidant activity assessed as Fe2+ chelating activity after 10 min by spectrophotometry,F,BAO_0000019,assay format,,,,,,,,,CHEMBL3879801,NON-PROTEIN TARGET,,,CHEMBL3045002,1,,Med Chem Res,2012,,,,,1.6,,5493.374,3.74,Alta
CHEMBL378241,,,291.26,,1.4,,COC(=O)C1=C(C)NC(=O)NC1c1ccc([N+](=O)[O-])cc1,EC50,=,1.71,ug.mL-1,,,,UO_0000274,,,,,,CHEMBL3062156,Antioxidant activity assessed as Fe2+ chelating activity after 10 min by spectrophotometry,F,BAO_0000019,assay format,,,,,,,,,CHEMBL3879801,NON-PROTEIN TARGET,,,CHEMBL3045002,1,,Med Chem Res,2012,,,,,1.71,,5871.043,3.769,Alta
CHEMBL1334361,,,246.27,,1.49,,COC(=O)C1=C(C)NC(=O)NC1c1ccccc1,EC50,=,2.23,ug.mL-1,,,,UO_0000274,,,,,,CHEMBL3062156,Antioxidant activity assessed as Fe2+ chelating activity after 10 min by spectrophotometry,F,BAO_0000019,assay format,,,,,,,,,CHEMBL3879801,NON-PROTEIN TARGET,,,CHEMBL3045002,1,,Med Chem Res,2012,,,,,2.23,,9055.102,3.957,Alta
CHEMBL217188,,,276.29,,1.58,,CCOC(=O)C1=C(C)NC(=O)NC1c1ccc(O)cc1,EC50,=,0.89,ug.mL-1,,,,UO_0000274,,,,,,CHEMBL3062156,Antioxidant activity assessed as Fe2+ chelating activity after 10 min by spectrophotometry,F,BAO_0000019,assay format,,,,,,,,,CHEMBL3879801,NON-PROTEIN TARGET,,,CHEMBL3045002,1,,Med Chem Res,2012,,,,,0.89,,3221.253,3.508,Alta
CHEMBL2013078,,,306.32,,1.59,,CCOC(=O)C1=C(C)NC(=O)NC1c1ccc(O)c(OC)c1,EC50,=,0.88,ug.mL-1,,,,UO_0000274,,,,,,CHEMBL3062156,Antioxidant activity assessed as Fe2+ chelating activity after 10 min by spectrophotometry,F,BAO_0000019,assay format,,,,,,,,,CHEMBL3879801,NON-PROTEIN TARGET,,,CHEMBL3045002,1,,Med Chem Res,2012,,,,,0.88,,2872.813,3.458,Alta
CHEMBL385187,,,290.32,,1.89,,CCOC(=O)C1=C(C)NC(=O)NC1c1ccc(OC)cc1,EC50,=,1.55,ug.mL-1,,,,UO_0000274,,,,,,CHEMBL3062156,Antioxidant activity assessed as Fe2+ chelating activity after 10 min by spectrophotometry,F,BAO_0000019,assay format,,,,,,,,,CHEMBL3879801,NON-PROTEIN TARGET,,,CHEMBL3045002,1,,Med Chem Res,2012,,,,,1.55,,5338.936,3.727,Alta
CHEMBL327620,,,305.29,,1.79,,CCOC(=O)C1=C(C)NC(=O)NC1c1cccc([N+](=O)[O-])c1,EC50,=,1.16,ug.mL-1,,,,UO_0000274,,,,,,CHEMBL3062156,Antioxidant activity assessed as Fe2+ chelating activity after 10 min by spectrophotometry,F,BAO_0000019,assay format,,,,,,,,,CHEMBL3879801,NON-PROTEIN TARGET,,,CHEMBL3045002,1,,Med Chem Res,2012,,,,,1.16,,3799.666,3.58,Alta
CHEMBL377528,,,305.29,,1.79,,CCOC(=O)C1=C(C)NC(=O)NC1c1ccc([N+](=O)[O-])cc1,EC50,=,1.86,ug.mL-1,,,,UO_0000274,,,,,,CHEMBL3062156,Antioxidant activity assessed as Fe2+ chelating activity after 10 min by spectrophotometry,F,BAO_0000019,assay format,,,,,,,,,CHEMBL3879801,NON-PROTEIN TARGET,,,CHEMBL3045002,1,,Med Chem Res,2012,,,,,1.86,,6092.568,3.785,Alta
CHEMBL507603,,,260.29,,1.88,,CCOC(=O)C1=C(C)NC(=O)NC1c1ccccc1,EC50,=,1.04,ug.mL-1,,,,UO_0000274,,,,,,CHEMBL3062156,Antioxidant activity assessed as Fe2+ chelating activity after 10 min by spectrophotometry,F,BAO_0000019,assay format,,,,,,,,,CHEMBL3879801,NON-PROTEIN TARGET,,,CHEMBL3045002,1,,Med Chem Res,2012,,,,,1.04,,3995.543,3.602,Alta
CHEMBL206452,CATECHIN,,290.27,,1.55,,Oc1cc(O)c2c(c1)OC(c1ccc(O)c(O)c1)C(O)C2,EC50,=,10.0,ug.mL-1,,,,UO_0000274,,,,,,CHEMBL3062158,Antioxidant activity in phosphate buffer at pH 6.6 assessed as reducing power measuring conversion of potassium ferricyanide to ferrous form after 10 min by spectrophotometry,F,BAO_0000019,assay format,,,,,,,,,CHEMBL3879801,NON-PROTEIN TARGET,,,CHEMBL3045002,1,,Med Chem Res,2012,,,,,10.0,,34450.684,4.537,Media
CHEMBL288114,GALLIC ACID,,170.12,,0.5,,O=C(O)c1cc(O)c(O)c(O)c1,EC50,=,5.25,ug.mL-1,,,,UO_0000274,,,,,,CHEMBL3062158,Antioxidant activity in phosphate buffer at pH 6.6 assessed as reducing power measuring conversion of potassium ferricyanide to ferrous form after 10 min by spectrophotometry,F,BAO_0000019,assay format,,,,,,,,,CHEMBL3879801,NON-PROTEIN TARGET,,,CHEMBL3045002,1,,Med Chem Res,2012,,,,,5.25,,30860.569,4.489,Media
CHEMBL146,BUTYLATED HYDROXYTOLUENE,,220.36,,4.3,,Cc1cc(C(C)(C)C)c(O)c(C(C)(C)C)c1,EC50,=,20.0,ug.mL-1,,,,UO_0000274,,,,,,CHEMBL3062158,Antioxidant activity in phosphate buffer at pH 6.6 assessed as reducing power measuring conversion of potassium ferricyanide to ferrous form after 10 min by spectrophotometry,F,BAO_0000019,assay format,,,,,,,,,CHEMBL3879801,NON-PROTEIN TARGET,,,CHEMBL3045002,1,,Med Chem Res,2012,,,,,20.0,,90760.574,4.958,Media
CHEMBL2237412,,,262.26,,1.19,,COC(=O)C1=C(C)NC(=O)NC1c1ccc(O)cc1,EC50,=,67.0,ug.mL-1,,Outside typical range,,UO_0000274,,,,,,CHEMBL3062158,Antioxidant activity in phosphate buffer at pH 6.6 assessed as reducing power measuring conversion of potassium ferricyanide to ferrous form after 10 min by spectrophotometry,F,BAO_0000019,assay format,,,,,,,,,CHEMBL3879801,NON-PROTEIN TARGET,,,CHEMBL3045002,1,,Med Chem Res,2012,,,,,67.0,,255471.669,5.407,Baja
CHEMBL2237411,,,292.29,,1.2,,COC(=O)C1=C(C)NC(=O)NC1c1ccc(O)c(OC)c1,EC50,=,57.14,ug.mL-1,,Outside typical range,,UO_0000274,,,,,,CHEMBL3062158,Antioxidant activity in phosphate buffer at pH 6.6 assessed as reducing power measuring conversion of potassium ferricyanide to ferrous form after 10 min by spectrophotometry,F,BAO_0000019,assay format,,,,,,,,,CHEMBL3879801,NON-PROTEIN TARGET,,,CHEMBL3045002,1,,Med Chem Res,2012,,,,,57.14,,195490.78,5.291,Baja
CHEMBL2237410,,,276.29,,1.5,,COC(=O)C1=C(C)NC(=O)NC1c1ccc(OC)cc1,EC50,=,206.0,ug.mL-1,,Outside typical range,,UO_0000274,,,,,,CHEMBL3062158,Antioxidant activity in phosphate buffer at pH 6.6 assessed as reducing power measuring conversion of potassium ferricyanide to ferrous form after 10 min by spectrophotometry,F,BAO_0000019,assay format,,,,,,,,,CHEMBL3879801,NON-PROTEIN TARGET,,,CHEMBL3045002,1,,Med Chem Res,2012,,,,,206.0,,745593.398,5.873,Baja
CHEMBL2398410,,,291.26,,1.4,,COC(=O)C1=C(C)NC(=O)NC1c1cccc([N+](=O)[O-])c1,EC50,=,126.35,ug.mL-1,,Outside typical range,,UO_0000274,,,,,,CHEMBL3062158,Antioxidant activity in phosphate buffer at pH 6.6 assessed as reducing power measuring conversion of potassium ferricyanide to ferrous form after 10 min by spectrophotometry,F,BAO_0000019,assay format,,,,,,,,,CHEMBL3879801,NON-PROTEIN TARGET,,,CHEMBL3045002,1,,Med Chem Res,2012,,,,,126.35,,433804.848,5.637,Baja
CHEMBL378241,,,291.26,,1.4,,COC(=O)C1=C(C)NC(=O)NC1c1ccc([N+](=O)[O-])cc1,EC50,=,170.02,ug.mL-1,,Outside typical range,,UO_0000274,,,,,,CHEMBL3062158,Antioxidant activity in phosphate buffer at pH 6.6 assessed as reducing power measuring conversion of potassium ferricyanide to ferrous form after 10 min by spectrophotometry,F,BAO_0000019,assay format,,,,,,,,,CHEMBL3879801,NON-PROTEIN TARGET,,,CHEMBL3045002,1,,Med Chem Res,2012,,,,,170.02,,583739.614,5.766,Baja
CHEMBL1334361,,,246.27,,1.49,,COC(=O)C1=C(C)NC(=O)NC1c1ccccc1,EC50,=,97.56,ug.mL-1,,Outside typical range,,UO_0000274,,,,,,CHEMBL3062158,Antioxidant activity in phosphate buffer at pH 6.6 assessed as reducing power measuring conversion of potassium ferricyanide to ferrous form after 10 min by spectrophotometry,F,BAO_0000019,assay format,,,,,,,,,CHEMBL3879801,NON-PROTEIN TARGET,,,CHEMBL3045002,1,,Med Chem Res,2012,,,,,97.56,,396150.566,5.598,Baja
CHEMBL217188,,,276.29,,1.58,,CCOC(=O)C1=C(C)NC(=O)NC1c1ccc(O)cc1,EC50,=,61.4,ug.mL-1,,Outside typical range,,UO_0000274,,,,,,CHEMBL3062158,Antioxidant activity in phosphate buffer at pH 6.6 assessed as reducing power measuring conversion of potassium ferricyanide to ferrous form after 10 min by spectrophotometry,F,BAO_0000019,assay format,,,,,,,,,CHEMBL3879801,NON-PROTEIN TARGET,,,CHEMBL3045002,1,,Med Chem Res,2012,,,,,61.4,,222230.265,5.347,Baja
CHEMBL2013078,,,306.32,,1.59,,CCOC(=O)C1=C(C)NC(=O)NC1c1ccc(O)c(OC)c1,EC50,=,49.38,ug.mL-1,,,,UO_0000274,,,,,,CHEMBL3062158,Antioxidant activity in phosphate buffer at pH 6.6 assessed as reducing power measuring conversion of potassium ferricyanide to ferrous form after 10 min by spectrophotometry,F,BAO_0000019,assay format,,,,,,,,,CHEMBL3879801,NON-PROTEIN TARGET,,,CHEMBL3045002,1,,Med Chem Res,2012,,,,,49.38,,161203.97,5.207,Media
CHEMBL385187,,,290.32,,1.89,,CCOC(=O)C1=C(C)NC(=O)NC1c1ccc(OC)cc1,EC50,=,171.12,ug.mL-1,,Outside typical range,,UO_0000274,,,,,,CHEMBL3062158,Antioxidant activity in phosphate buffer at pH 6.6 assessed as reducing power measuring conversion of potassium ferricyanide to ferrous form after 10 min by spectrophotometry,F,BAO_0000019,assay format,,,,,,,,,CHEMBL3879801,NON-PROTEIN TARGET,,,CHEMBL3045002,1,,Med Chem Res,2012,,,,,171.12,,589418.573,5.77,Baja
CHEMBL327620,,,305.29,,1.79,,CCOC(=O)C1=C(C)NC(=O)NC1c1cccc([N+](=O)[O-])c1,EC50,=,339.06,ug.mL-1,,Outside typical range,,UO_0000274,,,,,,CHEMBL3062158,Antioxidant activity in phosphate buffer at pH 6.6 assessed as reducing power measuring conversion of potassium ferricyanide to ferrous form after 10 min by spectrophotometry,F,BAO_0000019,assay format,,,,,,,,,CHEMBL3879801,NON-PROTEIN TARGET,,,CHEMBL3045002,1,,Med Chem Res,2012,,,,,339.06,,1110616.135,6.046,Baja
CHEMBL377528,,,305.29,,1.79,,CCOC(=O)C1=C(C)NC(=O)NC1c1ccc([N+](=O)[O-])cc1,EC50,=,238.09,ug.mL-1,,Outside typical range,,UO_0000274,,,,,,CHEMBL3062158,Antioxidant activity in phosphate buffer at pH 6.6 assessed as reducing power measuring conversion of potassium ferricyanide to ferrous form after 10 min by spectrophotometry,F,BAO_0000019,assay format,,,,,,,,,CHEMBL3879801,NON-PROTEIN TARGET,,,CHEMBL3045002,1,,Med Chem Res,2012,,,,,238.09,,779881.424,5.892,Baja
CHEMBL507603,,,260.29,,1.88,,CCOC(=O)C1=C(C)NC(=O)NC1c1ccccc1,EC50,=,158.9,ug.mL-1,,Outside typical range,,UO_0000274,,,,,,CHEMBL3062158,Antioxidant activity in phosphate buffer at pH 6.6 assessed as reducing power measuring conversion of potassium ferricyanide to ferrous form after 10 min by spectrophotometry,F,BAO_0000019,assay format,,,,,,,,,CHEMBL3879801,NON-PROTEIN TARGET,,,CHEMBL3045002,1,,Med Chem Res,2012,,,,,158.9,,610472.934,5.786,Baja
CHEMBL83527,PTEROSTILBENE,,256.3,,3.58,,COc1cc(/C=C/c2ccc(O)cc2)cc(OC)c1,EC50,=,1220.0,nM,5.91,,,UO_0000065,,,,,,CHEMBL3056585,Antioxidant activity assessed as decrease in initial quantity of DPPH measured up to 6 hr by spectrophotometric analysis,F,BAO_0000019,assay format,,,,,,,,,CHEMBL3879801,NON-PROTEIN TARGET,,,CHEMBL3045624,1,,Med Chem Res,2010,,,,,1.22,,1220.0,3.086,Alta
CHEMBL291501,RESVERATROL 4'-METHYL ETHER,,242.27,,3.28,,COc1ccc(/C=C/c2cc(O)cc(O)c2)cc1,EC50,=,2400.0,nM,5.62,,,UO_0000065,,,,,,CHEMBL3056585,Antioxidant activity assessed as decrease in initial quantity of DPPH measured up to 6 hr by spectrophotometric analysis,F,BAO_0000019,assay format,,,,,,,,,CHEMBL3879801,NON-PROTEIN TARGET,,,CHEMBL3045624,1,,Med Chem Res,2010,,,,,2.4,,2400.0,3.38,Alta
CHEMBL87333,CIS-RESVERATROL,,228.25,,2.97,,Oc1ccc(/C=C\c2cc(O)cc(O)c2)cc1,EC50,=,1100.0,nM,5.96,,,UO_0000065,,,,,,CHEMBL3056585,Antioxidant activity assessed as decrease in initial quantity of DPPH measured up to 6 hr by spectrophotometric analysis,F,BAO_0000019,assay format,,,,,,,,,CHEMBL3879801,NON-PROTEIN TARGET,,,CHEMBL3045624,1,,Med Chem Res,2010,,,,,1.1,,1100.0,3.041,Alta
CHEMBL165,RESVERATROL,,228.25,,2.97,,Oc1ccc(/C=C/c2cc(O)cc(O)c2)cc1,EC50,=,770.0,nM,6.11,,,UO_0000065,,,,,,CHEMBL3056585,Antioxidant activity assessed as decrease in initial quantity of DPPH measured up to 6 hr by spectrophotometric analysis,F,BAO_0000019,assay format,,,,,,,,,CHEMBL3879801,NON-PROTEIN TARGET,,,CHEMBL3045624,1,,Med Chem Res,2010,,,,,0.77,,770.0,2.886,Alta
CHEMBL83527,PTEROSTILBENE,,256.3,,3.58,,COc1cc(/C=C/c2ccc(O)cc2)cc(OC)c1,EC50,=,355000.0,nM,,Outside typical range,,UO_0000065,,,,,,CHEMBL3054616,Antioxidant activity in Rattus norvegicus Wistar (rat) liver microsomes assessed as inhibition of Fe2+/ascorbate-induced lipid peroxidation incubated for 10 min prior to Fe2+/ascorbate induction measured after 60 min by TBARS assay,F,BAO_0000019,assay format,,,,,,,,,CHEMBL2367428,Liver microsome,Rattus norvegicus,,CHEMBL3045624,1,,Med Chem Res,2010,,,,,355.0,,355000.0,5.55,Baja
CHEMBL291501,RESVERATROL 4'-METHYL ETHER,,242.27,,3.28,,COc1ccc(/C=C/c2cc(O)cc(O)c2)cc1,EC50,=,661000.0,nM,,Outside typical range,,UO_0000065,,,,,,CHEMBL3054616,Antioxidant activity in Rattus norvegicus Wistar (rat) liver microsomes assessed as inhibition of Fe2+/ascorbate-induced lipid peroxidation incubated for 10 min prior to Fe2+/ascorbate induction measured after 60 min by TBARS assay,F,BAO_0000019,assay format,,,,,,,,,CHEMBL2367428,Liver microsome,Rattus norvegicus,,CHEMBL3045624,1,,Med Chem Res,2010,,,,,661.0,,661000.0,5.82,Baja
CHEMBL87333,CIS-RESVERATROL,,228.25,,2.97,,Oc1ccc(/C=C\c2cc(O)cc(O)c2)cc1,EC50,=,241000.0,nM,,Outside typical range,,UO_0000065,,,,,,CHEMBL3054616,Antioxidant activity in Rattus norvegicus Wistar (rat) liver microsomes assessed as inhibition of Fe2+/ascorbate-induced lipid peroxidation incubated for 10 min prior to Fe2+/ascorbate induction measured after 60 min by TBARS assay,F,BAO_0000019,assay format,,,,,,,,,CHEMBL2367428,Liver microsome,Rattus norvegicus,,CHEMBL3045624,1,,Med Chem Res,2010,,,,,241.0,,241000.0,5.382,Baja
CHEMBL165,RESVERATROL,,228.25,,2.97,,Oc1ccc(/C=C/c2cc(O)cc(O)c2)cc1,EC50,=,135000.0,nM,,Outside typical range,,UO_0000065,,,,,,CHEMBL3054616,Antioxidant activity in Rattus norvegicus Wistar (rat) liver microsomes assessed as inhibition of Fe2+/ascorbate-induced lipid peroxidation incubated for 10 min prior to Fe2+/ascorbate induction measured after 60 min by TBARS assay,F,BAO_0000019,assay format,,,,,,,,,CHEMBL2367428,Liver microsome,Rattus norvegicus,,CHEMBL3045624,1,,Med Chem Res,2010,,,,,135.0,,135000.0,5.13,Media
CHEMBL196,ASCORBIC ACID,,176.12,,-1.41,,O=C1O[C@H]([C@@H](O)CO)C(O)=C1O,EC50,=,40.0,ug.mL-1,,,,UO_0000274,,,,,,CHEMBL3071345,Antioxidant activity assessed as DPPH radical scavenging activity after 30 min by spectrophotometric analysis,F,BAO_0000019,assay format,,,,,,,,,CHEMBL613712,Radical scavenging activity,,,CHEMBL3044552,1,,Med Chem Res,2013,,,,,40.0,,227117.874,5.356,Baja
CHEMBL2298863,,,496.95,,4.36,,O=C(NCC(=O)N1c2ccccc2Sc2ccccc21)NN1C(=O)C(Cl)C1c1cccc(F)c1,EC50,=,47.0,ug.mL-1,,,,UO_0000274,,,,,,CHEMBL3071345,Antioxidant activity assessed as DPPH radical scavenging activity after 30 min by spectrophotometric analysis,F,BAO_0000019,assay format,,,,,,,,,CHEMBL613712,Radical scavenging activity,,,CHEMBL3044552,1,,Med Chem Res,2013,,,,,47.0,,94576.919,4.976,Media
CHEMBL2298866,,,513.41,,4.87,,O=C(NCC(=O)N1c2ccccc2Sc2ccccc21)NN1C(=O)C(Cl)C1c1ccc(Cl)cc1,EC50,=,56.0,ug.mL-1,,Outside typical range,,UO_0000274,,,,,,CHEMBL3071345,Antioxidant activity assessed as DPPH radical scavenging activity after 30 min by spectrophotometric analysis,F,BAO_0000019,assay format,,,,,,,,,CHEMBL613712,Radical scavenging activity,,,CHEMBL3044552,1,,Med Chem Res,2013,,,,,56.0,,109074.619,5.038,Media
CHEMBL2298867,,,513.41,,4.87,,O=C(NCC(=O)N1c2ccccc2Sc2ccccc21)NN1C(=O)C(Cl)C1c1ccccc1Cl,EC50,=,57.0,ug.mL-1,,Outside typical range,,UO_0000274,,,,,,CHEMBL3071345,Antioxidant activity assessed as DPPH radical scavenging activity after 30 min by spectrophotometric analysis,F,BAO_0000019,assay format,,,,,,,,,CHEMBL613712,Radical scavenging activity,,,CHEMBL3044552,1,,Med Chem Res,2013,,,,,57.0,,111022.38,5.045,Media
CHEMBL2298871,,,522.03,,4.29,,CN(C)c1ccc(C2C(Cl)C(=O)N2NC(=O)NCC(=O)N2c3ccccc3Sc3ccccc32)cc1,EC50,=,55.0,ug.mL-1,,Outside typical range,,UO_0000274,,,,,,CHEMBL3071345,Antioxidant activity assessed as DPPH radical scavenging activity after 30 min by spectrophotometric analysis,F,BAO_0000019,assay format,,,,,,,,,CHEMBL613712,Radical scavenging activity,,,CHEMBL3044552,1,,Med Chem Res,2013,,,,,55.0,,105357.93,5.023,Media
CHEMBL3233935,,,423.47,,2.29,,O=C(NCC1CCN(Cc2ccccc2)CC1)c1c(O)c2cc(O)c(O)cc2[nH]c1=O,EC50,=,12200.0,nM,4.91,,,UO_0000065,,,,,,CHEMBL3243768,Antioxidant activity assessed as DPPH radical scavenging activity after 2 hrs by absorbance analysis,F,BAO_0000019,assay format,,,,,,,,,CHEMBL613712,Radical scavenging activity,,,CHEMBL3232950,1,,Bioorg Med Chem,2014,,,,,12.2,,12200.0,4.086,Alta
CHEMBL3233937,,,437.5,,2.3,,Cn1c(=O)c(C(=O)NCC2CCN(Cc3ccccc3)CC2)c(O)c2cc(O)c(O)cc21,EC50,=,21700.0,nM,4.66,,,UO_0000065,,,,,,CHEMBL3243768,Antioxidant activity assessed as DPPH radical scavenging activity after 2 hrs by absorbance analysis,F,BAO_0000019,assay format,,,,,,,,,CHEMBL613712,Radical scavenging activity,,,CHEMBL3232950,1,,Bioorg Med Chem,2014,,,,,21.7,,21700.0,4.336,Alta
CHEMBL3233939,,,550.06,,3.81,,Cl.O=C(NCC1CCN(Cc2ccccc2)CC1)c1c(O)c2cc(O)c(O)cc2n(Cc2ccccc2)c1=O,EC50,=,20800.0,nM,4.68,,,UO_0000065,,,,,,CHEMBL3243768,Antioxidant activity assessed as DPPH radical scavenging activity after 2 hrs by absorbance analysis,F,BAO_0000019,assay format,,,,,,,,,CHEMBL613712,Radical scavenging activity,,,CHEMBL3232950,1,,Bioorg Med Chem,2014,,,,,20.8,,20800.0,4.318,Alta
CHEMBL3233940,,,557.65,,4.12,,COc1cc(Cn2c(=O)c(C(=O)NCC3CCN(Cc4ccccc4)CC3)c(O)c3ccccc32)cc(OC)c1O,EC50,=,90500.0,nM,4.04,,,UO_0000065,,,,,,CHEMBL3243768,Antioxidant activity assessed as DPPH radical scavenging activity after 2 hrs by absorbance analysis,F,BAO_0000019,assay format,,,,,,,,,CHEMBL613712,Radical scavenging activity,,,CHEMBL3232950,1,,Bioorg Med Chem,2014,,,,,90.5,,90500.0,4.957,Media
CHEMBL3233941,,,529.59,,3.51,,O=C(NCC1CCN(Cc2ccccc2)CC1)c1c(O)c2ccccc2n(Cc2cc(O)c(O)c(O)c2)c1=O,EC50,=,107000.0,nM,,Outside typical range,,UO_0000065,,,,,,CHEMBL3243768,Antioxidant activity assessed as DPPH radical scavenging activity after 2 hrs by absorbance analysis,F,BAO_0000019,assay format,,,,,,,,,CHEMBL613712,Radical scavenging activity,,,CHEMBL3232950,1,,Bioorg Med Chem,2014,,,,,107.0,,107000.0,5.029,Media
CHEMBL50,QUERCETIN,,302.24,,1.99,,O=c1c(O)c(-c2ccc(O)c(O)c2)oc2cc(O)cc(O)c12,EC50,=,10300.0,nM,4.99,,,UO_0000065,,,,,,CHEMBL3243768,Antioxidant activity assessed as DPPH radical scavenging activity after 2 hrs by absorbance analysis,F,BAO_0000019,assay format,,,,,,,,,CHEMBL613712,Radical scavenging activity,,,CHEMBL3232950,1,,Bioorg Med Chem,2014,,,,,10.3,,10300.0,4.013,Alta
CHEMBL116438,CURCUMIN,,368.39,,3.85,,COc1cc(/C=C/C(=O)/C=C(O)/C=C/c2ccc(O)c(OC)c2)ccc1O,EC50,=,26600.0,nM,4.58,,,UO_0000065,,,,,,CHEMBL3243768,Antioxidant activity assessed as DPPH radical scavenging activity after 2 hrs by absorbance analysis,F,BAO_0000019,assay format,,,,,,,,,CHEMBL613712,Radical scavenging activity,,,CHEMBL3232950,1,,Bioorg Med Chem,2014,,,,,26.6,,26600.0,4.425,Media
CHEMBL3233935,,,423.47,,2.29,,O=C(NCC1CCN(Cc2ccccc2)CC1)c1c(O)c2cc(O)c(O)cc2[nH]c1=O,EC50,=,138800.0,nM,,Outside typical range,,UO_0000065,,,,,,CHEMBL3243769,Antioxidant activity assessed as superoxide anion radical scavenging activity by non-enzymatic phenazine methosulfate NADH-system,F,BAO_0000019,assay format,,,,,,,,,CHEMBL3879801,NON-PROTEIN TARGET,,,CHEMBL3232950,1,,Bioorg Med Chem,2014,,,,,138.8,,138800.0,5.142,Media
CHEMBL3233941,,,529.59,,3.51,,O=C(NCC1CCN(Cc2ccccc2)CC1)c1c(O)c2ccccc2n(Cc2cc(O)c(O)c(O)c2)c1=O,EC50,=,140400.0,nM,,Outside typical range,,UO_0000065,,,,,,CHEMBL3243769,Antioxidant activity assessed as superoxide anion radical scavenging activity by non-enzymatic phenazine methosulfate NADH-system,F,BAO_0000019,assay format,,,,,,,,,CHEMBL3879801,NON-PROTEIN TARGET,,,CHEMBL3232950,1,,Bioorg Med Chem,2014,,,,,140.4,,140400.0,5.147,Media
CHEMBL50,QUERCETIN,,302.24,,1.99,,O=c1c(O)c(-c2ccc(O)c(O)c2)oc2cc(O)cc(O)c12,EC50,=,49900.0,nM,4.3,,,UO_0000065,,,,,,CHEMBL3243769,Antioxidant activity assessed as superoxide anion radical scavenging activity by non-enzymatic phenazine methosulfate NADH-system,F,BAO_0000019,assay format,,,,,,,,,CHEMBL3879801,NON-PROTEIN TARGET,,,CHEMBL3232950,1,,Bioorg Med Chem,2014,,,,,49.9,,49900.0,4.698,Media
CHEMBL3397399,,,344.36,,2.89,,CC(C)(O)C(O)Cc1cc2cc(-c3cc(O)cc(O)c3)oc2cc1O,EC50,=,7.17,ug.mL-1,,,,UO_0000274,,,,,,CHEMBL3399590,Antioxidant activity assessed as DPPH radical scavenging activity,P,BAO_0000100,small-molecule physicochemical format,,,,,,,,,CHEMBL2362975,No relevant target,,,CHEMBL3397033,1,,Eur J Med Chem,2015,,,,,7.17,,20821.234,4.319,Alta
CHEMBL463125,,,310.35,,4.73,,CC(C)=CCc1c(O)ccc2cc(-c3cc(O)cc(O)c3)oc12,EC50,=,5.06,ug.mL-1,,,,UO_0000274,,,,,,CHEMBL3399590,Antioxidant activity assessed as DPPH radical scavenging activity,P,BAO_0000100,small-molecule physicochemical format,,,,,,,,,CHEMBL2362975,No relevant target,,,CHEMBL3397033,1,,Eur J Med Chem,2015,,,,,5.06,,16304.173,4.212,Alta
CHEMBL3397400,,,340.38,,4.73,,COc1c(O)cc2oc(-c3cc(O)cc(O)c3)cc2c1CC=C(C)C,EC50,=,4.12,ug.mL-1,,,,UO_0000274,,,,,,CHEMBL3399590,Antioxidant activity assessed as DPPH radical scavenging activity,P,BAO_0000100,small-molecule physicochemical format,,,,,,,,,CHEMBL2362975,No relevant target,,,CHEMBL3397033,1,,Eur J Med Chem,2015,,,,,4.12,,12104.119,4.083,Alta
CHEMBL3397401,,,340.33,,3.37,,CC1(O)C=Cc2c(c(O)cc3cc(-c4cc(O)cc(O)c4)oc23)OC1,EC50,=,6.08,ug.mL-1,,,,UO_0000274,,,,,,CHEMBL3399590,Antioxidant activity assessed as DPPH radical scavenging activity,P,BAO_0000100,small-molecule physicochemical format,,,,,,,,,CHEMBL2362975,No relevant target,,,CHEMBL3397033,1,,Eur J Med Chem,2015,,,,,6.08,,17865.013,4.252,Alta
CHEMBL196,ASCORBIC ACID,,176.12,,-1.41,,O=C1O[C@H]([C@@H](O)CO)C(O)=C1O,EC50,=,30150.0,nM,4.52,,,UO_0000065,,,,,,CHEMBL3742960,Antioxidant activity assessed as DPPH radical scavenging activity after 30 mins by plate reader analysis,P,BAO_0000100,small-molecule physicochemical format,,,,,,,,,CHEMBL2362975,No relevant target,,,CHEMBL3739360,1,,J Nat Prod,2015,,,,,30.15,,30150.0,4.479,Media
CHEMBL3739685,,,695.63,,-3.19,,COc1cc(/C=C/C(=O)N2c3cc(O[C@@H]4O[C@H](CO)[C@@H](O)[C@H](O)[C@H]4O)c(O)cc3C[C@H]2C(=O)O)ccc1O[C@@H]1O[C@H](CO)[C@@H](O)[C@H](O)[C@H]1O,EC50,=,34550.0,nM,4.46,,,UO_0000065,,,,,,CHEMBL3742960,Antioxidant activity assessed as DPPH radical scavenging activity after 30 mins by plate reader analysis,P,BAO_0000100,small-molecule physicochemical format,,,,,,,,,CHEMBL2362975,No relevant target,,,CHEMBL3739360,1,,J Nat Prod,2015,,,,,34.55,,34550.0,4.538,Media
CHEMBL3741758,,,665.6,,-3.19,,O=C(O)[C@@H]1Cc2cc(O)c(O[C@@H]3O[C@H](CO)[C@@H](O)[C@H](O)[C@H]3O)cc2N1C(=O)/C=C/c1ccc(O[C@@H]2O[C@H](CO)[C@@H](O)[C@H](O)[C@H]2O)cc1,EC50,=,38280.0,nM,4.42,,,UO_0000065,,,,,,CHEMBL3742960,Antioxidant activity assessed as DPPH radical scavenging activity after 30 mins by plate reader analysis,P,BAO_0000100,small-molecule physicochemical format,,,,,,,,,CHEMBL2362975,No relevant target,,,CHEMBL3739360,1,,J Nat Prod,2015,,,,,38.28,,38280.0,4.583,Media
CHEMBL3740446,,,533.49,,-0.66,,COc1cc(/C=C/C(=O)N2c3cc(O[C@@H]4O[C@H](CO)[C@@H](O)[C@H](O)[C@H]4O)c(O)cc3C[C@H]2C(=O)O)ccc1O,EC50,=,35150.0,nM,4.45,,,UO_0000065,,,,,,CHEMBL3742960,Antioxidant activity assessed as DPPH radical scavenging activity after 30 mins by plate reader analysis,P,BAO_0000100,small-molecule physicochemical format,,,,,,,,,CHEMBL2362975,No relevant target,,,CHEMBL3739360,1,,J Nat Prod,2015,,,,,35.15,,35150.0,4.546,Media
CHEMBL3742286,,,503.46,,-0.67,,O=C(O)[C@@H]1Cc2cc(O)c(O[C@@H]3O[C@H](CO)[C@@H](O)[C@H](O)[C@H]3O)cc2N1C(=O)/C=C/c1ccc(O)cc1,EC50,=,35110.0,nM,4.46,,,UO_0000065,,,,,,CHEMBL3742960,Antioxidant activity assessed as DPPH radical scavenging activity after 30 mins by plate reader analysis,P,BAO_0000100,small-molecule physicochemical format,,,,,,,,,CHEMBL2362975,No relevant target,,,CHEMBL3739360,1,,J Nat Prod,2015,,,,,35.11,,35110.0,4.545,Media
CHEMBL3741598,,,841.77,,-0.87,,COc1cc(/C=C/C(=O)OC[C@H]2O[C@@H](OC[C@H]3O[C@@H](Oc4cc5c(cc4O)C[C@@H](C(=O)O)N5C(=O)/C=C/c4ccc(O)cc4)[C@H](O)[C@@H](O)[C@@H]3O)[C@H](O)[C@@H](O)[C@@H]2O)ccc1O,EC50,=,35410.0,nM,4.45,,,UO_0000065,,,,,,CHEMBL3742960,Antioxidant activity assessed as DPPH radical scavenging activity after 30 mins by plate reader analysis,P,BAO_0000100,small-molecule physicochemical format,,,,,,,,,CHEMBL2362975,No relevant target,,,CHEMBL3739360,1,,J Nat Prod,2015,,,,,35.41,,35410.0,4.549,Media
CHEMBL3740797,,,1003.91,,,,COc1cc(/C=C/C(=O)O[C@@H]2[C@@H](O)[C@H](Oc3cc4c(cc3O)C[C@@H](C(=O)O)N4C(=O)/C=C/c3ccc(O[C@@H]4O[C@H](CO)[C@@H](O)[C@H](O)[C@H]4O)cc3)O[C@H](CO[C@@H]3O[C@H](CO)[C@@H](O)[C@H](O)[C@H]3O)[C@H]2O)ccc1O,EC50,=,31580.0,nM,4.5,,,UO_0000065,,,,,,CHEMBL3742960,Antioxidant activity assessed as DPPH radical scavenging activity after 30 mins by plate reader analysis,P,BAO_0000100,small-molecule physicochemical format,,,,,,,,,CHEMBL2362975,No relevant target,,,CHEMBL3739360,1,,J Nat Prod,2015,,,,,31.58,,31580.0,4.499,Media
CHEMBL3741158,,,857.77,,-5.36,,COc1cc(/C=C/C(=O)N2c3cc(O[C@@H]4O[C@H](CO[C@@H]5O[C@H](CO)[C@@H](O)[C@H](O)[C@H]5O)[C@@H](O)[C@H](O)[C@H]4O)c(O)cc3C[C@H]2C(=O)O)ccc1O[C@@H]1O[C@H](CO)[C@@H](O)[C@H](O)[C@H]1O,EC50,=,40920.0,nM,4.39,,,UO_0000065,,,,,,CHEMBL3742960,Antioxidant activity assessed as DPPH radical scavenging activity after 30 mins by plate reader analysis,P,BAO_0000100,small-molecule physicochemical format,,,,,,,,,CHEMBL2362975,No relevant target,,,CHEMBL3739360,1,,J Nat Prod,2015,,,,,40.92,,40920.0,4.612,Media
CHEMBL3740830,,,827.74,,-5.37,,O=C(O)[C@@H]1Cc2cc(O)c(O[C@@H]3O[C@H](CO[C@@H]4O[C@H](CO)[C@@H](O)[C@H](O)[C@H]4O)[C@@H](O)[C@H](O)[C@H]3O)cc2N1C(=O)/C=C/c1ccc(O[C@@H]2O[C@H](CO)[C@@H](O)[C@H](O)[C@H]2O)cc1,EC50,=,43520.0,nM,4.36,,,UO_0000065,,,,,,CHEMBL3742960,Antioxidant activity assessed as DPPH radical scavenging activity after 30 mins by plate reader analysis,P,BAO_0000100,small-molecule physicochemical format,,,,,,,,,CHEMBL2362975,No relevant target,,,CHEMBL3739360,1,,J Nat Prod,2015,,,,,43.52,,43520.0,4.639,Media
CHEMBL3742210,,,857.77,,-1.16,,COc1cc(/C=C/C(=O)N2c3cc(O[C@@H]4O[C@H](CO[C@@H]5O[C@H](CO)[C@@H](O)[C@H](O)[C@H]5OC(=O)/C=C/c5ccc(O)c(O)c5)[C@@H](O)[C@H](O)[C@H]4O)c(O)cc3C[C@H]2C(=O)O)ccc1O,EC50,=,16130.0,nM,4.79,,,UO_0000065,,,,,,CHEMBL3742960,Antioxidant activity assessed as DPPH radical scavenging activity after 30 mins by plate reader analysis,P,BAO_0000100,small-molecule physicochemical format,,,,,,,,,CHEMBL2362975,No relevant target,,,CHEMBL3739360,1,,J Nat Prod,2015,,,,,16.13,,16130.0,4.208,Alta
CHEMBL3741935,,,827.75,,-1.17,,O=C(/C=C/c1ccc(O)c(O)c1)O[C@H]1[C@H](OC[C@H]2O[C@@H](Oc3cc4c(cc3O)C[C@@H](C(=O)O)N4C(=O)/C=C/c3ccc(O)cc3)[C@H](O)[C@@H](O)[C@@H]2O)O[C@H](CO)[C@@H](O)[C@@H]1O,EC50,=,15300.0,nM,4.82,,,UO_0000065,,,,,,CHEMBL3742960,Antioxidant activity assessed as DPPH radical scavenging activity after 30 mins by plate reader analysis,P,BAO_0000100,small-molecule physicochemical format,,,,,,,,,CHEMBL2362975,No relevant target,,,CHEMBL3739360,1,,J Nat Prod,2015,,,,,15.3,,15300.0,4.185,Alta
CHEMBL3742002,,,871.8,,-0.86,,COc1cc(/C=C/C(=O)O[C@H]2[C@H](OC[C@H]3O[C@@H](Oc4cc5c(cc4O)C[C@@H](C(=O)O)N5C(=O)/C=C/c4ccc(O)c(OC)c4)[C@H](O)[C@@H](O)[C@@H]3O)O[C@H](CO)[C@@H](O)[C@@H]2O)ccc1O,EC50,=,27640.0,nM,4.56,,,UO_0000065,,,,,,CHEMBL3742960,Antioxidant activity assessed as DPPH radical scavenging activity after 30 mins by plate reader analysis,P,BAO_0000100,small-molecule physicochemical format,,,,,,,,,CHEMBL2362975,No relevant target,,,CHEMBL3739360,1,,J Nat Prod,2015,,,,,27.64,,27640.0,4.442,Media
CHEMBL3740826,,,841.77,,-0.87,,COc1cc(/C=C/C(=O)O[C@H]2[C@H](OC[C@H]3O[C@@H](Oc4cc5c(cc4O)C[C@@H](C(=O)O)N5C(=O)/C=C/c4ccc(O)cc4)[C@H](O)[C@@H](O)[C@@H]3O)O[C@H](CO)[C@@H](O)[C@@H]2O)ccc1O,EC50,=,29050.0,nM,4.54,,,UO_0000065,,,,,,CHEMBL3742960,Antioxidant activity assessed as DPPH radical scavenging activity after 30 mins by plate reader analysis,P,BAO_0000100,small-molecule physicochemical format,,,,,,,,,CHEMBL2362975,No relevant target,,,CHEMBL3739360,1,,J Nat Prod,2015,,,,,29.05,,29050.0,4.463,Media
CHEMBL3741693,,,695.63,,-2.83,,COc1cc(/C=C/C(=O)N2c3cc(O[C@@H]4O[C@H](CO[C@@H]5O[C@H](CO)[C@@H](O)[C@H](O)[C@H]5O)[C@@H](O)[C@H](O)[C@H]4O)c(O)cc3C[C@H]2C(=O)O)ccc1O,EC50,=,40100.0,nM,4.4,,,UO_0000065,,,,,,CHEMBL3742960,Antioxidant activity assessed as DPPH radical scavenging activity after 30 mins by plate reader analysis,P,BAO_0000100,small-molecule physicochemical format,,,,,,,,,CHEMBL2362975,No relevant target,,,CHEMBL3739360,1,,J Nat Prod,2015,,,,,40.1,,40100.0,4.603,Media
CHEMBL3740445,,,665.6,,-2.84,,O=C(O)[C@@H]1Cc2cc(O)c(O[C@@H]3O[C@H](CO[C@@H]4O[C@H](CO)[C@@H](O)[C@H](O)[C@H]4O)[C@@H](O)[C@H](O)[C@H]3O)cc2N1C(=O)/C=C/c1ccc(O)cc1,EC50,=,42890.0,nM,4.37,,,UO_0000065,,,,,,CHEMBL3742960,Antioxidant activity assessed as DPPH radical scavenging activity after 30 mins by plate reader analysis,P,BAO_0000100,small-molecule physicochemical format,,,,,,,,,CHEMBL2362975,No relevant target,,,CHEMBL3739360,1,,J Nat Prod,2015,,,,,42.89,,42890.0,4.632,Media
CHEMBL3747054,,,488.64,,6.98,,CCCCCCCCCCCCCC(=O)Nc1cc2c(cc1F)c(=O)c(C(=O)OCC)cn2CC,EC50,=,286.0,ug.mL-1,,Outside typical range,,UO_0000274,,,,,,CHEMBL3748358,Antioxidant activity assessed as DPPH free radical scavenging activity,P,BAO_0000100,small-molecule physicochemical format,,,,,,,,,CHEMBL2362975,No relevant target,,,CHEMBL3745709,1,,Bioorg Med Chem Lett,2016,,,,,286.0,,585297.97,5.767,Baja
CHEMBL3746183,,,444.55,,5.58,,C=CCCCCCCCCC(=O)Nc1cc2c(cc1F)c(=O)c(C(=O)OCC)cn2CC,EC50,=,147.5,ug.mL-1,,Outside typical range,,UO_0000274,,,,,,CHEMBL3748358,Antioxidant activity assessed as DPPH free radical scavenging activity,P,BAO_0000100,small-molecule physicochemical format,,,,,,,,,CHEMBL2362975,No relevant target,,,CHEMBL3745709,1,,Bioorg Med Chem Lett,2016,,,,,147.5,,331796.198,5.521,Baja
CHEMBL3746347,,,404.48,,4.64,,CCCCCCCC(=O)Nc1cc2c(cc1F)c(=O)c(C(=O)OCC)cn2CC,EC50,=,109.8,ug.mL-1,,Outside typical range,,UO_0000274,,,,,,CHEMBL3748358,Antioxidant activity assessed as DPPH free radical scavenging activity,P,BAO_0000100,small-molecule physicochemical format,,,,,,,,,CHEMBL2362975,No relevant target,,,CHEMBL3745709,1,,Bioorg Med Chem Lett,2016,,,,,109.8,,271459.652,5.434,Baja
CHEMBL3746328,,,376.43,,3.86,,CCCCCC(=O)Nc1cc2c(cc1F)c(=O)c(C(=O)OCC)cn2CC,EC50,=,33.8,ug.mL-1,,,,UO_0000274,,,,,,CHEMBL3748358,Antioxidant activity assessed as DPPH free radical scavenging activity,P,BAO_0000100,small-molecule physicochemical format,,,,,,,,,CHEMBL2362975,No relevant target,,,CHEMBL3745709,1,,Bioorg Med Chem Lett,2016,,,,,33.8,,89790.931,4.953,Media
CHEMBL3747211,,,542.74,,8.31,,CCCCCCCC/C=C/CCCCCCCC(=O)Nc1cc2c(cc1F)c(=O)c(C(=O)OCC)cn2CC,EC50,=,750.7,ug.mL-1,,Outside typical range,,UO_0000274,,,,,,CHEMBL3748358,Antioxidant activity assessed as DPPH free radical scavenging activity,P,BAO_0000100,small-molecule physicochemical format,,,,,,,,,CHEMBL2362975,No relevant target,,,CHEMBL3745709,1,,Bioorg Med Chem Lett,2016,,,,,750.7,,1383166.894,6.141,Baja
CHEMBL3746876,,,544.75,,8.54,,CCCCCCCCCCCCCCCCCC(=O)Nc1cc2c(cc1F)c(=O)c(C(=O)OCC)cn2CC,EC50,=,798.8,ug.mL-1,,Outside typical range,,UO_0000274,,,,,,CHEMBL3748358,Antioxidant activity assessed as DPPH free radical scavenging activity,P,BAO_0000100,small-molecule physicochemical format,,,,,,,,,CHEMBL2362975,No relevant target,,,CHEMBL3745709,1,,Bioorg Med Chem Lett,2016,,,,,798.8,,1466360.716,6.166,Baja
CHEMBL146,BUTYLATED HYDROXYTOLUENE,,220.36,,4.3,,Cc1cc(C(C)(C)C)c(O)c(C(C)(C)C)c1,EC50,=,28.5,ug.mL-1,,,,UO_0000274,,,,,,CHEMBL3748358,Antioxidant activity assessed as DPPH free radical scavenging activity,P,BAO_0000100,small-molecule physicochemical format,,,,,,,,,CHEMBL2362975,No relevant target,,,CHEMBL3745709,1,,Bioorg Med Chem Lett,2016,,,,,28.5,,129333.817,5.112,Media
CHEMBL47,ALPHA-TOCOPHEROL,,430.72,,8.84,,Cc1c(C)c2c(c(C)c1O)CC[C@@](C)(CCC[C@H](C)CCC[C@H](C)CCCC(C)C)O2,EC50,=,10.4,ug.mL-1,,,,UO_0000274,,,,,,CHEMBL3748358,Antioxidant activity assessed as DPPH free radical scavenging activity,P,BAO_0000100,small-molecule physicochemical format,,,,,,,,,CHEMBL2362975,No relevant target,,,CHEMBL3745709,1,,Bioorg Med Chem Lett,2016,,,,,10.4,,24145.617,4.383,Alta
CHEMBL3745877,,,348.4,,3.13,,O=C(OC12CC3CC(CC(C3)C1)C2)c1cc(N(O)C2CCCO2)on1,EC50,=,16000.0,nM,4.8,,,UO_0000065,,,,,,CHEMBL3749639,Antioxidant activity assessed as DPPH radical scavenging activity after 30 mins by spectrophotometry analysis,P,BAO_0000100,small-molecule physicochemical format,,,,,,,,,CHEMBL2362975,No relevant target,,,CHEMBL3745668,1,,Bioorg Med Chem,2016,,,,,16.0,,16000.0,4.204,Alta
CHEMBL3747483,,,348.4,,2.99,,O=C(OC1C2CC3CC(C2)CC1C3)c1cc(N(O)C2CCCO2)on1,EC50,=,71000.0,nM,4.15,,,UO_0000065,,,,,,CHEMBL3749639,Antioxidant activity assessed as DPPH radical scavenging activity after 30 mins by spectrophotometry analysis,P,BAO_0000100,small-molecule physicochemical format,,,,,,,,,CHEMBL2362975,No relevant target,,,CHEMBL3745668,1,,Bioorg Med Chem,2016,,,,,71.0,,71000.0,4.851,Media
CHEMBL3746867,,,376.45,,3.77,,O=C(OCCC12CC3CC(CC(C3)C1)C2)c1cc(N(O)C2CCCO2)on1,EC50,=,21000.0,nM,4.68,,,UO_0000065,,,,,,CHEMBL3749639,Antioxidant activity assessed as DPPH radical scavenging activity after 30 mins by spectrophotometry analysis,P,BAO_0000100,small-molecule physicochemical format,,,,,,,,,CHEMBL2362975,No relevant target,,,CHEMBL3745668,1,,Bioorg Med Chem,2016,,,,,21.0,,21000.0,4.322,Alta
CHEMBL3746578,,,392.45,,3.15,,O=C(OCCOC12CC3CC(CC(C3)C1)C2)c1cc(N(O)C2CCCO2)on1,EC50,>,100000.0,nM,,,,UO_0000065,,,,,,CHEMBL3749639,Antioxidant activity assessed as DPPH radical scavenging activity after 30 mins by spectrophotometry analysis,P,BAO_0000100,small-molecule physicochemical format,,,,,,,,,CHEMBL2362975,No relevant target,,,CHEMBL3745668,1,,Bioorg Med Chem,2016,,,,,100.0,,100000.0,5.0,Media
CHEMBL3747650,,,434.49,,3.45,,CC(C)OC(=O)C12CC3CC(CC(OC(=O)c4cc(N(O)C5CCCO5)on4)(C3)C1)C2,EC50,>,100000.0,nM,,,,UO_0000065,,,,,,CHEMBL3749639,Antioxidant activity assessed as DPPH radical scavenging activity after 30 mins by spectrophotometry analysis,P,BAO_0000100,small-molecule physicochemical format,,,,,,,,,CHEMBL2362975,No relevant target,,,CHEMBL3745668,1,,Bioorg Med Chem,2016,,,,,100.0,,100000.0,5.0,Media
CHEMBL3746445,,,438.52,,4.83,,O=C(OCc1ccc(C23CC4CC(CC(C4)C2)C3)cc1)c1cc(N(O)C2CCCO2)on1,EC50,>,100000.0,nM,,,,UO_0000065,,,,,,CHEMBL3749639,Antioxidant activity assessed as DPPH radical scavenging activity after 30 mins by spectrophotometry analysis,P,BAO_0000100,small-molecule physicochemical format,,,,,,,,,CHEMBL2362975,No relevant target,,,CHEMBL3745668,1,,Bioorg Med Chem,2016,,,,,100.0,,100000.0,5.0,Media
CHEMBL3746105,,,376.45,,3.91,,CC12CC3CC(C)(C1)CC(OC(=O)c1cc(N(O)C4CCCO4)on1)(C3)C2,EC50,=,38000.0,nM,4.42,,,UO_0000065,,,,,,CHEMBL3749639,Antioxidant activity assessed as DPPH radical scavenging activity after 30 mins by spectrophotometry analysis,P,BAO_0000100,small-molecule physicochemical format,,,,,,,,,CHEMBL2362975,No relevant target,,,CHEMBL3745668,1,,Bioorg Med Chem,2016,,,,,38.0,,38000.0,4.58,Media
CHEMBL3746662,,,362.43,,3.38,,O=C(OCC12CC3CC(CC(C3)C1)C2)c1cc(N(O)C2CCCO2)on1,EC50,=,70000.0,nM,4.16,,,UO_0000065,,,,,,CHEMBL3749639,Antioxidant activity assessed as DPPH radical scavenging activity after 30 mins by spectrophotometry analysis,P,BAO_0000100,small-molecule physicochemical format,,,,,,,,,CHEMBL2362975,No relevant target,,,CHEMBL3745668,1,,Bioorg Med Chem,2016,,,,,70.0,,70000.0,4.845,Media
CHEMBL1743359,,,236.3,,2.73,,C[C@H](c1cc2ccccc2s1)N(O)C(N)=O,EC50,=,14000.0,nM,4.85,,,UO_0000065,,,,,,CHEMBL3749639,Antioxidant activity assessed as DPPH radical scavenging activity after 30 mins by spectrophotometry analysis,P,BAO_0000100,small-molecule physicochemical format,,,,,,,,,CHEMBL2362975,No relevant target,,,CHEMBL3745668,1,,Bioorg Med Chem,2016,,,,,14.0,,14000.0,4.146,Alta
CHEMBL2151784,,,403.48,,3.77,,O=C(/C=C/c1ccc(O)c(O)c1)NCCNc1c2c(nc3ccccc13)CCCC2,EC50,=,12300.0,nM,4.91,,,UO_0000065,,,,,,CHEMBL3773778,Antioxidant activity assessed as DPPH radical scavenging activity after 30 mins,P,BAO_0000100,small-molecule physicochemical format,,,,,,,,,CHEMBL2362975,No relevant target,,,CHEMBL3769323,1,,Medchemcomm,2015,,,,,12.3,,12300.0,4.09,Alta
CHEMBL2151785,,,417.51,,4.16,,O=C(/C=C/c1ccc(O)c(O)c1)NCCCNc1c2c(nc3ccccc13)CCCC2,EC50,=,11300.0,nM,4.95,,,UO_0000065,,,,,,CHEMBL3773778,Antioxidant activity assessed as DPPH radical scavenging activity after 30 mins,P,BAO_0000100,small-molecule physicochemical format,,,,,,,,,CHEMBL2362975,No relevant target,,,CHEMBL3769323,1,,Medchemcomm,2015,,,,,11.3,,11300.0,4.053,Alta
CHEMBL3770556,,,429.52,,4.32,,O=C(/C=C/C=C/c1ccc(O)c(O)c1)NCCNc1c2c(nc3ccccc13)CCCC2,EC50,=,9500.0,nM,5.02,,,UO_0000065,,,,,,CHEMBL3773778,Antioxidant activity assessed as DPPH radical scavenging activity after 30 mins,P,BAO_0000100,small-molecule physicochemical format,,,,,,,,,CHEMBL2362975,No relevant target,,,CHEMBL3769323,1,,Medchemcomm,2015,,,,,9.5,,9500.0,3.978,Alta
CHEMBL3770754,,,443.55,,4.71,,O=C(/C=C/C=C/c1ccc(O)c(O)c1)NCCCNc1c2c(nc3ccccc13)CCCC2,EC50,=,9100.0,nM,5.04,,,UO_0000065,,,,,,CHEMBL3773778,Antioxidant activity assessed as DPPH radical scavenging activity after 30 mins,P,BAO_0000100,small-molecule physicochemical format,,,,,,,,,CHEMBL2362975,No relevant target,,,CHEMBL3769323,1,,Medchemcomm,2015,,,,,9.1,,9100.0,3.959,Alta
CHEMBL3785660,,,626.69,,0.81,,CC1(C)N([O])C(c2ccc(OCC(=O)N[C@@H](Cc3ccc(O)cc3)C(=O)N[C@@H](CCCNC(=N)N)C(=O)O)cc2)=[N+]([O-])C1(C)C,EC50,=,8100.0,nM,5.09,,,UO_0000065,,,,,,CHEMBL3788084,Antioxidant activity in sodium nitroprusside-stimulated rat PC12 cells assessed as NO radical scavenging activity measured as cell survival preincubated with compound for 1 hr followed by addition of sodium nitroprusside for 2 measured after 14 hrs by MTT assay,F,BAO_0000219,cell-based format,,,,,,,,,CHEMBL3879801,NON-PROTEIN TARGET,,,CHEMBL3784981,1,,Bioorg Med Chem Lett,2016,,,,,8.1,,8100.0,3.908,Alta
CHEMBL3787602,,,626.69,,0.81,,CC1(C)N([O])C(c2ccc(OCC(=O)N[C@@H](CCCNC(=N)N)C(=O)N[C@@H](Cc3ccc(O)cc3)C(=O)O)cc2)=[N+]([O-])C1(C)C,EC50,=,8100.0,nM,5.09,,,UO_0000065,,,,,,CHEMBL3788084,Antioxidant activity in sodium nitroprusside-stimulated rat PC12 cells assessed as NO radical scavenging activity measured as cell survival preincubated with compound for 1 hr followed by addition of sodium nitroprusside for 2 measured after 14 hrs by MTT assay,F,BAO_0000219,cell-based format,,,,,,,,,CHEMBL3879801,NON-PROTEIN TARGET,,,CHEMBL3784981,1,,Bioorg Med Chem Lett,2016,,,,,8.1,,8100.0,3.908,Alta
CHEMBL3786709,,,640.72,,1.11,,Cc1cc(C[C@H](NC(=O)COc2ccc(C3=[N+]([O-])C(C)(C)C(C)(C)N3[O])cc2)C(=O)N[C@@H](CCCNC(=N)N)C(=O)O)ccc1O,EC50,=,8100.0,nM,5.09,,,UO_0000065,,,,,,CHEMBL3788084,Antioxidant activity in sodium nitroprusside-stimulated rat PC12 cells assessed as NO radical scavenging activity measured as cell survival preincubated with compound for 1 hr followed by addition of sodium nitroprusside for 2 measured after 14 hrs by MTT assay,F,BAO_0000219,cell-based format,,,,,,,,,CHEMBL3879801,NON-PROTEIN TARGET,,,CHEMBL3784981,1,,Bioorg Med Chem Lett,2016,,,,,8.1,,8100.0,3.908,Alta
CHEMBL3785929,,,656.72,,0.3,,CC1(C)N([O])C(c2ccc(OCC(=O)N[C@@H](Cc3ccc(O)c(CO)c3)C(=O)N[C@@H](CCCNC(=N)N)C(=O)O)cc2)=[N+]([O-])C1(C)C,EC50,=,8100.0,nM,5.09,,,UO_0000065,,,,,,CHEMBL3788084,Antioxidant activity in sodium nitroprusside-stimulated rat PC12 cells assessed as NO radical scavenging activity measured as cell survival preincubated with compound for 1 hr followed by addition of sodium nitroprusside for 2 measured after 14 hrs by MTT assay,F,BAO_0000219,cell-based format,,,,,,,,,CHEMBL3879801,NON-PROTEIN TARGET,,,CHEMBL3784981,1,,Bioorg Med Chem Lett,2016,,,,,8.1,,8100.0,3.908,Alta
CHEMBL3786794,,,656.72,,0.81,,COc1cc(O)ccc1C[C@H](NC(=O)COc1ccc(C2=[N+]([O-])C(C)(C)C(C)(C)N2[O])cc1)C(=O)N[C@@H](CCCNC(=N)N)C(=O)O,EC50,=,8100.0,nM,5.09,,,UO_0000065,,,,,,CHEMBL3788084,Antioxidant activity in sodium nitroprusside-stimulated rat PC12 cells assessed as NO radical scavenging activity measured as cell survival preincubated with compound for 1 hr followed by addition of sodium nitroprusside for 2 measured after 14 hrs by MTT assay,F,BAO_0000219,cell-based format,,,,,,,,,CHEMBL3879801,NON-PROTEIN TARGET,,,CHEMBL3784981,1,,Bioorg Med Chem Lett,2016,,,,,8.1,,8100.0,3.908,Alta
CHEMBL3785870,,,654.75,,1.37,,CCc1cc(O)ccc1C[C@H](NC(=O)COc1ccc(C2=[N+]([O-])C(C)(C)C(C)(C)N2[O])cc1)C(=O)N[C@@H](CCCNC(=N)N)C(=O)O,EC50,=,8100.0,nM,5.09,,,UO_0000065,,,,,,CHEMBL3788084,Antioxidant activity in sodium nitroprusside-stimulated rat PC12 cells assessed as NO radical scavenging activity measured as cell survival preincubated with compound for 1 hr followed by addition of sodium nitroprusside for 2 measured after 14 hrs by MTT assay,F,BAO_0000219,cell-based format,,,,,,,,,CHEMBL3879801,NON-PROTEIN TARGET,,,CHEMBL3784981,1,,Bioorg Med Chem Lett,2016,,,,,8.1,,8100.0,3.908,Alta
CHEMBL3785834,,,598.68,,1.67,,CC1(C)N([O])C(c2ccc(OCC(=O)N[C@@H](Cc3ccc(O)cc3)C(=O)N[C@@H](CCCCN)C(=O)O)cc2)=[N+]([O-])C1(C)C,EC50,=,8100.0,nM,5.09,,,UO_0000065,,,,,,CHEMBL3788084,Antioxidant activity in sodium nitroprusside-stimulated rat PC12 cells assessed as NO radical scavenging activity measured as cell survival preincubated with compound for 1 hr followed by addition of sodium nitroprusside for 2 measured after 14 hrs by MTT assay,F,BAO_0000219,cell-based format,,,,,,,,,CHEMBL3879801,NON-PROTEIN TARGET,,,CHEMBL3784981,1,,Bioorg Med Chem Lett,2016,,,,,8.1,,8100.0,3.908,Alta
CHEMBL3786816,,,599.62,,1.41,,CC1(C)N([O])C(c2ccc(OCC(=O)N[C@@H](Cc3ccc(O)cc3)C(=O)N[C@@H](CCC(=O)O)C(=O)O)cc2)=[N+]([O-])C1(C)C,EC50,=,8100.0,nM,5.09,,,UO_0000065,,,,,,CHEMBL3788084,Antioxidant activity in sodium nitroprusside-stimulated rat PC12 cells assessed as NO radical scavenging activity measured as cell survival preincubated with compound for 1 hr followed by addition of sodium nitroprusside for 2 measured after 14 hrs by MTT assay,F,BAO_0000219,cell-based format,,,,,,,,,CHEMBL3879801,NON-PROTEIN TARGET,,,CHEMBL3784981,1,,Bioorg Med Chem Lett,2016,,,,,8.1,,8100.0,3.908,Alta
CHEMBL3786354,,,668.78,,-0.2,,CC1(C)N([O])C(c2ccc(OCC(=O)NCCNC(=O)[C@H](Cc3ccc(O)cc3)NC(=O)[C@@H](N)CCCNC(=N)N)cc2)=[N+]([O-])C1(C)C,EC50,=,19500.0,nM,4.71,,,UO_0000065,,,,,,CHEMBL3788084,Antioxidant activity in sodium nitroprusside-stimulated rat PC12 cells assessed as NO radical scavenging activity measured as cell survival preincubated with compound for 1 hr followed by addition of sodium nitroprusside for 2 measured after 14 hrs by MTT assay,F,BAO_0000219,cell-based format,,,,,,,,,CHEMBL3879801,NON-PROTEIN TARGET,,,CHEMBL3784981,1,,Bioorg Med Chem Lett,2016,,,,,19.5,,19500.0,4.29,Alta
CHEMBL3787168,,,682.8,,0.19,,CC1(C)N([O])C(c2ccc(OCC(=O)NCCCNC(=O)[C@H](Cc3ccc(O)cc3)NC(=O)[C@@H](N)CCCNC(=N)N)cc2)=[N+]([O-])C1(C)C,EC50,=,8100.0,nM,5.09,,,UO_0000065,,,,,,CHEMBL3788084,Antioxidant activity in sodium nitroprusside-stimulated rat PC12 cells assessed as NO radical scavenging activity measured as cell survival preincubated with compound for 1 hr followed by addition of sodium nitroprusside for 2 measured after 14 hrs by MTT assay,F,BAO_0000219,cell-based format,,,,,,,,,CHEMBL3879801,NON-PROTEIN TARGET,,,CHEMBL3784981,1,,Bioorg Med Chem Lett,2016,,,,,8.1,,8100.0,3.908,Alta
CHEMBL3785660,,,626.69,,0.81,,CC1(C)N([O])C(c2ccc(OCC(=O)N[C@@H](Cc3ccc(O)cc3)C(=O)N[C@@H](CCCNC(=N)N)C(=O)O)cc2)=[N+]([O-])C1(C)C,EC50,=,31300.0,nM,4.5,,,UO_0000065,,,,,,CHEMBL3790015,Antioxidant activity in rat PC12 cells assessed as H2O2 radical scavenging activity measured as cell survival preincubated with compound for 1 hr measured after 14 hrs by MTT assay,F,BAO_0000219,cell-based format,,,,,,,,,CHEMBL3879801,NON-PROTEIN TARGET,,,CHEMBL3784981,1,,Bioorg Med Chem Lett,2016,,,,,31.3,,31300.0,4.496,Media
CHEMBL3787602,,,626.69,,0.81,,CC1(C)N([O])C(c2ccc(OCC(=O)N[C@@H](CCCNC(=N)N)C(=O)N[C@@H](Cc3ccc(O)cc3)C(=O)O)cc2)=[N+]([O-])C1(C)C,EC50,=,31300.0,nM,4.5,,,UO_0000065,,,,,,CHEMBL3790015,Antioxidant activity in rat PC12 cells assessed as H2O2 radical scavenging activity measured as cell survival preincubated with compound for 1 hr measured after 14 hrs by MTT assay,F,BAO_0000219,cell-based format,,,,,,,,,CHEMBL3879801,NON-PROTEIN TARGET,,,CHEMBL3784981,1,,Bioorg Med Chem Lett,2016,,,,,31.3,,31300.0,4.496,Media
CHEMBL3786709,,,640.72,,1.11,,Cc1cc(C[C@H](NC(=O)COc2ccc(C3=[N+]([O-])C(C)(C)C(C)(C)N3[O])cc2)C(=O)N[C@@H](CCCNC(=N)N)C(=O)O)ccc1O,EC50,=,31300.0,nM,4.5,,,UO_0000065,,,,,,CHEMBL3790015,Antioxidant activity in rat PC12 cells assessed as H2O2 radical scavenging activity measured as cell survival preincubated with compound for 1 hr measured after 14 hrs by MTT assay,F,BAO_0000219,cell-based format,,,,,,,,,CHEMBL3879801,NON-PROTEIN TARGET,,,CHEMBL3784981,1,,Bioorg Med Chem Lett,2016,,,,,31.3,,31300.0,4.496,Media
CHEMBL3785929,,,656.72,,0.3,,CC1(C)N([O])C(c2ccc(OCC(=O)N[C@@H](Cc3ccc(O)c(CO)c3)C(=O)N[C@@H](CCCNC(=N)N)C(=O)O)cc2)=[N+]([O-])C1(C)C,EC50,=,31300.0,nM,4.5,,,UO_0000065,,,,,,CHEMBL3790015,Antioxidant activity in rat PC12 cells assessed as H2O2 radical scavenging activity measured as cell survival preincubated with compound for 1 hr measured after 14 hrs by MTT assay,F,BAO_0000219,cell-based format,,,,,,,,,CHEMBL3879801,NON-PROTEIN TARGET,,,CHEMBL3784981,1,,Bioorg Med Chem Lett,2016,,,,,31.3,,31300.0,4.496,Media
CHEMBL3787168,,,682.8,,0.19,,CC1(C)N([O])C(c2ccc(OCC(=O)NCCCNC(=O)[C@H](Cc3ccc(O)cc3)NC(=O)[C@@H](N)CCCNC(=N)N)cc2)=[N+]([O-])C1(C)C,EC50,=,31300.0,nM,4.5,,,UO_0000065,,,,,,CHEMBL3790015,Antioxidant activity in rat PC12 cells assessed as H2O2 radical scavenging activity measured as cell survival preincubated with compound for 1 hr measured after 14 hrs by MTT assay,F,BAO_0000219,cell-based format,,,,,,,,,CHEMBL3879801,NON-PROTEIN TARGET,,,CHEMBL3784981,1,,Bioorg Med Chem Lett,2016,,,,,31.3,,31300.0,4.496,Media
CHEMBL3786354,,,668.78,,-0.2,,CC1(C)N([O])C(c2ccc(OCC(=O)NCCNC(=O)[C@H](Cc3ccc(O)cc3)NC(=O)[C@@H](N)CCCNC(=N)N)cc2)=[N+]([O-])C1(C)C,EC50,=,32500.0,nM,4.49,,,UO_0000065,,,,,,CHEMBL3790015,Antioxidant activity in rat PC12 cells assessed as H2O2 radical scavenging activity measured as cell survival preincubated with compound for 1 hr measured after 14 hrs by MTT assay,F,BAO_0000219,cell-based format,,,,,,,,,CHEMBL3879801,NON-PROTEIN TARGET,,,CHEMBL3784981,1,,Bioorg Med Chem Lett,2016,,,,,32.5,,32500.0,4.512,Media
CHEMBL3786816,,,599.62,,1.41,,CC1(C)N([O])C(c2ccc(OCC(=O)N[C@@H](Cc3ccc(O)cc3)C(=O)N[C@@H](CCC(=O)O)C(=O)O)cc2)=[N+]([O-])C1(C)C,EC50,=,31300.0,nM,4.5,,,UO_0000065,,,,,,CHEMBL3790015,Antioxidant activity in rat PC12 cells assessed as H2O2 radical scavenging activity measured as cell survival preincubated with compound for 1 hr measured after 14 hrs by MTT assay,F,BAO_0000219,cell-based format,,,,,,,,,CHEMBL3879801,NON-PROTEIN TARGET,,,CHEMBL3784981,1,,Bioorg Med Chem Lett,2016,,,,,31.3,,31300.0,4.496,Media
CHEMBL3785834,,,598.68,,1.67,,CC1(C)N([O])C(c2ccc(OCC(=O)N[C@@H](Cc3ccc(O)cc3)C(=O)N[C@@H](CCCCN)C(=O)O)cc2)=[N+]([O-])C1(C)C,EC50,=,31300.0,nM,4.5,,,UO_0000065,,,,,,CHEMBL3790015,Antioxidant activity in rat PC12 cells assessed as H2O2 radical scavenging activity measured as cell survival preincubated with compound for 1 hr measured after 14 hrs by MTT assay,F,BAO_0000219,cell-based format,,,,,,,,,CHEMBL3879801,NON-PROTEIN TARGET,,,CHEMBL3784981,1,,Bioorg Med Chem Lett,2016,,,,,31.3,,31300.0,4.496,Media
CHEMBL3785870,,,654.75,,1.37,,CCc1cc(O)ccc1C[C@H](NC(=O)COc1ccc(C2=[N+]([O-])C(C)(C)C(C)(C)N2[O])cc1)C(=O)N[C@@H](CCCNC(=N)N)C(=O)O,EC50,=,31300.0,nM,4.5,,,UO_0000065,,,,,,CHEMBL3790015,Antioxidant activity in rat PC12 cells assessed as H2O2 radical scavenging activity measured as cell survival preincubated with compound for 1 hr measured after 14 hrs by MTT assay,F,BAO_0000219,cell-based format,,,,,,,,,CHEMBL3879801,NON-PROTEIN TARGET,,,CHEMBL3784981,1,,Bioorg Med Chem Lett,2016,,,,,31.3,,31300.0,4.496,Media
CHEMBL3786794,,,656.72,,0.81,,COc1cc(O)ccc1C[C@H](NC(=O)COc1ccc(C2=[N+]([O-])C(C)(C)C(C)(C)N2[O])cc1)C(=O)N[C@@H](CCCNC(=N)N)C(=O)O,EC50,=,31300.0,nM,4.5,,,UO_0000065,,,,,,CHEMBL3790015,Antioxidant activity in rat PC12 cells assessed as H2O2 radical scavenging activity measured as cell survival preincubated with compound for 1 hr measured after 14 hrs by MTT assay,F,BAO_0000219,cell-based format,,,,,,,,,CHEMBL3879801,NON-PROTEIN TARGET,,,CHEMBL3784981,1,,Bioorg Med Chem Lett,2016,,,,,31.3,,31300.0,4.496,Media
CHEMBL3785660,,,626.69,,0.81,,CC1(C)N([O])C(c2ccc(OCC(=O)N[C@@H](Cc3ccc(O)cc3)C(=O)N[C@@H](CCCNC(=N)N)C(=O)O)cc2)=[N+]([O-])C1(C)C,EC50,=,22700.0,nM,4.64,,,UO_0000065,,,,,,CHEMBL3790016,Antioxidant activity in H2O2/Fe(II)-stimulated rat PC12 cells assessed as OH radical scavenging activity measured by cell survival preincubated with compound for 1 hr measured after 14 hrs by MTT assay,F,BAO_0000219,cell-based format,,,,,,,,,CHEMBL3879801,NON-PROTEIN TARGET,,,CHEMBL3784981,1,,Bioorg Med Chem Lett,2016,,,,,22.7,,22700.0,4.356,Alta
CHEMBL3787602,,,626.69,,0.81,,CC1(C)N([O])C(c2ccc(OCC(=O)N[C@@H](CCCNC(=N)N)C(=O)N[C@@H](Cc3ccc(O)cc3)C(=O)O)cc2)=[N+]([O-])C1(C)C,EC50,=,22700.0,nM,4.64,,,UO_0000065,,,,,,CHEMBL3790016,Antioxidant activity in H2O2/Fe(II)-stimulated rat PC12 cells assessed as OH radical scavenging activity measured by cell survival preincubated with compound for 1 hr measured after 14 hrs by MTT assay,F,BAO_0000219,cell-based format,,,,,,,,,CHEMBL3879801,NON-PROTEIN TARGET,,,CHEMBL3784981,1,,Bioorg Med Chem Lett,2016,,,,,22.7,,22700.0,4.356,Alta
CHEMBL3786709,,,640.72,,1.11,,Cc1cc(C[C@H](NC(=O)COc2ccc(C3=[N+]([O-])C(C)(C)C(C)(C)N3[O])cc2)C(=O)N[C@@H](CCCNC(=N)N)C(=O)O)ccc1O,EC50,=,22700.0,nM,4.64,,,UO_0000065,,,,,,CHEMBL3790016,Antioxidant activity in H2O2/Fe(II)-stimulated rat PC12 cells assessed as OH radical scavenging activity measured by cell survival preincubated with compound for 1 hr measured after 14 hrs by MTT assay,F,BAO_0000219,cell-based format,,,,,,,,,CHEMBL3879801,NON-PROTEIN TARGET,,,CHEMBL3784981,1,,Bioorg Med Chem Lett,2016,,,,,22.7,,22700.0,4.356,Alta
CHEMBL3785929,,,656.72,,0.3,,CC1(C)N([O])C(c2ccc(OCC(=O)N[C@@H](Cc3ccc(O)c(CO)c3)C(=O)N[C@@H](CCCNC(=N)N)C(=O)O)cc2)=[N+]([O-])C1(C)C,EC50,=,22700.0,nM,4.64,,,UO_0000065,,,,,,CHEMBL3790016,Antioxidant activity in H2O2/Fe(II)-stimulated rat PC12 cells assessed as OH radical scavenging activity measured by cell survival preincubated with compound for 1 hr measured after 14 hrs by MTT assay,F,BAO_0000219,cell-based format,,,,,,,,,CHEMBL3879801,NON-PROTEIN TARGET,,,CHEMBL3784981,1,,Bioorg Med Chem Lett,2016,,,,,22.7,,22700.0,4.356,Alta
CHEMBL3786794,,,656.72,,0.81,,COc1cc(O)ccc1C[C@H](NC(=O)COc1ccc(C2=[N+]([O-])C(C)(C)C(C)(C)N2[O])cc1)C(=O)N[C@@H](CCCNC(=N)N)C(=O)O,EC50,=,22700.0,nM,4.64,,,UO_0000065,,,,,,CHEMBL3790016,Antioxidant activity in H2O2/Fe(II)-stimulated rat PC12 cells assessed as OH radical scavenging activity measured by cell survival preincubated with compound for 1 hr measured after 14 hrs by MTT assay,F,BAO_0000219,cell-based format,,,,,,,,,CHEMBL3879801,NON-PROTEIN TARGET,,,CHEMBL3784981,1,,Bioorg Med Chem Lett,2016,,,,,22.7,,22700.0,4.356,Alta
CHEMBL3785870,,,654.75,,1.37,,CCc1cc(O)ccc1C[C@H](NC(=O)COc1ccc(C2=[N+]([O-])C(C)(C)C(C)(C)N2[O])cc1)C(=O)N[C@@H](CCCNC(=N)N)C(=O)O,EC50,=,22700.0,nM,4.64,,,UO_0000065,,,,,,CHEMBL3790016,Antioxidant activity in H2O2/Fe(II)-stimulated rat PC12 cells assessed as OH radical scavenging activity measured by cell survival preincubated with compound for 1 hr measured after 14 hrs by MTT assay,F,BAO_0000219,cell-based format,,,,,,,,,CHEMBL3879801,NON-PROTEIN TARGET,,,CHEMBL3784981,1,,Bioorg Med Chem Lett,2016,,,,,22.7,,22700.0,4.356,Alta
CHEMBL3785834,,,598.68,,1.67,,CC1(C)N([O])C(c2ccc(OCC(=O)N[C@@H](Cc3ccc(O)cc3)C(=O)N[C@@H](CCCCN)C(=O)O)cc2)=[N+]([O-])C1(C)C,EC50,=,22700.0,nM,4.64,,,UO_0000065,,,,,,CHEMBL3790016,Antioxidant activity in H2O2/Fe(II)-stimulated rat PC12 cells assessed as OH radical scavenging activity measured by cell survival preincubated with compound for 1 hr measured after 14 hrs by MTT assay,F,BAO_0000219,cell-based format,,,,,,,,,CHEMBL3879801,NON-PROTEIN TARGET,,,CHEMBL3784981,1,,Bioorg Med Chem Lett,2016,,,,,22.7,,22700.0,4.356,Alta
CHEMBL3786816,,,599.62,,1.41,,CC1(C)N([O])C(c2ccc(OCC(=O)N[C@@H](Cc3ccc(O)cc3)C(=O)N[C@@H](CCC(=O)O)C(=O)O)cc2)=[N+]([O-])C1(C)C,EC50,=,22700.0,nM,4.64,,,UO_0000065,,,,,,CHEMBL3790016,Antioxidant activity in H2O2/Fe(II)-stimulated rat PC12 cells assessed as OH radical scavenging activity measured by cell survival preincubated with compound for 1 hr measured after 14 hrs by MTT assay,F,BAO_0000219,cell-based format,,,,,,,,,CHEMBL3879801,NON-PROTEIN TARGET,,,CHEMBL3784981,1,,Bioorg Med Chem Lett,2016,,,,,22.7,,22700.0,4.356,Alta
CHEMBL3786354,,,668.78,,-0.2,,CC1(C)N([O])C(c2ccc(OCC(=O)NCCNC(=O)[C@H](Cc3ccc(O)cc3)NC(=O)[C@@H](N)CCCNC(=N)N)cc2)=[N+]([O-])C1(C)C,EC50,=,33900.0,nM,4.47,,,UO_0000065,,,,,,CHEMBL3790016,Antioxidant activity in H2O2/Fe(II)-stimulated rat PC12 cells assessed as OH radical scavenging activity measured by cell survival preincubated with compound for 1 hr measured after 14 hrs by MTT assay,F,BAO_0000219,cell-based format,,,,,,,,,CHEMBL3879801,NON-PROTEIN TARGET,,,CHEMBL3784981,1,,Bioorg Med Chem Lett,2016,,,,,33.9,,33900.0,4.53,Media
CHEMBL3787168,,,682.8,,0.19,,CC1(C)N([O])C(c2ccc(OCC(=O)NCCCNC(=O)[C@H](Cc3ccc(O)cc3)NC(=O)[C@@H](N)CCCNC(=N)N)cc2)=[N+]([O-])C1(C)C,EC50,=,22700.0,nM,4.64,,,UO_0000065,,,,,,CHEMBL3790016,Antioxidant activity in H2O2/Fe(II)-stimulated rat PC12 cells assessed as OH radical scavenging activity measured by cell survival preincubated with compound for 1 hr measured after 14 hrs by MTT assay,F,BAO_0000219,cell-based format,,,,,,,,,CHEMBL3879801,NON-PROTEIN TARGET,,,CHEMBL3784981,1,,Bioorg Med Chem Lett,2016,,,,,22.7,,22700.0,4.356,Alta
CHEMBL140,,,368.39,,3.37,,COc1cc(/C=C/C(=O)CC(=O)/C=C/c2ccc(O)c(OC)c2)ccc1O,EC50,=,19200.0,nM,4.72,,,UO_0000065,,,,,,CHEMBL3795350,Antioxidant activity assessed as DPPH radical scavenging activity after 30 mins by microplate reader method,P,BAO_0000100,small-molecule physicochemical format,,,,,,,,,CHEMBL2362975,No relevant target,,,CHEMBL3792340,1,,Eur J Med Chem,2016,,,,,19.2,,19200.0,4.283,Alta
CHEMBL153,TROLOX,,250.29,,2.49,,Cc1c(C)c2c(c(C)c1O)CCC(C)(C(=O)O)O2,EC50,=,18200.0,nM,4.74,,,UO_0000065,,,,,,CHEMBL3795350,Antioxidant activity assessed as DPPH radical scavenging activity after 30 mins by microplate reader method,P,BAO_0000100,small-molecule physicochemical format,,,,,,,,,CHEMBL2362975,No relevant target,,,CHEMBL3792340,1,,Eur J Med Chem,2016,,,,,18.2,,18200.0,4.26,Alta
CHEMBL32749,FERULATE,,194.19,,1.5,,COc1cc(/C=C/C(=O)O)ccc1O,EC50,=,43200.0,nM,4.37,,,UO_0000065,,,,,,CHEMBL3795350,Antioxidant activity assessed as DPPH radical scavenging activity after 30 mins by microplate reader method,P,BAO_0000100,small-molecule physicochemical format,,,,,,,,,CHEMBL2362975,No relevant target,,,CHEMBL3792340,1,,Eur J Med Chem,2016,,,,,43.2,,43200.0,4.635,Media
CHEMBL3793694,,,633.74,,9.1,,COc1cc(C2/C(=C\c3ccc(OCc4ccccc4)c(OCc4ccccc4)c3)C(=O)c3cccn32)ccc1OCc1ccccc1,EC50,>,250000.0,nM,,Outside typical range,,UO_0000065,,,,,,CHEMBL3795350,Antioxidant activity assessed as DPPH radical scavenging activity after 30 mins by microplate reader method,P,BAO_0000100,small-molecule physicochemical format,,,,,,,,,CHEMBL2362975,No relevant target,,,CHEMBL3792340,1,,Eur J Med Chem,2016,,,,,250.0,,250000.0,5.398,Baja
CHEMBL3794066,,,317.34,,3.77,,O=C1/C(=C/c2ccc(O)c(O)c2)C(c2ccccc2)n2cccc21,EC50,=,12600.0,nM,4.9,,,UO_0000065,,,,,,CHEMBL3795350,Antioxidant activity assessed as DPPH radical scavenging activity after 30 mins by microplate reader method,P,BAO_0000100,small-molecule physicochemical format,,,,,,,,,CHEMBL2362975,No relevant target,,,CHEMBL3792340,1,,Eur J Med Chem,2016,,,,,12.6,,12600.0,4.1,Alta
CHEMBL3792740,,,331.37,,4.07,,COc1cc(/C=C2/C(=O)c3cccn3C2c2ccccc2)ccc1O,EC50,>,250000.0,nM,,Outside typical range,,UO_0000065,,,,,,CHEMBL3795350,Antioxidant activity assessed as DPPH radical scavenging activity after 30 mins by microplate reader method,P,BAO_0000100,small-molecule physicochemical format,,,,,,,,,CHEMBL2362975,No relevant target,,,CHEMBL3792340,1,,Eur J Med Chem,2016,,,,,250.0,,250000.0,5.398,Baja
CHEMBL3793919,,,363.37,,3.48,,COc1ccc(C2/C(=C\c3ccc(O)c(O)c3)C(=O)c3cccn32)cc1O,EC50,=,12800.0,nM,4.89,,,UO_0000065,,,,,,CHEMBL3795350,Antioxidant activity assessed as DPPH radical scavenging activity after 30 mins by microplate reader method,P,BAO_0000100,small-molecule physicochemical format,,,,,,,,,CHEMBL2362975,No relevant target,,,CHEMBL3792340,1,,Eur J Med Chem,2016,,,,,12.8,,12800.0,4.107,Alta
CHEMBL3793444,,,377.4,,3.79,,COc1ccc(/C=C2/C(=O)c3cccn3C2c2ccc(OC)c(O)c2)cc1O,EC50,>,250000.0,nM,,Outside typical range,,UO_0000065,,,,,,CHEMBL3795350,Antioxidant activity assessed as DPPH radical scavenging activity after 30 mins by microplate reader method,P,BAO_0000100,small-molecule physicochemical format,,,,,,,,,CHEMBL2362975,No relevant target,,,CHEMBL3792340,1,,Eur J Med Chem,2016,,,,,250.0,,250000.0,5.398,Baja
CHEMBL3792543,,,377.4,,3.79,,COc1ccc(C2/C(=C\c3ccc(O)c(OC)c3)C(=O)c3cccn32)cc1O,EC50,=,99500.0,nM,4.0,,,UO_0000065,,,,,,CHEMBL3795350,Antioxidant activity assessed as DPPH radical scavenging activity after 30 mins by microplate reader method,P,BAO_0000100,small-molecule physicochemical format,,,,,,,,,CHEMBL2362975,No relevant target,,,CHEMBL3792340,1,,Eur J Med Chem,2016,,,,,99.5,,99500.0,4.998,Media
CHEMBL3792514,,,363.37,,3.48,,COc1cc(C2/C(=C\c3ccc(O)c(O)c3)C(=O)c3cccn32)ccc1O,EC50,=,12000.0,nM,4.92,,,UO_0000065,,,,,,CHEMBL3795350,Antioxidant activity assessed as DPPH radical scavenging activity after 30 mins by microplate reader method,P,BAO_0000100,small-molecule physicochemical format,,,,,,,,,CHEMBL2362975,No relevant target,,,CHEMBL3792340,1,,Eur J Med Chem,2016,,,,,12.0,,12000.0,4.079,Alta
CHEMBL3793743,,,377.4,,3.79,,COc1ccc(/C=C2/C(=O)c3cccn3C2c2ccc(O)c(OC)c2)cc1O,EC50,>,250000.0,nM,,Outside typical range,,UO_0000065,,,,,,CHEMBL3795350,Antioxidant activity assessed as DPPH radical scavenging activity after 30 mins by microplate reader method,P,BAO_0000100,small-molecule physicochemical format,,,,,,,,,CHEMBL2362975,No relevant target,,,CHEMBL3792340,1,,Eur J Med Chem,2016,,,,,250.0,,250000.0,5.398,Baja
CHEMBL3793926,,,377.4,,3.79,,COc1cc(/C=C2/C(=O)c3cccn3C2c2ccc(O)c(OC)c2)ccc1O,EC50,=,101300.0,nM,,Outside typical range,,UO_0000065,,,,,,CHEMBL3795350,Antioxidant activity assessed as DPPH radical scavenging activity after 30 mins by microplate reader method,P,BAO_0000100,small-molecule physicochemical format,,,,,,,,,CHEMBL2362975,No relevant target,,,CHEMBL3792340,1,,Eur J Med Chem,2016,,,,,101.3,,101300.0,5.006,Media
CHEMBL3793963,,,391.42,,4.09,,COc1ccc(/C=C2/C(=O)c3cccn3C2c2ccc(O)c(OC)c2)c(OC)c1,EC50,>,250000.0,nM,,Outside typical range,,UO_0000065,,,,,,CHEMBL3795350,Antioxidant activity assessed as DPPH radical scavenging activity after 30 mins by microplate reader method,P,BAO_0000100,small-molecule physicochemical format,,,,,,,,,CHEMBL2362975,No relevant target,,,CHEMBL3792340,1,,Eur J Med Chem,2016,,,,,250.0,,250000.0,5.398,Baja
CHEMBL3792595,,,421.45,,4.1,,COc1cc(C2/C(=C\c3cc(OC)c(OC)c(OC)c3)C(=O)c3cccn32)ccc1O,EC50,>,250000.0,nM,,Outside typical range,,UO_0000065,,,,,,CHEMBL3795350,Antioxidant activity assessed as DPPH radical scavenging activity after 30 mins by microplate reader method,P,BAO_0000100,small-molecule physicochemical format,,,,,,,,,CHEMBL2362975,No relevant target,,,CHEMBL3792340,1,,Eur J Med Chem,2016,,,,,250.0,,250000.0,5.398,Baja
CHEMBL3793449,,,407.42,,3.79,,COc1cc(C2/C(=C\c3cc(OC)c(O)c(OC)c3)C(=O)c3cccn32)ccc1O,EC50,=,246000.0,nM,,Outside typical range,,UO_0000065,,,,,,CHEMBL3795350,Antioxidant activity assessed as DPPH radical scavenging activity after 30 mins by microplate reader method,P,BAO_0000100,small-molecule physicochemical format,,,,,,,,,CHEMBL2362975,No relevant target,,,CHEMBL3792340,1,,Eur J Med Chem,2016,,,,,246.0,,246000.0,5.391,Baja
CHEMBL3793566,,,349.34,,3.18,,O=C1/C(=C/c2ccc(O)c(O)c2)C(c2ccc(O)c(O)c2)n2cccc21,EC50,=,9600.0,nM,5.02,,,UO_0000065,,,,,,CHEMBL3795350,Antioxidant activity assessed as DPPH radical scavenging activity after 30 mins by microplate reader method,P,BAO_0000100,small-molecule physicochemical format,,,,,,,,,CHEMBL2362975,No relevant target,,,CHEMBL3792340,1,,Eur J Med Chem,2016,,,,,9.6,,9600.0,3.982,Alta
CHEMBL3827366,,,850.97,,1.63,,COc1cc(/C=C/C(=O)CC(=O)/C=C/c2ccc(OCC(=O)N[C@@H](CCCCNC(=O)[C@H](CCCCN)NC(=O)[C@H](C)NC(=O)[C@H]3CCNC3)C(=O)O)c(OC)c2)ccc1O,EC50,=,42100.0,nM,4.38,,,UO_0000065,,,,,,CHEMBL3829458,Antioxidant activity in rat PC12 cells assessed as scavenging of SNAP-induced NO radical by measuring increase in cell survival preincubated for 1 hr followed by SNAP addition measured after 2 hrs by MTT assay,F,BAO_0000219,cell-based format,,,,,,,,,CHEMBL3879801,NON-PROTEIN TARGET,,,CHEMBL3826963,1,,Bioorg Med Chem Lett,2016,,,,,42.1,,42100.0,4.624,Media
CHEMBL3827416,,,864.99,,1.93,,COc1ccc(/C=C/C(=O)CC(=O)/C=C/c2ccc(OCC(=O)N[C@@H](CCCCNC(=O)[C@H](CCCCN)NC(=O)[C@H](C)NC(=O)[C@H]3CCNC3)C(=O)O)c(OC)c2)cc1OC,EC50,=,61300.0,nM,4.21,,,UO_0000065,,,,,,CHEMBL3829458,Antioxidant activity in rat PC12 cells assessed as scavenging of SNAP-induced NO radical by measuring increase in cell survival preincubated for 1 hr followed by SNAP addition measured after 2 hrs by MTT assay,F,BAO_0000219,cell-based format,,,,,,,,,CHEMBL3879801,NON-PROTEIN TARGET,,,CHEMBL3826963,1,,Bioorg Med Chem Lett,2016,,,,,61.3,,61300.0,4.787,Media
CHEMBL3827366,,,850.97,,1.63,,COc1cc(/C=C/C(=O)CC(=O)/C=C/c2ccc(OCC(=O)N[C@@H](CCCCNC(=O)[C@H](CCCCN)NC(=O)[C@H](C)NC(=O)[C@H]3CCNC3)C(=O)O)c(OC)c2)ccc1O,EC50,=,25600.0,nM,4.59,,,UO_0000065,,,,,,CHEMBL3829460,Antioxidant activity in rat PC12 cells assessed as scavenging of H2O2/Fe2+ ion-induced hydroxyl radical by measuring increase in cell survival preincubated for 1 hr followed by H2O2/Fe2+ ion addition measured after 1 hr by MTT assay,F,BAO_0000219,cell-based format,,,,,,,,,CHEMBL3879801,NON-PROTEIN TARGET,,,CHEMBL3826963,1,,Bioorg Med Chem Lett,2016,,,,,25.6,,25600.0,4.408,Media
CHEMBL3827416,,,864.99,,1.93,,COc1ccc(/C=C/C(=O)CC(=O)/C=C/c2ccc(OCC(=O)N[C@@H](CCCCNC(=O)[C@H](CCCCN)NC(=O)[C@H](C)NC(=O)[C@H]3CCNC3)C(=O)O)c(OC)c2)cc1OC,EC50,=,31400.0,nM,4.5,,,UO_0000065,,,,,,CHEMBL3829460,Antioxidant activity in rat PC12 cells assessed as scavenging of H2O2/Fe2+ ion-induced hydroxyl radical by measuring increase in cell survival preincubated for 1 hr followed by H2O2/Fe2+ ion addition measured after 1 hr by MTT assay,F,BAO_0000219,cell-based format,,,,,,,,,CHEMBL3879801,NON-PROTEIN TARGET,,,CHEMBL3826963,1,,Bioorg Med Chem Lett,2016,,,,,31.4,,31400.0,4.497,Media
CHEMBL3827366,,,850.97,,1.63,,COc1cc(/C=C/C(=O)CC(=O)/C=C/c2ccc(OCC(=O)N[C@@H](CCCCNC(=O)[C@H](CCCCN)NC(=O)[C@H](C)NC(=O)[C@H]3CCNC3)C(=O)O)c(OC)c2)ccc1O,EC50,=,53800.0,nM,4.27,,,UO_0000065,,,,,,CHEMBL3829463,Antioxidant activity in rat PC12 cells assessed as scavenging of hypoxanthine/xanthine oxidase-induced O2 radical by measuring increase in cell survival preincubated for 1 hr followed by hypoxanthine/xanthine oxidase addition by MTT assay,F,BAO_0000219,cell-based format,,,,,,,,,CHEMBL3879801,NON-PROTEIN TARGET,,,CHEMBL3826963,1,,Bioorg Med Chem Lett,2016,,,,,53.8,,53800.0,4.731,Media
CHEMBL3827416,,,864.99,,1.93,,COc1ccc(/C=C/C(=O)CC(=O)/C=C/c2ccc(OCC(=O)N[C@@H](CCCCNC(=O)[C@H](CCCCN)NC(=O)[C@H](C)NC(=O)[C@H]3CCNC3)C(=O)O)c(OC)c2)cc1OC,EC50,=,65700.0,nM,4.18,,,UO_0000065,,,,,,CHEMBL3829463,Antioxidant activity in rat PC12 cells assessed as scavenging of hypoxanthine/xanthine oxidase-induced O2 radical by measuring increase in cell survival preincubated for 1 hr followed by hypoxanthine/xanthine oxidase addition by MTT assay,F,BAO_0000219,cell-based format,,,,,,,,,CHEMBL3879801,NON-PROTEIN TARGET,,,CHEMBL3826963,1,,Bioorg Med Chem Lett,2016,,,,,65.7,,65700.0,4.818,Media
CHEMBL140,,,368.39,,3.37,,COc1cc(/C=C/C(=O)CC(=O)/C=C/c2ccc(O)c(OC)c2)ccc1O,EC50,=,31500.0,nM,4.5,,,UO_0000065,,,,,,CHEMBL3869911,Antioxidant activity assessed as DPPH radical scavenging activity after 30 mins by spectrophotometric analysis,F,BAO_0000019,assay format,,,,,,,,,CHEMBL2362975,No relevant target,,,CHEMBL3868619,1,,Bioorg Med Chem Lett,2016,,,,,31.5,,31500.0,4.498,Media
CHEMBL105350,BISDEMETHOXYCURCUMIN,,308.33,,3.35,,O=C(/C=C/c1ccc(O)cc1)CC(=O)/C=C/c1ccc(O)cc1,EC50,>,200000.0,nM,,Outside typical range,,UO_0000065,,,,,,CHEMBL3869911,Antioxidant activity assessed as DPPH radical scavenging activity after 30 mins by spectrophotometric analysis,F,BAO_0000019,assay format,,,,,,,,,CHEMBL2362975,No relevant target,,,CHEMBL3868619,1,,Bioorg Med Chem Lett,2016,,,,,200.0,,200000.0,5.301,Baja
CHEMBL3905799,,,411.45,,2.88,,COc1cc(/C=C/C(=O)/C=C(/C=C/c2ccc(O)c(OC)c2)NCCO)ccc1O,EC50,=,28300.0,nM,4.55,,,UO_0000065,,,,,,CHEMBL3869911,Antioxidant activity assessed as DPPH radical scavenging activity after 30 mins by spectrophotometric analysis,F,BAO_0000019,assay format,,,,,,,,,CHEMBL2362975,No relevant target,,,CHEMBL3868619,1,,Bioorg Med Chem Lett,2016,,,,,28.3,,28300.0,4.452,Media
CHEMBL3933824,,,425.48,,3.27,,COc1cc(/C=C/C(=O)/C=C(/C=C/c2ccc(O)c(OC)c2)NCCCO)ccc1O,EC50,=,27600.0,nM,4.56,,,UO_0000065,,,,,,CHEMBL3869911,Antioxidant activity assessed as DPPH radical scavenging activity after 30 mins by spectrophotometric analysis,F,BAO_0000019,assay format,,,,,,,,,CHEMBL2362975,No relevant target,,,CHEMBL3868619,1,,Bioorg Med Chem Lett,2016,,,,,27.6,,27600.0,4.441,Media
CHEMBL3896870,,,425.48,,3.53,,COCCNC(=C\C(=O)/C=C/c1ccc(O)c(OC)c1)/C=C/c1ccc(O)c(OC)c1,EC50,=,27300.0,nM,4.56,,,UO_0000065,,,,,,CHEMBL3869911,Antioxidant activity assessed as DPPH radical scavenging activity after 30 mins by spectrophotometric analysis,F,BAO_0000019,assay format,,,,,,,,,CHEMBL2362975,No relevant target,,,CHEMBL3868619,1,,Bioorg Med Chem Lett,2016,,,,,27.3,,27300.0,4.436,Media
CHEMBL3924909,,,439.51,,3.92,,COCCCNC(=C\C(=O)/C=C/c1ccc(O)c(OC)c1)/C=C/c1ccc(O)c(OC)c1,EC50,=,29500.0,nM,4.53,,,UO_0000065,,,,,,CHEMBL3869911,Antioxidant activity assessed as DPPH radical scavenging activity after 30 mins by spectrophotometric analysis,F,BAO_0000019,assay format,,,,,,,,,CHEMBL2362975,No relevant target,,,CHEMBL3868619,1,,Bioorg Med Chem Lett,2016,,,,,29.5,,29500.0,4.47,Media
CHEMBL3949409,,,351.4,,2.86,,O=C(/C=C(/C=C/c1ccc(O)cc1)NCCO)/C=C/c1ccc(O)cc1,EC50,>,200000.0,nM,,Outside typical range,,UO_0000065,,,,,,CHEMBL3869911,Antioxidant activity assessed as DPPH radical scavenging activity after 30 mins by spectrophotometric analysis,F,BAO_0000019,assay format,,,,,,,,,CHEMBL2362975,No relevant target,,,CHEMBL3868619,1,,Bioorg Med Chem Lett,2016,,,,,200.0,,200000.0,5.301,Baja
CHEMBL3978504,,,365.43,,3.25,,O=C(/C=C(/C=C/c1ccc(O)cc1)NCCCO)/C=C/c1ccc(O)cc1,EC50,=,153700.0,nM,,Outside typical range,,UO_0000065,,,,,,CHEMBL3869911,Antioxidant activity assessed as DPPH radical scavenging activity after 30 mins by spectrophotometric analysis,F,BAO_0000019,assay format,,,,,,,,,CHEMBL2362975,No relevant target,,,CHEMBL3868619,1,,Bioorg Med Chem Lett,2016,,,,,153.7,,153700.0,5.187,Media
CHEMBL3892016,,,365.43,,3.51,,COCCNC(=C\C(=O)/C=C/c1ccc(O)cc1)/C=C/c1ccc(O)cc1,EC50,>,200000.0,nM,,Outside typical range,,UO_0000065,,,,,,CHEMBL3869911,Antioxidant activity assessed as DPPH radical scavenging activity after 30 mins by spectrophotometric analysis,F,BAO_0000019,assay format,,,,,,,,,CHEMBL2362975,No relevant target,,,CHEMBL3868619,1,,Bioorg Med Chem Lett,2016,,,,,200.0,,200000.0,5.301,Baja
CHEMBL3961006,,,379.46,,3.9,,COCCCNC(=C\C(=O)/C=C/c1ccc(O)cc1)/C=C/c1ccc(O)cc1,EC50,=,130400.0,nM,,Outside typical range,,UO_0000065,,,,,,CHEMBL3869911,Antioxidant activity assessed as DPPH radical scavenging activity after 30 mins by spectrophotometric analysis,F,BAO_0000019,assay format,,,,,,,,,CHEMBL2362975,No relevant target,,,CHEMBL3868619,1,,Bioorg Med Chem Lett,2016,,,,,130.4,,130400.0,5.115,Media
CHEMBL3900987,,,425.48,,3.41,,COc1cc(/C=C/C2=CC(=O)CC(c3ccc(O)c(OC)c3)N2CCCO)ccc1O,EC50,=,33900.0,nM,4.47,,,UO_0000065,,,,,,CHEMBL3869911,Antioxidant activity assessed as DPPH radical scavenging activity after 30 mins by spectrophotometric analysis,F,BAO_0000019,assay format,,,,,,,,,CHEMBL2362975,No relevant target,,,CHEMBL3868619,1,,Bioorg Med Chem Lett,2016,,,,,33.9,,33900.0,4.53,Media
CHEMBL3972116,,,351.4,,3.0,,O=C1C=C(/C=C/c2ccc(O)cc2)N(CCO)C(c2ccc(O)cc2)C1,EC50,=,49400.0,nM,4.31,,,UO_0000065,,,,,,CHEMBL3869911,Antioxidant activity assessed as DPPH radical scavenging activity after 30 mins by spectrophotometric analysis,F,BAO_0000019,assay format,,,,,,,,,CHEMBL2362975,No relevant target,,,CHEMBL3868619,1,,Bioorg Med Chem Lett,2016,,,,,49.4,,49400.0,4.694,Media
CHEMBL3910041,,,379.46,,4.05,,COCCCN1C(/C=C/c2ccc(O)cc2)=CC(=O)CC1c1ccc(O)cc1,EC50,>,200000.0,nM,,Outside typical range,,UO_0000065,,,,,,CHEMBL3869911,Antioxidant activity assessed as DPPH radical scavenging activity after 30 mins by spectrophotometric analysis,F,BAO_0000019,assay format,,,,,,,,,CHEMBL2362975,No relevant target,,,CHEMBL3868619,1,,Bioorg Med Chem Lett,2016,,,,,200.0,,200000.0,5.301,Baja
CHEMBL153,TROLOX,,250.29,,2.49,,Cc1c(C)c2c(c(C)c1O)CCC(C)(C(=O)O)O2,EC50,=,29600.0,nM,4.53,,,UO_0000065,,,,,,CHEMBL3869911,Antioxidant activity assessed as DPPH radical scavenging activity after 30 mins by spectrophotometric analysis,F,BAO_0000019,assay format,,,,,,,,,CHEMBL2362975,No relevant target,,,CHEMBL3868619,1,,Bioorg Med Chem Lett,2016,,,,,29.6,,29600.0,4.471,Media
CHEMBL196,ASCORBIC ACID,,176.12,,-1.41,,O=C1O[C@H]([C@@H](O)CO)C(O)=C1O,EC50,=,20.0,nM,7.7,,,UO_0000065,,,,,,CHEMBL4180915,Antioxidant activity assessed as DPPH radical scavenging activity by spectrophotometric method,F,BAO_0000019,assay format,,,,,,,,,CHEMBL2362975,No relevant target,,,CHEMBL4177645,1,,Bioorg Med Chem,2017,,,,,20.0,,20.0,1.301,Alta
CHEMBL4207594,,,467.56,,4.99,,COc1cc(-c2cc(=O)c3ccc(OCCCN4CCC(C)CC4)cc3o2)cc(OC)c1OC,EC50,=,26.8,nM,7.57,,,UO_0000065,,,,,,CHEMBL4180915,Antioxidant activity assessed as DPPH radical scavenging activity by spectrophotometric method,F,BAO_0000019,assay format,,,,,,,,,CHEMBL2362975,No relevant target,,,CHEMBL4177645,1,,Bioorg Med Chem,2017,,,,,26.8,,26.8,1.428,Alta
CHEMBL4217941,,,453.54,,4.6,,COc1cc(-c2cc(=O)c3ccc(OCCN4CCC(C)CC4)cc3o2)cc(OC)c1OC,EC50,=,23.0,nM,7.64,,,UO_0000065,,,,,,CHEMBL4180915,Antioxidant activity assessed as DPPH radical scavenging activity by spectrophotometric method,F,BAO_0000019,assay format,,,,,,,,,CHEMBL2362975,No relevant target,,,CHEMBL4177645,1,,Bioorg Med Chem,2017,,,,,23.0,,23.0,1.362,Alta
CHEMBL4208825,,,437.54,,4.98,,COc1ccc(-c2cc(=O)c3ccc(OCCCN4CCC(C)CC4)cc3o2)cc1OC,EC50,=,24.12,nM,7.62,,,UO_0000065,,,,,,CHEMBL4180915,Antioxidant activity assessed as DPPH radical scavenging activity by spectrophotometric method,F,BAO_0000019,assay format,,,,,,,,,CHEMBL2362975,No relevant target,,,CHEMBL4177645,1,,Bioorg Med Chem,2017,,,,,24.12,,24.12,1.382,Alta
CHEMBL4213552,,,423.51,,4.59,,COc1ccc(-c2cc(=O)c3ccc(OCCN4CCC(C)CC4)cc3o2)cc1OC,EC50,=,22.75,nM,7.64,,,UO_0000065,,,,,,CHEMBL4180915,Antioxidant activity assessed as DPPH radical scavenging activity by spectrophotometric method,F,BAO_0000019,assay format,,,,,,,,,CHEMBL2362975,No relevant target,,,CHEMBL4177645,1,,Bioorg Med Chem,2017,,,,,22.75,,22.75,1.357,Alta
CHEMBL4218485,,,493.64,,5.89,,COc1ccc(-c2cc(=O)c3ccc(OCCCCCCCN4CCC(CCO)CC4)cc3o2)cc1,EC50,=,35.7,nM,7.45,,,UO_0000065,,,,,,CHEMBL4180915,Antioxidant activity assessed as DPPH radical scavenging activity by spectrophotometric method,F,BAO_0000019,assay format,,,,,,,,,CHEMBL2362975,No relevant target,,,CHEMBL4177645,1,,Bioorg Med Chem,2017,,,,,35.7,,35.7,1.553,Alta
CHEMBL4216881,,,463.62,,6.53,,COc1ccc(-c2cc(=O)c3ccc(OCCCCCCCN4CCC(C)CC4)cc3o2)cc1,EC50,=,42.6,nM,7.37,,,UO_0000065,,,,,,CHEMBL4180915,Antioxidant activity assessed as DPPH radical scavenging activity by spectrophotometric method,F,BAO_0000019,assay format,,,,,,,,,CHEMBL2362975,No relevant target,,,CHEMBL4177645,1,,Bioorg Med Chem,2017,,,,,42.6,,42.6,1.629,Alta
CHEMBL4203490,,,479.62,,5.5,,COc1ccc(-c2cc(=O)c3ccc(OCCCCCCN4CCC(CCO)CC4)cc3o2)cc1,EC50,=,34.4,nM,7.46,,,UO_0000065,,,,,,CHEMBL4180915,Antioxidant activity assessed as DPPH radical scavenging activity by spectrophotometric method,F,BAO_0000019,assay format,,,,,,,,,CHEMBL2362975,No relevant target,,,CHEMBL4177645,1,,Bioorg Med Chem,2017,,,,,34.4,,34.4,1.537,Alta
CHEMBL4205720,,,449.59,,6.14,,COc1ccc(-c2cc(=O)c3ccc(OCCCCCCN4CCC(C)CC4)cc3o2)cc1,EC50,=,32.56,nM,7.49,,,UO_0000065,,,,,,CHEMBL4180915,Antioxidant activity assessed as DPPH radical scavenging activity by spectrophotometric method,F,BAO_0000019,assay format,,,,,,,,,CHEMBL2362975,No relevant target,,,CHEMBL4177645,1,,Bioorg Med Chem,2017,,,,,32.56,,32.56,1.513,Alta
CHEMBL4210581,,,465.59,,5.11,,COc1ccc(-c2cc(=O)c3ccc(OCCCCCN4CCC(CCO)CC4)cc3o2)cc1,EC50,=,27.9,nM,7.55,,,UO_0000065,,,,,,CHEMBL4180915,Antioxidant activity assessed as DPPH radical scavenging activity by spectrophotometric method,F,BAO_0000019,assay format,,,,,,,,,CHEMBL2362975,No relevant target,,,CHEMBL4177645,1,,Bioorg Med Chem,2017,,,,,27.9,,27.9,1.446,Alta
CHEMBL4207152,,,435.56,,5.75,,COc1ccc(-c2cc(=O)c3ccc(OCCCCCN4CCC(C)CC4)cc3o2)cc1,EC50,=,31.7,nM,7.5,,,UO_0000065,,,,,,CHEMBL4180915,Antioxidant activity assessed as DPPH radical scavenging activity by spectrophotometric method,F,BAO_0000019,assay format,,,,,,,,,CHEMBL2362975,No relevant target,,,CHEMBL4177645,1,,Bioorg Med Chem,2017,,,,,31.7,,31.7,1.501,Alta
CHEMBL4218884,,,451.56,,4.72,,COc1ccc(-c2cc(=O)c3ccc(OCCCCN4CCC(CCO)CC4)cc3o2)cc1,EC50,=,23.17,nM,7.63,,,UO_0000065,,,,,,CHEMBL4180915,Antioxidant activity assessed as DPPH radical scavenging activity by spectrophotometric method,F,BAO_0000019,assay format,,,,,,,,,CHEMBL2362975,No relevant target,,,CHEMBL4177645,1,,Bioorg Med Chem,2017,,,,,23.17,,23.17,1.365,Alta
CHEMBL4209658,,,421.54,,5.36,,COc1ccc(-c2cc(=O)c3ccc(OCCCCN4CCC(C)CC4)cc3o2)cc1,EC50,=,28.13,nM,7.55,,,UO_0000065,,,,,,CHEMBL4180915,Antioxidant activity assessed as DPPH radical scavenging activity by spectrophotometric method,F,BAO_0000019,assay format,,,,,,,,,CHEMBL2362975,No relevant target,,,CHEMBL4177645,1,,Bioorg Med Chem,2017,,,,,28.13,,28.13,1.449,Alta
CHEMBL4204793,,,437.54,,4.33,,COc1ccc(-c2cc(=O)c3ccc(OCCCN4CCC(CCO)CC4)cc3o2)cc1,EC50,=,22.78,nM,7.64,,,UO_0000065,,,,,,CHEMBL4180915,Antioxidant activity assessed as DPPH radical scavenging activity by spectrophotometric method,F,BAO_0000019,assay format,,,,,,,,,CHEMBL2362975,No relevant target,,,CHEMBL4177645,1,,Bioorg Med Chem,2017,,,,,22.78,,22.78,1.358,Alta
CHEMBL4214058,,,407.51,,4.97,,COc1ccc(-c2cc(=O)c3ccc(OCCCN4CCC(C)CC4)cc3o2)cc1,EC50,=,26.58,nM,7.58,,,UO_0000065,,,,,,CHEMBL4180915,Antioxidant activity assessed as DPPH radical scavenging activity by spectrophotometric method,F,BAO_0000019,assay format,,,,,,,,,CHEMBL2362975,No relevant target,,,CHEMBL4177645,1,,Bioorg Med Chem,2017,,,,,26.58,,26.58,1.425,Alta
CHEMBL485247,,,328.32,,3.19,,COc1cc(-c2cc(=O)c3ccc(O)cc3o2)cc(OC)c1OC,EC50,=,26.4,nM,7.58,,,UO_0000065,,,,,,CHEMBL4180915,Antioxidant activity assessed as DPPH radical scavenging activity by spectrophotometric method,F,BAO_0000019,assay format,,,,,,,,,CHEMBL2362975,No relevant target,,,CHEMBL4177645,1,,Bioorg Med Chem,2017,,,,,26.4,,26.4,1.422,Alta
CHEMBL345778,,,298.29,,3.18,,COc1ccc(-c2cc(=O)c3ccc(O)cc3o2)cc1OC,EC50,=,22.4,nM,7.65,,,UO_0000065,,,,,,CHEMBL4180915,Antioxidant activity assessed as DPPH radical scavenging activity by spectrophotometric method,F,BAO_0000019,assay format,,,,,,,,,CHEMBL2362975,No relevant target,,,CHEMBL4177645,1,,Bioorg Med Chem,2017,,,,,22.4,,22.4,1.35,Alta
CHEMBL16751,,,268.27,,3.17,,COc1ccc(-c2cc(=O)c3ccc(O)cc3o2)cc1,EC50,=,20.5,nM,7.69,,,UO_0000065,,,,,,CHEMBL4180915,Antioxidant activity assessed as DPPH radical scavenging activity by spectrophotometric method,F,BAO_0000019,assay format,,,,,,,,,CHEMBL2362975,No relevant target,,,CHEMBL4177645,1,,Bioorg Med Chem,2017,,,,,20.5,,20.5,1.312,Alta
CHEMBL4287418,,,238.25,,2.27,,O=C1Nc2ccccc2/C1=[N+](\[O-])c1ccccc1,EC50,=,1300.0,nM,5.89,,,UO_0000065,,,,,,CHEMBL4258434,Antioxidant activity assessed as DPPH free radical scavenging after 10 mins by UV-vis spectrophotometric analysis,F,BAO_0000019,assay format,,,,,,,,,CHEMBL2362975,No relevant target,,,CHEMBL4257474,1,,Medchemcomm,2018,,,,,1.3,,1300.0,3.114,Alta
CHEMBL4293824,,,221.17,,0.48,,C/[N+]([O-])=C1\C(=O)Nc2ccc([N+](=O)[O-])cc21,EC50,=,1200.0,nM,5.92,,,UO_0000065,,,,,,CHEMBL4258434,Antioxidant activity assessed as DPPH free radical scavenging after 10 mins by UV-vis spectrophotometric analysis,F,BAO_0000019,assay format,,,,,,,,,CHEMBL2362975,No relevant target,,,CHEMBL4257474,1,,Medchemcomm,2018,,,,,1.2,,1200.0,3.079,Alta
CHEMBL146,BUTYLATED HYDROXYTOLUENE,,220.36,,4.3,,Cc1cc(C(C)(C)C)c(O)c(C(C)(C)C)c1,EC50,=,3800.0,nM,5.42,,,UO_0000065,,,,,,CHEMBL4258434,Antioxidant activity assessed as DPPH free radical scavenging after 10 mins by UV-vis spectrophotometric analysis,F,BAO_0000019,assay format,,,,,,,,,CHEMBL2362975,No relevant target,,,CHEMBL4257474,1,,Medchemcomm,2018,,,,,3.8,,3800.0,3.58,Alta
CHEMBL4279369,,,237.3,,3.13,,[O-]/[N+](Cc1ccccc1)=C1/CCc2ccccc21,EC50,=,1200.0,nM,5.92,,,UO_0000065,,,,,,CHEMBL4258434,Antioxidant activity assessed as DPPH free radical scavenging after 10 mins by UV-vis spectrophotometric analysis,F,BAO_0000019,assay format,,,,,,,,,CHEMBL2362975,No relevant target,,,CHEMBL4257474,1,,Medchemcomm,2018,,,,,1.2,,1200.0,3.079,Alta
CHEMBL4279790,,,179.19,,1.7,,C/[N+]([O-])=C1\CCc2cc(F)ccc21,EC50,=,1800.0,nM,5.75,,,UO_0000065,,,,,,CHEMBL4258434,Antioxidant activity assessed as DPPH free radical scavenging after 10 mins by UV-vis spectrophotometric analysis,F,BAO_0000019,assay format,,,,,,,,,CHEMBL2362975,No relevant target,,,CHEMBL4257474,1,,Medchemcomm,2018,,,,,1.8,,1800.0,3.255,Alta
CHEMBL4287692,,,161.2,,1.56,,C/[N+]([O-])=C1\CCc2ccccc21,EC50,=,1300.0,nM,5.89,,,UO_0000065,,,,,,CHEMBL4258434,Antioxidant activity assessed as DPPH free radical scavenging after 10 mins by UV-vis spectrophotometric analysis,F,BAO_0000019,assay format,,,,,,,,,CHEMBL2362975,No relevant target,,,CHEMBL4257474,1,,Medchemcomm,2018,,,,,1.3,,1300.0,3.114,Alta
CHEMBL4283253,,,266.3,,2.16,,CN1C(=O)/C(=[N+](/[O-])Cc2ccccc2)c2ccccc21,EC50,=,600.0,nM,6.22,,,UO_0000065,,,,,,CHEMBL4258434,Antioxidant activity assessed as DPPH free radical scavenging after 10 mins by UV-vis spectrophotometric analysis,F,BAO_0000019,assay format,,,,,,,,,CHEMBL2362975,No relevant target,,,CHEMBL4257474,1,,Medchemcomm,2018,,,,,0.6,,600.0,2.778,Alta
CHEMBL4291109,,,252.27,,2.14,,O=C1Nc2ccccc2/C1=[N+](\[O-])Cc1ccccc1,EC50,=,1800.0,nM,5.75,,,UO_0000065,,,,,,CHEMBL4258434,Antioxidant activity assessed as DPPH free radical scavenging after 10 mins by UV-vis spectrophotometric analysis,F,BAO_0000019,assay format,,,,,,,,,CHEMBL2362975,No relevant target,,,CHEMBL4257474,1,,Medchemcomm,2018,,,,,1.8,,1800.0,3.255,Alta
CHEMBL4276765,,,297.27,,2.05,,O=C1Nc2ccc([N+](=O)[O-])cc2/C1=[N+](\[O-])Cc1ccccc1,EC50,=,1000.0,nM,6.0,,,UO_0000065,,,,,,CHEMBL4258434,Antioxidant activity assessed as DPPH free radical scavenging after 10 mins by UV-vis spectrophotometric analysis,F,BAO_0000019,assay format,,,,,,,,,CHEMBL2362975,No relevant target,,,CHEMBL4257474,1,,Medchemcomm,2018,,,,,1.0,,1000.0,3.0,Alta
CHEMBL4066309,,,444.96,,6.71,,Oc1cc(O)cc(CCc2ccc(Nc3c4c(nc5cc(Cl)ccc35)CCCC4)cc2)c1,EC50,>,5000000.0,nM,,Outside typical range,,UO_0000065,,,,,,CHEMBL4005233,Antioxidant activity of the compound assessed as DPPH radical scavenging activity after 30 mins,F,BAO_0000019,assay format,,,,,,,,,CHEMBL2362975,No relevant target,,,CHEMBL4004805,1,,Eur J Med Chem,2017,,,,,5000.0,,5000000.0,6.699,Baja
CHEMBL4083174,,,473.02,,7.31,,COc1cc(CCc2ccc(Nc3c4c(nc5cc(Cl)ccc35)CCCC4)cc2)cc(OC)c1,EC50,=,155000.0,nM,,Outside typical range,,UO_0000065,,,,,,CHEMBL4005233,Antioxidant activity of the compound assessed as DPPH radical scavenging activity after 30 mins,F,BAO_0000019,assay format,,,,,,,,,CHEMBL2362975,No relevant target,,,CHEMBL4004805,1,,Eur J Med Chem,2017,,,,,155.0,,155000.0,5.19,Media
CHEMBL4081795,,,442.95,,7.09,,Oc1cc(O)cc(/C=C/c2ccc(Nc3c4c(nc5cc(Cl)ccc35)CCCC4)cc2)c1,EC50,>,5000000.0,nM,,Outside typical range,,UO_0000065,,,,,,CHEMBL4005233,Antioxidant activity of the compound assessed as DPPH radical scavenging activity after 30 mins,F,BAO_0000019,assay format,,,,,,,,,CHEMBL2362975,No relevant target,,,CHEMBL4004805,1,,Eur J Med Chem,2017,,,,,5000.0,,5000000.0,6.699,Baja
CHEMBL165,RESVERATROL,,228.25,,2.97,,Oc1ccc(/C=C/c2cc(O)cc(O)c2)cc1,EC50,=,25600.0,nM,4.59,,,UO_0000065,,,,,,CHEMBL4005233,Antioxidant activity of the compound assessed as DPPH radical scavenging activity after 30 mins,F,BAO_0000019,assay format,,,,,,,,,CHEMBL2362975,No relevant target,,,CHEMBL4004805,1,,Eur J Med Chem,2017,,,,,25.6,,25600.0,4.408,Media
CHEMBL153,TROLOX,,250.29,,2.49,,Cc1c(C)c2c(c(C)c1O)CCC(C)(C(=O)O)O2,EC50,=,16200.0,nM,4.79,,,UO_0000065,,,,,,CHEMBL4005233,Antioxidant activity of the compound assessed as DPPH radical scavenging activity after 30 mins,F,BAO_0000019,assay format,,,,,,,,,CHEMBL2362975,No relevant target,,,CHEMBL4004805,1,,Eur J Med Chem,2017,,,,,16.2,,16200.0,4.21,Alta
CHEMBL600,ACETYLCYSTEINE,,163.2,,-0.49,,CC(=O)N[C@@H](CS)C(=O)O,EC50,=,28000.0,nM,4.55,,,UO_0000065,,,,,,CHEMBL4005233,Antioxidant activity of the compound assessed as DPPH radical scavenging activity after 30 mins,F,BAO_0000019,assay format,,,,,,,,,CHEMBL2362975,No relevant target,,,CHEMBL4004805,1,,Eur J Med Chem,2017,,,,,28.0,,28000.0,4.447,Media
CHEMBL4101303,,,452.94,,4.12,,COc1cc2c(cc1OC)C(=O)C(CC1C=CN(Cc3cccc(Cl)c3)C=C1C(N)=O)C2,EC50,=,90000.0,nM,4.05,,,UO_0000065,,,,,,CHEMBL4013244,Antioxidant activity assessed as DPPH free radical scavenging after 40 mins incubation in dark,F,BAO_0000019,assay format,,,,,,,,,CHEMBL2362975,No relevant target,,,CHEMBL4011633,1,,J Med Chem,2017,,,,,90.0,,90000.0,4.954,Media
CHEMBL4088197,,,381.47,,3.87,,COc1cc(/C=C/C(=O)OCC2CCN(Cc3ccccc3)CC2)ccc1O,EC50,=,49410.0,nM,4.31,,,UO_0000065,,,,,,CHEMBL4038440,Antioxidant activity assessed as DPPH radical scavenging activity measured after 30 mins,F,BAO_0000019,assay format,,,,,,,,,CHEMBL2362975,No relevant target,,,CHEMBL4038269,1,,Eur J Med Chem,2017,,,,,49.41,,49410.0,4.694,Media
CHEMBL4066925,,,426.47,,3.78,,COc1cc(/C=C/C(=O)OCC2CCN(Cc3ccc([N+](=O)[O-])cc3)CC2)ccc1O,EC50,=,46660.0,nM,4.33,,,UO_0000065,,,,,,CHEMBL4038440,Antioxidant activity assessed as DPPH radical scavenging activity measured after 30 mins,F,BAO_0000019,assay format,,,,,,,,,CHEMBL2362975,No relevant target,,,CHEMBL4038269,1,,Eur J Med Chem,2017,,,,,46.66,,46660.0,4.669,Media
CHEMBL4095933,,,460.37,,4.63,,COc1cc(/C=C/C(=O)OCC2CCN(Cc3ccc(Br)cc3)CC2)ccc1O,EC50,=,45380.0,nM,4.34,,,UO_0000065,,,,,,CHEMBL4038440,Antioxidant activity assessed as DPPH radical scavenging activity measured after 30 mins,F,BAO_0000019,assay format,,,,,,,,,CHEMBL2362975,No relevant target,,,CHEMBL4038269,1,,Eur J Med Chem,2017,,,,,45.38,,45380.0,4.657,Media
CHEMBL4077897,,,466.58,,3.71,,COc1cc(/C=C/C(=O)OCC2CCN(Cc3ccc(N4CCOCC4)cc3)CC2)ccc1O,EC50,=,73770.0,nM,4.13,,,UO_0000065,,,,,,CHEMBL4038440,Antioxidant activity assessed as DPPH radical scavenging activity measured after 30 mins,F,BAO_0000019,assay format,,,,,,,,,CHEMBL2362975,No relevant target,,,CHEMBL4038269,1,,Eur J Med Chem,2017,,,,,73.77,,73770.0,4.868,Media
CHEMBL4092552,,,411.5,,3.88,,COc1ccc(CN2CCC(COC(=O)/C=C/c3ccc(O)c(OC)c3)CC2)cc1,EC50,=,78090.0,nM,4.11,,,UO_0000065,,,,,,CHEMBL4038440,Antioxidant activity assessed as DPPH radical scavenging activity measured after 30 mins,F,BAO_0000019,assay format,,,,,,,,,CHEMBL2362975,No relevant target,,,CHEMBL4038269,1,,Eur J Med Chem,2017,,,,,78.09,,78090.0,4.893,Media
CHEMBL4071765,,,381.47,,3.87,,COc1ccc(/C=C/C(=O)OCC2CCN(Cc3ccccc3)CC2)cc1O,EC50,>,100000.0,nM,,,,UO_0000065,,,,,,CHEMBL4038440,Antioxidant activity assessed as DPPH radical scavenging activity measured after 30 mins,F,BAO_0000019,assay format,,,,,,,,,CHEMBL2362975,No relevant target,,,CHEMBL4038269,1,,Eur J Med Chem,2017,,,,,100.0,,100000.0,5.0,Media
CHEMBL4068523,,,426.47,,3.78,,COc1ccc(/C=C/C(=O)OCC2CCN(Cc3ccc([N+](=O)[O-])cc3)CC2)cc1O,EC50,>,100000.0,nM,,,,UO_0000065,,,,,,CHEMBL4038440,Antioxidant activity assessed as DPPH radical scavenging activity measured after 30 mins,F,BAO_0000019,assay format,,,,,,,,,CHEMBL2362975,No relevant target,,,CHEMBL4038269,1,,Eur J Med Chem,2017,,,,,100.0,,100000.0,5.0,Media
CHEMBL4089647,,,460.37,,4.63,,COc1ccc(/C=C/C(=O)OCC2CCN(Cc3ccc(Br)cc3)CC2)cc1O,EC50,>,100000.0,nM,,,,UO_0000065,,,,,,CHEMBL4038440,Antioxidant activity assessed as DPPH radical scavenging activity measured after 30 mins,F,BAO_0000019,assay format,,,,,,,,,CHEMBL2362975,No relevant target,,,CHEMBL4038269,1,,Eur J Med Chem,2017,,,,,100.0,,100000.0,5.0,Media
CHEMBL4059856,,,466.58,,3.71,,COc1ccc(/C=C/C(=O)OCC2CCN(Cc3ccc(N4CCOCC4)cc3)CC2)cc1O,EC50,>,100000.0,nM,,,,UO_0000065,,,,,,CHEMBL4038440,Antioxidant activity assessed as DPPH radical scavenging activity measured after 30 mins,F,BAO_0000019,assay format,,,,,,,,,CHEMBL2362975,No relevant target,,,CHEMBL4038269,1,,Eur J Med Chem,2017,,,,,100.0,,100000.0,5.0,Media
CHEMBL4081772,,,411.5,,3.88,,COc1ccc(CN2CCC(COC(=O)/C=C/c3ccc(OC)c(O)c3)CC2)cc1,EC50,>,100000.0,nM,,,,UO_0000065,,,,,,CHEMBL4038440,Antioxidant activity assessed as DPPH radical scavenging activity measured after 30 mins,F,BAO_0000019,assay format,,,,,,,,,CHEMBL2362975,No relevant target,,,CHEMBL4038269,1,,Eur J Med Chem,2017,,,,,100.0,,100000.0,5.0,Media
CHEMBL4087224,,,415.92,,4.52,,COc1cc(/C=C/C(=O)OCC2CCN(Cc3ccc(Cl)cc3)CC2)ccc1O,EC50,=,20470.0,nM,4.69,,,UO_0000065,,,,,,CHEMBL4038440,Antioxidant activity assessed as DPPH radical scavenging activity measured after 30 mins,F,BAO_0000019,assay format,,,,,,,,,CHEMBL2362975,No relevant target,,,CHEMBL4038269,1,,Eur J Med Chem,2017,,,,,20.47,,20470.0,4.311,Alta
CHEMBL4105081,,,425.48,,3.6,,COc1cc(/C=C/C(=O)OCC2CCN(Cc3ccc4c(c3)OCO4)CC2)ccc1O,EC50,>,100000.0,nM,,,,UO_0000065,,,,,,CHEMBL4038440,Antioxidant activity assessed as DPPH radical scavenging activity measured after 30 mins,F,BAO_0000019,assay format,,,,,,,,,CHEMBL2362975,No relevant target,,,CHEMBL4038269,1,,Eur J Med Chem,2017,,,,,100.0,,100000.0,5.0,Media
CHEMBL4079340,,,415.92,,4.52,,COc1ccc(/C=C/C(=O)OCC2CCN(Cc3ccc(Cl)cc3)CC2)cc1O,EC50,=,12450.0,nM,4.91,,,UO_0000065,,,,,,CHEMBL4038440,Antioxidant activity assessed as DPPH radical scavenging activity measured after 30 mins,F,BAO_0000019,assay format,,,,,,,,,CHEMBL2362975,No relevant target,,,CHEMBL4038269,1,,Eur J Med Chem,2017,,,,,12.45,,12450.0,4.095,Alta
CHEMBL4097365,,,425.48,,3.6,,COc1ccc(/C=C/C(=O)OCC2CCN(Cc3ccc4c(c3)OCO4)CC2)cc1O,EC50,>,100000.0,nM,,,,UO_0000065,,,,,,CHEMBL4038440,Antioxidant activity assessed as DPPH radical scavenging activity measured after 30 mins,F,BAO_0000019,assay format,,,,,,,,,CHEMBL2362975,No relevant target,,,CHEMBL4038269,1,,Eur J Med Chem,2017,,,,,100.0,,100000.0,5.0,Media
CHEMBL153,TROLOX,,250.29,,2.49,,Cc1c(C)c2c(c(C)c1O)CCC(C)(C(=O)O)O2,EC50,=,4860.0,nM,5.31,,,UO_0000065,,,,,,CHEMBL4038440,Antioxidant activity assessed as DPPH radical scavenging activity measured after 30 mins,F,BAO_0000019,assay format,,,,,,,,,CHEMBL2362975,No relevant target,,,CHEMBL4038269,1,,Eur J Med Chem,2017,,,,,4.86,,4860.0,3.687,Alta
CHEMBL32749,FERULATE,,194.19,,1.5,,COc1cc(/C=C/C(=O)O)ccc1O,EC50,=,35540.0,nM,4.45,,,UO_0000065,,,,,,CHEMBL4038440,Antioxidant activity assessed as DPPH radical scavenging activity measured after 30 mins,F,BAO_0000019,assay format,,,,,,,,,CHEMBL2362975,No relevant target,,,CHEMBL4038269,1,,Eur J Med Chem,2017,,,,,35.54,,35540.0,4.551,Media
CHEMBL233295,ISOFERULIC ACID,,194.19,,1.5,,COc1ccc(/C=C/C(=O)O)cc1O,EC50,>,100000.0,nM,,,,UO_0000065,,,,,,CHEMBL4038440,Antioxidant activity assessed as DPPH radical scavenging activity measured after 30 mins,F,BAO_0000019,assay format,,,,,,,,,CHEMBL2362975,No relevant target,,,CHEMBL4038269,1,,Eur J Med Chem,2017,,,,,100.0,,100000.0,5.0,Media
CHEMBL196,ASCORBIC ACID,,176.12,,-1.41,,O=C1O[C@H]([C@@H](O)CO)C(O)=C1O,EC50,=,45000.0,nM,4.35,,,UO_0000065,,,,,,CHEMBL4048553,Antioxidant activity assessed as DPPH radical scavenging activity incubated in dark for 20 mins,F,BAO_0000019,assay format,,,,,,,,,CHEMBL2362975,No relevant target,,,CHEMBL4043284,1,,J Med Chem,2018,,,,,45.0,,45000.0,4.653,Media
CHEMBL4090997,,,662.51,,0.71,,COC(=O)[C@]1(O)C[C@@H](OC(=O)c2cc(O)c(O)c(O)c2)[C@@H](OC(=O)c2cc(O)c(O)c(O)c2)[C@H](OC(=O)c2cc(O)c(O)c(O)c2)C1,EC50,=,11000.0,nM,4.96,,,UO_0000065,,,,,,CHEMBL4048553,Antioxidant activity assessed as DPPH radical scavenging activity incubated in dark for 20 mins,F,BAO_0000019,assay format,,,,,,,,,CHEMBL2362975,No relevant target,,,CHEMBL4043284,1,,J Med Chem,2018,,,,,11.0,,11000.0,4.041,Alta
CHEMBL288114,GALLIC ACID,,170.12,,0.5,,O=C(O)c1cc(O)c(O)c(O)c1,EC50,=,3000.0,nM,5.52,,,UO_0000065,,,,,,CHEMBL4048553,Antioxidant activity assessed as DPPH radical scavenging activity incubated in dark for 20 mins,F,BAO_0000019,assay format,,,,,,,,,CHEMBL2362975,No relevant target,,,CHEMBL4043284,1,,J Med Chem,2018,,,,,3.0,,3000.0,3.477,Alta
CHEMBL3263526,,,276.32,,3.53,,CC(C)=NNc1nc(-c2cccc([N+](=O)[O-])c2)cs1,EC50,=,340000.0,nM,,Outside typical range,,UO_0000065,,,,,,CHEMBL4141663,Antioxidant activity assessed as ferric ion reducing activity using using Fe3+-TPTZ after 30 mins by FRAP assay,F,BAO_0000019,assay format,,,,,,,,,CHEMBL2362975,No relevant target,,,CHEMBL4138155,1,,Eur J Med Chem,2018,,,,,0.34,,340000.0,5.531,Baja
CHEMBL4170390,,,290.35,,3.92,,CC/C(C)=N\Nc1nc(-c2cccc([N+](=O)[O-])c2)cs1,EC50,=,420000.0,nM,,Outside typical range,,UO_0000065,,,,,,CHEMBL4141663,Antioxidant activity assessed as ferric ion reducing activity using using Fe3+-TPTZ after 30 mins by FRAP assay,F,BAO_0000019,assay format,,,,,,,,,CHEMBL2362975,No relevant target,,,CHEMBL4138155,1,,Eur J Med Chem,2018,,,,,0.42,,420000.0,5.623,Baja
CHEMBL4162473,,,304.38,,4.31,,CCC/C(C)=N\Nc1nc(-c2cccc([N+](=O)[O-])c2)cs1,EC50,=,450000.0,nM,,Outside typical range,,UO_0000065,,,,,,CHEMBL4141663,Antioxidant activity assessed as ferric ion reducing activity using using Fe3+-TPTZ after 30 mins by FRAP assay,F,BAO_0000019,assay format,,,,,,,,,CHEMBL2362975,No relevant target,,,CHEMBL4138155,1,,Eur J Med Chem,2018,,,,,0.45,,450000.0,5.653,Baja
CHEMBL4162060,,,304.38,,4.31,,CCC(CC)=NNc1nc(-c2cccc([N+](=O)[O-])c2)cs1,EC50,=,340000.0,nM,,Outside typical range,,UO_0000065,,,,,,CHEMBL4141663,Antioxidant activity assessed as ferric ion reducing activity using using Fe3+-TPTZ after 30 mins by FRAP assay,F,BAO_0000019,assay format,,,,,,,,,CHEMBL2362975,No relevant target,,,CHEMBL4138155,1,,Eur J Med Chem,2018,,,,,0.34,,340000.0,5.531,Baja
CHEMBL4172739,,,318.4,,4.55,,C/C(CC(C)C)=N/Nc1nc(-c2cccc([N+](=O)[O-])c2)cs1,EC50,=,420000.0,nM,,Outside typical range,,UO_0000065,,,,,,CHEMBL4141663,Antioxidant activity assessed as ferric ion reducing activity using using Fe3+-TPTZ after 30 mins by FRAP assay,F,BAO_0000019,assay format,,,,,,,,,CHEMBL2362975,No relevant target,,,CHEMBL4138155,1,,Eur J Med Chem,2018,,,,,0.42,,420000.0,5.623,Baja
CHEMBL4161431,,,316.39,,4.47,,C=CCC/C(C)=N\Nc1nc(-c2cccc([N+](=O)[O-])c2)cs1,EC50,=,330000.0,nM,,Outside typical range,,UO_0000065,,,,,,CHEMBL4141663,Antioxidant activity assessed as ferric ion reducing activity using using Fe3+-TPTZ after 30 mins by FRAP assay,F,BAO_0000019,assay format,,,,,,,,,CHEMBL2362975,No relevant target,,,CHEMBL4138155,1,,Eur J Med Chem,2018,,,,,0.33,,330000.0,5.519,Baja
CHEMBL4169354,,,318.4,,4.7,,CCCC/C(C)=N\Nc1nc(-c2cccc([N+](=O)[O-])c2)cs1,EC50,=,370000.0,nM,,Outside typical range,,UO_0000065,,,,,,CHEMBL4141663,Antioxidant activity assessed as ferric ion reducing activity using using Fe3+-TPTZ after 30 mins by FRAP assay,F,BAO_0000019,assay format,,,,,,,,,CHEMBL2362975,No relevant target,,,CHEMBL4138155,1,,Eur J Med Chem,2018,,,,,0.37,,370000.0,5.568,Baja
CHEMBL4176538,,,318.4,,4.7,,CCC/C(CC)=N\Nc1nc(-c2cccc([N+](=O)[O-])c2)cs1,EC50,=,390000.0,nM,,Outside typical range,,UO_0000065,,,,,,CHEMBL4141663,Antioxidant activity assessed as ferric ion reducing activity using using Fe3+-TPTZ after 30 mins by FRAP assay,F,BAO_0000019,assay format,,,,,,,,,CHEMBL2362975,No relevant target,,,CHEMBL4138155,1,,Eur J Med Chem,2018,,,,,0.39,,390000.0,5.591,Baja
CHEMBL4165922,,,346.46,,5.48,,CCCCC/C(CC)=N\Nc1nc(-c2cccc([N+](=O)[O-])c2)cs1,EC50,=,370000.0,nM,,Outside typical range,,UO_0000065,,,,,,CHEMBL4141663,Antioxidant activity assessed as ferric ion reducing activity using using Fe3+-TPTZ after 30 mins by FRAP assay,F,BAO_0000019,assay format,,,,,,,,,CHEMBL2362975,No relevant target,,,CHEMBL4138155,1,,Eur J Med Chem,2018,,,,,0.37,,370000.0,5.568,Baja
CHEMBL4173167,,,332.43,,5.09,,CCCC/C(CC)=N\Nc1nc(-c2cccc([N+](=O)[O-])c2)cs1,EC50,=,410000.0,nM,,Outside typical range,,UO_0000065,,,,,,CHEMBL4141663,Antioxidant activity assessed as ferric ion reducing activity using using Fe3+-TPTZ after 30 mins by FRAP assay,F,BAO_0000019,assay format,,,,,,,,,CHEMBL2362975,No relevant target,,,CHEMBL4138155,1,,Eur J Med Chem,2018,,,,,0.41,,410000.0,5.613,Baja
CHEMBL4162482,,,346.46,,5.48,,CCCCCC/C(C)=N\Nc1nc(-c2cccc([N+](=O)[O-])c2)cs1,EC50,=,390000.0,nM,,Outside typical range,,UO_0000065,,,,,,CHEMBL4141663,Antioxidant activity assessed as ferric ion reducing activity using using Fe3+-TPTZ after 30 mins by FRAP assay,F,BAO_0000019,assay format,,,,,,,,,CHEMBL2362975,No relevant target,,,CHEMBL4138155,1,,Eur J Med Chem,2018,,,,,0.39,,390000.0,5.591,Baja
CHEMBL399764,,,302.36,,4.06,,O=[N+]([O-])c1cccc(-c2csc(NN=C3CCCC3)n2)c1,EC50,=,400000.0,nM,,Outside typical range,,UO_0000065,,,,,,CHEMBL4141663,Antioxidant activity assessed as ferric ion reducing activity using using Fe3+-TPTZ after 30 mins by FRAP assay,F,BAO_0000019,assay format,,,,,,,,,CHEMBL2362975,No relevant target,,,CHEMBL4138155,1,,Eur J Med Chem,2018,,,,,0.4,,400000.0,5.602,Baja
CHEMBL4159091,,,316.39,,4.45,,O=[N+]([O-])c1cccc(-c2csc(NN=C3CCCCC3)n2)c1,EC50,=,330000.0,nM,,Outside typical range,,UO_0000065,,,,,,CHEMBL4141663,Antioxidant activity assessed as ferric ion reducing activity using using Fe3+-TPTZ after 30 mins by FRAP assay,F,BAO_0000019,assay format,,,,,,,,,CHEMBL2362975,No relevant target,,,CHEMBL4138155,1,,Eur J Med Chem,2018,,,,,0.33,,330000.0,5.519,Baja
CHEMBL4175062,,,330.41,,4.7,,CC1CCC(=NNc2nc(-c3cccc([N+](=O)[O-])c3)cs2)CC1,EC50,=,390000.0,nM,,Outside typical range,,UO_0000065,,,,,,CHEMBL4141663,Antioxidant activity assessed as ferric ion reducing activity using using Fe3+-TPTZ after 30 mins by FRAP assay,F,BAO_0000019,assay format,,,,,,,,,CHEMBL2362975,No relevant target,,,CHEMBL4138155,1,,Eur J Med Chem,2018,,,,,0.39,,390000.0,5.591,Baja
CHEMBL4164415,,,330.41,,4.84,,O=[N+]([O-])c1cccc(-c2csc(NN=C3CCCCCC3)n2)c1,EC50,=,420000.0,nM,,Outside typical range,,UO_0000065,,,,,,CHEMBL4141663,Antioxidant activity assessed as ferric ion reducing activity using using Fe3+-TPTZ after 30 mins by FRAP assay,F,BAO_0000019,assay format,,,,,,,,,CHEMBL2362975,No relevant target,,,CHEMBL4138155,1,,Eur J Med Chem,2018,,,,,0.42,,420000.0,5.623,Baja
CHEMBL4163420,,,344.44,,5.23,,O=[N+]([O-])c1cccc(-c2csc(NN=C3CCCCCCC3)n2)c1,EC50,=,390000.0,nM,,Outside typical range,,UO_0000065,,,,,,CHEMBL4141663,Antioxidant activity assessed as ferric ion reducing activity using using Fe3+-TPTZ after 30 mins by FRAP assay,F,BAO_0000019,assay format,,,,,,,,,CHEMBL2362975,No relevant target,,,CHEMBL4138155,1,,Eur J Med Chem,2018,,,,,0.39,,390000.0,5.591,Baja
CHEMBL4174116,,,302.36,,3.92,,C/C(=N/Nc1nc(-c2cccc([N+](=O)[O-])c2)cs1)C1CC1,EC50,=,470000.0,nM,,Outside typical range,,UO_0000065,,,,,,CHEMBL4141663,Antioxidant activity assessed as ferric ion reducing activity using using Fe3+-TPTZ after 30 mins by FRAP assay,F,BAO_0000019,assay format,,,,,,,,,CHEMBL2362975,No relevant target,,,CHEMBL4138155,1,,Eur J Med Chem,2018,,,,,0.47,,470000.0,5.672,Baja
CHEMBL4166872,,,344.44,,5.09,,C/C(=N/Nc1nc(-c2cccc([N+](=O)[O-])c2)cs1)C1CCCCC1,EC50,=,670000.0,nM,,Outside typical range,,UO_0000065,,,,,,CHEMBL4141663,Antioxidant activity assessed as ferric ion reducing activity using using Fe3+-TPTZ after 30 mins by FRAP assay,F,BAO_0000019,assay format,,,,,,,,,CHEMBL2362975,No relevant target,,,CHEMBL4138155,1,,Eur J Med Chem,2018,,,,,0.67,,670000.0,5.826,Baja
CHEMBL153,TROLOX,,250.29,,2.49,,Cc1c(C)c2c(c(C)c1O)CCC(C)(C(=O)O)O2,EC50,=,160000.0,nM,,Outside typical range,,UO_0000065,,,,,,CHEMBL4141663,Antioxidant activity assessed as ferric ion reducing activity using using Fe3+-TPTZ after 30 mins by FRAP assay,F,BAO_0000019,assay format,,,,,,,,,CHEMBL2362975,No relevant target,,,CHEMBL4138155,1,,Eur J Med Chem,2018,,,,,0.16,,160000.0,5.204,Media
CHEMBL3263526,,,276.32,,3.53,,CC(C)=NNc1nc(-c2cccc([N+](=O)[O-])c2)cs1,EC50,=,510000.0,nM,,Outside typical range,,UO_0000065,,,,,,CHEMBL4141664,Antioxidant activity assessed as cupric ion reducing activity after 30 mins by CUPRAC assay,F,BAO_0000019,assay format,,,,,,,,,CHEMBL2362975,No relevant target,,,CHEMBL4138155,1,,Eur J Med Chem,2018,,,,,0.51,,510000.0,5.708,Baja
CHEMBL4170390,,,290.35,,3.92,,CC/C(C)=N\Nc1nc(-c2cccc([N+](=O)[O-])c2)cs1,EC50,=,580000.0,nM,,Outside typical range,,UO_0000065,,,,,,CHEMBL4141664,Antioxidant activity assessed as cupric ion reducing activity after 30 mins by CUPRAC assay,F,BAO_0000019,assay format,,,,,,,,,CHEMBL2362975,No relevant target,,,CHEMBL4138155,1,,Eur J Med Chem,2018,,,,,0.58,,580000.0,5.763,Baja
CHEMBL4162473,,,304.38,,4.31,,CCC/C(C)=N\Nc1nc(-c2cccc([N+](=O)[O-])c2)cs1,EC50,=,550000.0,nM,,Outside typical range,,UO_0000065,,,,,,CHEMBL4141664,Antioxidant activity assessed as cupric ion reducing activity after 30 mins by CUPRAC assay,F,BAO_0000019,assay format,,,,,,,,,CHEMBL2362975,No relevant target,,,CHEMBL4138155,1,,Eur J Med Chem,2018,,,,,0.55,,550000.0,5.74,Baja
CHEMBL4162060,,,304.38,,4.31,,CCC(CC)=NNc1nc(-c2cccc([N+](=O)[O-])c2)cs1,EC50,=,460000.0,nM,,Outside typical range,,UO_0000065,,,,,,CHEMBL4141664,Antioxidant activity assessed as cupric ion reducing activity after 30 mins by CUPRAC assay,F,BAO_0000019,assay format,,,,,,,,,CHEMBL2362975,No relevant target,,,CHEMBL4138155,1,,Eur J Med Chem,2018,,,,,0.46,,460000.0,5.663,Baja
CHEMBL4172739,,,318.4,,4.55,,C/C(CC(C)C)=N/Nc1nc(-c2cccc([N+](=O)[O-])c2)cs1,EC50,=,570000.0,nM,,Outside typical range,,UO_0000065,,,,,,CHEMBL4141664,Antioxidant activity assessed as cupric ion reducing activity after 30 mins by CUPRAC assay,F,BAO_0000019,assay format,,,,,,,,,CHEMBL2362975,No relevant target,,,CHEMBL4138155,1,,Eur J Med Chem,2018,,,,,0.57,,570000.0,5.756,Baja
CHEMBL4161431,,,316.39,,4.47,,C=CCC/C(C)=N\Nc1nc(-c2cccc([N+](=O)[O-])c2)cs1,EC50,=,460000.0,nM,,Outside typical range,,UO_0000065,,,,,,CHEMBL4141664,Antioxidant activity assessed as cupric ion reducing activity after 30 mins by CUPRAC assay,F,BAO_0000019,assay format,,,,,,,,,CHEMBL2362975,No relevant target,,,CHEMBL4138155,1,,Eur J Med Chem,2018,,,,,0.46,,460000.0,5.663,Baja
CHEMBL4169354,,,318.4,,4.7,,CCCC/C(C)=N\Nc1nc(-c2cccc([N+](=O)[O-])c2)cs1,EC50,=,520000.0,nM,,Outside typical range,,UO_0000065,,,,,,CHEMBL4141664,Antioxidant activity assessed as cupric ion reducing activity after 30 mins by CUPRAC assay,F,BAO_0000019,assay format,,,,,,,,,CHEMBL2362975,No relevant target,,,CHEMBL4138155,1,,Eur J Med Chem,2018,,,,,0.52,,520000.0,5.716,Baja
CHEMBL4176538,,,318.4,,4.7,,CCC/C(CC)=N\Nc1nc(-c2cccc([N+](=O)[O-])c2)cs1,EC50,=,530000.0,nM,,Outside typical range,,UO_0000065,,,,,,CHEMBL4141664,Antioxidant activity assessed as cupric ion reducing activity after 30 mins by CUPRAC assay,F,BAO_0000019,assay format,,,,,,,,,CHEMBL2362975,No relevant target,,,CHEMBL4138155,1,,Eur J Med Chem,2018,,,,,0.53,,530000.0,5.724,Baja
CHEMBL4165922,,,346.46,,5.48,,CCCCC/C(CC)=N\Nc1nc(-c2cccc([N+](=O)[O-])c2)cs1,EC50,=,590000.0,nM,,Outside typical range,,UO_0000065,,,,,,CHEMBL4141664,Antioxidant activity assessed as cupric ion reducing activity after 30 mins by CUPRAC assay,F,BAO_0000019,assay format,,,,,,,,,CHEMBL2362975,No relevant target,,,CHEMBL4138155,1,,Eur J Med Chem,2018,,,,,0.59,,590000.0,5.771,Baja
CHEMBL4173167,,,332.43,,5.09,,CCCC/C(CC)=N\Nc1nc(-c2cccc([N+](=O)[O-])c2)cs1,EC50,=,550000.0,nM,,Outside typical range,,UO_0000065,,,,,,CHEMBL4141664,Antioxidant activity assessed as cupric ion reducing activity after 30 mins by CUPRAC assay,F,BAO_0000019,assay format,,,,,,,,,CHEMBL2362975,No relevant target,,,CHEMBL4138155,1,,Eur J Med Chem,2018,,,,,0.55,,550000.0,5.74,Baja
CHEMBL4162482,,,346.46,,5.48,,CCCCCC/C(C)=N\Nc1nc(-c2cccc([N+](=O)[O-])c2)cs1,EC50,=,530000.0,nM,,Outside typical range,,UO_0000065,,,,,,CHEMBL4141664,Antioxidant activity assessed as cupric ion reducing activity after 30 mins by CUPRAC assay,F,BAO_0000019,assay format,,,,,,,,,CHEMBL2362975,No relevant target,,,CHEMBL4138155,1,,Eur J Med Chem,2018,,,,,0.53,,530000.0,5.724,Baja
CHEMBL399764,,,302.36,,4.06,,O=[N+]([O-])c1cccc(-c2csc(NN=C3CCCC3)n2)c1,EC50,=,510000.0,nM,,Outside typical range,,UO_0000065,,,,,,CHEMBL4141664,Antioxidant activity assessed as cupric ion reducing activity after 30 mins by CUPRAC assay,F,BAO_0000019,assay format,,,,,,,,,CHEMBL2362975,No relevant target,,,CHEMBL4138155,1,,Eur J Med Chem,2018,,,,,0.51,,510000.0,5.708,Baja
CHEMBL4159091,,,316.39,,4.45,,O=[N+]([O-])c1cccc(-c2csc(NN=C3CCCCC3)n2)c1,EC50,=,320000.0,nM,,Outside typical range,,UO_0000065,,,,,,CHEMBL4141664,Antioxidant activity assessed as cupric ion reducing activity after 30 mins by CUPRAC assay,F,BAO_0000019,assay format,,,,,,,,,CHEMBL2362975,No relevant target,,,CHEMBL4138155,1,,Eur J Med Chem,2018,,,,,0.32,,320000.0,5.505,Baja
CHEMBL4175062,,,330.41,,4.7,,CC1CCC(=NNc2nc(-c3cccc([N+](=O)[O-])c3)cs2)CC1,EC50,=,390000.0,nM,,Outside typical range,,UO_0000065,,,,,,CHEMBL4141664,Antioxidant activity assessed as cupric ion reducing activity after 30 mins by CUPRAC assay,F,BAO_0000019,assay format,,,,,,,,,CHEMBL2362975,No relevant target,,,CHEMBL4138155,1,,Eur J Med Chem,2018,,,,,0.39,,390000.0,5.591,Baja
CHEMBL4164415,,,330.41,,4.84,,O=[N+]([O-])c1cccc(-c2csc(NN=C3CCCCCC3)n2)c1,EC50,=,410000.0,nM,,Outside typical range,,UO_0000065,,,,,,CHEMBL4141664,Antioxidant activity assessed as cupric ion reducing activity after 30 mins by CUPRAC assay,F,BAO_0000019,assay format,,,,,,,,,CHEMBL2362975,No relevant target,,,CHEMBL4138155,1,,Eur J Med Chem,2018,,,,,0.41,,410000.0,5.613,Baja
CHEMBL4163420,,,344.44,,5.23,,O=[N+]([O-])c1cccc(-c2csc(NN=C3CCCCCCC3)n2)c1,EC50,=,440000.0,nM,,Outside typical range,,UO_0000065,,,,,,CHEMBL4141664,Antioxidant activity assessed as cupric ion reducing activity after 30 mins by CUPRAC assay,F,BAO_0000019,assay format,,,,,,,,,CHEMBL2362975,No relevant target,,,CHEMBL4138155,1,,Eur J Med Chem,2018,,,,,0.44,,440000.0,5.643,Baja
CHEMBL4174116,,,302.36,,3.92,,C/C(=N/Nc1nc(-c2cccc([N+](=O)[O-])c2)cs1)C1CC1,EC50,=,530000.0,nM,,Outside typical range,,UO_0000065,,,,,,CHEMBL4141664,Antioxidant activity assessed as cupric ion reducing activity after 30 mins by CUPRAC assay,F,BAO_0000019,assay format,,,,,,,,,CHEMBL2362975,No relevant target,,,CHEMBL4138155,1,,Eur J Med Chem,2018,,,,,0.53,,530000.0,5.724,Baja
CHEMBL4166872,,,344.44,,5.09,,C/C(=N/Nc1nc(-c2cccc([N+](=O)[O-])c2)cs1)C1CCCCC1,EC50,=,610000.0,nM,,Outside typical range,,UO_0000065,,,,,,CHEMBL4141664,Antioxidant activity assessed as cupric ion reducing activity after 30 mins by CUPRAC assay,F,BAO_0000019,assay format,,,,,,,,,CHEMBL2362975,No relevant target,,,CHEMBL4138155,1,,Eur J Med Chem,2018,,,,,0.61,,610000.0,5.785,Baja
CHEMBL153,TROLOX,,250.29,,2.49,,Cc1c(C)c2c(c(C)c1O)CCC(C)(C(=O)O)O2,EC50,=,240000.0,nM,,Outside typical range,,UO_0000065,,,,,,CHEMBL4141664,Antioxidant activity assessed as cupric ion reducing activity after 30 mins by CUPRAC assay,F,BAO_0000019,assay format,,,,,,,,,CHEMBL2362975,No relevant target,,,CHEMBL4138155,1,,Eur J Med Chem,2018,,,,,0.24,,240000.0,5.38,Baja
CHEMBL4129811,,,404.46,,2.36,,CCC[C@H]1OC(=O)/C=C\C=C\[C@H](O)[C@@H](O)[C@@H]1[C@H](C)COC(=O)c1ccc(O)cc1,EC50,=,27500.0,nM,4.56,,,UO_0000065,,,,,,CHEMBL4122952,Antioxidant activity assessed as DPPH free radical scavenging activity after 30 mins in dark by spectrophotometric method,F,BAO_0000019,assay format,,,,,,,,,CHEMBL2362975,No relevant target,,,CHEMBL4118177,1,,Bioorg Med Chem Lett,2018,,,,,27.5,,27500.0,4.439,Media
CHEMBL4130219,,,264.28,,2.03,,CCC/C=C/[C@@H]1OC(=O)c2cc(O)cc(O)c2[C@@H]1O,EC50,=,10300.0,nM,4.99,,,UO_0000065,,,,,,CHEMBL4122952,Antioxidant activity assessed as DPPH free radical scavenging activity after 30 mins in dark by spectrophotometric method,F,BAO_0000019,assay format,,,,,,,,,CHEMBL2362975,No relevant target,,,CHEMBL4118177,1,,Bioorg Med Chem Lett,2018,,,,,10.3,,10300.0,4.013,Alta
CHEMBL4128857,,,240.3,,1.59,,CCC[C@@H]1C[C@H](O)[C@@H](OC)/C=C/C=C\C(=O)O1,EC50,>,100000.0,nM,,,,UO_0000065,,,,,,CHEMBL4122952,Antioxidant activity assessed as DPPH free radical scavenging activity after 30 mins in dark by spectrophotometric method,F,BAO_0000019,assay format,,,,,,,,,CHEMBL2362975,No relevant target,,,CHEMBL4118177,1,,Bioorg Med Chem Lett,2018,,,,,100.0,,100000.0,5.0,Media
CHEMBL4129010,,,226.27,,0.94,,CCC[C@@H]1C[C@H](O)[C@@H](O)/C=C/C=C\C(=O)O1,EC50,>,100000.0,nM,,,,UO_0000065,,,,,,CHEMBL4122952,Antioxidant activity assessed as DPPH free radical scavenging activity after 30 mins in dark by spectrophotometric method,F,BAO_0000019,assay format,,,,,,,,,CHEMBL2362975,No relevant target,,,CHEMBL4118177,1,,Bioorg Med Chem Lett,2018,,,,,100.0,,100000.0,5.0,Media
CHEMBL196,ASCORBIC ACID,,176.12,,-1.41,,O=C1O[C@H]([C@@H](O)CO)C(O)=C1O,EC50,=,6200.0,nM,5.21,,,UO_0000065,,,,,,CHEMBL4122952,Antioxidant activity assessed as DPPH free radical scavenging activity after 30 mins in dark by spectrophotometric method,F,BAO_0000019,assay format,,,,,,,,,CHEMBL2362975,No relevant target,,,CHEMBL4118177,1,,Bioorg Med Chem Lett,2018,,,,,6.2,,6200.0,3.792,Alta
CHEMBL196,ASCORBIC ACID,,176.12,,-1.41,,O=C1O[C@H]([C@@H](O)CO)C(O)=C1O,EC50,=,180000.0,nM,,Outside typical range,,UO_0000065,,,,,,CHEMBL4383919,Antioxidant activity assessed as DPPH free radical scavenging activity after 10 mins,F,BAO_0000019,assay format,,,,,,,,,CHEMBL2362975,No relevant target,,,CHEMBL4382225,1,,Bioorg Med Chem,2018,,,,,0.18,,180000.0,5.255,Baja
CHEMBL232202,ARBUTIN,,272.25,,-1.43,,OC[C@H]1O[C@@H](Oc2ccc(O)cc2)[C@H](O)[C@@H](O)[C@@H]1O,EC50,=,1700000.0,nM,,Outside typical range,,UO_0000065,,,,,,CHEMBL4383919,Antioxidant activity assessed as DPPH free radical scavenging activity after 10 mins,F,BAO_0000019,assay format,,,,,,,,,CHEMBL2362975,No relevant target,,,CHEMBL4382225,1,,Bioorg Med Chem,2018,,,,,1.7,,1700000.0,6.23,Baja
CHEMBL1088758,TERRESTRIBISAMIDE,,440.5,,2.85,,COc1cc(/C=C/C(=O)NCCCCNC(=O)/C=C/c2ccc(O)c(OC)c2)ccc1O,EC50,=,830000.0,nM,,Outside typical range,,UO_0000065,,,,,,CHEMBL4383919,Antioxidant activity assessed as DPPH free radical scavenging activity after 10 mins,F,BAO_0000019,assay format,,,,,,,,,CHEMBL2362975,No relevant target,,,CHEMBL4382225,1,,Bioorg Med Chem,2018,,,,,0.83,,830000.0,5.919,Baja
CHEMBL4544938,,,426.47,,2.46,,COc1cc(/C=C/C(=O)NCCCNC(=O)/C=C/c2ccc(O)c(OC)c2)ccc1O,EC50,=,150000.0,nM,,Outside typical range,,UO_0000065,,,,,,CHEMBL4383919,Antioxidant activity assessed as DPPH free radical scavenging activity after 10 mins,F,BAO_0000019,assay format,,,,,,,,,CHEMBL2362975,No relevant target,,,CHEMBL4382225,1,,Bioorg Med Chem,2018,,,,,0.15,,150000.0,5.176,Media
CHEMBL1090444,,,412.44,,2.07,,COc1cc(/C=C/C(=O)NCCNC(=O)/C=C/c2ccc(O)c(OC)c2)ccc1O,EC50,=,90000.0,nM,4.05,,,UO_0000065,,,,,,CHEMBL4383919,Antioxidant activity assessed as DPPH free radical scavenging activity after 10 mins,F,BAO_0000019,assay format,,,,,,,,,CHEMBL2362975,No relevant target,,,CHEMBL4382225,1,,Bioorg Med Chem,2018,,,,,0.09,,90000.0,4.954,Media
CHEMBL4459151,,,440.5,,2.85,,COc1ccc(/C=C/C(=O)NCCCCNC(=O)/C=C/c2ccc(OC)c(O)c2)cc1O,EC50,=,4200000.0,nM,,Outside typical range,,UO_0000065,,,,,,CHEMBL4383919,Antioxidant activity assessed as DPPH free radical scavenging activity after 10 mins,F,BAO_0000019,assay format,,,,,,,,,CHEMBL2362975,No relevant target,,,CHEMBL4382225,1,,Bioorg Med Chem,2018,,,,,4.2,,4200000.0,6.623,Baja
CHEMBL4544904,,,426.47,,2.46,,COc1ccc(/C=C/C(=O)NCCCNC(=O)/C=C/c2ccc(OC)c(O)c2)cc1O,EC50,=,2310000.0,nM,,Outside typical range,,UO_0000065,,,,,,CHEMBL4383919,Antioxidant activity assessed as DPPH free radical scavenging activity after 10 mins,F,BAO_0000019,assay format,,,,,,,,,CHEMBL2362975,No relevant target,,,CHEMBL4382225,1,,Bioorg Med Chem,2018,,,,,2.31,,2310000.0,6.364,Baja
CHEMBL4563690,,,412.44,,2.07,,COc1ccc(/C=C/C(=O)NCCNC(=O)/C=C/c2ccc(OC)c(O)c2)cc1O,EC50,=,2210000.0,nM,,Outside typical range,,UO_0000065,,,,,,CHEMBL4383919,Antioxidant activity assessed as DPPH free radical scavenging activity after 10 mins,F,BAO_0000019,assay format,,,,,,,,,CHEMBL2362975,No relevant target,,,CHEMBL4382225,1,,Bioorg Med Chem,2018,,,,,2.21,,2210000.0,6.344,Baja
CHEMBL4468096,,,380.44,,2.84,,O=C(/C=C/c1ccc(O)cc1)NCCCCNC(=O)/C=C/c1ccc(O)cc1,EC50,>,5000000.0,nM,,Outside typical range,,UO_0000065,,,,,,CHEMBL4383919,Antioxidant activity assessed as DPPH free radical scavenging activity after 10 mins,F,BAO_0000019,assay format,,,,,,,,,CHEMBL2362975,No relevant target,,,CHEMBL4382225,1,,Bioorg Med Chem,2018,,,,,5.0,,5000000.0,6.699,Baja
CHEMBL4461557,,,366.42,,2.45,,O=C(/C=C/c1ccc(O)cc1)NCCCNC(=O)/C=C/c1ccc(O)cc1,EC50,>,5000000.0,nM,,Outside typical range,,UO_0000065,,,,,,CHEMBL4383919,Antioxidant activity assessed as DPPH free radical scavenging activity after 10 mins,F,BAO_0000019,assay format,,,,,,,,,CHEMBL2362975,No relevant target,,,CHEMBL4382225,1,,Bioorg Med Chem,2018,,,,,5.0,,5000000.0,6.699,Baja
CHEMBL4546129,,,352.39,,2.06,,O=C(/C=C/c1ccc(O)cc1)NCCNC(=O)/C=C/c1ccc(O)cc1,EC50,>,5000000.0,nM,,Outside typical range,,UO_0000065,,,,,,CHEMBL4383919,Antioxidant activity assessed as DPPH free radical scavenging activity after 10 mins,F,BAO_0000019,assay format,,,,,,,,,CHEMBL2362975,No relevant target,,,CHEMBL4382225,1,,Bioorg Med Chem,2018,,,,,5.0,,5000000.0,6.699,Baja
CHEMBL4589117,,,380.44,,2.84,,O=C(/C=C/c1cccc(O)c1)NCCCCNC(=O)/C=C/c1cccc(O)c1,EC50,>,5000000.0,nM,,Outside typical range,,UO_0000065,,,,,,CHEMBL4383919,Antioxidant activity assessed as DPPH free radical scavenging activity after 10 mins,F,BAO_0000019,assay format,,,,,,,,,CHEMBL2362975,No relevant target,,,CHEMBL4382225,1,,Bioorg Med Chem,2018,,,,,5.0,,5000000.0,6.699,Baja
CHEMBL4450699,,,366.42,,2.45,,O=C(/C=C/c1cccc(O)c1)NCCCNC(=O)/C=C/c1cccc(O)c1,EC50,>,5000000.0,nM,,Outside typical range,,UO_0000065,,,,,,CHEMBL4383919,Antioxidant activity assessed as DPPH free radical scavenging activity after 10 mins,F,BAO_0000019,assay format,,,,,,,,,CHEMBL2362975,No relevant target,,,CHEMBL4382225,1,,Bioorg Med Chem,2018,,,,,5.0,,5000000.0,6.699,Baja
CHEMBL4455932,,,352.39,,2.06,,O=C(/C=C/c1cccc(O)c1)NCCNC(=O)/C=C/c1cccc(O)c1,EC50,>,5000000.0,nM,,Outside typical range,,UO_0000065,,,,,,CHEMBL4383919,Antioxidant activity assessed as DPPH free radical scavenging activity after 10 mins,F,BAO_0000019,assay format,,,,,,,,,CHEMBL2362975,No relevant target,,,CHEMBL4382225,1,,Bioorg Med Chem,2018,,,,,5.0,,5000000.0,6.699,Baja
CHEMBL4750140,,,393.53,,3.0,,O=C(CN1CCC(Cc2ccccc2)CC1)N1CCN(c2ccc(O)cc2)CC1,EC50,=,18100.0,nM,4.74,,,UO_0000065,,,,,,CHEMBL4725763,Antioxidant activity assessed as ABTS radical scavenging activity incubated in dark for 1 min,F,BAO_0000019,assay format,,,,,,,,,CHEMBL2362975,No relevant target,,,CHEMBL4725226,1,,Bioorg Med Chem,2020,,,,,18.1,,18100.0,4.258,Alta
CHEMBL153,TROLOX,,250.29,,2.49,,Cc1c(C)c2c(c(C)c1O)CCC(C)(C(=O)O)O2,EC50,=,13000.0,nM,4.89,,,UO_0000065,,,,,,CHEMBL4725763,Antioxidant activity assessed as ABTS radical scavenging activity incubated in dark for 1 min,F,BAO_0000019,assay format,,,,,,,,,CHEMBL2362975,No relevant target,,,CHEMBL4725226,1,,Bioorg Med Chem,2020,,,,,13.0,,13000.0,4.114,Alta
CHEMBL2364628,RICOLINOSTAT,,433.51,,4.13,,O=C(CCCCCCNC(=O)c1cnc(N(c2ccccc2)c2ccccc2)nc1)NO,EC50,=,255000.0,nM,,Outside typical range,,UO_0000065,,,,,,CHEMBL5036495,Antioxidant activity assessed as DPPH radical scavenging activity incubated for 30 mins under dark condition by microplate reader based assay,F,BAO_0000019,assay format,,,,,,,,,CHEMBL2362975,No relevant target,,,CHEMBL5036306,1,,J Med Chem,2021,,,,,255.0,,255000.0,5.407,Baja
CHEMBL45,MELATONIN,,232.28,,1.86,,COc1ccc2[nH]cc(CCNC(C)=O)c2c1,EC50,>,6000000.0,nM,,Outside typical range,,UO_0000065,,,,,,CHEMBL5036495,Antioxidant activity assessed as DPPH radical scavenging activity incubated for 30 mins under dark condition by microplate reader based assay,F,BAO_0000019,assay format,,,,,,,,,CHEMBL2362975,No relevant target,,,CHEMBL5036306,1,,J Med Chem,2021,,,,,6.0,,6000000.0,6.778,Baja
CHEMBL32749,FERULATE,,194.19,,1.5,,COc1cc(/C=C/C(=O)O)ccc1O,EC50,=,13700.0,nM,4.86,,,UO_0000065,,,,,,CHEMBL5036495,Antioxidant activity assessed as DPPH radical scavenging activity incubated for 30 mins under dark condition by microplate reader based assay,F,BAO_0000019,assay format,,,,,,,,,CHEMBL2362975,No relevant target,,,CHEMBL5036306,1,,J Med Chem,2021,,,,,13.7,,13700.0,4.137,Alta
CHEMBL141502,,,365.43,,3.03,,COc1ccc2[nH]cc(CCNCc3ccc(/C=C/C(=O)NO)cc3)c2c1,EC50,=,17100.0,nM,4.77,,,UO_0000065,,,,,,CHEMBL5036495,Antioxidant activity assessed as DPPH radical scavenging activity incubated for 30 mins under dark condition by microplate reader based assay,F,BAO_0000019,assay format,,,,,,,,,CHEMBL2362975,No relevant target,,,CHEMBL5036306,1,,J Med Chem,2021,,,,,17.1,,17100.0,4.233,Alta
CHEMBL5082854,,,339.39,,2.63,,COc1ccc2[nH]cc(CCNCc3ccc(C(=O)NO)cc3)c2c1,EC50,=,66700.0,nM,4.18,,,UO_0000065,,,,,,CHEMBL5036495,Antioxidant activity assessed as DPPH radical scavenging activity incubated for 30 mins under dark condition by microplate reader based assay,F,BAO_0000019,assay format,,,,,,,,,CHEMBL2362975,No relevant target,,,CHEMBL5036306,1,,J Med Chem,2021,,,,,66.7,,66700.0,4.824,Media
CHEMBL5085762,,,353.38,,2.27,,COc1ccc2[nH]cc(CCNC(=O)c3ccc(C(=O)NO)cc3)c2c1,EC50,=,62000.0,nM,4.21,,,UO_0000065,,,,,,CHEMBL5036495,Antioxidant activity assessed as DPPH radical scavenging activity incubated for 30 mins under dark condition by microplate reader based assay,F,BAO_0000019,assay format,,,,,,,,,CHEMBL2362975,No relevant target,,,CHEMBL5036306,1,,J Med Chem,2021,,,,,62.0,,62000.0,4.792,Media
CHEMBL5090786,,,379.42,,2.67,,COc1ccc2[nH]cc(CCNC(=O)c3ccc(/C=C/C(=O)NO)cc3)c2c1,EC50,=,25200.0,nM,4.6,,,UO_0000065,,,,,,CHEMBL5036495,Antioxidant activity assessed as DPPH radical scavenging activity incubated for 30 mins under dark condition by microplate reader based assay,F,BAO_0000019,assay format,,,,,,,,,CHEMBL2362975,No relevant target,,,CHEMBL5036306,1,,J Med Chem,2021,,,,,25.2,,25200.0,4.401,Media
CHEMBL5070312,,,379.42,,2.67,,COc1ccc2[nH]cc(CCNC(=O)/C=C/c3ccc(C(=O)NO)cc3)c2c1,EC50,=,65000.0,nM,4.19,,,UO_0000065,,,,,,CHEMBL5036495,Antioxidant activity assessed as DPPH radical scavenging activity incubated for 30 mins under dark condition by microplate reader based assay,F,BAO_0000019,assay format,,,,,,,,,CHEMBL2362975,No relevant target,,,CHEMBL5036306,1,,J Med Chem,2021,,,,,65.0,,65000.0,4.813,Media
CHEMBL5089482,,,333.39,,1.9,,COc1ccc2[nH]cc(CCNC(=O)CCCCC(=O)NO)c2c1,EC50,=,292000.0,nM,,Outside typical range,,UO_0000065,,,,,,CHEMBL5036495,Antioxidant activity assessed as DPPH radical scavenging activity incubated for 30 mins under dark condition by microplate reader based assay,F,BAO_0000019,assay format,,,,,,,,,CHEMBL2362975,No relevant target,,,CHEMBL5036306,1,,J Med Chem,2021,,,,,292.0,,292000.0,5.465,Baja
CHEMBL5078976,,,407.47,,2.9,,COc1ccc2c(c1)c(CCNC(C)=O)cn2Cc1ccc(/C=C/C(=O)NO)cc1,EC50,=,31400.0,nM,4.5,,,UO_0000065,,,,,,CHEMBL5036495,Antioxidant activity assessed as DPPH radical scavenging activity incubated for 30 mins under dark condition by microplate reader based assay,F,BAO_0000019,assay format,,,,,,,,,CHEMBL2362975,No relevant target,,,CHEMBL5036306,1,,J Med Chem,2021,,,,,31.4,,31400.0,4.497,Media
CHEMBL5076794,,,381.43,,2.5,,COc1ccc2c(c1)c(CCNC(C)=O)cn2Cc1ccc(C(=O)NO)cc1,EC50,=,56300.0,nM,4.25,,,UO_0000065,,,,,,CHEMBL5036495,Antioxidant activity assessed as DPPH radical scavenging activity incubated for 30 mins under dark condition by microplate reader based assay,F,BAO_0000019,assay format,,,,,,,,,CHEMBL2362975,No relevant target,,,CHEMBL5036306,1,,J Med Chem,2021,,,,,56.3,,56300.0,4.751,Media
CHEMBL5081920,,,361.44,,2.39,,COc1ccc2c(c1)c(CCNC(C)=O)cn2CCCCCC(=O)NO,EC50,=,262000.0,nM,,Outside typical range,,UO_0000065,,,,,,CHEMBL5036495,Antioxidant activity assessed as DPPH radical scavenging activity incubated for 30 mins under dark condition by microplate reader based assay,F,BAO_0000019,assay format,,,,,,,,,CHEMBL2362975,No relevant target,,,CHEMBL5036306,1,,J Med Chem,2021,,,,,262.0,,262000.0,5.418,Baja
CHEMBL5080111,,,541.6,,4.69,,COc1ccc2[nH]cc(CCN(Cc3ccc(/C=C/C(=O)NO)cc3)C(=O)/C=C/c3ccc(O)c(OC)c3)c2c1,EC50,=,8500.0,nM,5.07,,,UO_0000065,,,,,,CHEMBL5036495,Antioxidant activity assessed as DPPH radical scavenging activity incubated for 30 mins under dark condition by microplate reader based assay,F,BAO_0000019,assay format,,,,,,,,,CHEMBL2362975,No relevant target,,,CHEMBL5036306,1,,J Med Chem,2021,,,,,8.5,,8500.0,3.929,Alta
CHEMBL5072502,,,515.57,,4.29,,COc1ccc2[nH]cc(CCN(Cc3ccc(C(=O)NO)cc3)C(=O)/C=C/c3ccc(O)c(OC)c3)c2c1,EC50,=,10800.0,nM,4.97,,,UO_0000065,,,,,,CHEMBL5036495,Antioxidant activity assessed as DPPH radical scavenging activity incubated for 30 mins under dark condition by microplate reader based assay,F,BAO_0000019,assay format,,,,,,,,,CHEMBL2362975,No relevant target,,,CHEMBL5036306,1,,J Med Chem,2021,,,,,10.8,,10800.0,4.033,Alta
CHEMBL5087002,,,495.58,,4.04,,COc1ccc2[nH]cc(CCN(CCCCCC(=O)NO)C(=O)/C=C/c3ccc(O)c(OC)c3)c2c1,EC50,=,8900.0,nM,5.05,,,UO_0000065,,,,,,CHEMBL5036495,Antioxidant activity assessed as DPPH radical scavenging activity incubated for 30 mins under dark condition by microplate reader based assay,F,BAO_0000019,assay format,,,,,,,,,CHEMBL2362975,No relevant target,,,CHEMBL5036306,1,,J Med Chem,2021,,,,,8.9,,8900.0,3.949,Alta
CHEMBL5092272,,,598.66,,3.81,,COc1ccc2[nH]cc(CCNC(=O)CN(Cc3ccc(/C=C/C(=O)NO)cc3)C(=O)/C=C/c3ccc(O)c(OC)c3)c2c1,EC50,=,8300.0,nM,5.08,,,UO_0000065,,,,,,CHEMBL5036495,Antioxidant activity assessed as DPPH radical scavenging activity incubated for 30 mins under dark condition by microplate reader based assay,F,BAO_0000019,assay format,,,,,,,,,CHEMBL2362975,No relevant target,,,CHEMBL5036306,1,,J Med Chem,2021,,,,,8.3,,8300.0,3.919,Alta
CHEMBL5083024,,,572.62,,3.41,,COc1ccc2[nH]cc(CCNC(=O)CN(Cc3ccc(C(=O)NO)cc3)C(=O)/C=C/c3ccc(O)c(OC)c3)c2c1,EC50,=,15200.0,nM,4.82,,,UO_0000065,,,,,,CHEMBL5036495,Antioxidant activity assessed as DPPH radical scavenging activity incubated for 30 mins under dark condition by microplate reader based assay,F,BAO_0000019,assay format,,,,,,,,,CHEMBL2362975,No relevant target,,,CHEMBL5036306,1,,J Med Chem,2021,,,,,15.2,,15200.0,4.182,Alta
CHEMBL5092694,,,552.63,,3.16,,COc1ccc2[nH]cc(CCNC(=O)CN(CCCCCC(=O)NO)C(=O)/C=C/c3ccc(O)c(OC)c3)c2c1,EC50,=,19100.0,nM,4.72,,,UO_0000065,,,,,,CHEMBL5036495,Antioxidant activity assessed as DPPH radical scavenging activity incubated for 30 mins under dark condition by microplate reader based assay,F,BAO_0000019,assay format,,,,,,,,,CHEMBL2362975,No relevant target,,,CHEMBL5036306,1,,J Med Chem,2021,,,,,19.1,,19100.0,4.281,Alta
CHEMBL5206644,,,494.13,,0.7,,NC(=O)c1cc[n+](C/C=C/C[n+]2cc(F)c(/C=N/O)c(F)c2)cc1.[Br-].[Br-],EC50,=,250000.0,nM,,Outside typical range,,UO_0000065,,,,,,CHEMBL5114671,Antioxidant activity assessed as DPPH radical scavenging activity incubated for 1 hrs under dark condition by DPPH assay,F,BAO_0000019,assay format,,,,,,,,,CHEMBL2362975,No relevant target,,,CHEMBL5113391,1,,Eur J Med Chem,2022,,,,,250.0,,250000.0,5.398,Baja
CHEMBL153,TROLOX,,250.29,,2.49,,Cc1c(C)c2c(c(C)c1O)CCC(C)(C(=O)O)O2,EC50,=,50000.0,nM,4.3,,,UO_0000065,,,,,,CHEMBL5114671,Antioxidant activity assessed as DPPH radical scavenging activity incubated for 1 hrs under dark condition by DPPH assay,F,BAO_0000019,assay format,,,,,,,,,CHEMBL2362975,No relevant target,,,CHEMBL5113391,1,,Eur J Med Chem,2022,,,,,50.0,,50000.0,4.699,Media
CHEMBL196,ASCORBIC ACID,,176.12,,-1.41,,O=C1O[C@H]([C@@H](O)CO)C(O)=C1O,EC50,=,30000.0,nM,4.52,,,UO_0000065,,,,,,CHEMBL5131124,Antioxidant activity assessed as DPPH radical scavenging activity incubated for 35 mins under dark condition,F,BAO_0000019,assay format,,,,,,,,,CHEMBL2362975,No relevant target,,,CHEMBL5126663,1,,J Nat Prod,2022,,,,,30.0,,30000.0,4.477,Media
CHEMBL5174683,,,429.39,,-2.0,,O=c1[nH]c(=O)c2nc(-c3c[nH]c4ccccc34)c(=O)n(C[C@H](O)[C@H](O)[C@H](O)CO)c2[nH]1,EC50,=,32000.0,nM,4.5,,,UO_0000065,,,,,,CHEMBL5131124,Antioxidant activity assessed as DPPH radical scavenging activity incubated for 35 mins under dark condition,F,BAO_0000019,assay format,,,,,,,,,CHEMBL2362975,No relevant target,,,CHEMBL5126663,1,,J Nat Prod,2022,,,,,32.0,,32000.0,4.505,Media
CHEMBL5193582,,,439.49,,2.19,,O=C(/C=C/c1ccc(O)c(O)c1)N1CCN(S(=O)(=O)c2cccc3cnccc23)CC1,EC50,=,9930.0,nM,5.0,,,UO_0000065,,,,,,CHEMBL5156928,Antioxidant activity assessed as DPPH radical scavenging activity incubated for 30 mins by spectrophotometric analysis,F,BAO_0000019,assay format,,,,,,,,,CHEMBL2362975,No relevant target,,,CHEMBL5154684,1,,J Med Chem,2022,,,,,9.93,,9930.0,3.997,Alta
CHEMBL5186668,,,453.52,,2.58,,O=C(/C=C/c1ccc(O)c(O)c1)N1CCCN(S(=O)(=O)c2cccc3cnccc23)CC1,EC50,=,10020.0,nM,5.0,,,UO_0000065,,,,,,CHEMBL5156928,Antioxidant activity assessed as DPPH radical scavenging activity incubated for 30 mins by spectrophotometric analysis,F,BAO_0000019,assay format,,,,,,,,,CHEMBL2362975,No relevant target,,,CHEMBL5154684,1,,J Med Chem,2022,,,,,10.02,,10020.0,4.001,Alta
CHEMBL5208912,,,441.51,,2.11,,O=C(CCc1ccc(O)c(O)c1)N1CCN(S(=O)(=O)c2cccc3cnccc23)CC1,EC50,=,10110.0,nM,5.0,,,UO_0000065,,,,,,CHEMBL5156928,Antioxidant activity assessed as DPPH radical scavenging activity incubated for 30 mins by spectrophotometric analysis,F,BAO_0000019,assay format,,,,,,,,,CHEMBL2362975,No relevant target,,,CHEMBL5154684,1,,J Med Chem,2022,,,,,10.11,,10110.0,4.005,Alta
CHEMBL5204978,,,455.54,,2.5,,O=C(CCc1ccc(O)c(O)c1)N1CCCN(S(=O)(=O)c2cccc3cnccc23)CC1,EC50,=,9680.0,nM,5.01,,,UO_0000065,,,,,,CHEMBL5156928,Antioxidant activity assessed as DPPH radical scavenging activity incubated for 30 mins by spectrophotometric analysis,F,BAO_0000019,assay format,,,,,,,,,CHEMBL2362975,No relevant target,,,CHEMBL5154684,1,,J Med Chem,2022,,,,,9.68,,9680.0,3.986,Alta
CHEMBL5203330,,,453.52,,2.5,,COc1cc(/C=C/C(=O)N2CCN(S(=O)(=O)c3cccc4cnccc34)CC2)ccc1O,EC50,=,6420.0,nM,5.19,,,UO_0000065,,,,,,CHEMBL5156928,Antioxidant activity assessed as DPPH radical scavenging activity incubated for 30 mins by spectrophotometric analysis,F,BAO_0000019,assay format,,,,,,,,,CHEMBL2362975,No relevant target,,,CHEMBL5154684,1,,J Med Chem,2022,,,,,6.42,,6420.0,3.808,Alta
CHEMBL5190627,,,467.55,,2.89,,COc1cc(/C=C/C(=O)N2CCCN(S(=O)(=O)c3cccc4cnccc34)CC2)ccc1O,EC50,=,9610.0,nM,5.02,,,UO_0000065,,,,,,CHEMBL5156928,Antioxidant activity assessed as DPPH radical scavenging activity incubated for 30 mins by spectrophotometric analysis,F,BAO_0000019,assay format,,,,,,,,,CHEMBL2362975,No relevant target,,,CHEMBL5154684,1,,J Med Chem,2022,,,,,9.61,,9610.0,3.983,Alta
CHEMBL5183453,,,455.54,,2.41,,COc1cc(CCC(=O)N2CCN(S(=O)(=O)c3cccc4cnccc34)CC2)ccc1O,EC50,=,10300.0,nM,4.99,,,UO_0000065,,,,,,CHEMBL5156928,Antioxidant activity assessed as DPPH radical scavenging activity incubated for 30 mins by spectrophotometric analysis,F,BAO_0000019,assay format,,,,,,,,,CHEMBL2362975,No relevant target,,,CHEMBL5154684,1,,J Med Chem,2022,,,,,10.3,,10300.0,4.013,Alta
CHEMBL5194687,,,469.56,,2.8,,COc1cc(CCC(=O)N2CCCN(S(=O)(=O)c3cccc4cnccc34)CC2)ccc1O,EC50,=,12000.0,nM,4.92,,,UO_0000065,,,,,,CHEMBL5156928,Antioxidant activity assessed as DPPH radical scavenging activity incubated for 30 mins by spectrophotometric analysis,F,BAO_0000019,assay format,,,,,,,,,CHEMBL2362975,No relevant target,,,CHEMBL5154684,1,,J Med Chem,2022,,,,,12.0,,12000.0,4.079,Alta
CHEMBL145,CAFFEIC ACID,,180.16,,1.2,,O=C(O)/C=C/c1ccc(O)c(O)c1,EC50,=,12130.0,nM,4.92,,,UO_0000065,,,,,,CHEMBL5156928,Antioxidant activity assessed as DPPH radical scavenging activity incubated for 30 mins by spectrophotometric analysis,F,BAO_0000019,assay format,,,,,,,,,CHEMBL2362975,No relevant target,,,CHEMBL5154684,1,,J Med Chem,2022,,,,,12.13,,12130.0,4.084,Alta
CHEMBL32749,FERULATE,,194.19,,1.5,,COc1cc(/C=C/C(=O)O)ccc1O,EC50,=,22830.0,nM,4.64,,,UO_0000065,,,,,,CHEMBL5156928,Antioxidant activity assessed as DPPH radical scavenging activity incubated for 30 mins by spectrophotometric analysis,F,BAO_0000019,assay format,,,,,,,,,CHEMBL2362975,No relevant target,,,CHEMBL5154684,1,,J Med Chem,2022,,,,,22.83,,22830.0,4.359,Alta
CHEMBL5276619,,,482.53,,6.13,,COc1cc(O)c2c(c1)CCc1cc(O)c(-c3c(/C=C/c4cccc(O)c4)cc(O)cc3OC)cc1-2,EC50,=,47300.0,nM,4.33,,,UO_0000065,,,,,,CHEMBL5244499,Antioxidant activity assessed as DPPH radical scavenging activity,F,BAO_0000019,assay format,,,,,,,,,CHEMBL2362975,No relevant target,,,CHEMBL5244207,1,,J Nat Prod,2018,,,,,47.3,,47300.0,4.675,Media
CHEMBL5289753,,,270.28,,2.76,,COc1c(O)cc2c3c1COc1cc(O)cc(c1-3)CC2,EC50,=,8800.0,nM,5.06,,,UO_0000065,,,,,,CHEMBL5244499,Antioxidant activity assessed as DPPH radical scavenging activity,F,BAO_0000019,assay format,,,,,,,,,CHEMBL2362975,No relevant target,,,CHEMBL5244207,1,,J Nat Prod,2018,,,,,8.8,,8800.0,3.944,Alta
CHEMBL254186,,,242.27,,2.87,,COc1cc(O)c2c(c1)CCc1cccc(O)c1-2,EC50,=,10000.0,nM,5.0,,,UO_0000065,,,,,,CHEMBL5244499,Antioxidant activity assessed as DPPH radical scavenging activity,F,BAO_0000019,assay format,,,,,,,,,CHEMBL2362975,No relevant target,,,CHEMBL5244207,1,,J Nat Prod,2018,,,,,10.0,,10000.0,4.0,Alta
CHEMBL288114,GALLIC ACID,,170.12,,0.5,,O=C(O)c1cc(O)c(O)c(O)c1,EC50,=,4200.0,nM,5.38,,,UO_0000065,,,,,,CHEMBL974722,Antioxidant activity assessed as DPPH free radical scavenging activity,F,BAO_0000019,assay format,,,,,,,,,CHEMBL613712,Radical scavenging activity,,,CHEMBL1155613,1,,J Nat Prod,2000,,,,,4.2,,4200.0,3.623,Alta
CHEMBL49563,alpha-TOCHOPHEROL,,430.72,,8.84,,Cc1c(C)c2c(c(C)c1O)CCC(C)(CCCC(C)CCCC(C)CCCC(C)C)O2,EC50,=,19900.0,nM,4.7,,,UO_0000065,,,,,,CHEMBL974722,Antioxidant activity assessed as DPPH free radical scavenging activity,F,BAO_0000019,assay format,,,,,,,,,CHEMBL613712,Radical scavenging activity,,,CHEMBL1155613,1,,J Nat Prod,2000,,,,,19.9,,19900.0,4.299,Alta
CHEMBL196,ASCORBIC ACID,,176.12,,-1.41,,O=C1O[C@H]([C@@H](O)CO)C(O)=C1O,EC50,=,16600.0,nM,4.78,,,UO_0000065,,,,,,CHEMBL974722,Antioxidant activity assessed as DPPH free radical scavenging activity,F,BAO_0000019,assay format,,,,,,,,,CHEMBL613712,Radical scavenging activity,,,CHEMBL1155613,1,,J Nat Prod,2000,,,,,16.6,,16600.0,4.22,Alta
CHEMBL118992,,,184.15,,0.8,,COc1c(O)cc(C(=O)O)cc1O,EC50,>,100000.0,nM,,,,UO_0000065,,,,,,CHEMBL974722,Antioxidant activity assessed as DPPH free radical scavenging activity,F,BAO_0000019,assay format,,,,,,,,,CHEMBL613712,Radical scavenging activity,,,CHEMBL1155613,1,,J Nat Prod,2000,,,,,100.0,,100000.0,5.0,Media
CHEMBL485792,2-METHOXYRESORCINOL,,140.14,,1.11,,COc1c(O)cccc1O,EC50,=,99600.0,nM,4.0,,,UO_0000065,,,,,,CHEMBL974722,Antioxidant activity assessed as DPPH free radical scavenging activity,F,BAO_0000019,assay format,,,,,,,,,CHEMBL613712,Radical scavenging activity,,,CHEMBL1155613,1,,J Nat Prod,2000,,,,,99.6,,99600.0,4.998,Media
CHEMBL485793,,,302.28,,-1.42,,COc1c(O)cccc1O[C@@H]1O[C@H](CO)[C@@H](O)[C@H](O)[C@H]1O,EC50,>,100000.0,nM,,,,UO_0000065,,,,,,CHEMBL974722,Antioxidant activity assessed as DPPH free radical scavenging activity,F,BAO_0000019,assay format,,,,,,,,,CHEMBL613712,Radical scavenging activity,,,CHEMBL1155613,1,,J Nat Prod,2000,,,,,100.0,,100000.0,5.0,Media
CHEMBL1162209,,,264.21,,0.28,,COc1c(O)cc(C(=O)O)cc1OS(=O)(=O)O,EC50,>,100000.0,nM,,,,UO_0000065,,,,,,CHEMBL974722,Antioxidant activity assessed as DPPH free radical scavenging activity,F,BAO_0000019,assay format,,,,,,,,,CHEMBL613712,Radical scavenging activity,,,CHEMBL1155613,1,,J Nat Prod,2000,,,,,100.0,,100000.0,5.0,Media
CHEMBL485791,,,288.25,,-1.72,,OC[C@H]1O[C@@H](Oc2cccc(O)c2O)[C@H](O)[C@@H](O)[C@@H]1O,EC50,=,52000.0,nM,4.28,,,UO_0000065,,,,,,CHEMBL974722,Antioxidant activity assessed as DPPH free radical scavenging activity,F,BAO_0000019,assay format,,,,,,,,,CHEMBL613712,Radical scavenging activity,,,CHEMBL1155613,1,,J Nat Prod,2000,,,,,52.0,,52000.0,4.716,Media
CHEMBL307145,PYROGALLOL,,126.11,,0.8,,Oc1cccc(O)c1O,EC50,=,4200.0,nM,5.38,,,UO_0000065,,,,,,CHEMBL974722,Antioxidant activity assessed as DPPH free radical scavenging activity,F,BAO_0000019,assay format,,,,,,,,,CHEMBL613712,Radical scavenging activity,,,CHEMBL1155613,1,,J Nat Prod,2000,,,,,4.2,,4200.0,3.623,Alta
CHEMBL504599,ECHINAMINE A,,265.22,,0.47,,CCc1c(O)c(O)c2c(c1O)C(=O)C(O)=C(N)C2=O,EC50,=,10000.0,nM,5.0,,,UO_0000065,,,,,,CHEMBL1004390,Antioxidant activity assessed as DPPH radical scavenging activity,F,BAO_0000019,assay format,,,,,,,,,CHEMBL613712,Radical scavenging activity,,,CHEMBL1158811,1,,J Nat Prod,2005,,,,,0.01,,10000.0,4.0,Alta
CHEMBL452666,SPINOCHROME D,,238.15,,0.51,,O=C1C(O)=C(O)C(=O)c2c(O)c(O)cc(O)c21,EC50,=,10000.0,nM,5.0,,,UO_0000065,,,,,,CHEMBL1004390,Antioxidant activity assessed as DPPH radical scavenging activity,F,BAO_0000019,assay format,,,,,,,,,CHEMBL613712,Radical scavenging activity,,,CHEMBL1158811,1,,J Nat Prod,2005,,,,,0.01,,10000.0,4.0,Alta
CHEMBL155722,ECHINOCHROME A,,266.2,,1.11,,CCC1=C(O)C(=O)c2c(O)c(O)c(O)c(O)c2C1=O,EC50,=,10000.0,nM,5.0,,,UO_0000065,,,,,,CHEMBL1004390,Antioxidant activity assessed as DPPH radical scavenging activity,F,BAO_0000019,assay format,,,,,,,,,CHEMBL613712,Radical scavenging activity,,,CHEMBL1158811,1,,J Nat Prod,2005,,,,,0.01,,10000.0,4.0,Alta
CHEMBL464307,ECHINAMINE B,,265.22,,0.47,,CCc1c(O)c(O)c2c(c1O)C(=O)C(N)=C(O)C2=O,EC50,=,10000.0,nM,5.0,,,UO_0000065,,,,,,CHEMBL1004390,Antioxidant activity assessed as DPPH radical scavenging activity,F,BAO_0000019,assay format,,,,,,,,,CHEMBL613712,Radical scavenging activity,,,CHEMBL1158811,1,,J Nat Prod,2005,,,,,0.01,,10000.0,4.0,Alta
CHEMBL598337,QUINIC ACID BISACETONIDE,,272.3,,0.71,,CC1(C)O[C@H]2[C@H](O)C[C@@]3(C[C@H]2O1)OC(C)(C)OC3=O,EC50,>,50.0,ug.mL-1,,,,UO_0000274,,,,,,CHEMBL1074337,Antioxidant activity assessed as DPPH radical scavenging activity,F,BAO_0000019,assay format,,,,,,,,,CHEMBL613712,Radical scavenging activity,,,CHEMBL1157714,1,,Bioorg Med Chem,2010,,,,,50.0,,183621.006,5.264,Baja
CHEMBL607861,,,254.28,,1.51,,CC1(C)O[C@H]2C=C[C@@]3(C[C@H]2O1)OC(C)(C)OC3=O,EC50,>,50.0,ug.mL-1,,,,UO_0000274,,,,,,CHEMBL1074337,Antioxidant activity assessed as DPPH radical scavenging activity,F,BAO_0000019,assay format,,,,,,,,,CHEMBL613712,Radical scavenging activity,,,CHEMBL1157714,1,,Bioorg Med Chem,2010,,,,,50.0,,196633.632,5.294,Baja
CHEMBL598338,,,214.22,,-0.28,,CC1(C)OC(=O)[C@@]2(C=C[C@@H](O)[C@H](O)C2)O1,EC50,>,50.0,ug.mL-1,,,,UO_0000274,,,,,,CHEMBL1074337,Antioxidant activity assessed as DPPH radical scavenging activity,F,BAO_0000019,assay format,,,,,,,,,CHEMBL613712,Radical scavenging activity,,,CHEMBL1157714,1,,Bioorg Med Chem,2010,,,,,50.0,,233404.911,5.368,Baja
CHEMBL597319,,,460.44,,1.83,,CC(=O)Oc1ccc(/C=C/C(=O)O[C@@H]2C[C@]3(C=C[C@H]2O)OC(C)(C)OC3=O)cc1OC(C)=O,EC50,>,50.0,ug.mL-1,,,,UO_0000274,,,,,,CHEMBL1074337,Antioxidant activity assessed as DPPH radical scavenging activity,F,BAO_0000019,assay format,,,,,,,,,CHEMBL613712,Radical scavenging activity,,,CHEMBL1157714,1,,Bioorg Med Chem,2010,,,,,50.0,,108591.782,5.036,Media
CHEMBL597320,,,460.44,,1.83,,CC(=O)Oc1ccc(/C=C/C(=O)O[C@@H]2C=C[C@@]3(C[C@H]2O)OC(C)(C)OC3=O)cc1OC(C)=O,EC50,>,50.0,ug.mL-1,,,,UO_0000274,,,,,,CHEMBL1074337,Antioxidant activity assessed as DPPH radical scavenging activity,F,BAO_0000019,assay format,,,,,,,,,CHEMBL613712,Radical scavenging activity,,,CHEMBL1157714,1,,Bioorg Med Chem,2010,,,,,50.0,,108591.782,5.036,Media
CHEMBL591442,,,706.65,,3.95,,CC(=O)Oc1ccc(/C=C/C(=O)O[C@@H]2C=C[C@@]3(C[C@H]2OC(=O)/C=C/c2ccc(OC(C)=O)c(OC(C)=O)c2)OC(C)(C)OC3=O)cc1OC(C)=O,EC50,>,50.0,ug.mL-1,,,,UO_0000274,,,,,,CHEMBL1074337,Antioxidant activity assessed as DPPH radical scavenging activity,F,BAO_0000019,assay format,,,,,,,,,CHEMBL613712,Radical scavenging activity,,,CHEMBL1157714,1,,Bioorg Med Chem,2010,,,,,50.0,,70756.386,4.85,Media
CHEMBL596709,,,376.36,,1.39,,CC1(C)OC(=O)[C@@]2(C=C[C@@H](O)[C@H](OC(=O)/C=C/c3ccc(O)c(O)c3)C2)O1,EC50,=,20.0,ug.mL-1,,,,UO_0000274,,,,,,CHEMBL1074337,Antioxidant activity assessed as DPPH radical scavenging activity,F,BAO_0000019,assay format,,,,,,,,,CHEMBL613712,Radical scavenging activity,,,CHEMBL1157714,1,,Bioorg Med Chem,2010,,,,,20.0,,53140.61,4.725,Media
CHEMBL596710,,,376.36,,1.39,,CC1(C)OC(=O)[C@@]2(C=C[C@@H](OC(=O)/C=C/c3ccc(O)c(O)c3)[C@H](O)C2)O1,EC50,=,18.0,ug.mL-1,,,,UO_0000274,,,,,,CHEMBL1074337,Antioxidant activity assessed as DPPH radical scavenging activity,F,BAO_0000019,assay format,,,,,,,,,CHEMBL613712,Radical scavenging activity,,,CHEMBL1157714,1,,Bioorg Med Chem,2010,,,,,18.0,,47826.549,4.68,Media
CHEMBL599575,,,538.51,,3.07,,CC1(C)OC(=O)[C@@]2(C=C[C@@H](OC(=O)/C=C/c3ccc(O)c(O)c3)[C@H](OC(=O)/C=C/c3ccc(O)c(O)c3)C2)O1,EC50,=,20.0,ug.mL-1,,,,UO_0000274,,,,,,CHEMBL1074337,Antioxidant activity assessed as DPPH radical scavenging activity,F,BAO_0000019,assay format,,,,,,,,,CHEMBL613712,Radical scavenging activity,,,CHEMBL1157714,1,,Bioorg Med Chem,2010,,,,,20.0,,37139.515,4.57,Media
CHEMBL599576,,,336.3,,0.16,,O=C(/C=C/c1ccc(O)c(O)c1)O[C@@H]1C[C@](O)(C(=O)O)C=C[C@H]1O,EC50,=,16.0,ug.mL-1,,,,UO_0000274,,,,,,CHEMBL1074337,Antioxidant activity assessed as DPPH radical scavenging activity,F,BAO_0000019,assay format,,,,,,,,,CHEMBL613712,Radical scavenging activity,,,CHEMBL1157714,1,,Bioorg Med Chem,2010,,,,,16.0,,47576.569,4.677,Media
CHEMBL610225,,,336.3,,0.16,,O=C(/C=C/c1ccc(O)c(O)c1)O[C@@H]1C=C[C@@](O)(C(=O)O)C[C@H]1O,EC50,=,15.0,ug.mL-1,,,,UO_0000274,,,,,,CHEMBL1074337,Antioxidant activity assessed as DPPH radical scavenging activity,F,BAO_0000019,assay format,,,,,,,,,CHEMBL613712,Radical scavenging activity,,,CHEMBL1157714,1,,Bioorg Med Chem,2010,,,,,15.0,,44603.033,4.649,Media
CHEMBL597735,,,498.44,,1.83,,O=C(/C=C/c1ccc(O)c(O)c1)O[C@@H]1C=C[C@@](O)(C(=O)O)C[C@H]1OC(=O)/C=C/c1ccc(O)c(O)c1,EC50,=,11.0,ug.mL-1,,,,UO_0000274,,,,,,CHEMBL1074337,Antioxidant activity assessed as DPPH radical scavenging activity,F,BAO_0000019,assay format,,,,,,,,,CHEMBL613712,Radical scavenging activity,,,CHEMBL1157714,1,,Bioorg Med Chem,2010,,,,,11.0,,22068.855,4.344,Alta
CHEMBL596719,,,394.38,,0.59,,CC[C@H]1OC(=O)[C@]2(C[C@@H](O)[C@H](O)[C@H](OC(=O)/C=C/c3ccc(O)c(O)c3)C2)O1,EC50,=,20.0,ug.mL-1,,,,UO_0000274,,,,,,CHEMBL1074337,Antioxidant activity assessed as DPPH radical scavenging activity,F,BAO_0000019,assay format,,,,,,,,,CHEMBL613712,Radical scavenging activity,,,CHEMBL1157714,1,,Bioorg Med Chem,2010,,,,,20.0,,50712.511,4.705,Media
CHEMBL596922,,,394.38,,0.59,,CC[C@@H]1OC(=O)[C@]2(C[C@@H](O)[C@H](O)[C@H](OC(=O)/C=C/c3ccc(O)c(O)c3)C2)O1,EC50,=,19.0,ug.mL-1,,,,UO_0000274,,,,,,CHEMBL1074337,Antioxidant activity assessed as DPPH radical scavenging activity,F,BAO_0000019,assay format,,,,,,,,,CHEMBL613712,Radical scavenging activity,,,CHEMBL1157714,1,,Bioorg Med Chem,2010,,,,,19.0,,48176.885,4.683,Media
CHEMBL596923,,,394.38,,0.59,,CC1(C)OC(=O)[C@]2(C[C@@H](O)[C@H](O)[C@H](OC(=O)/C=C/c3ccc(O)c(O)c3)C2)O1,EC50,=,8.0,ug.mL-1,,,,UO_0000274,,,,,,CHEMBL1074337,Antioxidant activity assessed as DPPH radical scavenging activity,F,BAO_0000019,assay format,,,,,,,,,CHEMBL613712,Radical scavenging activity,,,CHEMBL1157714,1,,Bioorg Med Chem,2010,,,,,8.0,,20285.004,4.307,Alta
CHEMBL596924,,,368.34,,-0.56,,COC(=O)[C@@]1(O)C[C@@H](O)[C@H](O)[C@H](OC(=O)/C=C/c2ccc(O)c(O)c2)C1,EC50,=,20.0,ug.mL-1,,,,UO_0000274,,,,,,CHEMBL1074337,Antioxidant activity assessed as DPPH radical scavenging activity,F,BAO_0000019,assay format,,,,,,,,,CHEMBL613712,Radical scavenging activity,,,CHEMBL1157714,1,,Bioorg Med Chem,2010,,,,,20.0,,54297.66,4.735,Media
CHEMBL599585,,,422.43,,1.37,,CCC1(CC)OC(=O)[C@]2(C[C@@H](O)[C@H](O)[C@H](OC(=O)/C=C/c3ccc(O)c(O)c3)C2)O1,EC50,=,29.0,ug.mL-1,,,,UO_0000274,,,,,,CHEMBL1074337,Antioxidant activity assessed as DPPH radical scavenging activity,F,BAO_0000019,assay format,,,,,,,,,CHEMBL613712,Radical scavenging activity,,,CHEMBL1157714,1,,Bioorg Med Chem,2010,,,,,29.0,,68650.427,4.837,Media
CHEMBL605572,,,450.48,,2.15,,CCCC1(CCC)OC(=O)[C@]2(C[C@@H](O)[C@H](O)[C@H](OC(=O)/C=C/c3ccc(O)c(O)c3)C2)O1,EC50,=,30.0,ug.mL-1,,,,UO_0000274,,,,,,CHEMBL1074337,Antioxidant activity assessed as DPPH radical scavenging activity,F,BAO_0000019,assay format,,,,,,,,,CHEMBL613712,Radical scavenging activity,,,CHEMBL1157714,1,,Bioorg Med Chem,2010,,,,,30.0,,66595.631,4.823,Media
CHEMBL599586,,,478.54,,2.93,,CCCCC1(CCCC)OC(=O)[C@]2(C[C@@H](O)[C@H](O)[C@H](OC(=O)/C=C/c3ccc(O)c(O)c3)C2)O1,EC50,=,22.0,ug.mL-1,,,,UO_0000274,,,,,,CHEMBL1074337,Antioxidant activity assessed as DPPH radical scavenging activity,F,BAO_0000019,assay format,,,,,,,,,CHEMBL613712,Radical scavenging activity,,,CHEMBL1157714,1,,Bioorg Med Chem,2010,,,,,22.0,,45973.168,4.663,Media
CHEMBL599587,,,506.59,,3.71,,CCCCCC1(CCCCC)OC(=O)[C@]2(C[C@@H](O)[C@H](O)[C@H](OC(=O)/C=C/c3ccc(O)c(O)c3)C2)O1,EC50,=,28.0,ug.mL-1,,,,UO_0000274,,,,,,CHEMBL1074337,Antioxidant activity assessed as DPPH radical scavenging activity,F,BAO_0000019,assay format,,,,,,,,,CHEMBL613712,Radical scavenging activity,,,CHEMBL1157714,1,,Bioorg Med Chem,2010,,,,,28.0,,55271.521,4.743,Media
CHEMBL47,ALPHA-TOCOPHEROL,,430.72,,8.84,,Cc1c(C)c2c(c(C)c1O)CC[C@@](C)(CCC[C@H](C)CCC[C@H](C)CCCC(C)C)O2,EC50,=,10.1,ug.mL-1,,,,UO_0000274,,,,,,CHEMBL1102628,Antioxidant activity assessed as DPPH radical scavenging activity after 10 mins,F,BAO_0000019,assay format,,,,,,,,,CHEMBL613712,Radical scavenging activity,,,CHEMBL1154892,1,,J Nat Prod,2010,,,,,10.1,,23449.108,4.37,Alta
CHEMBL250450,ISOQUERCETIN,,464.38,,-0.54,,O=c1c(O[C@@H]2O[C@H](CO)[C@@H](O)[C@H](O)[C@H]2O)c(-c2ccc(O)c(O)c2)oc2cc(O)cc(O)c12,EC50,=,20.4,ug.mL-1,,,,UO_0000274,,,,,,CHEMBL1102628,Antioxidant activity assessed as DPPH radical scavenging activity after 10 mins,F,BAO_0000019,assay format,,,,,,,,,CHEMBL613712,Radical scavenging activity,,,CHEMBL1154892,1,,J Nat Prod,2010,,,,,20.4,,43929.54,4.643,Media
CHEMBL1084924,,,432.38,,0.05,,O=c1cc(-c2ccc(O)c(O)c2)oc2cc(O[C@@H]3O[C@H](CO)[C@@H](O)[C@H](O)[C@H]3O)ccc12,EC50,=,28.4,ug.mL-1,,,,UO_0000274,,,,,,CHEMBL1102628,Antioxidant activity assessed as DPPH radical scavenging activity after 10 mins,F,BAO_0000019,assay format,,,,,,,,,CHEMBL613712,Radical scavenging activity,,,CHEMBL1154892,1,,J Nat Prod,2010,,,,,28.4,,65682.964,4.817,Media
CHEMBL1084916,CONFUSOSIDE,,420.41,,0.09,,O=C(CCc1ccc(O)cc1)c1ccc(O[C@@H]2O[C@H](CO)[C@@H](O)[C@H](O)[C@H]2O)cc1O,EC50,>,1000.0,ug.mL-1,,Outside typical range,,UO_0000274,,,,,,CHEMBL1102628,Antioxidant activity assessed as DPPH radical scavenging activity after 10 mins,F,BAO_0000019,assay format,,,,,,,,,CHEMBL613712,Radical scavenging activity,,,CHEMBL1154892,1,,J Nat Prod,2010,,,,,1000.0,,2378630.385,6.376,Baja
CHEMBL192877,DAVIDIGENIN,,258.27,,2.62,,O=C(CCc1ccc(O)cc1)c1ccc(O)cc1O,EC50,>,1000.0,ug.mL-1,,Outside typical range,,UO_0000274,,,,,,CHEMBL1102628,Antioxidant activity assessed as DPPH radical scavenging activity after 10 mins,F,BAO_0000019,assay format,,,,,,,,,CHEMBL613712,Radical scavenging activity,,,CHEMBL1154892,1,,J Nat Prod,2010,,,,,1000.0,,3871916.986,6.588,Baja
CHEMBL324842,ROSMARINIC ACID,,360.32,,1.76,,O=C(/C=C/c1ccc(O)c(O)c1)O[C@H](Cc1ccc(O)c(O)c1)C(=O)O,EC50,=,8000.0,nM,5.1,,,UO_0000065,,,,,,CHEMBL1110310,Antioxidant activity assessed as DPPH radical scavenging activity,F,BAO_0000019,assay format,,,,,,,,,CHEMBL613712,Radical scavenging activity,,,CHEMBL1154213,1,,J Nat Prod,2009,,,,,8.0,,8000.0,3.903,Alta
CHEMBL145,CAFFEIC ACID,,180.16,,1.2,,O=C(O)/C=C/c1ccc(O)c(O)c1,EC50,=,17800.0,nM,4.75,,,UO_0000065,,,,,,CHEMBL1110310,Antioxidant activity assessed as DPPH radical scavenging activity,F,BAO_0000019,assay format,,,,,,,,,CHEMBL613712,Radical scavenging activity,,,CHEMBL1154213,1,,J Nat Prod,2009,,,,,17.8,,17800.0,4.25,Alta
CHEMBL46469,ANTHRALIN,,226.23,,2.23,,O=C1c2c(O)cccc2Cc2cccc(O)c21,EC50,=,16700.0,nM,4.78,,,UO_0000065,,,,,,CHEMBL1212145,Antioxidant activity assessed as DPPH free radical scavenging activity after 30 mins,F,BAO_0000019,assay format,,,,,,,,,CHEMBL613712,Radical scavenging activity,,,CHEMBL1208664,1,,Eur J Med Chem,2010,,,,,16.7,,16700.0,4.223,Alta
CHEMBL1210530,,,227.22,,2.09,,O=c1c2c(O)cccc2[nH]c2cccc(O)c12,EC50,>,60000.0,nM,,,,UO_0000065,,,,,,CHEMBL1212145,Antioxidant activity assessed as DPPH free radical scavenging activity after 30 mins,F,BAO_0000019,assay format,,,,,,,,,CHEMBL613712,Radical scavenging activity,,,CHEMBL1208664,1,,Eur J Med Chem,2010,,,,,60.0,,60000.0,4.778,Media
CHEMBL397685,,,211.22,,2.39,,O=c1c2ccccc2[nH]c2cccc(O)c12,EC50,>,60000.0,nM,,,,UO_0000065,,,,,,CHEMBL1212145,Antioxidant activity assessed as DPPH free radical scavenging activity after 30 mins,F,BAO_0000019,assay format,,,,,,,,,CHEMBL613712,Radical scavenging activity,,,CHEMBL1208664,1,,Eur J Med Chem,2010,,,,,60.0,,60000.0,4.778,Media
CHEMBL242515,,,211.22,,2.39,,O=c1c2ccccc2[nH]c2ccc(O)cc12,EC50,=,2700.0,nM,5.57,,,UO_0000065,,,,,,CHEMBL1212145,Antioxidant activity assessed as DPPH free radical scavenging activity after 30 mins,F,BAO_0000019,assay format,,,,,,,,,CHEMBL613712,Radical scavenging activity,,,CHEMBL1208664,1,,Eur J Med Chem,2010,,,,,2.7,,2700.0,3.431,Alta
CHEMBL1210586,,,211.22,,2.39,,O=c1c2ccccc2[nH]c2c(O)cccc12,EC50,=,6800.0,nM,5.17,,,UO_0000065,,,,,,CHEMBL1212145,Antioxidant activity assessed as DPPH free radical scavenging activity after 30 mins,F,BAO_0000019,assay format,,,,,,,,,CHEMBL613712,Radical scavenging activity,,,CHEMBL1208664,1,,Eur J Med Chem,2010,,,,,6.8,,6800.0,3.833,Alta
CHEMBL243813,,,225.25,,2.69,,COc1cccc2[nH]c3ccccc3c(=O)c12,EC50,>,60000.0,nM,,,,UO_0000065,,,,,,CHEMBL1212145,Antioxidant activity assessed as DPPH free radical scavenging activity after 30 mins,F,BAO_0000019,assay format,,,,,,,,,CHEMBL613712,Radical scavenging activity,,,CHEMBL1208664,1,,Eur J Med Chem,2010,,,,,60.0,,60000.0,4.778,Media
CHEMBL1210649,,,225.25,,2.69,,COc1cccc2c(=O)c3ccccc3[nH]c12,EC50,>,60000.0,nM,,,,UO_0000065,,,,,,CHEMBL1212145,Antioxidant activity assessed as DPPH free radical scavenging activity after 30 mins,F,BAO_0000019,assay format,,,,,,,,,CHEMBL613712,Radical scavenging activity,,,CHEMBL1208664,1,,Eur J Med Chem,2010,,,,,60.0,,60000.0,4.778,Media
CHEMBL252242,,,227.22,,2.09,,O=c1c2ccccc2[nH]c2cc(O)cc(O)c12,EC50,>,60000.0,nM,,,,UO_0000065,,,,,,CHEMBL1212145,Antioxidant activity assessed as DPPH free radical scavenging activity after 30 mins,F,BAO_0000019,assay format,,,,,,,,,CHEMBL613712,Radical scavenging activity,,,CHEMBL1208664,1,,Eur J Med Chem,2010,,,,,60.0,,60000.0,4.778,Media
CHEMBL1210650,,,227.22,,2.09,,O=c1c2ccccc2[nH]c2c(O)ccc(O)c12,EC50,=,8800.0,nM,5.06,,,UO_0000065,,,,,,CHEMBL1212145,Antioxidant activity assessed as DPPH free radical scavenging activity after 30 mins,F,BAO_0000019,assay format,,,,,,,,,CHEMBL613712,Radical scavenging activity,,,CHEMBL1208664,1,,Eur J Med Chem,2010,,,,,8.8,,8800.0,3.944,Alta
CHEMBL1210651,,,255.27,,2.7,,COc1ccc(OC)c2c(=O)c3ccccc3[nH]c12,EC50,>,60000.0,nM,,,,UO_0000065,,,,,,CHEMBL1212145,Antioxidant activity assessed as DPPH free radical scavenging activity after 30 mins,F,BAO_0000019,assay format,,,,,,,,,CHEMBL613712,Radical scavenging activity,,,CHEMBL1208664,1,,Eur J Med Chem,2010,,,,,60.0,,60000.0,4.778,Media
CHEMBL1210652,,,241.25,,2.4,,COc1ccc(O)c2c(=O)c3ccccc3[nH]c12,EC50,>,60000.0,nM,,,,UO_0000065,,,,,,CHEMBL1212145,Antioxidant activity assessed as DPPH free radical scavenging activity after 30 mins,F,BAO_0000019,assay format,,,,,,,,,CHEMBL613712,Radical scavenging activity,,,CHEMBL1208664,1,,Eur J Med Chem,2010,,,,,60.0,,60000.0,4.778,Media
CHEMBL1210712,,,227.22,,2.09,,O=c1c2ccc(O)cc2[nH]c2cccc(O)c12,EC50,>,60000.0,nM,,,,UO_0000065,,,,,,CHEMBL1212145,Antioxidant activity assessed as DPPH free radical scavenging activity after 30 mins,F,BAO_0000019,assay format,,,,,,,,,CHEMBL613712,Radical scavenging activity,,,CHEMBL1208664,1,,Eur J Med Chem,2010,,,,,60.0,,60000.0,4.778,Media
CHEMBL1210714,,,227.22,,2.09,,O=c1c2cc(O)ccc2[nH]c2cccc(O)c12,EC50,=,3900.0,nM,5.41,,,UO_0000065,,,,,,CHEMBL1212145,Antioxidant activity assessed as DPPH free radical scavenging activity after 30 mins,F,BAO_0000019,assay format,,,,,,,,,CHEMBL613712,Radical scavenging activity,,,CHEMBL1208664,1,,Eur J Med Chem,2010,,,,,3.9,,3900.0,3.591,Alta
CHEMBL46469,ANTHRALIN,,226.23,,2.23,,O=C1c2c(O)cccc2Cc2cccc(O)c21,EC50,=,16700.0,nM,4.78,,,UO_0000065,,,,,,CHEMBL1287529,Antioxidant activity assessed as DPPH free radical scavenging activity by spectrophotometry,F,BAO_0000019,assay format,,,,,,,,,CHEMBL613712,Radical scavenging activity,,,CHEMBL1275313,1,,Eur J Med Chem,2010,,,,,16.7,,16700.0,4.223,Alta
CHEMBL125821,,,263.12,,4.13,,O=C1c2cccc(Cl)c2Cc2c(Cl)cccc21,EC50,=,29500.0,nM,4.53,,,UO_0000065,,,,,,CHEMBL1287529,Antioxidant activity assessed as DPPH free radical scavenging activity by spectrophotometry,F,BAO_0000019,assay format,,,,,,,,,CHEMBL613712,Radical scavenging activity,,,CHEMBL1275313,1,,Eur J Med Chem,2010,,,,,29.5,,29500.0,4.47,Media
CHEMBL1277984,,,353.25,,5.91,,O=C1c2cccc(Cl)c2C(Cc2ccccc2)c2c(Cl)cccc21,EC50,>,50000.0,nM,,,,UO_0000065,,,,,,CHEMBL1287529,Antioxidant activity assessed as DPPH free radical scavenging activity by spectrophotometry,F,BAO_0000019,assay format,,,,,,,,,CHEMBL613712,Radical scavenging activity,,,CHEMBL1275313,1,,Eur J Med Chem,2010,,,,,50.0,,50000.0,4.699,Media
CHEMBL1278162,,,367.28,,6.22,,Cc1ccc(CC2c3c(Cl)cccc3C(=O)c3cccc(Cl)c32)cc1,EC50,>,50000.0,nM,,,,UO_0000065,,,,,,CHEMBL1287529,Antioxidant activity assessed as DPPH free radical scavenging activity by spectrophotometry,F,BAO_0000019,assay format,,,,,,,,,CHEMBL613712,Radical scavenging activity,,,CHEMBL1275313,1,,Eur J Med Chem,2010,,,,,50.0,,50000.0,4.699,Media
CHEMBL1278163,,,421.25,,6.93,,O=C1c2cccc(Cl)c2C(Cc2ccc(C(F)(F)F)cc2)c2c(Cl)cccc21,EC50,>,50000.0,nM,,,,UO_0000065,,,,,,CHEMBL1287529,Antioxidant activity assessed as DPPH free radical scavenging activity by spectrophotometry,F,BAO_0000019,assay format,,,,,,,,,CHEMBL613712,Radical scavenging activity,,,CHEMBL1275313,1,,Eur J Med Chem,2010,,,,,50.0,,50000.0,4.699,Media
CHEMBL1276820,,,387.69,,6.57,,O=C1c2cccc(Cl)c2C(Cc2ccccc2Cl)c2c(Cl)cccc21,EC50,>,50000.0,nM,,,,UO_0000065,,,,,,CHEMBL1287529,Antioxidant activity assessed as DPPH free radical scavenging activity by spectrophotometry,F,BAO_0000019,assay format,,,,,,,,,CHEMBL613712,Radical scavenging activity,,,CHEMBL1275313,1,,Eur J Med Chem,2010,,,,,50.0,,50000.0,4.699,Media
CHEMBL1276821,,,387.69,,6.57,,O=C1c2cccc(Cl)c2C(Cc2ccc(Cl)cc2)c2c(Cl)cccc21,EC50,>,50000.0,nM,,,,UO_0000065,,,,,,CHEMBL1287529,Antioxidant activity assessed as DPPH free radical scavenging activity by spectrophotometry,F,BAO_0000019,assay format,,,,,,,,,CHEMBL613712,Radical scavenging activity,,,CHEMBL1275313,1,,Eur J Med Chem,2010,,,,,50.0,,50000.0,4.699,Media
CHEMBL1276908,,,383.27,,5.92,,COc1ccccc1CC1c2c(Cl)cccc2C(=O)c2cccc(Cl)c21,EC50,>,50000.0,nM,,,,UO_0000065,,,,,,CHEMBL1287529,Antioxidant activity assessed as DPPH free radical scavenging activity by spectrophotometry,F,BAO_0000019,assay format,,,,,,,,,CHEMBL613712,Radical scavenging activity,,,CHEMBL1275313,1,,Eur J Med Chem,2010,,,,,50.0,,50000.0,4.699,Media
CHEMBL1276909,,,383.27,,5.92,,COc1cccc(CC2c3c(Cl)cccc3C(=O)c3cccc(Cl)c32)c1,EC50,>,50000.0,nM,,,,UO_0000065,,,,,,CHEMBL1287529,Antioxidant activity assessed as DPPH free radical scavenging activity by spectrophotometry,F,BAO_0000019,assay format,,,,,,,,,CHEMBL613712,Radical scavenging activity,,,CHEMBL1275313,1,,Eur J Med Chem,2010,,,,,50.0,,50000.0,4.699,Media
CHEMBL1276995,,,383.27,,5.92,,COc1ccc(CC2c3c(Cl)cccc3C(=O)c3cccc(Cl)c32)cc1,EC50,>,50000.0,nM,,,,UO_0000065,,,,,,CHEMBL1287529,Antioxidant activity assessed as DPPH free radical scavenging activity by spectrophotometry,F,BAO_0000019,assay format,,,,,,,,,CHEMBL613712,Radical scavenging activity,,,CHEMBL1275313,1,,Eur J Med Chem,2010,,,,,50.0,,50000.0,4.699,Media
CHEMBL1276996,,,413.3,,5.93,,COc1ccc(CC2c3c(Cl)cccc3C(=O)c3cccc(Cl)c32)cc1OC,EC50,>,50000.0,nM,,,,UO_0000065,,,,,,CHEMBL1287529,Antioxidant activity assessed as DPPH free radical scavenging activity by spectrophotometry,F,BAO_0000019,assay format,,,,,,,,,CHEMBL613712,Radical scavenging activity,,,CHEMBL1275313,1,,Eur J Med Chem,2010,,,,,50.0,,50000.0,4.699,Media
CHEMBL1278072,,,413.3,,5.93,,COc1ccc(OC)c(CC2c3c(Cl)cccc3C(=O)c3cccc(Cl)c32)c1,EC50,>,50000.0,nM,,,,UO_0000065,,,,,,CHEMBL1287529,Antioxidant activity assessed as DPPH free radical scavenging activity by spectrophotometry,F,BAO_0000019,assay format,,,,,,,,,CHEMBL613712,Radical scavenging activity,,,CHEMBL1275313,1,,Eur J Med Chem,2010,,,,,50.0,,50000.0,4.699,Media
CHEMBL1277089,,,413.3,,5.93,,COc1cc(CC2c3c(Cl)cccc3C(=O)c3cccc(Cl)c32)cc(OC)c1,EC50,>,50000.0,nM,,,,UO_0000065,,,,,,CHEMBL1287529,Antioxidant activity assessed as DPPH free radical scavenging activity by spectrophotometry,F,BAO_0000019,assay format,,,,,,,,,CHEMBL613712,Radical scavenging activity,,,CHEMBL1275313,1,,Eur J Med Chem,2010,,,,,50.0,,50000.0,4.699,Media
CHEMBL1277090,,,443.33,,5.94,,COc1cc(CC2c3c(Cl)cccc3C(=O)c3cccc(Cl)c32)cc(OC)c1OC,EC50,>,50000.0,nM,,,,UO_0000065,,,,,,CHEMBL1287529,Antioxidant activity assessed as DPPH free radical scavenging activity by spectrophotometry,F,BAO_0000019,assay format,,,,,,,,,CHEMBL613712,Radical scavenging activity,,,CHEMBL1275313,1,,Eur J Med Chem,2010,,,,,50.0,,50000.0,4.699,Media
CHEMBL1277176,,,398.25,,5.82,,O=C1c2cccc(Cl)c2C(Cc2ccccc2[N+](=O)[O-])c2c(Cl)cccc21,EC50,>,50000.0,nM,,,,UO_0000065,,,,,,CHEMBL1287529,Antioxidant activity assessed as DPPH free radical scavenging activity by spectrophotometry,F,BAO_0000019,assay format,,,,,,,,,CHEMBL613712,Radical scavenging activity,,,CHEMBL1275313,1,,Eur J Med Chem,2010,,,,,50.0,,50000.0,4.699,Media
CHEMBL1277177,,,398.25,,5.82,,O=C1c2cccc(Cl)c2C(Cc2cccc([N+](=O)[O-])c2)c2c(Cl)cccc21,EC50,>,50000.0,nM,,,,UO_0000065,,,,,,CHEMBL1287529,Antioxidant activity assessed as DPPH free radical scavenging activity by spectrophotometry,F,BAO_0000019,assay format,,,,,,,,,CHEMBL613712,Radical scavenging activity,,,CHEMBL1275313,1,,Eur J Med Chem,2010,,,,,50.0,,50000.0,4.699,Media
CHEMBL1277267,,,398.25,,5.82,,O=C1c2cccc(Cl)c2C(Cc2ccc([N+](=O)[O-])cc2)c2c(Cl)cccc21,EC50,>,50000.0,nM,,,,UO_0000065,,,,,,CHEMBL1287529,Antioxidant activity assessed as DPPH free radical scavenging activity by spectrophotometry,F,BAO_0000019,assay format,,,,,,,,,CHEMBL613712,Radical scavenging activity,,,CHEMBL1275313,1,,Eur J Med Chem,2010,,,,,50.0,,50000.0,4.699,Media
CHEMBL1277268,,,443.24,,5.73,,O=C1c2cccc(Cl)c2C(Cc2ccc([N+](=O)[O-])cc2[N+](=O)[O-])c2c(Cl)cccc21,EC50,>,50000.0,nM,,,,UO_0000065,,,,,,CHEMBL1287529,Antioxidant activity assessed as DPPH free radical scavenging activity by spectrophotometry,F,BAO_0000019,assay format,,,,,,,,,CHEMBL613712,Radical scavenging activity,,,CHEMBL1275313,1,,Eur J Med Chem,2010,,,,,50.0,,50000.0,4.699,Media
CHEMBL1277357,,,459.37,,7.49,,O=C1c2cccc(Cl)c2C(Cc2cccc(OCc3ccccc3)c2)c2c(Cl)cccc21,EC50,>,50000.0,nM,,,,UO_0000065,,,,,,CHEMBL1287529,Antioxidant activity assessed as DPPH free radical scavenging activity by spectrophotometry,F,BAO_0000019,assay format,,,,,,,,,CHEMBL613712,Radical scavenging activity,,,CHEMBL1275313,1,,Eur J Med Chem,2010,,,,,50.0,,50000.0,4.699,Media
CHEMBL1277358,,,459.37,,7.49,,O=C1c2cccc(Cl)c2C(Cc2ccc(OCc3ccccc3)cc2)c2c(Cl)cccc21,EC50,>,50000.0,nM,,,,UO_0000065,,,,,,CHEMBL1287529,Antioxidant activity assessed as DPPH free radical scavenging activity by spectrophotometry,F,BAO_0000019,assay format,,,,,,,,,CHEMBL613712,Radical scavenging activity,,,CHEMBL1275313,1,,Eur J Med Chem,2010,,,,,50.0,,50000.0,4.699,Media
CHEMBL46469,ANTHRALIN,,226.23,,2.23,,O=C1c2c(O)cccc2Cc2cccc(O)c21,EC50,=,16700.0,nM,4.78,,,UO_0000065,,,,,,CHEMBL1292940,Antioxidant activity assessed as DPPH free radical scavenging activity,F,BAO_0000019,assay format,,,,,,,,,CHEMBL613712,Radical scavenging activity,,,CHEMBL1287655,1,,Eur J Med Chem,2010,,,,,16.7,,16700.0,4.223,Alta
CHEMBL285852,ACRONINE,,321.38,,3.88,,COc1cc2c(c3c1c(=O)c1ccccc1n3C)C=CC(C)(C)O2,EC50,>,500000.0,nM,,Outside typical range,,UO_0000065,,,,,,CHEMBL1292940,Antioxidant activity assessed as DPPH free radical scavenging activity,F,BAO_0000019,assay format,,,,,,,,,CHEMBL613712,Radical scavenging activity,,,CHEMBL1287655,1,,Eur J Med Chem,2010,,,,,500.0,,500000.0,5.699,Baja
CHEMBL397685,,,211.22,,2.39,,O=c1c2ccccc2[nH]c2cccc(O)c12,EC50,>,500000.0,nM,,Outside typical range,,UO_0000065,,,,,,CHEMBL1292940,Antioxidant activity assessed as DPPH free radical scavenging activity,F,BAO_0000019,assay format,,,,,,,,,CHEMBL613712,Radical scavenging activity,,,CHEMBL1287655,1,,Eur J Med Chem,2010,,,,,500.0,,500000.0,5.699,Baja
CHEMBL1290573,,,301.35,,3.91,,O=c1c2ccccc2n(Cc2ccccc2)c2cccc(O)c12,EC50,>,500000.0,nM,,Outside typical range,,UO_0000065,,,,,,CHEMBL1292940,Antioxidant activity assessed as DPPH free radical scavenging activity,F,BAO_0000019,assay format,,,,,,,,,CHEMBL613712,Radical scavenging activity,,,CHEMBL1287655,1,,Eur J Med Chem,2010,,,,,500.0,,500000.0,5.699,Baja
CHEMBL1290574,,,391.47,,5.78,,O=c1c2ccccc2n(Cc2ccccc2)c2cccc(OCc3ccccc3)c12,EC50,>,500000.0,nM,,Outside typical range,,UO_0000065,,,,,,CHEMBL1292940,Antioxidant activity assessed as DPPH free radical scavenging activity,F,BAO_0000019,assay format,,,,,,,,,CHEMBL613712,Radical scavenging activity,,,CHEMBL1287655,1,,Eur J Med Chem,2010,,,,,500.0,,500000.0,5.699,Baja
CHEMBL1290693,,,346.34,,3.82,,O=c1c2ccccc2n(Cc2ccc([N+](=O)[O-])cc2)c2cccc(O)c12,EC50,>,500000.0,nM,,Outside typical range,,UO_0000065,,,,,,CHEMBL1292940,Antioxidant activity assessed as DPPH free radical scavenging activity,F,BAO_0000019,assay format,,,,,,,,,CHEMBL613712,Radical scavenging activity,,,CHEMBL1287655,1,,Eur J Med Chem,2010,,,,,500.0,,500000.0,5.699,Baja
CHEMBL1290811,,,331.37,,3.81,,O=c1c2ccccc2n(CCc2ccc(O)cc2)c2cccc(O)c12,EC50,>,500000.0,nM,,Outside typical range,,UO_0000065,,,,,,CHEMBL1292940,Antioxidant activity assessed as DPPH free radical scavenging activity,F,BAO_0000019,assay format,,,,,,,,,CHEMBL613712,Radical scavenging activity,,,CHEMBL1287655,1,,Eur J Med Chem,2010,,,,,500.0,,500000.0,5.699,Baja
CHEMBL1289139,,,345.4,,4.11,,COc1ccc(CCn2c3ccccc3c(=O)c3c(O)cccc32)cc1,EC50,>,500000.0,nM,,Outside typical range,,UO_0000065,,,,,,CHEMBL1292940,Antioxidant activity assessed as DPPH free radical scavenging activity,F,BAO_0000019,assay format,,,,,,,,,CHEMBL613712,Radical scavenging activity,,,CHEMBL1287655,1,,Eur J Med Chem,2010,,,,,500.0,,500000.0,5.699,Baja
CHEMBL1289140,,,375.42,,4.12,,COc1ccc(CCn2c3ccccc3c(=O)c3c(O)cccc32)cc1OC,EC50,>,500000.0,nM,,Outside typical range,,UO_0000065,,,,,,CHEMBL1292940,Antioxidant activity assessed as DPPH free radical scavenging activity,F,BAO_0000019,assay format,,,,,,,,,CHEMBL613712,Radical scavenging activity,,,CHEMBL1287655,1,,Eur J Med Chem,2010,,,,,500.0,,500000.0,5.699,Baja
CHEMBL252242,,,227.22,,2.09,,O=c1c2ccccc2[nH]c2cc(O)cc(O)c12,EC50,>,500000.0,nM,,Outside typical range,,UO_0000065,,,,,,CHEMBL1292940,Antioxidant activity assessed as DPPH free radical scavenging activity,F,BAO_0000019,assay format,,,,,,,,,CHEMBL613712,Radical scavenging activity,,,CHEMBL1287655,1,,Eur J Med Chem,2010,,,,,500.0,,500000.0,5.699,Baja
CHEMBL1288777,,,241.25,,2.1,,Cn1c2ccccc2c(=O)c2c(O)cc(O)cc21,EC50,>,500000.0,nM,,Outside typical range,,UO_0000065,,,,,,CHEMBL1292940,Antioxidant activity assessed as DPPH free radical scavenging activity,F,BAO_0000019,assay format,,,,,,,,,CHEMBL613712,Radical scavenging activity,,,CHEMBL1287655,1,,Eur J Med Chem,2010,,,,,500.0,,500000.0,5.699,Baja
CHEMBL1289376,,,317.34,,3.61,,O=c1c2ccccc2n(Cc2ccccc2)c2cc(O)cc(O)c12,EC50,>,500000.0,nM,,Outside typical range,,UO_0000065,,,,,,CHEMBL1292940,Antioxidant activity assessed as DPPH free radical scavenging activity,F,BAO_0000019,assay format,,,,,,,,,CHEMBL613712,Radical scavenging activity,,,CHEMBL1287655,1,,Eur J Med Chem,2010,,,,,500.0,,500000.0,5.699,Baja
CHEMBL1289597,,,345.4,,4.22,,COc1ccc(Cn2c3ccccc3c(=O)c3ccccc32)cc1OC,EC50,>,500000.0,nM,,Outside typical range,,UO_0000065,,,,,,CHEMBL1292940,Antioxidant activity assessed as DPPH free radical scavenging activity,F,BAO_0000019,assay format,,,,,,,,,CHEMBL613712,Radical scavenging activity,,,CHEMBL1287655,1,,Eur J Med Chem,2010,,,,,500.0,,500000.0,5.699,Baja
CHEMBL1289702,,,295.29,,2.48,,CC(=O)CC(=O)n1c2ccccc2c(=O)c2c(O)cccc21,EC50,>,500000.0,nM,,Outside typical range,,UO_0000065,,,,,,CHEMBL1292940,Antioxidant activity assessed as DPPH free radical scavenging activity,F,BAO_0000019,assay format,,,,,,,,,CHEMBL613712,Radical scavenging activity,,,CHEMBL1287655,1,,Eur J Med Chem,2010,,,,,500.0,,500000.0,5.699,Baja
CHEMBL1770946,,,875.0,,-1.22,,C[C@H](NC(=O)[C@@H]1CCCN1C(=O)[C@H](CCCNC(=N)N)NC(=O)[C@H](CC(N)=O)NC(=O)[C@@H]1Cc2c([nH]c3ccccc23)[C@@H](c2ccccc2O)N1)C(=O)N[C@@H](CCCCN)C(=O)O,EC50,=,77000.0,nM,4.11,,,UO_0000065,,,,,,CHEMBL1772782,Antioxidant activity in rat PC12 cells assessed as protection against nitric oxide-induced reduction of cell viability pretreated 1 he before nitric oxide challenge incubated for 1 hr followed by washout measured after 14 hrs by MTT assay,F,BAO_0000219,cell-based format,,,,,,,,,CHEMBL612556,PC-12,Rattus norvegicus,,CHEMBL1770118,1,,Eur J Med Chem,2011,,,,,77.0,,77000.0,4.886,Media
CHEMBL1770947,,,889.03,,-0.92,,COc1ccc([C@H]2N[C@H](C(=O)N[C@@H](CC(N)=O)C(=O)N[C@@H](CCCNC(=N)N)C(=O)N3CCC[C@H]3C(=O)N[C@@H](C)C(=O)N[C@@H](CCCCN)C(=O)O)Cc3c2[nH]c2ccccc32)cc1,EC50,=,77000.0,nM,4.11,,,UO_0000065,,,,,,CHEMBL1772782,Antioxidant activity in rat PC12 cells assessed as protection against nitric oxide-induced reduction of cell viability pretreated 1 he before nitric oxide challenge incubated for 1 hr followed by washout measured after 14 hrs by MTT assay,F,BAO_0000219,cell-based format,,,,,,,,,CHEMBL612556,PC-12,Rattus norvegicus,,CHEMBL1770118,1,,Eur J Med Chem,2011,,,,,77.0,,77000.0,4.886,Media
CHEMBL1770948,,,905.03,,-1.21,,COc1cc([C@H]2N[C@H](C(=O)N[C@@H](CC(N)=O)C(=O)N[C@@H](CCCNC(=N)N)C(=O)N3CCC[C@H]3C(=O)N[C@@H](C)C(=O)N[C@@H](CCCCN)C(=O)O)Cc3c2[nH]c2ccccc32)ccc1O,EC50,=,77000.0,nM,4.11,,,UO_0000065,,,,,,CHEMBL1772782,Antioxidant activity in rat PC12 cells assessed as protection against nitric oxide-induced reduction of cell viability pretreated 1 he before nitric oxide challenge incubated for 1 hr followed by washout measured after 14 hrs by MTT assay,F,BAO_0000219,cell-based format,,,,,,,,,CHEMBL612556,PC-12,Rattus norvegicus,,CHEMBL1770118,1,,Eur J Med Chem,2011,,,,,77.0,,77000.0,4.886,Media
CHEMBL1770949,,,308.34,,2.56,,O=C(O)[C@@H]1Cc2c([nH]c3ccccc23)[C@@H](c2ccccc2O)N1,EC50,=,77000.0,nM,4.11,,,UO_0000065,,,,,,CHEMBL1772782,Antioxidant activity in rat PC12 cells assessed as protection against nitric oxide-induced reduction of cell viability pretreated 1 he before nitric oxide challenge incubated for 1 hr followed by washout measured after 14 hrs by MTT assay,F,BAO_0000219,cell-based format,,,,,,,,,CHEMBL612556,PC-12,Rattus norvegicus,,CHEMBL1770118,1,,Eur J Med Chem,2011,,,,,77.0,,77000.0,4.886,Media
CHEMBL1770950,,,322.36,,2.86,,COc1ccc([C@H]2N[C@H](C(=O)O)Cc3c2[nH]c2ccccc32)cc1,EC50,=,77000.0,nM,4.11,,,UO_0000065,,,,,,CHEMBL1772782,Antioxidant activity in rat PC12 cells assessed as protection against nitric oxide-induced reduction of cell viability pretreated 1 he before nitric oxide challenge incubated for 1 hr followed by washout measured after 14 hrs by MTT assay,F,BAO_0000219,cell-based format,,,,,,,,,CHEMBL612556,PC-12,Rattus norvegicus,,CHEMBL1770118,1,,Eur J Med Chem,2011,,,,,77.0,,77000.0,4.886,Media
CHEMBL1770951,,,338.36,,2.57,,COc1cc([C@H]2N[C@H](C(=O)O)Cc3c2[nH]c2ccccc32)ccc1O,EC50,=,77000.0,nM,4.11,,,UO_0000065,,,,,,CHEMBL1772782,Antioxidant activity in rat PC12 cells assessed as protection against nitric oxide-induced reduction of cell viability pretreated 1 he before nitric oxide challenge incubated for 1 hr followed by washout measured after 14 hrs by MTT assay,F,BAO_0000219,cell-based format,,,,,,,,,CHEMBL612556,PC-12,Rattus norvegicus,,CHEMBL1770118,1,,Eur J Med Chem,2011,,,,,77.0,,77000.0,4.886,Media
CHEMBL1770946,,,875.0,,-1.22,,C[C@H](NC(=O)[C@@H]1CCCN1C(=O)[C@H](CCCNC(=N)N)NC(=O)[C@H](CC(N)=O)NC(=O)[C@@H]1Cc2c([nH]c3ccccc23)[C@@H](c2ccccc2O)N1)C(=O)N[C@@H](CCCCN)C(=O)O,EC50,=,38000.0,nM,4.42,,,UO_0000065,,,,,,CHEMBL1772783,Antioxidant activity in rat PC12 cells assessed as protection against hydrogen peroxide-induced reduction of cell viability pretreated 1 he before nitric oxide challenge incubated for 1 hr followed by washout measured after 14 hrs by MTT assay,F,BAO_0000219,cell-based format,,,,,,,,,CHEMBL612556,PC-12,Rattus norvegicus,,CHEMBL1770118,1,,Eur J Med Chem,2011,,,,,38.0,,38000.0,4.58,Media
CHEMBL1770947,,,889.03,,-0.92,,COc1ccc([C@H]2N[C@H](C(=O)N[C@@H](CC(N)=O)C(=O)N[C@@H](CCCNC(=N)N)C(=O)N3CCC[C@H]3C(=O)N[C@@H](C)C(=O)N[C@@H](CCCCN)C(=O)O)Cc3c2[nH]c2ccccc32)cc1,EC50,=,38000.0,nM,4.42,,,UO_0000065,,,,,,CHEMBL1772783,Antioxidant activity in rat PC12 cells assessed as protection against hydrogen peroxide-induced reduction of cell viability pretreated 1 he before nitric oxide challenge incubated for 1 hr followed by washout measured after 14 hrs by MTT assay,F,BAO_0000219,cell-based format,,,,,,,,,CHEMBL612556,PC-12,Rattus norvegicus,,CHEMBL1770118,1,,Eur J Med Chem,2011,,,,,38.0,,38000.0,4.58,Media
CHEMBL1770948,,,905.03,,-1.21,,COc1cc([C@H]2N[C@H](C(=O)N[C@@H](CC(N)=O)C(=O)N[C@@H](CCCNC(=N)N)C(=O)N3CCC[C@H]3C(=O)N[C@@H](C)C(=O)N[C@@H](CCCCN)C(=O)O)Cc3c2[nH]c2ccccc32)ccc1O,EC50,=,38000.0,nM,4.42,,,UO_0000065,,,,,,CHEMBL1772783,Antioxidant activity in rat PC12 cells assessed as protection against hydrogen peroxide-induced reduction of cell viability pretreated 1 he before nitric oxide challenge incubated for 1 hr followed by washout measured after 14 hrs by MTT assay,F,BAO_0000219,cell-based format,,,,,,,,,CHEMBL612556,PC-12,Rattus norvegicus,,CHEMBL1770118,1,,Eur J Med Chem,2011,,,,,38.0,,38000.0,4.58,Media
CHEMBL1770949,,,308.34,,2.56,,O=C(O)[C@@H]1Cc2c([nH]c3ccccc23)[C@@H](c2ccccc2O)N1,EC50,=,38000.0,nM,4.42,,,UO_0000065,,,,,,CHEMBL1772783,Antioxidant activity in rat PC12 cells assessed as protection against hydrogen peroxide-induced reduction of cell viability pretreated 1 he before nitric oxide challenge incubated for 1 hr followed by washout measured after 14 hrs by MTT assay,F,BAO_0000219,cell-based format,,,,,,,,,CHEMBL612556,PC-12,Rattus norvegicus,,CHEMBL1770118,1,,Eur J Med Chem,2011,,,,,38.0,,38000.0,4.58,Media
CHEMBL1770950,,,322.36,,2.86,,COc1ccc([C@H]2N[C@H](C(=O)O)Cc3c2[nH]c2ccccc32)cc1,EC50,=,38000.0,nM,4.42,,,UO_0000065,,,,,,CHEMBL1772783,Antioxidant activity in rat PC12 cells assessed as protection against hydrogen peroxide-induced reduction of cell viability pretreated 1 he before nitric oxide challenge incubated for 1 hr followed by washout measured after 14 hrs by MTT assay,F,BAO_0000219,cell-based format,,,,,,,,,CHEMBL612556,PC-12,Rattus norvegicus,,CHEMBL1770118,1,,Eur J Med Chem,2011,,,,,38.0,,38000.0,4.58,Media
CHEMBL1770951,,,338.36,,2.57,,COc1cc([C@H]2N[C@H](C(=O)O)Cc3c2[nH]c2ccccc32)ccc1O,EC50,=,38000.0,nM,4.42,,,UO_0000065,,,,,,CHEMBL1772783,Antioxidant activity in rat PC12 cells assessed as protection against hydrogen peroxide-induced reduction of cell viability pretreated 1 he before nitric oxide challenge incubated for 1 hr followed by washout measured after 14 hrs by MTT assay,F,BAO_0000219,cell-based format,,,,,,,,,CHEMBL612556,PC-12,Rattus norvegicus,,CHEMBL1770118,1,,Eur J Med Chem,2011,,,,,38.0,,38000.0,4.58,Media
CHEMBL1770946,,,875.0,,-1.22,,C[C@H](NC(=O)[C@@H]1CCCN1C(=O)[C@H](CCCNC(=N)N)NC(=O)[C@H](CC(N)=O)NC(=O)[C@@H]1Cc2c([nH]c3ccccc23)[C@@H](c2ccccc2O)N1)C(=O)N[C@@H](CCCCN)C(=O)O,EC50,=,72000.0,nM,4.14,,,UO_0000065,,,,,,CHEMBL1772784,Antioxidant activity in rat PC12 cells assessed as protection against hydroxyl radical-induced reduction of cell viability pretreated 1 he before nitric oxide challenge incubated for 1 hr followed by washout measured after 14 hrs by MTT assay,F,BAO_0000219,cell-based format,,,,,,,,,CHEMBL612556,PC-12,Rattus norvegicus,,CHEMBL1770118,1,,Eur J Med Chem,2011,,,,,72.0,,72000.0,4.857,Media
CHEMBL1770947,,,889.03,,-0.92,,COc1ccc([C@H]2N[C@H](C(=O)N[C@@H](CC(N)=O)C(=O)N[C@@H](CCCNC(=N)N)C(=O)N3CCC[C@H]3C(=O)N[C@@H](C)C(=O)N[C@@H](CCCCN)C(=O)O)Cc3c2[nH]c2ccccc32)cc1,EC50,=,72000.0,nM,4.14,,,UO_0000065,,,,,,CHEMBL1772784,Antioxidant activity in rat PC12 cells assessed as protection against hydroxyl radical-induced reduction of cell viability pretreated 1 he before nitric oxide challenge incubated for 1 hr followed by washout measured after 14 hrs by MTT assay,F,BAO_0000219,cell-based format,,,,,,,,,CHEMBL612556,PC-12,Rattus norvegicus,,CHEMBL1770118,1,,Eur J Med Chem,2011,,,,,72.0,,72000.0,4.857,Media
CHEMBL1770948,,,905.03,,-1.21,,COc1cc([C@H]2N[C@H](C(=O)N[C@@H](CC(N)=O)C(=O)N[C@@H](CCCNC(=N)N)C(=O)N3CCC[C@H]3C(=O)N[C@@H](C)C(=O)N[C@@H](CCCCN)C(=O)O)Cc3c2[nH]c2ccccc32)ccc1O,EC50,=,72000.0,nM,4.14,,,UO_0000065,,,,,,CHEMBL1772784,Antioxidant activity in rat PC12 cells assessed as protection against hydroxyl radical-induced reduction of cell viability pretreated 1 he before nitric oxide challenge incubated for 1 hr followed by washout measured after 14 hrs by MTT assay,F,BAO_0000219,cell-based format,,,,,,,,,CHEMBL612556,PC-12,Rattus norvegicus,,CHEMBL1770118,1,,Eur J Med Chem,2011,,,,,72.0,,72000.0,4.857,Media
CHEMBL1770949,,,308.34,,2.56,,O=C(O)[C@@H]1Cc2c([nH]c3ccccc23)[C@@H](c2ccccc2O)N1,EC50,=,72000.0,nM,4.14,,,UO_0000065,,,,,,CHEMBL1772784,Antioxidant activity in rat PC12 cells assessed as protection against hydroxyl radical-induced reduction of cell viability pretreated 1 he before nitric oxide challenge incubated for 1 hr followed by washout measured after 14 hrs by MTT assay,F,BAO_0000219,cell-based format,,,,,,,,,CHEMBL612556,PC-12,Rattus norvegicus,,CHEMBL1770118,1,,Eur J Med Chem,2011,,,,,72.0,,72000.0,4.857,Media
CHEMBL1770950,,,322.36,,2.86,,COc1ccc([C@H]2N[C@H](C(=O)O)Cc3c2[nH]c2ccccc32)cc1,EC50,=,72000.0,nM,4.14,,,UO_0000065,,,,,,CHEMBL1772784,Antioxidant activity in rat PC12 cells assessed as protection against hydroxyl radical-induced reduction of cell viability pretreated 1 he before nitric oxide challenge incubated for 1 hr followed by washout measured after 14 hrs by MTT assay,F,BAO_0000219,cell-based format,,,,,,,,,CHEMBL612556,PC-12,Rattus norvegicus,,CHEMBL1770118,1,,Eur J Med Chem,2011,,,,,72.0,,72000.0,4.857,Media
CHEMBL1770951,,,338.36,,2.57,,COc1cc([C@H]2N[C@H](C(=O)O)Cc3c2[nH]c2ccccc32)ccc1O,EC50,=,72000.0,nM,4.14,,,UO_0000065,,,,,,CHEMBL1772784,Antioxidant activity in rat PC12 cells assessed as protection against hydroxyl radical-induced reduction of cell viability pretreated 1 he before nitric oxide challenge incubated for 1 hr followed by washout measured after 14 hrs by MTT assay,F,BAO_0000219,cell-based format,,,,,,,,,CHEMBL612556,PC-12,Rattus norvegicus,,CHEMBL1770118,1,,Eur J Med Chem,2011,,,,,72.0,,72000.0,4.857,Media
CHEMBL288114,GALLIC ACID,,170.12,,0.5,,O=C(O)c1cc(O)c(O)c(O)c1,EC50,=,1.85,ug.mL-1,,,,UO_0000274,,,,,,CHEMBL1821320,Antioxidant activity assessed as DPPH radical scavenging activity after 30 mins by spectrophotometric analysisic analysis,F,BAO_0000019,assay format,,,,,,,,,CHEMBL613712,Radical scavenging activity,,,CHEMBL1817655,1,,Bioorg Med Chem,2011,,,,,1.85,,10874.677,4.036,Alta
CHEMBL196,ASCORBIC ACID,,176.12,,-1.41,,O=C1O[C@H]([C@@H](O)CO)C(O)=C1O,EC50,=,41.08,ug.mL-1,,,,UO_0000274,,,,,,CHEMBL1821320,Antioxidant activity assessed as DPPH radical scavenging activity after 30 mins by spectrophotometric analysisic analysis,F,BAO_0000019,assay format,,,,,,,,,CHEMBL613712,Radical scavenging activity,,,CHEMBL1817655,1,,Bioorg Med Chem,2011,,,,,41.08,,233250.057,5.368,Baja
CHEMBL116438,CURCUMIN,,368.39,,3.85,,COc1cc(/C=C/C(=O)/C=C(O)/C=C/c2ccc(O)c(OC)c2)ccc1O,EC50,=,13000.0,nM,4.89,,,UO_0000065,,,,,,CHEMBL1926426,Antioxidant activity of the compound assessed as DPPH radical scavenging activity by spectrophotometric analysis,F,BAO_0000019,assay format,,,,,,,,,CHEMBL613712,Radical scavenging activity,,,CHEMBL1921702,1,,J Med Chem,2011,,,,,13.0,,13000.0,4.114,Alta
CHEMBL1922722,,,426.42,,3.7,,COc1cc(/C=C/C(=O)/C(CC(=O)O)=C(O)/C=C/c2ccc(O)c(OC)c2)ccc1O,EC50,=,11000.0,nM,4.96,,,UO_0000065,,,,,,CHEMBL1926426,Antioxidant activity of the compound assessed as DPPH radical scavenging activity by spectrophotometric analysis,F,BAO_0000019,assay format,,,,,,,,,CHEMBL613712,Radical scavenging activity,,,CHEMBL1921702,1,,J Med Chem,2011,,,,,11.0,,11000.0,4.041,Alta
CHEMBL1922718,,,482.53,,4.95,,COc1cc(/C=C/C(=O)/C(CC(=O)OC(C)(C)C)=C(O)/C=C/c2ccc(O)c(OC)c2)ccc1O,EC50,=,16000.0,nM,4.8,,,UO_0000065,,,,,,CHEMBL1926426,Antioxidant activity of the compound assessed as DPPH radical scavenging activity by spectrophotometric analysis,F,BAO_0000019,assay format,,,,,,,,,CHEMBL613712,Radical scavenging activity,,,CHEMBL1921702,1,,J Med Chem,2011,,,,,16.0,,16000.0,4.204,Alta
CHEMBL2381970,,,446.5,,3.3,,O=C(O)C1CCCCC1C(=O)N1CCc2ccccc2C1CN1C(=O)c2ccccc2C1=O,EC50,>,100000000.0,nM,,Outside typical range,,UO_0000065,,,,,,CHEMBL2382889,Inhibition of Keap1-Nrf2 interaction in human HepG2 cells expressing ARE-bla assessed as activation of antioxidant response element by beta-lactamase reporter assay,B,BAO_0000219,cell-based format,,,,,,,,,CHEMBL3038498,Keap1/Nrf2,Homo sapiens,,CHEMBL2380257,1,,Bioorg Med Chem Lett,2013,,,,,100.0,,100000000.0,8.0,Baja
CHEMBL2381969,,,446.5,,3.3,,O=C(O)[C@@H]1CCCC[C@@H]1C(=O)N1CCc2ccccc2[C@@H]1CN1C(=O)c2ccccc2C1=O,EC50,>,100000.0,nM,,,,UO_0000065,,,,,,CHEMBL2382889,Inhibition of Keap1-Nrf2 interaction in human HepG2 cells expressing ARE-bla assessed as activation of antioxidant response element by beta-lactamase reporter assay,B,BAO_0000219,cell-based format,,,,,,,,,CHEMBL3038498,Keap1/Nrf2,Homo sapiens,,CHEMBL2380257,1,,Bioorg Med Chem Lett,2013,,,,,100.0,,100000.0,5.0,Media
CHEMBL2381968,,,446.5,,3.3,,O=C(O)[C@H]1CCCC[C@H]1C(=O)N1CCc2ccccc2[C@H]1CN1C(=O)c2ccccc2C1=O,EC50,=,18000.0,nM,4.75,,,UO_0000065,,,,,,CHEMBL2382889,Inhibition of Keap1-Nrf2 interaction in human HepG2 cells expressing ARE-bla assessed as activation of antioxidant response element by beta-lactamase reporter assay,B,BAO_0000219,cell-based format,,,,,,,,,CHEMBL3038498,Keap1/Nrf2,Homo sapiens,,CHEMBL2380257,1,,Bioorg Med Chem Lett,2013,,,,,18.0,,18000.0,4.255,Alta
CHEMBL95,TACRINE,,198.27,,2.7,,Nc1c2c(nc3ccccc13)CCCC2,EC50,>,1000000.0,nM,,Outside typical range,,UO_0000065,,,,,,CHEMBL2410858,Antioxidant activity assessed as DPPH free radical scavenging activity after 30 mins by spectrophotometric analysis,F,BAO_0000019,assay format,,,,,,,,,CHEMBL613712,Radical scavenging activity,,,CHEMBL2406942,1,,Bioorg Med Chem,2013,,,,,1000.0,,1000000.0,6.0,Baja
CHEMBL2407153,,,514.74,,7.22,,O=C(CCCCCNc1c2c(nc3ccccc13)CCCC2)NCCCCCc1nc2ccccc2s1,EC50,>,1000000.0,nM,,Outside typical range,,UO_0000065,,,,,,CHEMBL2410858,Antioxidant activity assessed as DPPH free radical scavenging activity after 30 mins by spectrophotometric analysis,F,BAO_0000019,assay format,,,,,,,,,CHEMBL613712,Radical scavenging activity,,,CHEMBL2406942,1,,Bioorg Med Chem,2013,,,,,1000.0,,1000000.0,6.0,Baja
CHEMBL2407151,,,534.73,,7.68,,O=C(CCCCCNc1c2c(nc3ccccc13)CCCC2)NCc1ccc(-c2nc3ccccc3s2)cc1,EC50,>,1000000.0,nM,,Outside typical range,,UO_0000065,,,,,,CHEMBL2410858,Antioxidant activity assessed as DPPH free radical scavenging activity after 30 mins by spectrophotometric analysis,F,BAO_0000019,assay format,,,,,,,,,CHEMBL613712,Radical scavenging activity,,,CHEMBL2406942,1,,Bioorg Med Chem,2013,,,,,1000.0,,1000000.0,6.0,Baja
CHEMBL2407150,,,534.73,,7.93,,O=C(CCCCCNc1c2c(nc3ccccc13)CCCC2)Nc1ccc(Cc2nc3ccccc3s2)cc1,EC50,>,1000000.0,nM,,Outside typical range,,UO_0000065,,,,,,CHEMBL2410858,Antioxidant activity assessed as DPPH free radical scavenging activity after 30 mins by spectrophotometric analysis,F,BAO_0000019,assay format,,,,,,,,,CHEMBL613712,Radical scavenging activity,,,CHEMBL2406942,1,,Bioorg Med Chem,2013,,,,,1000.0,,1000000.0,6.0,Baja
CHEMBL3410473,,,400.87,,4.5,,O=c1c2ccccc2n(Cc2cn(Cc3ccc(Cl)cc3)nn2)c2ccccc12,EC50,>,333.0,ug.mL-1,,Outside typical range,,UO_0000274,,,,,,CHEMBL3411569,Antioxidant activity assessed as DPPH radical scavenging activity incubated in dark condition measured after 30 mins by UV/vis spectrophotometric analysis,P,BAO_0000100,small-molecule physicochemical format,,,,,,,,,CHEMBL2362975,No relevant target,,,CHEMBL3407370,1,,Eur J Med Chem,2015,,,,,333.0,,830693.242,5.919,Baja
CHEMBL3410474,,,400.87,,4.5,,O=c1c2ccccc2n(Cc2cn(Cc3ccccc3)nn2)c2ccc(Cl)cc12,EC50,>,700.0,ug.mL-1,,Outside typical range,,UO_0000274,,,,,,CHEMBL3411569,Antioxidant activity assessed as DPPH radical scavenging activity incubated in dark condition measured after 30 mins by UV/vis spectrophotometric analysis,P,BAO_0000100,small-molecule physicochemical format,,,,,,,,,CHEMBL2362975,No relevant target,,,CHEMBL3407370,1,,Eur J Med Chem,2015,,,,,700.0,,1746202.011,6.242,Baja
CHEMBL3410477,,,396.45,,3.85,,COc1ccc2c(c1)c(=O)c1ccccc1n2Cc1cn(Cc2ccccc2)nn1,EC50,>,700.0,ug.mL-1,,Outside typical range,,UO_0000274,,,,,,CHEMBL3411569,Antioxidant activity assessed as DPPH radical scavenging activity incubated in dark condition measured after 30 mins by UV/vis spectrophotometric analysis,P,BAO_0000100,small-molecule physicochemical format,,,,,,,,,CHEMBL2362975,No relevant target,,,CHEMBL3407370,1,,Eur J Med Chem,2015,,,,,700.0,,1765670.324,6.247,Baja
CHEMBL3410482,,,380.45,,4.15,,Cc1ccc2c(c1)c(=O)c1ccccc1n2Cc1cn(Cc2ccccc2)nn1,EC50,>,333.0,ug.mL-1,,Outside typical range,,UO_0000274,,,,,,CHEMBL3411569,Antioxidant activity assessed as DPPH radical scavenging activity incubated in dark condition measured after 30 mins by UV/vis spectrophotometric analysis,P,BAO_0000100,small-molecule physicochemical format,,,,,,,,,CHEMBL2362975,No relevant target,,,CHEMBL3407370,1,,Eur J Med Chem,2015,,,,,333.0,,875279.275,5.942,Baja
CHEMBL3410484,,,384.41,,3.98,,O=c1c2ccccc2n(Cc2cn(Cc3ccccc3)nn2)c2c(F)cccc12,EC50,>,700.0,ug.mL-1,,Outside typical range,,UO_0000274,,,,,,CHEMBL3411569,Antioxidant activity assessed as DPPH radical scavenging activity incubated in dark condition measured after 30 mins by UV/vis spectrophotometric analysis,P,BAO_0000100,small-molecule physicochemical format,,,,,,,,,CHEMBL2362975,No relevant target,,,CHEMBL3407370,1,,Eur J Med Chem,2015,,,,,700.0,,1820972.399,6.26,Baja
CHEMBL3593656,,,447.45,,3.64,,O=C(NCC1CCCN(c2nc3ccccc3o2)C1)c1cc([N+](=O)[O-])c2cccnc2c1O,EC50,=,881000.0,nM,,Outside typical range,,UO_0000065,,,,,,CHEMBL3595657,Antioxidant activity assessed as DPPH radical scavenging activity,P,BAO_0000100,small-molecule physicochemical format,,,,,,,,,CHEMBL2362975,No relevant target,,,CHEMBL3593240,1,,Bioorg Med Chem,2015,,,,,881.0,,881000.0,5.945,Baja
CHEMBL3593657,,,446.51,,3.46,,O=C(NCC1CCCN(C2Cc3ccccc3C2)C1)c1cc([N+](=O)[O-])c2cccnc2c1O,EC50,=,523500.0,nM,,Outside typical range,,UO_0000065,,,,,,CHEMBL3595657,Antioxidant activity assessed as DPPH radical scavenging activity,P,BAO_0000100,small-molecule physicochemical format,,,,,,,,,CHEMBL2362975,No relevant target,,,CHEMBL3593240,1,,Bioorg Med Chem,2015,,,,,523.5,,523500.0,5.719,Baja
CHEMBL3593655,,,463.52,,4.1,,O=C(NCC1CCCN(c2nc3ccccc3s2)C1)c1cc([N+](=O)[O-])c2cccnc2c1O,EC50,=,3829700.0,nM,,Outside typical range,,UO_0000065,,,,,,CHEMBL3595657,Antioxidant activity assessed as DPPH radical scavenging activity,P,BAO_0000100,small-molecule physicochemical format,,,,,,,,,CHEMBL2362975,No relevant target,,,CHEMBL3593240,1,,Bioorg Med Chem,2015,,,,,3829.7,,3829700.0,6.583,Baja
CHEMBL3593654,,,477.55,,4.1,,O=C(NCC1CCCN(Cc2nc3ccccc3s2)C1)c1cc([N+](=O)[O-])c2cccnc2c1O,EC50,=,1325500.0,nM,,Outside typical range,,UO_0000065,,,,,,CHEMBL3595657,Antioxidant activity assessed as DPPH radical scavenging activity,P,BAO_0000100,small-molecule physicochemical format,,,,,,,,,CHEMBL2362975,No relevant target,,,CHEMBL3593240,1,,Bioorg Med Chem,2015,,,,,1325.5,,1325500.0,6.122,Baja
CHEMBL3593653,,,519.56,,3.99,,COCCN(CC1CCN(Cc2nc3ccccc3o2)CC1)C(=O)c1cc([N+](=O)[O-])c2cccnc2c1O,EC50,=,770300.0,nM,,Outside typical range,,UO_0000065,,,,,,CHEMBL3595657,Antioxidant activity assessed as DPPH radical scavenging activity,P,BAO_0000100,small-molecule physicochemical format,,,,,,,,,CHEMBL2362975,No relevant target,,,CHEMBL3593240,1,,Bioorg Med Chem,2015,,,,,770.3,,770300.0,5.887,Baja
CHEMBL3593652,,,535.63,,4.46,,COCCN(CC1CCN(Cc2nc3ccccc3s2)CC1)C(=O)c1cc([N+](=O)[O-])c2cccnc2c1O,EC50,=,4142400.0,nM,,Outside typical range,,UO_0000065,,,,,,CHEMBL3595657,Antioxidant activity assessed as DPPH radical scavenging activity,P,BAO_0000100,small-molecule physicochemical format,,,,,,,,,CHEMBL2362975,No relevant target,,,CHEMBL3593240,1,,Bioorg Med Chem,2015,,,,,4142.4,,4142400.0,6.617,Baja
CHEMBL3593658,,,504.59,,3.82,,COCCN(CC1CCCN(C2Cc3ccccc3C2)C1)C(=O)c1cc([N+](=O)[O-])c2cccnc2c1O,EC50,=,3448800.0,nM,,Outside typical range,,UO_0000065,,,,,,CHEMBL3595657,Antioxidant activity assessed as DPPH radical scavenging activity,P,BAO_0000100,small-molecule physicochemical format,,,,,,,,,CHEMBL2362975,No relevant target,,,CHEMBL3593240,1,,Bioorg Med Chem,2015,,,,,3448.8,,3448800.0,6.538,Baja
CHEMBL50,QUERCETIN,,302.24,,1.99,,O=c1c(O)c(-c2ccc(O)c(O)c2)oc2cc(O)cc(O)c12,EC50,=,10900.0,nM,4.96,,,UO_0000065,,,,,,CHEMBL3595657,Antioxidant activity assessed as DPPH radical scavenging activity,P,BAO_0000100,small-molecule physicochemical format,,,,,,,,,CHEMBL2362975,No relevant target,,,CHEMBL3593240,1,,Bioorg Med Chem,2015,,,,,10.9,,10900.0,4.037,Alta
CHEMBL3634562,,,188.13,,0.5,,O.O=C(O)c1cc(O)c(O)c(O)c1,EC50,=,10000.0,nM,5.0,,,UO_0000065,,,,,,CHEMBL3635258,Antioxidant activity assessed as DPPH radical scavenging activity after 30 mins by spectrophotometry,P,BAO_0000100,small-molecule physicochemical format,,,,,,,,,CHEMBL2362975,No relevant target,,,CHEMBL3632598,1,,Bioorg Med Chem,2015,,,,,10.0,,10000.0,4.0,Alta
CHEMBL608410,PINOBAKSIN,,272.26,,1.78,,O=C1c2c(O)cc(O)cc2O[C@H](c2ccccc2)[C@H]1O,EC50,>,100000.0,nM,,,,UO_0000065,,,,,,CHEMBL3635258,Antioxidant activity assessed as DPPH radical scavenging activity after 30 mins by spectrophotometry,P,BAO_0000100,small-molecule physicochemical format,,,,,,,,,CHEMBL2362975,No relevant target,,,CHEMBL3632598,1,,Bioorg Med Chem,2015,,,,,100.0,,100000.0,5.0,Media
CHEMBL3634563,,,272.26,,1.78,,O=C1c2c(O)cc(O)cc2O[C@@H](c2ccccc2)[C@@H]1O,EC50,>,100000.0,nM,,,,UO_0000065,,,,,,CHEMBL3635258,Antioxidant activity assessed as DPPH radical scavenging activity after 30 mins by spectrophotometry,P,BAO_0000100,small-molecule physicochemical format,,,,,,,,,CHEMBL2362975,No relevant target,,,CHEMBL3632598,1,,Bioorg Med Chem,2015,,,,,100.0,,100000.0,5.0,Media
CHEMBL3634564,,,288.25,,1.48,,O=C1c2c(O)cc(O)cc2O[C@H](c2ccccc2O)[C@H]1O,EC50,>,100000.0,nM,,,,UO_0000065,,,,,,CHEMBL3635258,Antioxidant activity assessed as DPPH radical scavenging activity after 30 mins by spectrophotometry,P,BAO_0000100,small-molecule physicochemical format,,,,,,,,,CHEMBL2362975,No relevant target,,,CHEMBL3632598,1,,Bioorg Med Chem,2015,,,,,100.0,,100000.0,5.0,Media
CHEMBL3634565,,,288.25,,1.48,,O=C1c2c(O)cc(O)cc2O[C@@H](c2ccccc2O)[C@@H]1O,EC50,>,100000.0,nM,,,,UO_0000065,,,,,,CHEMBL3635258,Antioxidant activity assessed as DPPH radical scavenging activity after 30 mins by spectrophotometry,P,BAO_0000100,small-molecule physicochemical format,,,,,,,,,CHEMBL2362975,No relevant target,,,CHEMBL3632598,1,,Bioorg Med Chem,2015,,,,,100.0,,100000.0,5.0,Media
CHEMBL3634566,,,288.25,,1.48,,O=C1c2c(O)cc(O)cc2O[C@H](c2cccc(O)c2)[C@H]1O,EC50,>,100000.0,nM,,,,UO_0000065,,,,,,CHEMBL3635258,Antioxidant activity assessed as DPPH radical scavenging activity after 30 mins by spectrophotometry,P,BAO_0000100,small-molecule physicochemical format,,,,,,,,,CHEMBL2362975,No relevant target,,,CHEMBL3632598,1,,Bioorg Med Chem,2015,,,,,100.0,,100000.0,5.0,Media
CHEMBL3634567,,,288.25,,1.48,,O=C1c2c(O)cc(O)cc2O[C@@H](c2cccc(O)c2)[C@@H]1O,EC50,>,100000.0,nM,,,,UO_0000065,,,,,,CHEMBL3635258,Antioxidant activity assessed as DPPH radical scavenging activity after 30 mins by spectrophotometry,P,BAO_0000100,small-molecule physicochemical format,,,,,,,,,CHEMBL2362975,No relevant target,,,CHEMBL3632598,1,,Bioorg Med Chem,2015,,,,,100.0,,100000.0,5.0,Media
CHEMBL9323,DIHYDROKAEMPFEROL,,288.25,,1.48,,O=C1c2c(O)cc(O)cc2O[C@H](c2ccc(O)cc2)[C@H]1O,EC50,>,100000.0,nM,,,,UO_0000065,,,,,,CHEMBL3635258,Antioxidant activity assessed as DPPH radical scavenging activity after 30 mins by spectrophotometry,P,BAO_0000100,small-molecule physicochemical format,,,,,,,,,CHEMBL2362975,No relevant target,,,CHEMBL3632598,1,,Bioorg Med Chem,2015,,,,,100.0,,100000.0,5.0,Media
CHEMBL1933859,,,288.25,,1.48,,O=C1c2c(O)cc(O)cc2O[C@@H](c2ccc(O)cc2)[C@@H]1O,EC50,>,100000.0,nM,,,,UO_0000065,,,,,,CHEMBL3635258,Antioxidant activity assessed as DPPH radical scavenging activity after 30 mins by spectrophotometry,P,BAO_0000100,small-molecule physicochemical format,,,,,,,,,CHEMBL2362975,No relevant target,,,CHEMBL3632598,1,,Bioorg Med Chem,2015,,,,,100.0,,100000.0,5.0,Media
CHEMBL465772,,,304.25,,1.19,,O=C1c2c(O)cc(O)cc2O[C@H](c2c(O)cccc2O)[C@H]1O,EC50,>,100000.0,nM,,,,UO_0000065,,,,,,CHEMBL3635258,Antioxidant activity assessed as DPPH radical scavenging activity after 30 mins by spectrophotometry,P,BAO_0000100,small-molecule physicochemical format,,,,,,,,,CHEMBL2362975,No relevant target,,,CHEMBL3632598,1,,Bioorg Med Chem,2015,,,,,100.0,,100000.0,5.0,Media
CHEMBL3634568,,,304.25,,1.19,,O=C1c2c(O)cc(O)cc2O[C@@H](c2c(O)cccc2O)[C@@H]1O,EC50,=,100000.0,nM,4.0,,,UO_0000065,,,,,,CHEMBL3635258,Antioxidant activity assessed as DPPH radical scavenging activity after 30 mins by spectrophotometry,P,BAO_0000100,small-molecule physicochemical format,,,,,,,,,CHEMBL2362975,No relevant target,,,CHEMBL3632598,1,,Bioorg Med Chem,2015,,,,,100.0,,100000.0,5.0,Media
CHEMBL3634569,,,304.25,,1.19,,O=C1c2c(O)cc(O)cc2O[C@H](c2cccc(O)c2O)[C@H]1O,EC50,=,12500.0,nM,4.9,,,UO_0000065,,,,,,CHEMBL3635258,Antioxidant activity assessed as DPPH radical scavenging activity after 30 mins by spectrophotometry,P,BAO_0000100,small-molecule physicochemical format,,,,,,,,,CHEMBL2362975,No relevant target,,,CHEMBL3632598,1,,Bioorg Med Chem,2015,,,,,12.5,,12500.0,4.097,Alta
CHEMBL3634570,,,304.25,,1.19,,O=C1c2c(O)cc(O)cc2O[C@@H](c2cccc(O)c2O)[C@@H]1O,EC50,=,13500.0,nM,4.87,,,UO_0000065,,,,,,CHEMBL3635258,Antioxidant activity assessed as DPPH radical scavenging activity after 30 mins by spectrophotometry,P,BAO_0000100,small-molecule physicochemical format,,,,,,,,,CHEMBL2362975,No relevant target,,,CHEMBL3632598,1,,Bioorg Med Chem,2015,,,,,13.5,,13500.0,4.13,Alta
CHEMBL463453,DIHYDROMORIN,,304.25,,1.19,,O=C1c2c(O)cc(O)cc2O[C@H](c2ccc(O)cc2O)[C@H]1O,EC50,>,100000.0,nM,,,,UO_0000065,,,,,,CHEMBL3635258,Antioxidant activity assessed as DPPH radical scavenging activity after 30 mins by spectrophotometry,P,BAO_0000100,small-molecule physicochemical format,,,,,,,,,CHEMBL2362975,No relevant target,,,CHEMBL3632598,1,,Bioorg Med Chem,2015,,,,,100.0,,100000.0,5.0,Media
CHEMBL3634571,,,304.25,,1.19,,O=C1c2c(O)cc(O)cc2O[C@@H](c2ccc(O)cc2O)[C@@H]1O,EC50,>,100000.0,nM,,,,UO_0000065,,,,,,CHEMBL3635258,Antioxidant activity assessed as DPPH radical scavenging activity after 30 mins by spectrophotometry,P,BAO_0000100,small-molecule physicochemical format,,,,,,,,,CHEMBL2362975,No relevant target,,,CHEMBL3632598,1,,Bioorg Med Chem,2015,,,,,100.0,,100000.0,5.0,Media
CHEMBL3634572,,,304.25,,1.19,,O=C1c2c(O)cc(O)cc2O[C@H](c2cc(O)ccc2O)[C@H]1O,EC50,=,24500.0,nM,4.61,,,UO_0000065,,,,,,CHEMBL3635258,Antioxidant activity assessed as DPPH radical scavenging activity after 30 mins by spectrophotometry,P,BAO_0000100,small-molecule physicochemical format,,,,,,,,,CHEMBL2362975,No relevant target,,,CHEMBL3632598,1,,Bioorg Med Chem,2015,,,,,24.5,,24500.0,4.389,Media
CHEMBL3634573,,,304.25,,1.19,,O=C1c2c(O)cc(O)cc2O[C@@H](c2cc(O)ccc2O)[C@@H]1O,EC50,=,25400.0,nM,4.59,,,UO_0000065,,,,,,CHEMBL3635258,Antioxidant activity assessed as DPPH radical scavenging activity after 30 mins by spectrophotometry,P,BAO_0000100,small-molecule physicochemical format,,,,,,,,,CHEMBL2362975,No relevant target,,,CHEMBL3632598,1,,Bioorg Med Chem,2015,,,,,25.4,,25400.0,4.405,Media
CHEMBL66,(+)-TAXIFOLIN,,304.25,,1.19,,O=C1c2c(O)cc(O)cc2O[C@H](c2ccc(O)c(O)c2)[C@H]1O,EC50,=,13900.0,nM,4.86,,,UO_0000065,,,,,,CHEMBL3635258,Antioxidant activity assessed as DPPH radical scavenging activity after 30 mins by spectrophotometry,P,BAO_0000100,small-molecule physicochemical format,,,,,,,,,CHEMBL2362975,No relevant target,,,CHEMBL3632598,1,,Bioorg Med Chem,2015,,,,,13.9,,13900.0,4.143,Alta
CHEMBL209462,,,304.25,,1.19,,O=C1c2c(O)cc(O)cc2O[C@@H](c2ccc(O)c(O)c2)[C@@H]1O,EC50,=,12600.0,nM,4.9,,,UO_0000065,,,,,,CHEMBL3635258,Antioxidant activity assessed as DPPH radical scavenging activity after 30 mins by spectrophotometry,P,BAO_0000100,small-molecule physicochemical format,,,,,,,,,CHEMBL2362975,No relevant target,,,CHEMBL3632598,1,,Bioorg Med Chem,2015,,,,,12.6,,12600.0,4.1,Alta
CHEMBL3634574,,,304.25,,1.19,,O=C1c2c(O)cc(O)cc2O[C@H](c2cc(O)cc(O)c2)[C@H]1O,EC50,>,100000.0,nM,,,,UO_0000065,,,,,,CHEMBL3635258,Antioxidant activity assessed as DPPH radical scavenging activity after 30 mins by spectrophotometry,P,BAO_0000100,small-molecule physicochemical format,,,,,,,,,CHEMBL2362975,No relevant target,,,CHEMBL3632598,1,,Bioorg Med Chem,2015,,,,,100.0,,100000.0,5.0,Media
CHEMBL3740041,,,587.11,,4.25,,CCCN(CCN1CCN(c2ccc3cc[nH]c3c2Cl)CC1)[C@H]1CCc2nc(N)sc2C1.O=C(O)C(F)(F)F,EC50,=,21720.0,nM,4.66,,,UO_0000065,,,,,,CHEMBL3745235,Antioxidant activity assessed as DPPH free radical scavenging activity after 30 mins,P,BAO_0000100,small-molecule physicochemical format,,,,,,,,,CHEMBL2362975,No relevant target,,,CHEMBL3739358,1,,J Med Chem,2015,,,,,21.72,,21720.0,4.337,Alta
CHEMBL3804917,,,374.45,,3.51,,C/C(=N/N=C1\SCC(=O)N1Cc1ccccc1[N+](=O)[O-])c1cccs1,EC50,=,1120000.0,nM,,Outside typical range,,UO_0000065,,,,,,CHEMBL3806568,Antioxidant activity of the compound after 90 mins by phosphomolybdenum assay,P,BAO_0000100,small-molecule physicochemical format,,,,,,,,,CHEMBL2362975,No relevant target,,,CHEMBL3804786,1,,Eur J Med Chem,2016,,,,,1.12,,1120000.0,6.049,Baja
CHEMBL3804938,,,306.35,,2.42,,CC(C)=N/N=C1\SCC(=O)N1Cc1cccc([N+](=O)[O-])c1,EC50,=,1240000.0,nM,,Outside typical range,,UO_0000065,,,,,,CHEMBL3806568,Antioxidant activity of the compound after 90 mins by phosphomolybdenum assay,P,BAO_0000100,small-molecule physicochemical format,,,,,,,,,CHEMBL2362975,No relevant target,,,CHEMBL3804786,1,,Eur J Med Chem,2016,,,,,1.24,,1240000.0,6.093,Baja
CHEMBL3804833,,,305.38,,3.19,,O=C1CS/C(=N\N=C2CCCC2)N1Cc1ccccc1F,EC50,=,700000.0,nM,,Outside typical range,,UO_0000065,,,,,,CHEMBL3806568,Antioxidant activity of the compound after 90 mins by phosphomolybdenum assay,P,BAO_0000100,small-molecule physicochemical format,,,,,,,,,CHEMBL2362975,No relevant target,,,CHEMBL3804786,1,,Eur J Med Chem,2016,,,,,0.7,,700000.0,5.845,Baja
CHEMBL3805097,,,347.44,,3.74,,C/C(=N\N=C1/SCC(=O)N1Cc1ccccc1F)c1cccs1,EC50,=,1260000.0,nM,,Outside typical range,,UO_0000065,,,,,,CHEMBL3806568,Antioxidant activity of the compound after 90 mins by phosphomolybdenum assay,P,BAO_0000100,small-molecule physicochemical format,,,,,,,,,CHEMBL2362975,No relevant target,,,CHEMBL3804786,1,,Eur J Med Chem,2016,,,,,1.26,,1260000.0,6.1,Baja
CHEMBL3805651,,,347.44,,3.74,,C/C(=N\N=C1/SCC(=O)N1Cc1cccc(F)c1)c1cccs1,EC50,=,1360000.0,nM,,Outside typical range,,UO_0000065,,,,,,CHEMBL3806568,Antioxidant activity of the compound after 90 mins by phosphomolybdenum assay,P,BAO_0000100,small-molecule physicochemical format,,,,,,,,,CHEMBL2362975,No relevant target,,,CHEMBL3804786,1,,Eur J Med Chem,2016,,,,,1.36,,1360000.0,6.134,Baja
CHEMBL3805135,,,347.44,,3.74,,C/C(=N/N=C1\SCC(=O)N1Cc1ccc(F)cc1)c1cccs1,EC50,=,1370000.0,nM,,Outside typical range,,UO_0000065,,,,,,CHEMBL3806568,Antioxidant activity of the compound after 90 mins by phosphomolybdenum assay,P,BAO_0000100,small-molecule physicochemical format,,,,,,,,,CHEMBL2362975,No relevant target,,,CHEMBL3804786,1,,Eur J Med Chem,2016,,,,,1.37,,1370000.0,6.137,Baja
CHEMBL3805677,,,342.4,,3.08,,C/C(=N/N=C1\SCC(=O)N1Cc1ccc(F)cc1)c1ccccn1,EC50,=,1160000.0,nM,,Outside typical range,,UO_0000065,,,,,,CHEMBL3806568,Antioxidant activity of the compound after 90 mins by phosphomolybdenum assay,P,BAO_0000100,small-molecule physicochemical format,,,,,,,,,CHEMBL2362975,No relevant target,,,CHEMBL3804786,1,,Eur J Med Chem,2016,,,,,1.16,,1160000.0,6.064,Baja
CHEMBL3805406,,,363.9,,4.26,,C/C(=N\N=C1/SCC(=O)N1Cc1cccc(Cl)c1)c1cccs1,EC50,=,1160000.0,nM,,Outside typical range,,UO_0000065,,,,,,CHEMBL3806568,Antioxidant activity of the compound after 90 mins by phosphomolybdenum assay,P,BAO_0000100,small-molecule physicochemical format,,,,,,,,,CHEMBL2362975,No relevant target,,,CHEMBL3804786,1,,Eur J Med Chem,2016,,,,,1.16,,1160000.0,6.064,Baja
CHEMBL3805073,,,358.85,,3.59,,C/C(=N\N=C1/SCC(=O)N1Cc1cccc(Cl)c1)c1ccccn1,EC50,=,2040000.0,nM,,Outside typical range,,UO_0000065,,,,,,CHEMBL3806568,Antioxidant activity of the compound after 90 mins by phosphomolybdenum assay,P,BAO_0000100,small-molecule physicochemical format,,,,,,,,,CHEMBL2362975,No relevant target,,,CHEMBL3804786,1,,Eur J Med Chem,2016,,,,,2.04,,2040000.0,6.31,Baja
CHEMBL3805577,,,321.83,,3.7,,O=C1CS/C(=N\N=C2CCCC2)N1Cc1ccc(Cl)cc1,EC50,=,560000.0,nM,,Outside typical range,,UO_0000065,,,,,,CHEMBL3806568,Antioxidant activity of the compound after 90 mins by phosphomolybdenum assay,P,BAO_0000100,small-molecule physicochemical format,,,,,,,,,CHEMBL2362975,No relevant target,,,CHEMBL3804786,1,,Eur J Med Chem,2016,,,,,0.56,,560000.0,5.748,Baja
CHEMBL3805620,,,276.37,,2.1,,CC(C)=N/N=C1\SCC(=O)N1Cc1ccc(N)cc1,EC50,=,1200000.0,nM,,Outside typical range,,UO_0000065,,,,,,CHEMBL3806568,Antioxidant activity of the compound after 90 mins by phosphomolybdenum assay,P,BAO_0000100,small-molecule physicochemical format,,,,,,,,,CHEMBL2362975,No relevant target,,,CHEMBL3804786,1,,Eur J Med Chem,2016,,,,,1.2,,1200000.0,6.079,Baja
CHEMBL153,TROLOX,,250.29,,2.49,,Cc1c(C)c2c(c(C)c1O)CCC(C)(C(=O)O)O2,EC50,=,1130000.0,nM,,Outside typical range,,UO_0000065,,,,,,CHEMBL3806568,Antioxidant activity of the compound after 90 mins by phosphomolybdenum assay,P,BAO_0000100,small-molecule physicochemical format,,,,,,,,,CHEMBL2362975,No relevant target,,,CHEMBL3804786,1,,Eur J Med Chem,2016,,,,,1.13,,1130000.0,6.053,Baja
CHEMBL3804917,,,374.45,,3.51,,C/C(=N/N=C1\SCC(=O)N1Cc1ccccc1[N+](=O)[O-])c1cccs1,EC50,=,2400000.0,nM,,Outside typical range,,UO_0000065,,,,,,CHEMBL3806569,Antioxidant activity of the compound after 30 mins by FRAP assay,P,BAO_0000100,small-molecule physicochemical format,,,,,,,,,CHEMBL2362975,No relevant target,,,CHEMBL3804786,1,,Eur J Med Chem,2016,,,,,2.4,,2400000.0,6.38,Baja
CHEMBL3804938,,,306.35,,2.42,,CC(C)=N/N=C1\SCC(=O)N1Cc1cccc([N+](=O)[O-])c1,EC50,=,5290000.0,nM,,Outside typical range,,UO_0000065,,,,,,CHEMBL3806569,Antioxidant activity of the compound after 30 mins by FRAP assay,P,BAO_0000100,small-molecule physicochemical format,,,,,,,,,CHEMBL2362975,No relevant target,,,CHEMBL3804786,1,,Eur J Med Chem,2016,,,,,5.29,,5290000.0,6.723,Baja
CHEMBL3804833,,,305.38,,3.19,,O=C1CS/C(=N\N=C2CCCC2)N1Cc1ccccc1F,EC50,=,5630000.0,nM,,Outside typical range,,UO_0000065,,,,,,CHEMBL3806569,Antioxidant activity of the compound after 30 mins by FRAP assay,P,BAO_0000100,small-molecule physicochemical format,,,,,,,,,CHEMBL2362975,No relevant target,,,CHEMBL3804786,1,,Eur J Med Chem,2016,,,,,5.63,,5630000.0,6.751,Baja
CHEMBL3805097,,,347.44,,3.74,,C/C(=N\N=C1/SCC(=O)N1Cc1ccccc1F)c1cccs1,EC50,=,2130000.0,nM,,Outside typical range,,UO_0000065,,,,,,CHEMBL3806569,Antioxidant activity of the compound after 30 mins by FRAP assay,P,BAO_0000100,small-molecule physicochemical format,,,,,,,,,CHEMBL2362975,No relevant target,,,CHEMBL3804786,1,,Eur J Med Chem,2016,,,,,2.13,,2130000.0,6.328,Baja
CHEMBL3805651,,,347.44,,3.74,,C/C(=N\N=C1/SCC(=O)N1Cc1cccc(F)c1)c1cccs1,EC50,=,2620000.0,nM,,Outside typical range,,UO_0000065,,,,,,CHEMBL3806569,Antioxidant activity of the compound after 30 mins by FRAP assay,P,BAO_0000100,small-molecule physicochemical format,,,,,,,,,CHEMBL2362975,No relevant target,,,CHEMBL3804786,1,,Eur J Med Chem,2016,,,,,2.62,,2620000.0,6.418,Baja
CHEMBL3805135,,,347.44,,3.74,,C/C(=N/N=C1\SCC(=O)N1Cc1ccc(F)cc1)c1cccs1,EC50,=,2020000.0,nM,,Outside typical range,,UO_0000065,,,,,,CHEMBL3806569,Antioxidant activity of the compound after 30 mins by FRAP assay,P,BAO_0000100,small-molecule physicochemical format,,,,,,,,,CHEMBL2362975,No relevant target,,,CHEMBL3804786,1,,Eur J Med Chem,2016,,,,,2.02,,2020000.0,6.305,Baja
CHEMBL3805677,,,342.4,,3.08,,C/C(=N/N=C1\SCC(=O)N1Cc1ccc(F)cc1)c1ccccn1,EC50,=,6220000.0,nM,,Outside typical range,,UO_0000065,,,,,,CHEMBL3806569,Antioxidant activity of the compound after 30 mins by FRAP assay,P,BAO_0000100,small-molecule physicochemical format,,,,,,,,,CHEMBL2362975,No relevant target,,,CHEMBL3804786,1,,Eur J Med Chem,2016,,,,,6.22,,6220000.0,6.794,Baja
CHEMBL3805406,,,363.9,,4.26,,C/C(=N\N=C1/SCC(=O)N1Cc1cccc(Cl)c1)c1cccs1,EC50,=,2320000.0,nM,,Outside typical range,,UO_0000065,,,,,,CHEMBL3806569,Antioxidant activity of the compound after 30 mins by FRAP assay,P,BAO_0000100,small-molecule physicochemical format,,,,,,,,,CHEMBL2362975,No relevant target,,,CHEMBL3804786,1,,Eur J Med Chem,2016,,,,,2.32,,2320000.0,6.365,Baja
CHEMBL3805073,,,358.85,,3.59,,C/C(=N\N=C1/SCC(=O)N1Cc1cccc(Cl)c1)c1ccccn1,EC50,=,4930000.0,nM,,Outside typical range,,UO_0000065,,,,,,CHEMBL3806569,Antioxidant activity of the compound after 30 mins by FRAP assay,P,BAO_0000100,small-molecule physicochemical format,,,,,,,,,CHEMBL2362975,No relevant target,,,CHEMBL3804786,1,,Eur J Med Chem,2016,,,,,4.93,,4930000.0,6.693,Baja
CHEMBL3805577,,,321.83,,3.7,,O=C1CS/C(=N\N=C2CCCC2)N1Cc1ccc(Cl)cc1,EC50,=,4800000.0,nM,,Outside typical range,,UO_0000065,,,,,,CHEMBL3806569,Antioxidant activity of the compound after 30 mins by FRAP assay,P,BAO_0000100,small-molecule physicochemical format,,,,,,,,,CHEMBL2362975,No relevant target,,,CHEMBL3804786,1,,Eur J Med Chem,2016,,,,,4.8,,4800000.0,6.681,Baja
CHEMBL3805620,,,276.37,,2.1,,CC(C)=N/N=C1\SCC(=O)N1Cc1ccc(N)cc1,EC50,=,2760000.0,nM,,Outside typical range,,UO_0000065,,,,,,CHEMBL3806569,Antioxidant activity of the compound after 30 mins by FRAP assay,P,BAO_0000100,small-molecule physicochemical format,,,,,,,,,CHEMBL2362975,No relevant target,,,CHEMBL3804786,1,,Eur J Med Chem,2016,,,,,2.76,,2760000.0,6.441,Baja
CHEMBL153,TROLOX,,250.29,,2.49,,Cc1c(C)c2c(c(C)c1O)CCC(C)(C(=O)O)O2,EC50,=,160000.0,nM,,Outside typical range,,UO_0000065,,,,,,CHEMBL3806569,Antioxidant activity of the compound after 30 mins by FRAP assay,P,BAO_0000100,small-molecule physicochemical format,,,,,,,,,CHEMBL2362975,No relevant target,,,CHEMBL3804786,1,,Eur J Med Chem,2016,,,,,0.16,,160000.0,5.204,Media
CHEMBL3804917,,,374.45,,3.51,,C/C(=N/N=C1\SCC(=O)N1Cc1ccccc1[N+](=O)[O-])c1cccs1,EC50,=,2250000.0,nM,,Outside typical range,,UO_0000065,,,,,,CHEMBL3806570,Antioxidant activity of the compound after 30 mins by CUPRAC method,P,BAO_0000100,small-molecule physicochemical format,,,,,,,,,CHEMBL2362975,No relevant target,,,CHEMBL3804786,1,,Eur J Med Chem,2016,,,,,2.25,,2250000.0,6.352,Baja
CHEMBL3804938,,,306.35,,2.42,,CC(C)=N/N=C1\SCC(=O)N1Cc1cccc([N+](=O)[O-])c1,EC50,=,2350000.0,nM,,Outside typical range,,UO_0000065,,,,,,CHEMBL3806570,Antioxidant activity of the compound after 30 mins by CUPRAC method,P,BAO_0000100,small-molecule physicochemical format,,,,,,,,,CHEMBL2362975,No relevant target,,,CHEMBL3804786,1,,Eur J Med Chem,2016,,,,,2.35,,2350000.0,6.371,Baja
CHEMBL3804833,,,305.38,,3.19,,O=C1CS/C(=N\N=C2CCCC2)N1Cc1ccccc1F,EC50,=,2370000.0,nM,,Outside typical range,,UO_0000065,,,,,,CHEMBL3806570,Antioxidant activity of the compound after 30 mins by CUPRAC method,P,BAO_0000100,small-molecule physicochemical format,,,,,,,,,CHEMBL2362975,No relevant target,,,CHEMBL3804786,1,,Eur J Med Chem,2016,,,,,2.37,,2370000.0,6.375,Baja
CHEMBL3805097,,,347.44,,3.74,,C/C(=N\N=C1/SCC(=O)N1Cc1ccccc1F)c1cccs1,EC50,=,2400000.0,nM,,Outside typical range,,UO_0000065,,,,,,CHEMBL3806570,Antioxidant activity of the compound after 30 mins by CUPRAC method,P,BAO_0000100,small-molecule physicochemical format,,,,,,,,,CHEMBL2362975,No relevant target,,,CHEMBL3804786,1,,Eur J Med Chem,2016,,,,,2.4,,2400000.0,6.38,Baja
CHEMBL3805651,,,347.44,,3.74,,C/C(=N\N=C1/SCC(=O)N1Cc1cccc(F)c1)c1cccs1,EC50,=,2550000.0,nM,,Outside typical range,,UO_0000065,,,,,,CHEMBL3806570,Antioxidant activity of the compound after 30 mins by CUPRAC method,P,BAO_0000100,small-molecule physicochemical format,,,,,,,,,CHEMBL2362975,No relevant target,,,CHEMBL3804786,1,,Eur J Med Chem,2016,,,,,2.55,,2550000.0,6.407,Baja
CHEMBL3805135,,,347.44,,3.74,,C/C(=N/N=C1\SCC(=O)N1Cc1ccc(F)cc1)c1cccs1,EC50,=,1850000.0,nM,,Outside typical range,,UO_0000065,,,,,,CHEMBL3806570,Antioxidant activity of the compound after 30 mins by CUPRAC method,P,BAO_0000100,small-molecule physicochemical format,,,,,,,,,CHEMBL2362975,No relevant target,,,CHEMBL3804786,1,,Eur J Med Chem,2016,,,,,1.85,,1850000.0,6.267,Baja
CHEMBL3805677,,,342.4,,3.08,,C/C(=N/N=C1\SCC(=O)N1Cc1ccc(F)cc1)c1ccccn1,EC50,=,1750000.0,nM,,Outside typical range,,UO_0000065,,,,,,CHEMBL3806570,Antioxidant activity of the compound after 30 mins by CUPRAC method,P,BAO_0000100,small-molecule physicochemical format,,,,,,,,,CHEMBL2362975,No relevant target,,,CHEMBL3804786,1,,Eur J Med Chem,2016,,,,,1.75,,1750000.0,6.243,Baja
CHEMBL3805406,,,363.9,,4.26,,C/C(=N\N=C1/SCC(=O)N1Cc1cccc(Cl)c1)c1cccs1,EC50,=,1590000.0,nM,,Outside typical range,,UO_0000065,,,,,,CHEMBL3806570,Antioxidant activity of the compound after 30 mins by CUPRAC method,P,BAO_0000100,small-molecule physicochemical format,,,,,,,,,CHEMBL2362975,No relevant target,,,CHEMBL3804786,1,,Eur J Med Chem,2016,,,,,1.59,,1590000.0,6.201,Baja
CHEMBL3805073,,,358.85,,3.59,,C/C(=N\N=C1/SCC(=O)N1Cc1cccc(Cl)c1)c1ccccn1,EC50,=,1400000.0,nM,,Outside typical range,,UO_0000065,,,,,,CHEMBL3806570,Antioxidant activity of the compound after 30 mins by CUPRAC method,P,BAO_0000100,small-molecule physicochemical format,,,,,,,,,CHEMBL2362975,No relevant target,,,CHEMBL3804786,1,,Eur J Med Chem,2016,,,,,1.4,,1400000.0,6.146,Baja
CHEMBL3805577,,,321.83,,3.7,,O=C1CS/C(=N\N=C2CCCC2)N1Cc1ccc(Cl)cc1,EC50,=,2100000.0,nM,,Outside typical range,,UO_0000065,,,,,,CHEMBL3806570,Antioxidant activity of the compound after 30 mins by CUPRAC method,P,BAO_0000100,small-molecule physicochemical format,,,,,,,,,CHEMBL2362975,No relevant target,,,CHEMBL3804786,1,,Eur J Med Chem,2016,,,,,2.1,,2100000.0,6.322,Baja
CHEMBL3805620,,,276.37,,2.1,,CC(C)=N/N=C1\SCC(=O)N1Cc1ccc(N)cc1,EC50,=,1770000.0,nM,,Outside typical range,,UO_0000065,,,,,,CHEMBL3806570,Antioxidant activity of the compound after 30 mins by CUPRAC method,P,BAO_0000100,small-molecule physicochemical format,,,,,,,,,CHEMBL2362975,No relevant target,,,CHEMBL3804786,1,,Eur J Med Chem,2016,,,,,1.77,,1770000.0,6.248,Baja
CHEMBL153,TROLOX,,250.29,,2.49,,Cc1c(C)c2c(c(C)c1O)CCC(C)(C(=O)O)O2,EC50,=,240000.0,nM,,Outside typical range,,UO_0000065,,,,,,CHEMBL3806570,Antioxidant activity of the compound after 30 mins by CUPRAC method,P,BAO_0000100,small-molecule physicochemical format,,,,,,,,,CHEMBL2362975,No relevant target,,,CHEMBL3804786,1,,Eur J Med Chem,2016,,,,,0.24,,240000.0,5.38,Baja
CHEMBL4165470,,,334.37,,2.17,,CC[C@@H](C)[C@@]12OC(=O)[C@@]3(O)C[C@@H](O1)c1c(cc(O)c(C)c1O)[C@@]23C,EC50,=,83500.0,nM,4.08,,,UO_0000065,,,,,,CHEMBL4149455,Antioxidant activity assessed as ABTS radical scavenging activity incubated for 6 mins under dark condition,F,BAO_0000019,assay format,,,,,,,,,CHEMBL2362975,No relevant target,,,CHEMBL4145569,1,,J Nat Prod,2018,,,,,83.5,,83500.0,4.922,Media
CHEMBL4172692,,,334.37,,2.17,,CC[C@@H](C)[C@]12OC(=O)[C@]3(O)C[C@H](O1)c1c(cc(O)c(C)c1O)[C@]23C,EC50,=,83500.0,nM,4.08,,,UO_0000065,,,,,,CHEMBL4149455,Antioxidant activity assessed as ABTS radical scavenging activity incubated for 6 mins under dark condition,F,BAO_0000019,assay format,,,,,,,,,CHEMBL2362975,No relevant target,,,CHEMBL4145569,1,,J Nat Prod,2018,,,,,83.5,,83500.0,4.922,Media
CHEMBL4165470,,,334.37,,2.17,,CC[C@@H](C)[C@@]12OC(=O)[C@@]3(O)C[C@@H](O1)c1c(cc(O)c(C)c1O)[C@@]23C,EC50,=,83500.0,nM,4.08,,,UO_0000065,,,,,,CHEMBL4149456,Antioxidant activity assessed as DPPH radical scavenging activity incubated for 30 mins under dark condition,F,BAO_0000019,assay format,,,,,,,,,CHEMBL2362975,No relevant target,,,CHEMBL4145569,1,,J Nat Prod,2018,,,,,83.5,,83500.0,4.922,Media
CHEMBL4172692,,,334.37,,2.17,,CC[C@@H](C)[C@]12OC(=O)[C@]3(O)C[C@H](O1)c1c(cc(O)c(C)c1O)[C@]23C,EC50,=,83500.0,nM,4.08,,,UO_0000065,,,,,,CHEMBL4149456,Antioxidant activity assessed as DPPH radical scavenging activity incubated for 30 mins under dark condition,F,BAO_0000019,assay format,,,,,,,,,CHEMBL2362975,No relevant target,,,CHEMBL4145569,1,,J Nat Prod,2018,,,,,83.5,,83500.0,4.922,Media
CHEMBL203360,,,210.24,,2.94,,Oc1ccccc1-c1nc2ccccc2[nH]1,EC50,=,160000.0,nM,,Outside typical range,,UO_0000065,,,,,,CHEMBL4197264,Antioxidant activity assessed as DPPH radical scavenging activity incubated for 30 mins,F,BAO_0000019,assay format,,,,,,,,,CHEMBL2362975,No relevant target,,,CHEMBL4196026,1,,Eur J Med Chem,2018,,,,,160.0,,160000.0,5.204,Media
CHEMBL95,TACRINE,,198.27,,2.7,,Nc1c2c(nc3ccccc13)CCCC2,EC50,>,1000000.0,nM,,Outside typical range,,UO_0000065,,,,,,CHEMBL4197264,Antioxidant activity assessed as DPPH radical scavenging activity incubated for 30 mins,F,BAO_0000019,assay format,,,,,,,,,CHEMBL2362975,No relevant target,,,CHEMBL4196026,1,,Eur J Med Chem,2018,,,,,1000.0,,1000000.0,6.0,Baja
CHEMBL4210268,,,507.59,,4.57,,O=C(NCC(O)CNc1c2c(nc3ccccc13)CCCC2)c1ccc2[nH]c(-c3ccccc3O)nc2c1,EC50,=,564000.0,nM,,Outside typical range,,UO_0000065,,,,,,CHEMBL4197264,Antioxidant activity assessed as DPPH radical scavenging activity incubated for 30 mins,F,BAO_0000019,assay format,,,,,,,,,CHEMBL2362975,No relevant target,,,CHEMBL4196026,1,,Eur J Med Chem,2018,,,,,564.0,,564000.0,5.751,Baja
CHEMBL4214328,,,526.04,,6.25,,O=C(NCCCNc1c2c(nc3cc(Cl)ccc13)CCCC2)c1ccc2[nH]c(-c3ccccc3O)nc2c1,EC50,>,1000000.0,nM,,Outside typical range,,UO_0000065,,,,,,CHEMBL4197264,Antioxidant activity assessed as DPPH radical scavenging activity incubated for 30 mins,F,BAO_0000019,assay format,,,,,,,,,CHEMBL2362975,No relevant target,,,CHEMBL4196026,1,,Eur J Med Chem,2018,,,,,1000.0,,1000000.0,6.0,Baja
CHEMBL4211149,,,491.6,,5.59,,O=C(NCCCNc1c2c(nc3ccccc13)CCCC2)c1ccc2[nH]c(-c3ccccc3O)nc2c1,EC50,>,1000000.0,nM,,Outside typical range,,UO_0000065,,,,,,CHEMBL4197264,Antioxidant activity assessed as DPPH radical scavenging activity incubated for 30 mins,F,BAO_0000019,assay format,,,,,,,,,CHEMBL2362975,No relevant target,,,CHEMBL4196026,1,,Eur J Med Chem,2018,,,,,1000.0,,1000000.0,6.0,Baja
CHEMBL4095803,,,296.28,,3.08,,O=c1c(/C=C/c2ccc(O)c(O)c2)coc2ccc(O)cc12,EC50,=,17000.0,nM,4.77,,,UO_0000065,,,,,,CHEMBL4018378,Antioxidant activity assessed as DPPH free radical scavenging activity,F,BAO_0000019,assay format,,,,,,,,,CHEMBL2362975,No relevant target,,,CHEMBL4017485,1,,J Med Chem,2017,,,,,17.0,,17000.0,4.23,Alta
CHEMBL247559,,,298.29,,2.77,,COc1ccc2c(c1)OC/C(=C\c1ccc(O)c(O)c1)C2=O,EC50,=,13000.0,nM,4.89,,,UO_0000065,,,,,,CHEMBL4018378,Antioxidant activity assessed as DPPH free radical scavenging activity,F,BAO_0000019,assay format,,,,,,,,,CHEMBL2362975,No relevant target,,,CHEMBL4017485,1,,J Med Chem,2017,,,,,13.0,,13000.0,4.114,Alta
CHEMBL4128730,,,408.41,,3.54,,CC1(C)Oc2ccc3ccc(=O)oc3c2CC1OC(=O)/C=C/c1ccc(O)c(O)c1,EC50,=,3060.0,nM,5.51,,,UO_0000065,,,,,,CHEMBL4125401,Antioxidant activity assessed as DPPH radical scavenging activity measured after 30 mins,F,BAO_0000019,assay format,,,,,,,,,CHEMBL2362975,No relevant target,,,CHEMBL4118275,1,,Bioorg Med Chem Lett,2018,,,,,3.06,,3060.0,3.486,Alta
CHEMBL17001,METHYLCAFFEATE,,194.19,,1.28,,COC(=O)/C=C/c1ccc(O)c(O)c1,EC50,=,1500.0,nM,5.82,,,UO_0000065,,,,,,CHEMBL4125401,Antioxidant activity assessed as DPPH radical scavenging activity measured after 30 mins,F,BAO_0000019,assay format,,,,,,,,,CHEMBL2362975,No relevant target,,,CHEMBL4118275,1,,Bioorg Med Chem Lett,2018,,,,,1.5,,1500.0,3.176,Alta
CHEMBL50,QUERCETIN,,302.24,,1.99,,O=c1c(O)c(-c2ccc(O)c(O)c2)oc2cc(O)cc(O)c12,EC50,=,170.0,nM,6.77,,,UO_0000065,,,,,,CHEMBL4125401,Antioxidant activity assessed as DPPH radical scavenging activity measured after 30 mins,F,BAO_0000019,assay format,,,,,,,,,CHEMBL2362975,No relevant target,,,CHEMBL4118275,1,,Bioorg Med Chem Lett,2018,,,,,0.17,,170.0,2.23,Alta
CHEMBL1142,4-AMINOPHENOL,,109.13,,0.97,,Nc1ccc(O)cc1,EC50,=,20000.0,nM,4.7,,,UO_0000065,,,,,,CHEMBL4139707,Antioxidant activity assessed as DPPH radical scavenging activity incubated for 15 mins,F,BAO_0000019,assay format,,,,,,,,,CHEMBL2362975,No relevant target,,,CHEMBL4138110,1,,Eur J Med Chem,2017,,,,,20.0,,20000.0,4.301,Alta
CHEMBL576321,,,159.19,,2.13,,Nc1ccc(O)c2ccccc12,EC50,=,21000.0,nM,4.68,,,UO_0000065,,,,,,CHEMBL4139707,Antioxidant activity assessed as DPPH radical scavenging activity incubated for 15 mins,F,BAO_0000019,assay format,,,,,,,,,CHEMBL2362975,No relevant target,,,CHEMBL4138110,1,,Eur J Med Chem,2017,,,,,21.0,,21000.0,4.322,Alta
CHEMBL4159902,,,160.18,,1.52,,Nc1ccc(O)c2ccncc12,EC50,=,19000.0,nM,4.72,,,UO_0000065,,,,,,CHEMBL4139707,Antioxidant activity assessed as DPPH radical scavenging activity incubated for 15 mins,F,BAO_0000019,assay format,,,,,,,,,CHEMBL2362975,No relevant target,,,CHEMBL4138110,1,,Eur J Med Chem,2017,,,,,19.0,,19000.0,4.279,Alta
CHEMBL4168293,,,168.2,,2.29,,N#Cc1ccc(N)c2ccccc12,EC50,=,1000000.0,nM,,Outside typical range,,UO_0000065,,,,,,CHEMBL4139707,Antioxidant activity assessed as DPPH radical scavenging activity incubated for 15 mins,F,BAO_0000019,assay format,,,,,,,,,CHEMBL2362975,No relevant target,,,CHEMBL4138110,1,,Eur J Med Chem,2017,,,,,1000.0,,1000000.0,6.0,Baja
CHEMBL1232567,,,145.16,,1.94,,Oc1ccnc2ccccc12,EC50,=,1000000.0,nM,,Outside typical range,,UO_0000065,,,,,,CHEMBL4139707,Antioxidant activity assessed as DPPH radical scavenging activity incubated for 15 mins,F,BAO_0000019,assay format,,,,,,,,,CHEMBL2362975,No relevant target,,,CHEMBL4138110,1,,Eur J Med Chem,2017,,,,,1000.0,,1000000.0,6.0,Baja
CHEMBL4174622,,,209.68,,2.0,,Cl.NCc1ccc(O)c2ccccc12,EC50,=,260000.0,nM,,Outside typical range,,UO_0000065,,,,,,CHEMBL4139707,Antioxidant activity assessed as DPPH radical scavenging activity incubated for 15 mins,F,BAO_0000019,assay format,,,,,,,,,CHEMBL2362975,No relevant target,,,CHEMBL4138110,1,,Eur J Med Chem,2017,,,,,260.0,,260000.0,5.415,Baja
CHEMBL4166714,,,187.2,,1.64,,NC(=O)c1ccc(O)c2ccccc12,EC50,=,430000.0,nM,,Outside typical range,,UO_0000065,,,,,,CHEMBL4139707,Antioxidant activity assessed as DPPH radical scavenging activity incubated for 15 mins,F,BAO_0000019,assay format,,,,,,,,,CHEMBL2362975,No relevant target,,,CHEMBL4138110,1,,Eur J Med Chem,2017,,,,,430.0,,430000.0,5.633,Baja
CHEMBL2312200,,,189.17,,2.45,,O=[N+]([O-])c1ccc(O)c2ccccc12,EC50,>,1000000.0,nM,,Outside typical range,,UO_0000065,,,,,,CHEMBL4139707,Antioxidant activity assessed as DPPH radical scavenging activity incubated for 15 mins,F,BAO_0000019,assay format,,,,,,,,,CHEMBL2362975,No relevant target,,,CHEMBL4138110,1,,Eur J Med Chem,2017,,,,,1000.0,,1000000.0,6.0,Baja
CHEMBL4170165,,,189.21,,2.14,,COc1cc(O)c2ccccc2c1N,EC50,=,26000.0,nM,4.58,,,UO_0000065,,,,,,CHEMBL4139707,Antioxidant activity assessed as DPPH radical scavenging activity incubated for 15 mins,F,BAO_0000019,assay format,,,,,,,,,CHEMBL2362975,No relevant target,,,CHEMBL4138110,1,,Eur J Med Chem,2017,,,,,26.0,,26000.0,4.415,Media
CHEMBL4172714,,,173.21,,1.91,,Nc1ccc(CO)c2ccccc12,EC50,=,1000000.0,nM,,Outside typical range,,UO_0000065,,,,,,CHEMBL4139707,Antioxidant activity assessed as DPPH radical scavenging activity incubated for 15 mins,F,BAO_0000019,assay format,,,,,,,,,CHEMBL2362975,No relevant target,,,CHEMBL4138110,1,,Eur J Med Chem,2017,,,,,1000.0,,1000000.0,6.0,Baja
CHEMBL4175261,,,209.68,,2.43,,COc1ccc(N)c2ccccc12.Cl,EC50,=,23000.0,nM,4.64,,,UO_0000065,,,,,,CHEMBL4139707,Antioxidant activity assessed as DPPH radical scavenging activity incubated for 15 mins,F,BAO_0000019,assay format,,,,,,,,,CHEMBL2362975,No relevant target,,,CHEMBL4138110,1,,Eur J Med Chem,2017,,,,,23.0,,23000.0,4.362,Alta
CHEMBL4168076,,,201.22,,2.35,,CC(=O)Oc1ccc(N)c2ccccc12,EC50,>,1000000.0,nM,,Outside typical range,,UO_0000065,,,,,,CHEMBL4139707,Antioxidant activity assessed as DPPH radical scavenging activity incubated for 15 mins,F,BAO_0000019,assay format,,,,,,,,,CHEMBL2362975,No relevant target,,,CHEMBL4138110,1,,Eur J Med Chem,2017,,,,,1000.0,,1000000.0,6.0,Baja
CHEMBL4172575,,,249.31,,4.0,,Nc1ccc(OCc2ccccc2)c2ccccc12,EC50,=,7000.0,nM,5.16,,,UO_0000065,,,,,,CHEMBL4139707,Antioxidant activity assessed as DPPH radical scavenging activity incubated for 15 mins,F,BAO_0000019,assay format,,,,,,,,,CHEMBL2362975,No relevant target,,,CHEMBL4138110,1,,Eur J Med Chem,2017,,,,,7.0,,7000.0,3.845,Alta
CHEMBL4160049,,,223.7,,2.61,,CN(C)c1ccc(O)c2ccccc12.Cl,EC50,=,18000.0,nM,4.75,,,UO_0000065,,,,,,CHEMBL4139707,Antioxidant activity assessed as DPPH radical scavenging activity incubated for 15 mins,F,BAO_0000019,assay format,,,,,,,,,CHEMBL2362975,No relevant target,,,CHEMBL4138110,1,,Eur J Med Chem,2017,,,,,18.0,,18000.0,4.255,Alta
CHEMBL4168302,,,201.22,,2.5,,CC(=O)Nc1ccc(O)c2ccccc12,EC50,=,14000.0,nM,4.85,,,UO_0000065,,,,,,CHEMBL4139707,Antioxidant activity assessed as DPPH radical scavenging activity incubated for 15 mins,F,BAO_0000019,assay format,,,,,,,,,CHEMBL2362975,No relevant target,,,CHEMBL4138110,1,,Eur J Med Chem,2017,,,,,14.0,,14000.0,4.146,Alta
CHEMBL4161954,,,215.25,,2.89,,CCC(=O)Nc1ccc(O)c2ccccc12,EC50,=,16000.0,nM,4.8,,,UO_0000065,,,,,,CHEMBL4139707,Antioxidant activity assessed as DPPH radical scavenging activity incubated for 15 mins,F,BAO_0000019,assay format,,,,,,,,,CHEMBL2362975,No relevant target,,,CHEMBL4138110,1,,Eur J Med Chem,2017,,,,,16.0,,16000.0,4.204,Alta
CHEMBL4170179,,,313.44,,5.62,,CCCCCCCCCC(=O)Nc1ccc(O)c2ccccc12,EC50,=,18000.0,nM,4.75,,,UO_0000065,,,,,,CHEMBL4139707,Antioxidant activity assessed as DPPH radical scavenging activity incubated for 15 mins,F,BAO_0000019,assay format,,,,,,,,,CHEMBL2362975,No relevant target,,,CHEMBL4138110,1,,Eur J Med Chem,2017,,,,,18.0,,18000.0,4.255,Alta
CHEMBL4163878,,,277.32,,3.73,,O=C(Cc1ccccc1)Nc1ccc(O)c2ccccc12,EC50,=,18000.0,nM,4.75,,,UO_0000065,,,,,,CHEMBL4139707,Antioxidant activity assessed as DPPH radical scavenging activity incubated for 15 mins,F,BAO_0000019,assay format,,,,,,,,,CHEMBL2362975,No relevant target,,,CHEMBL4138110,1,,Eur J Med Chem,2017,,,,,18.0,,18000.0,4.255,Alta
CHEMBL4172065,,,237.28,,1.92,,CS(=O)(=O)Nc1ccc(O)c2ccccc12,EC50,=,18000.0,nM,4.75,,,UO_0000065,,,,,,CHEMBL4139707,Antioxidant activity assessed as DPPH radical scavenging activity incubated for 15 mins,F,BAO_0000019,assay format,,,,,,,,,CHEMBL2362975,No relevant target,,,CHEMBL4138110,1,,Eur J Med Chem,2017,,,,,18.0,,18000.0,4.255,Alta
CHEMBL4166834,,,313.38,,3.65,,Cc1ccc(S(=O)(=O)Nc2ccc(O)c3ccccc23)cc1,EC50,=,16000.0,nM,4.8,,,UO_0000065,,,,,,CHEMBL4139707,Antioxidant activity assessed as DPPH radical scavenging activity incubated for 15 mins,F,BAO_0000019,assay format,,,,,,,,,CHEMBL2362975,No relevant target,,,CHEMBL4138110,1,,Eur J Med Chem,2017,,,,,16.0,,16000.0,4.204,Alta
CHEMBL4577098,,,329.31,,2.38,,COc1ccc(C(=O)N/N=C/c2ccc([N+](=O)[O-])cc2)cc1OC,EC50,>,1000000.0,nM,,Outside typical range,,UO_0000065,,,,,,CHEMBL4392635,Antioxidant activity assessed as DPPH radical scavenging activity incubated for 30 mins under dark condition,F,BAO_0000019,assay format,,,,,,,,,CHEMBL2362975,No relevant target,,,CHEMBL4390695,1,,Bioorg Med Chem,2019,,,,,1.0,,1000000.0,6.0,Baja
CHEMBL4537096,,,327.38,,2.53,,COc1ccc(C(=O)N/N=C/c2ccc(N(C)C)cc2)cc1OC,EC50,=,448200.0,nM,,Outside typical range,,UO_0000065,,,,,,CHEMBL4392635,Antioxidant activity assessed as DPPH radical scavenging activity incubated for 30 mins under dark condition,F,BAO_0000019,assay format,,,,,,,,,CHEMBL2362975,No relevant target,,,CHEMBL4390695,1,,Bioorg Med Chem,2019,,,,,0.4482,,448200.0,5.651,Baja
CHEMBL4522717,,,363.21,,3.23,,COc1ccc(C(=O)N/N=C/c2ccc(Br)cc2)cc1OC,EC50,>,1000000.0,nM,,Outside typical range,,UO_0000065,,,,,,CHEMBL4392635,Antioxidant activity assessed as DPPH radical scavenging activity incubated for 30 mins under dark condition,F,BAO_0000019,assay format,,,,,,,,,CHEMBL2362975,No relevant target,,,CHEMBL4390695,1,,Bioorg Med Chem,2019,,,,,1.0,,1000000.0,6.0,Baja
CHEMBL551629,,,344.37,,2.48,,COc1ccc(/C=N/NC(=O)c2ccc(OC)c(OC)c2)cc1OC,EC50,>,1000000.0,nM,,Outside typical range,,UO_0000065,,,,,,CHEMBL4392635,Antioxidant activity assessed as DPPH radical scavenging activity incubated for 30 mins under dark condition,F,BAO_0000019,assay format,,,,,,,,,CHEMBL2362975,No relevant target,,,CHEMBL4390695,1,,Bioorg Med Chem,2019,,,,,1.0,,1000000.0,6.0,Baja
CHEMBL2172716,,,318.76,,3.12,,COc1ccc(C(=O)N/N=C/c2ccc(Cl)cc2)cc1OC,EC50,>,1000000.0,nM,,Outside typical range,,UO_0000065,,,,,,CHEMBL4392635,Antioxidant activity assessed as DPPH radical scavenging activity incubated for 30 mins under dark condition,F,BAO_0000019,assay format,,,,,,,,,CHEMBL2362975,No relevant target,,,CHEMBL4390695,1,,Bioorg Med Chem,2019,,,,,1.0,,1000000.0,6.0,Baja
CHEMBL538930,,,314.34,,2.48,,COc1ccc(/C=N/NC(=O)c2ccc(OC)c(OC)c2)cc1,EC50,>,1000000.0,nM,,Outside typical range,,UO_0000065,,,,,,CHEMBL4392635,Antioxidant activity assessed as DPPH radical scavenging activity incubated for 30 mins under dark condition,F,BAO_0000019,assay format,,,,,,,,,CHEMBL2362975,No relevant target,,,CHEMBL4390695,1,,Bioorg Med Chem,2019,,,,,1.0,,1000000.0,6.0,Baja
CHEMBL4440943,,,314.34,,2.48,,COc1ccccc1/C=N/NC(=O)c1ccc(OC)c(OC)c1,EC50,>,1000000.0,nM,,Outside typical range,,UO_0000065,,,,,,CHEMBL4392635,Antioxidant activity assessed as DPPH radical scavenging activity incubated for 30 mins under dark condition,F,BAO_0000019,assay format,,,,,,,,,CHEMBL2362975,No relevant target,,,CHEMBL4390695,1,,Bioorg Med Chem,2019,,,,,1.0,,1000000.0,6.0,Baja
CHEMBL538613,,,329.31,,2.38,,COc1ccc(C(=O)N/N=C/c2cccc([N+](=O)[O-])c2)cc1OC,EC50,>,1000000.0,nM,,Outside typical range,,UO_0000065,,,,,,CHEMBL4392635,Antioxidant activity assessed as DPPH radical scavenging activity incubated for 30 mins under dark condition,F,BAO_0000019,assay format,,,,,,,,,CHEMBL2362975,No relevant target,,,CHEMBL4390695,1,,Bioorg Med Chem,2019,,,,,1.0,,1000000.0,6.0,Baja
CHEMBL4537351,,,374.39,,2.49,,COc1ccc(C(=O)N/N=C/c2cc(OC)c(OC)c(OC)c2)cc1OC,EC50,>,1000000.0,nM,,Outside typical range,,UO_0000065,,,,,,CHEMBL4392635,Antioxidant activity assessed as DPPH radical scavenging activity incubated for 30 mins under dark condition,F,BAO_0000019,assay format,,,,,,,,,CHEMBL2362975,No relevant target,,,CHEMBL4390695,1,,Bioorg Med Chem,2019,,,,,1.0,,1000000.0,6.0,Baja
CHEMBL4462059,,,360.37,,2.19,,COc1ccc(C(=O)N/N=C/c2cc(OC)c(O)c(OC)c2)cc1OC,EC50,>,1000000.0,nM,,Outside typical range,,UO_0000065,,,,,,CHEMBL4392635,Antioxidant activity assessed as DPPH radical scavenging activity incubated for 30 mins under dark condition,F,BAO_0000019,assay format,,,,,,,,,CHEMBL2362975,No relevant target,,,CHEMBL4390695,1,,Bioorg Med Chem,2019,,,,,1.0,,1000000.0,6.0,Baja
CHEMBL2172717,,,300.31,,2.17,,COc1ccc(C(=O)N/N=C/c2ccc(O)cc2)cc1OC,EC50,>,1000000.0,nM,,Outside typical range,,UO_0000065,,,,,,CHEMBL4392635,Antioxidant activity assessed as DPPH radical scavenging activity incubated for 30 mins under dark condition,F,BAO_0000019,assay format,,,,,,,,,CHEMBL2362975,No relevant target,,,CHEMBL4390695,1,,Bioorg Med Chem,2019,,,,,1.0,,1000000.0,6.0,Baja
CHEMBL4537189,,,316.31,,1.88,,COc1ccc(C(=O)N/N=C/c2cccc(O)c2O)cc1OC,EC50,=,9700.0,nM,5.01,,,UO_0000065,,,,,,CHEMBL4392635,Antioxidant activity assessed as DPPH radical scavenging activity incubated for 30 mins under dark condition,F,BAO_0000019,assay format,,,,,,,,,CHEMBL2362975,No relevant target,,,CHEMBL4390695,1,,Bioorg Med Chem,2019,,,,,0.0097,,9700.0,3.987,Alta
CHEMBL4456633,,,344.37,,2.57,,CCOc1cc(/C=N/NC(=O)c2ccc(OC)c(OC)c2)ccc1O,EC50,=,49800.0,nM,4.3,,,UO_0000065,,,,,,CHEMBL4392635,Antioxidant activity assessed as DPPH radical scavenging activity incubated for 30 mins under dark condition,F,BAO_0000019,assay format,,,,,,,,,CHEMBL2362975,No relevant target,,,CHEMBL4390695,1,,Bioorg Med Chem,2019,,,,,0.0498,,49800.0,4.697,Media
CHEMBL4447529,,,330.34,,2.18,,COc1cc(/C=N/NC(=O)c2ccc(OC)c(OC)c2)ccc1O,EC50,=,426000.0,nM,,Outside typical range,,UO_0000065,,,,,,CHEMBL4392635,Antioxidant activity assessed as DPPH radical scavenging activity incubated for 30 mins under dark condition,F,BAO_0000019,assay format,,,,,,,,,CHEMBL2362975,No relevant target,,,CHEMBL4390695,1,,Bioorg Med Chem,2019,,,,,0.426,,426000.0,5.629,Baja
CHEMBL4442300,,,316.31,,1.88,,COc1ccc(C(=O)N/N=C/c2ccc(O)cc2O)cc1OC,EC50,=,82900.0,nM,4.08,,,UO_0000065,,,,,,CHEMBL4392635,Antioxidant activity assessed as DPPH radical scavenging activity incubated for 30 mins under dark condition,F,BAO_0000019,assay format,,,,,,,,,CHEMBL2362975,No relevant target,,,CHEMBL4390695,1,,Bioorg Med Chem,2019,,,,,0.0829,,82900.0,4.919,Media
CHEMBL4516347,,,372.38,,2.4,,COc1ccc(C(=O)N/N=C/c2ccc(OC(C)=O)c(OC)c2)cc1OC,EC50,=,153500.0,nM,,Outside typical range,,UO_0000065,,,,,,CHEMBL4392635,Antioxidant activity assessed as DPPH radical scavenging activity incubated for 30 mins under dark condition,F,BAO_0000019,assay format,,,,,,,,,CHEMBL2362975,No relevant target,,,CHEMBL4390695,1,,Bioorg Med Chem,2019,,,,,0.1535,,153500.0,5.186,Media
CHEMBL50,QUERCETIN,,302.24,,1.99,,O=c1c(O)c(-c2ccc(O)c(O)c2)oc2cc(O)cc(O)c12,EC50,=,8900.0,nM,5.05,,,UO_0000065,,,,,,CHEMBL4392635,Antioxidant activity assessed as DPPH radical scavenging activity incubated for 30 mins under dark condition,F,BAO_0000019,assay format,,,,,,,,,CHEMBL2362975,No relevant target,,,CHEMBL4390695,1,,Bioorg Med Chem,2019,,,,,0.0089,,8900.0,3.949,Alta
CHEMBL196,ASCORBIC ACID,,176.12,,-1.41,,O=C1O[C@H]([C@@H](O)CO)C(O)=C1O,EC50,=,17200.0,nM,4.76,,,UO_0000065,,,,,,CHEMBL4395039,Antioxidant activity assessed as DPPH radical scavenging activity incubated for 15 mins under dark condition by spectrophotometric method,F,BAO_0000019,assay format,,,,,,,,,CHEMBL2362975,No relevant target,,,CHEMBL4393683,1,,Eur J Med Chem,2019,,,,,17.2,,17200.0,4.236,Alta
CHEMBL4639812,,,424.36,,0.65,,CCOC(=O)/C=C(/C(=O)OC)[C@H]1c2c(cc(O)c(O)c2O)C(=O)O[C@@H]1C(=O)OCC,EC50,=,6000.0,nM,5.22,,,UO_0000065,,,,,,CHEMBL4611851,Antioxidant activity assessed as DPPH radical scavenging activity after 30 mins,F,BAO_0000019,assay format,,,,,,,,,CHEMBL2362975,No relevant target,,,CHEMBL4610075,1,,J Nat Prod,2020,,,,,6.0,,6000.0,3.778,Alta
CHEMBL4637152,,,424.36,,0.65,,CCOC(=O)/C=C(/C(=O)OCC)[C@H]1c2c(cc(O)c(O)c2O)C(=O)O[C@@H]1C(=O)OC,EC50,=,4400.0,nM,5.36,,,UO_0000065,,,,,,CHEMBL4611851,Antioxidant activity assessed as DPPH radical scavenging activity after 30 mins,F,BAO_0000019,assay format,,,,,,,,,CHEMBL2362975,No relevant target,,,CHEMBL4610075,1,,J Nat Prod,2020,,,,,4.4,,4400.0,3.643,Alta
CHEMBL4643723,,,410.33,,0.56,,CCOC(=O)/C=C(/C(=O)OCC)[C@H]1c2c(cc(O)c(O)c2O)C(=O)O[C@@H]1C(=O)O,EC50,=,5400.0,nM,5.27,,,UO_0000065,,,,,,CHEMBL4611851,Antioxidant activity assessed as DPPH radical scavenging activity after 30 mins,F,BAO_0000019,assay format,,,,,,,,,CHEMBL2362975,No relevant target,,,CHEMBL4610075,1,,J Nat Prod,2020,,,,,5.4,,5400.0,3.732,Alta
CHEMBL4648080,,,410.33,,0.56,,CCOC(=O)/C(=C/C(=O)O)[C@H]1c2c(cc(O)c(O)c2O)C(=O)O[C@@H]1C(=O)OCC,EC50,=,10800.0,nM,4.97,,,UO_0000065,,,,,,CHEMBL4611851,Antioxidant activity assessed as DPPH radical scavenging activity after 30 mins,F,BAO_0000019,assay format,,,,,,,,,CHEMBL2362975,No relevant target,,,CHEMBL4610075,1,,J Nat Prod,2020,,,,,10.8,,10800.0,4.033,Alta
CHEMBL4633939,,,410.33,,0.56,,CCOC(=O)/C=C(/C(=O)O)[C@H]1c2c(cc(O)c(O)c2O)C(=O)O[C@@H]1C(=O)OCC,EC50,=,8100.0,nM,5.09,,,UO_0000065,,,,,,CHEMBL4611851,Antioxidant activity assessed as DPPH radical scavenging activity after 30 mins,F,BAO_0000019,assay format,,,,,,,,,CHEMBL2362975,No relevant target,,,CHEMBL4610075,1,,J Nat Prod,2020,,,,,8.1,,8100.0,3.908,Alta
CHEMBL4646739,,,412.35,,0.64,,CCOC(=O)C[C@@H](C(=O)O)[C@H]1c2c(cc(O)c(O)c2O)C(=O)O[C@@H]1C(=O)OCC,EC50,=,15800.0,nM,4.8,,,UO_0000065,,,,,,CHEMBL4611851,Antioxidant activity assessed as DPPH radical scavenging activity after 30 mins,F,BAO_0000019,assay format,,,,,,,,,CHEMBL2362975,No relevant target,,,CHEMBL4610075,1,,J Nat Prod,2020,,,,,15.8,,15800.0,4.199,Alta
CHEMBL4647811,,,320.25,,0.98,,CCOC(=O)Cc1c2c3c(cc(O)c(O)c3oc1=O)C(=O)OC2,EC50,=,2200.0,nM,5.66,,,UO_0000065,,,,,,CHEMBL4611851,Antioxidant activity assessed as DPPH radical scavenging activity after 30 mins,F,BAO_0000019,assay format,,,,,,,,,CHEMBL2362975,No relevant target,,,CHEMBL4610075,1,,J Nat Prod,2020,,,,,2.2,,2200.0,3.342,Alta
CHEMBL4638456,,,364.26,,0.61,,CCOC(=O)C1OC(=O)c2cc(O)c(O)c3oc(=O)c(CC(=O)O)c1c23,EC50,=,9900.0,nM,5.0,,,UO_0000065,,,,,,CHEMBL4611851,Antioxidant activity assessed as DPPH radical scavenging activity after 30 mins,F,BAO_0000019,assay format,,,,,,,,,CHEMBL2362975,No relevant target,,,CHEMBL4610075,1,,J Nat Prod,2020,,,,,9.9,,9900.0,3.996,Alta
CHEMBL4637716,,,350.24,,0.22,,COC(=O)C1OC(=O)c2cc(O)c(O)c3oc(=O)c(CC(=O)O)c1c23,EC50,=,7700.0,nM,5.11,,,UO_0000065,,,,,,CHEMBL4611851,Antioxidant activity assessed as DPPH radical scavenging activity after 30 mins,F,BAO_0000019,assay format,,,,,,,,,CHEMBL2362975,No relevant target,,,CHEMBL4610075,1,,J Nat Prod,2020,,,,,7.7,,7700.0,3.886,Alta
CHEMBL4643424,,,378.29,,0.69,,CCOC(=O)Cc1c2c3c(cc(O)c(O)c3oc1=O)C(=O)OC2C(=O)OC,EC50,=,6500.0,nM,5.19,,,UO_0000065,,,,,,CHEMBL4611851,Antioxidant activity assessed as DPPH radical scavenging activity after 30 mins,F,BAO_0000019,assay format,,,,,,,,,CHEMBL2362975,No relevant target,,,CHEMBL4610075,1,,J Nat Prod,2020,,,,,6.5,,6500.0,3.813,Alta
CHEMBL4633457,,,392.32,,1.08,,CCOC(=O)Cc1c2c3c(cc(O)c(O)c3oc1=O)C(=O)OC2C(=O)OCC,EC50,=,4200.0,nM,5.38,,,UO_0000065,,,,,,CHEMBL4611851,Antioxidant activity assessed as DPPH radical scavenging activity after 30 mins,F,BAO_0000019,assay format,,,,,,,,,CHEMBL2362975,No relevant target,,,CHEMBL4610075,1,,J Nat Prod,2020,,,,,4.2,,4200.0,3.623,Alta
CHEMBL4642477,,,392.32,,0.26,,CCOC(=O)Cc1c2c3c(cc(O)c(O)c3oc1=O)C(=O)C2(O)C(=O)OCC,EC50,=,5300.0,nM,5.28,,,UO_0000065,,,,,,CHEMBL4611851,Antioxidant activity assessed as DPPH radical scavenging activity after 30 mins,F,BAO_0000019,assay format,,,,,,,,,CHEMBL2362975,No relevant target,,,CHEMBL4610075,1,,J Nat Prod,2020,,,,,5.3,,5300.0,3.724,Alta
CHEMBL4637607,,,364.31,,1.29,,CCOC(=O)C1(OCC)CC(=O)c2oc(=O)c3cc(O)c(O)c(O)c3c21,EC50,=,4000.0,nM,5.4,,,UO_0000065,,,,,,CHEMBL4611851,Antioxidant activity assessed as DPPH radical scavenging activity after 30 mins,F,BAO_0000019,assay format,,,,,,,,,CHEMBL2362975,No relevant target,,,CHEMBL4610075,1,,J Nat Prod,2020,,,,,4.0,,4000.0,3.602,Alta
CHEMBL4644698,,,419.39,,1.3,,CCOC(=O)[C@H]1CC(=O)c2c1c1c(O)c(O)c(O)cc1c(=O)n2CCCC(=O)OC,EC50,=,6700.0,nM,5.17,,,UO_0000065,,,,,,CHEMBL4611851,Antioxidant activity assessed as DPPH radical scavenging activity after 30 mins,F,BAO_0000019,assay format,,,,,,,,,CHEMBL2362975,No relevant target,,,CHEMBL4610075,1,,J Nat Prod,2020,,,,,6.7,,6700.0,3.826,Alta
CHEMBL4641687,,,438.39,,1.04,,CCOC(=O)/C=C(/C(=O)OCC)[C@H]1c2c(cc(O)c(O)c2O)C(=O)O[C@@H]1C(=O)OCC,EC50,=,2200.0,nM,5.66,,,UO_0000065,,,,,,CHEMBL4611851,Antioxidant activity assessed as DPPH radical scavenging activity after 30 mins,F,BAO_0000019,assay format,,,,,,,,,CHEMBL2362975,No relevant target,,,CHEMBL4610075,1,,J Nat Prod,2020,,,,,2.2,,2200.0,3.342,Alta
CHEMBL4637316,,,440.4,,1.12,,CCOC(=O)C[C@@H](C(=O)OCC)[C@H]1c2c(cc(O)c(O)c2O)C(=O)O[C@@H]1C(=O)OCC,EC50,=,6800.0,nM,5.17,,,UO_0000065,,,,,,CHEMBL4611851,Antioxidant activity assessed as DPPH radical scavenging activity after 30 mins,F,BAO_0000019,assay format,,,,,,,,,CHEMBL2362975,No relevant target,,,CHEMBL4610075,1,,J Nat Prod,2020,,,,,6.8,,6800.0,3.833,Alta
CHEMBL4635997,,,412.35,,0.64,,CCOC(=O)[C@H]1OC(=O)c2cc(O)c(O)c(O)c2[C@@H]1[C@@H](CC(=O)O)C(=O)OCC,EC50,=,8100.0,nM,5.09,,,UO_0000065,,,,,,CHEMBL4611851,Antioxidant activity assessed as DPPH radical scavenging activity after 30 mins,F,BAO_0000019,assay format,,,,,,,,,CHEMBL2362975,No relevant target,,,CHEMBL4610075,1,,J Nat Prod,2020,,,,,8.1,,8100.0,3.908,Alta
CHEMBL4643831,,,306.23,,0.59,,COC(=O)Cc1c2c3c(cc(O)c(O)c3oc1=O)C(=O)OC2,EC50,=,8000.0,nM,5.1,,,UO_0000065,,,,,,CHEMBL4611851,Antioxidant activity assessed as DPPH radical scavenging activity after 30 mins,F,BAO_0000019,assay format,,,,,,,,,CHEMBL2362975,No relevant target,,,CHEMBL4610075,1,,J Nat Prod,2020,,,,,8.0,,8000.0,3.903,Alta
CHEMBL4635028,,,292.2,,0.5,,O=C(O)Cc1c2c3c(cc(O)c(O)c3oc1=O)C(=O)OC2,EC50,=,4700.0,nM,5.33,,,UO_0000065,,,,,,CHEMBL4611851,Antioxidant activity assessed as DPPH radical scavenging activity after 30 mins,F,BAO_0000019,assay format,,,,,,,,,CHEMBL2362975,No relevant target,,,CHEMBL4610075,1,,J Nat Prod,2020,,,,,4.7,,4700.0,3.672,Alta
CHEMBL4649620,,,264.19,,0.53,,O=C1C[C@H](O)c2c1oc(=O)c1cc(O)c(O)c(O)c21,EC50,=,7600.0,nM,5.12,,,UO_0000065,,,,,,CHEMBL4611851,Antioxidant activity assessed as DPPH radical scavenging activity after 30 mins,F,BAO_0000019,assay format,,,,,,,,,CHEMBL2362975,No relevant target,,,CHEMBL4610075,1,,J Nat Prod,2020,,,,,7.6,,7600.0,3.881,Alta
CHEMBL4540796,,,294.35,,3.15,,Cc1ccc(C(=O)NCCc2c[nH]c3ccccc23)c(O)c1,EC50,=,25180.0,nM,4.6,,,UO_0000065,,,,,,CHEMBL4686189,Antioxidant activity assessed as DPPH radical scavenging activity incubated for 30 mins,F,BAO_0000019,assay format,,,,,,,,,CHEMBL2362975,No relevant target,,,CHEMBL4680229,1,,Eur J Med Chem,2020,,,,,25.18,,25180.0,4.401,Media
CHEMBL4757667,,,355.44,,4.88,,O=C(NCCc1c[nH]c2ccccc12)c1ccccc1Nc1ccccc1,EC50,>,100000.0,nM,,,,UO_0000065,,,,,,CHEMBL4686189,Antioxidant activity assessed as DPPH radical scavenging activity incubated for 30 mins,F,BAO_0000019,assay format,,,,,,,,,CHEMBL2362975,No relevant target,,,CHEMBL4680229,1,,Eur J Med Chem,2020,,,,,100.0,,100000.0,5.0,Media
CHEMBL4789910,,,371.44,,4.59,,O=C(NCCc1c[nH]c2ccc(O)cc12)c1ccccc1Nc1ccccc1,EC50,=,3820.0,nM,5.42,,,UO_0000065,,,,,,CHEMBL4686189,Antioxidant activity assessed as DPPH radical scavenging activity incubated for 30 mins,F,BAO_0000019,assay format,,,,,,,,,CHEMBL2362975,No relevant target,,,CHEMBL4680229,1,,Eur J Med Chem,2020,,,,,3.82,,3820.0,3.582,Alta
CHEMBL45,MELATONIN,,232.28,,1.86,,COc1ccc2[nH]cc(CCNC(C)=O)c2c1,EC50,>,40000.0,nM,,,,UO_0000065,,,,,,CHEMBL4686189,Antioxidant activity assessed as DPPH radical scavenging activity incubated for 30 mins,F,BAO_0000019,assay format,,,,,,,,,CHEMBL2362975,No relevant target,,,CHEMBL4680229,1,,Eur J Med Chem,2020,,,,,40.0,,40000.0,4.602,Media
CHEMBL39,SEROTONIN,,176.22,,1.37,,NCCc1c[nH]c2ccc(O)cc12,EC50,=,630.0,nM,6.2,,,UO_0000065,,,,,,CHEMBL4686189,Antioxidant activity assessed as DPPH radical scavenging activity incubated for 30 mins,F,BAO_0000019,assay format,,,,,,,,,CHEMBL2362975,No relevant target,,,CHEMBL4680229,1,,Eur J Med Chem,2020,,,,,0.63,,630.0,2.799,Alta
CHEMBL12089,BERBERINE CHLORIDE,,371.82,,3.1,,COc1ccc2cc3[n+](cc2c1OC)CCc1cc2c(cc1-3)OCO2.[Cl-],EC50,=,5500000.0,nM,,Outside typical range,,UO_0000065,,,,,,CHEMBL4708703,Antioxidant activity assessed as radical scavenging activity measured after 30 mins by microplate reader based DPPH assay,F,BAO_0000019,assay format,,,,,,,,,CHEMBL2362975,No relevant target,,,CHEMBL4706517,1,,Eur J Med Chem,2020,,,,,5500.0,,5500000.0,6.74,Baja
CHEMBL3621413,,,492.37,,4.67,,COc1ccc2cc3[n+](cc2c1OCc1ccccc1)CCc1cc2c(cc1-3)OCO2.[Br-],EC50,=,1900000.0,nM,,Outside typical range,,UO_0000065,,,,,,CHEMBL4708703,Antioxidant activity assessed as radical scavenging activity measured after 30 mins by microplate reader based DPPH assay,F,BAO_0000019,assay format,,,,,,,,,CHEMBL2362975,No relevant target,,,CHEMBL4706517,1,,Eur J Med Chem,2020,,,,,1900.0,,1900000.0,6.279,Baja
CHEMBL4758460,,,506.4,,4.98,,COc1ccc2cc3[n+](cc2c1OCc1cccc(C)c1)CCc1cc2c(cc1-3)OCO2.[Br-],EC50,=,1200000.0,nM,,Outside typical range,,UO_0000065,,,,,,CHEMBL4708703,Antioxidant activity assessed as radical scavenging activity measured after 30 mins by microplate reader based DPPH assay,F,BAO_0000019,assay format,,,,,,,,,CHEMBL2362975,No relevant target,,,CHEMBL4706517,1,,Eur J Med Chem,2020,,,,,1200.0,,1200000.0,6.079,Baja
CHEMBL4756491,,,506.4,,4.98,,COc1ccc2cc3[n+](cc2c1OCc1ccccc1C)CCc1cc2c(cc1-3)OCO2.[Br-],EC50,=,1200000.0,nM,,Outside typical range,,UO_0000065,,,,,,CHEMBL4708703,Antioxidant activity assessed as radical scavenging activity measured after 30 mins by microplate reader based DPPH assay,F,BAO_0000019,assay format,,,,,,,,,CHEMBL2362975,No relevant target,,,CHEMBL4706517,1,,Eur J Med Chem,2020,,,,,1200.0,,1200000.0,6.079,Baja
CHEMBL4745802,,,506.4,,4.98,,COc1ccc2cc3[n+](cc2c1OCc1ccc(C)cc1)CCc1cc2c(cc1-3)OCO2.[Br-],EC50,=,1900000.0,nM,,Outside typical range,,UO_0000065,,,,,,CHEMBL4708703,Antioxidant activity assessed as radical scavenging activity measured after 30 mins by microplate reader based DPPH assay,F,BAO_0000019,assay format,,,,,,,,,CHEMBL2362975,No relevant target,,,CHEMBL4706517,1,,Eur J Med Chem,2020,,,,,1900.0,,1900000.0,6.279,Baja
CHEMBL4758271,,,534.45,,5.79,,COc1ccc2cc3[n+](cc2c1OCc1ccc(C(C)C)cc1)CCc1cc2c(cc1-3)OCO2.[Br-],EC50,=,1300000.0,nM,,Outside typical range,,UO_0000065,,,,,,CHEMBL4708703,Antioxidant activity assessed as radical scavenging activity measured after 30 mins by microplate reader based DPPH assay,F,BAO_0000019,assay format,,,,,,,,,CHEMBL2362975,No relevant target,,,CHEMBL4706517,1,,Eur J Med Chem,2020,,,,,1300.0,,1300000.0,6.114,Baja
CHEMBL4789099,,,520.42,,5.28,,COc1ccc2cc3[n+](cc2c1OCc1cc(C)cc(C)c1)CCc1cc2c(cc1-3)OCO2.[Br-],EC50,=,990000.0,nM,,Outside typical range,,UO_0000065,,,,,,CHEMBL4708703,Antioxidant activity assessed as radical scavenging activity measured after 30 mins by microplate reader based DPPH assay,F,BAO_0000019,assay format,,,,,,,,,CHEMBL2362975,No relevant target,,,CHEMBL4706517,1,,Eur J Med Chem,2020,,,,,990.0,,990000.0,5.996,Baja
CHEMBL4761840,,,571.27,,5.43,,COc1ccc2cc3[n+](cc2c1OCc1ccc(Br)cc1)CCc1cc2c(cc1-3)OCO2.[Br-],EC50,>,6000000.0,nM,,Outside typical range,,UO_0000065,,,,,,CHEMBL4708703,Antioxidant activity assessed as radical scavenging activity measured after 30 mins by microplate reader based DPPH assay,F,BAO_0000019,assay format,,,,,,,,,CHEMBL2362975,No relevant target,,,CHEMBL4706517,1,,Eur J Med Chem,2020,,,,,6000.0,,6000000.0,6.778,Baja
CHEMBL4743436,,,571.27,,5.43,,COc1ccc2cc3[n+](cc2c1OCc1cccc(Br)c1)CCc1cc2c(cc1-3)OCO2.[Br-],EC50,=,2200000.0,nM,,Outside typical range,,UO_0000065,,,,,,CHEMBL4708703,Antioxidant activity assessed as radical scavenging activity measured after 30 mins by microplate reader based DPPH assay,F,BAO_0000019,assay format,,,,,,,,,CHEMBL2362975,No relevant target,,,CHEMBL4706517,1,,Eur J Med Chem,2020,,,,,2200.0,,2200000.0,6.342,Baja
CHEMBL4745801,,,571.27,,5.43,,COc1ccc2cc3[n+](cc2c1OCc1ccccc1Br)CCc1cc2c(cc1-3)OCO2.[Br-],EC50,>,6000000.0,nM,,Outside typical range,,UO_0000065,,,,,,CHEMBL4708703,Antioxidant activity assessed as radical scavenging activity measured after 30 mins by microplate reader based DPPH assay,F,BAO_0000019,assay format,,,,,,,,,CHEMBL2362975,No relevant target,,,CHEMBL4706517,1,,Eur J Med Chem,2020,,,,,6000.0,,6000000.0,6.778,Baja
CHEMBL4745328,,,537.37,,4.57,,COc1ccc2cc3[n+](cc2c1OCc1ccc([N+](=O)[O-])cc1)CCc1cc2c(cc1-3)OCO2.[Br-],EC50,=,5000000.0,nM,,Outside typical range,,UO_0000065,,,,,,CHEMBL4708703,Antioxidant activity assessed as radical scavenging activity measured after 30 mins by microplate reader based DPPH assay,F,BAO_0000019,assay format,,,,,,,,,CHEMBL2362975,No relevant target,,,CHEMBL4706517,1,,Eur J Med Chem,2020,,,,,5000.0,,5000000.0,6.699,Baja
CHEMBL4790739,,,538.46,,5.39,,COc1ccc2cc3[n+](cc2c1OCc1ccc(SC)cc1)CCc1cc2c(cc1-3)OCO2.[Br-],EC50,>,6000000.0,nM,,Outside typical range,,UO_0000065,,,,,,CHEMBL4708703,Antioxidant activity assessed as radical scavenging activity measured after 30 mins by microplate reader based DPPH assay,F,BAO_0000019,assay format,,,,,,,,,CHEMBL2362975,No relevant target,,,CHEMBL4706517,1,,Eur J Med Chem,2020,,,,,6000.0,,6000000.0,6.778,Baja
CHEMBL4759227,,,537.37,,4.57,,COc1ccc2cc3[n+](cc2c1OCc1cccc([N+](=O)[O-])c1)CCc1cc2c(cc1-3)OCO2.[Br-],EC50,=,5600000.0,nM,,Outside typical range,,UO_0000065,,,,,,CHEMBL4708703,Antioxidant activity assessed as radical scavenging activity measured after 30 mins by microplate reader based DPPH assay,F,BAO_0000019,assay format,,,,,,,,,CHEMBL2362975,No relevant target,,,CHEMBL4706517,1,,Eur J Med Chem,2020,,,,,5600.0,,5600000.0,6.748,Baja
CHEMBL4753534,,,526.81,,5.32,,COc1ccc2cc3[n+](cc2c1OCc1cccc(Cl)c1)CCc1cc2c(cc1-3)OCO2.[Br-],EC50,=,5400000.0,nM,,Outside typical range,,UO_0000065,,,,,,CHEMBL4708703,Antioxidant activity assessed as radical scavenging activity measured after 30 mins by microplate reader based DPPH assay,F,BAO_0000019,assay format,,,,,,,,,CHEMBL2362975,No relevant target,,,CHEMBL4706517,1,,Eur J Med Chem,2020,,,,,5400.0,,5400000.0,6.732,Baja
CHEMBL4749346,,,526.81,,5.32,,COc1ccc2cc3[n+](cc2c1OCc1ccc(Cl)cc1)CCc1cc2c(cc1-3)OCO2.[Br-],EC50,=,5200000.0,nM,,Outside typical range,,UO_0000065,,,,,,CHEMBL4708703,Antioxidant activity assessed as radical scavenging activity measured after 30 mins by microplate reader based DPPH assay,F,BAO_0000019,assay format,,,,,,,,,CHEMBL2362975,No relevant target,,,CHEMBL4706517,1,,Eur J Med Chem,2020,,,,,5200.0,,5200000.0,6.716,Baja
CHEMBL4747158,,,561.26,,5.97,,COc1ccc2cc3[n+](cc2c1OCc1ccc(Cl)c(Cl)c1)CCc1cc2c(cc1-3)OCO2.[Br-],EC50,>,6000000.0,nM,,Outside typical range,,UO_0000065,,,,,,CHEMBL4708703,Antioxidant activity assessed as radical scavenging activity measured after 30 mins by microplate reader based DPPH assay,F,BAO_0000019,assay format,,,,,,,,,CHEMBL2362975,No relevant target,,,CHEMBL4706517,1,,Eur J Med Chem,2020,,,,,6000.0,,6000000.0,6.778,Baja
CHEMBL4748939,,,550.41,,4.45,,COC(=O)c1ccc(COc2c(OC)ccc3cc4[n+](cc23)CCc2cc3c(cc2-4)OCO3)cc1.[Br-],EC50,=,5300000.0,nM,,Outside typical range,,UO_0000065,,,,,,CHEMBL4708703,Antioxidant activity assessed as radical scavenging activity measured after 30 mins by microplate reader based DPPH assay,F,BAO_0000019,assay format,,,,,,,,,CHEMBL2362975,No relevant target,,,CHEMBL4706517,1,,Eur J Med Chem,2020,,,,,5300.0,,5300000.0,6.724,Baja
CHEMBL4795843,,,517.38,,4.54,,COc1ccc2cc3[n+](cc2c1OCc1ccc(C#N)cc1)CCc1cc2c(cc1-3)OCO2.[Br-],EC50,>,6000000.0,nM,,Outside typical range,,UO_0000065,,,,,,CHEMBL4708703,Antioxidant activity assessed as radical scavenging activity measured after 30 mins by microplate reader based DPPH assay,F,BAO_0000019,assay format,,,,,,,,,CHEMBL2362975,No relevant target,,,CHEMBL4706517,1,,Eur J Med Chem,2020,,,,,6000.0,,6000000.0,6.778,Baja
CHEMBL4762943,,,522.4,,4.68,,COc1cccc(COc2c(OC)ccc3cc4[n+](cc23)CCc2cc3c(cc2-4)OCO3)c1.[Br-],EC50,=,5300000.0,nM,,Outside typical range,,UO_0000065,,,,,,CHEMBL4708703,Antioxidant activity assessed as radical scavenging activity measured after 30 mins by microplate reader based DPPH assay,F,BAO_0000019,assay format,,,,,,,,,CHEMBL2362975,No relevant target,,,CHEMBL4706517,1,,Eur J Med Chem,2020,,,,,5300.0,,5300000.0,6.724,Baja
CHEMBL4752175,,,560.37,,5.69,,COc1ccc2cc3[n+](cc2c1OCc1ccc(C(F)(F)F)cc1)CCc1cc2c(cc1-3)OCO2.[Br-],EC50,=,5300000.0,nM,,Outside typical range,,UO_0000065,,,,,,CHEMBL4708703,Antioxidant activity assessed as radical scavenging activity measured after 30 mins by microplate reader based DPPH assay,F,BAO_0000019,assay format,,,,,,,,,CHEMBL2362975,No relevant target,,,CHEMBL4706517,1,,Eur J Med Chem,2020,,,,,5300.0,,5300000.0,6.724,Baja
CHEMBL153,TROLOX,,250.29,,2.49,,Cc1c(C)c2c(c(C)c1O)CCC(C)(C(=O)O)O2,EC50,=,32480.0,nM,4.49,,,UO_0000065,,,,,,CHEMBL4709179,Antioxidant activity assessed as radical scavenging activity measured after 30 mins by DPPH assay,F,BAO_0000019,assay format,,,,,,,,,CHEMBL2362975,No relevant target,,,CHEMBL4706530,1,,Eur J Med Chem,2020,,,,,32.48,,32480.0,4.512,Media
CHEMBL4752615,,,261.07,,1.31,,COC1=CC(=O)C=C(Br)C1OC(C)=O,EC50,=,45610.0,nM,4.34,,,UO_0000065,,,,,,CHEMBL4709179,Antioxidant activity assessed as radical scavenging activity measured after 30 mins by DPPH assay,F,BAO_0000019,assay format,,,,,,,,,CHEMBL2362975,No relevant target,,,CHEMBL4706530,1,,Eur J Med Chem,2020,,,,,45.61,,45610.0,4.659,Media
CHEMBL196,ASCORBIC ACID,,176.12,,-1.41,,O=C1O[C@H]([C@@H](O)CO)C(O)=C1O,EC50,=,31140.0,nM,4.51,,,UO_0000065,,,,,,CHEMBL4709179,Antioxidant activity assessed as radical scavenging activity measured after 30 mins by DPPH assay,F,BAO_0000019,assay format,,,,,,,,,CHEMBL2362975,No relevant target,,,CHEMBL4706530,1,,Eur J Med Chem,2020,,,,,31.14,,31140.0,4.493,Media
CHEMBL4763495,,,432.48,,3.92,,COc1cccc2cc(C(=O)NCCn3ccc(=O)c(OCc4ccccc4)c3C)oc12,EC50,>,1000000.0,nM,,Outside typical range,,UO_0000065,,,,,,CHEMBL4711654,Antioxidant activity assessed as DPPH radical scavenging activity incubated for 30 mins by absorbance method,F,BAO_0000019,assay format,,,,,,,,,CHEMBL2362975,No relevant target,,,CHEMBL4706610,1,,J Med Chem,2020,,,,,1000.0,,1000000.0,6.0,Baja
CHEMBL4777813,,,342.35,,2.05,,COc1cccc2cc(C(=O)NCCn3ccc(=O)c(O)c3C)oc12,EC50,=,199000.0,nM,,Outside typical range,,UO_0000065,,,,,,CHEMBL4711654,Antioxidant activity assessed as DPPH radical scavenging activity incubated for 30 mins by absorbance method,F,BAO_0000019,assay format,,,,,,,,,CHEMBL2362975,No relevant target,,,CHEMBL4706610,1,,J Med Chem,2020,,,,,199.0,,199000.0,5.299,Baja
CHEMBL4758784,,,436.51,,1.88,,Cc1c(O)c(=O)ccn1CC(=O)NCC(O)CNc1c2c(nc3ccccc13)CCCC2,EC50,=,399000.0,nM,,Outside typical range,,UO_0000065,,,,,,CHEMBL4711661,Antioxidant activity assessed as DPPH radical scavenging activity incubated for 30 mins by UV-Vis spectrophotometric method,F,BAO_0000019,assay format,,,,,,,,,CHEMBL2362975,No relevant target,,,CHEMBL4706610,1,,J Med Chem,2020,,,,,399.0,,399000.0,5.601,Baja
CHEMBL4778798,,,454.96,,3.56,,Cc1c(O)c(=O)ccn1CC(=O)NCCCNc1c2c(nc3cc(Cl)ccc13)CCCC2,EC50,=,1110000.0,nM,,Outside typical range,,UO_0000065,,,,,,CHEMBL4711661,Antioxidant activity assessed as DPPH radical scavenging activity incubated for 30 mins by UV-Vis spectrophotometric method,F,BAO_0000019,assay format,,,,,,,,,CHEMBL2362975,No relevant target,,,CHEMBL4706610,1,,J Med Chem,2020,,,,,1110.0,,1110000.0,6.045,Baja
CHEMBL153,TROLOX,,250.29,,2.49,,Cc1c(C)c2c(c(C)c1O)CCC(C)(C(=O)O)O2,EC50,=,28000.0,nM,4.55,,,UO_0000065,,,,,,CHEMBL4841793,Antioxidant activity assessed as DPPH radical scavenging activity measured for 60 mins by spectrophotometric analysis,F,BAO_0000019,assay format,,,,,,,,,CHEMBL2362975,No relevant target,,,CHEMBL4840353,1,,Bioorg Med Chem,2021,,,,,28.0,,28000.0,4.447,Media
CHEMBL9509,SILIBININ,,482.44,,2.36,,COc1cc(C2Oc3cc([C@H]4Oc5cc(O)cc(O)c5C(=O)[C@@H]4O)ccc3OC2CO)ccc1O,EC50,=,620000.0,nM,,Outside typical range,,UO_0000065,,,,,,CHEMBL4841793,Antioxidant activity assessed as DPPH radical scavenging activity measured for 60 mins by spectrophotometric analysis,F,BAO_0000019,assay format,,,,,,,,,CHEMBL2362975,No relevant target,,,CHEMBL4840353,1,,Bioorg Med Chem,2021,,,,,620.0,,620000.0,5.792,Baja
CHEMBL431701,SILYBIN A,,482.44,,2.36,,COc1cc([C@H]2Oc3cc([C@H]4Oc5cc(O)cc(O)c5C(=O)[C@@H]4O)ccc3O[C@@H]2CO)ccc1O,EC50,=,360000.0,nM,,Outside typical range,,UO_0000065,,,,,,CHEMBL4841793,Antioxidant activity assessed as DPPH radical scavenging activity measured for 60 mins by spectrophotometric analysis,F,BAO_0000019,assay format,,,,,,,,,CHEMBL2362975,No relevant target,,,CHEMBL4840353,1,,Bioorg Med Chem,2021,,,,,360.0,,360000.0,5.556,Baja
CHEMBL592675,SILYBIN B,,482.44,,2.36,,COc1cc([C@@H]2Oc3cc([C@H]4Oc5cc(O)cc(O)c5C(=O)[C@@H]4O)ccc3O[C@H]2CO)ccc1O,EC50,=,580000.0,nM,,Outside typical range,,UO_0000065,,,,,,CHEMBL4841793,Antioxidant activity assessed as DPPH radical scavenging activity measured for 60 mins by spectrophotometric analysis,F,BAO_0000019,assay format,,,,,,,,,CHEMBL2362975,No relevant target,,,CHEMBL4840353,1,,Bioorg Med Chem,2021,,,,,580.0,,580000.0,5.763,Baja
CHEMBL4856825,,,811.65,,1.55,,COc1cc([C@@H]2Oc3cc([C@H]4Oc5cc(O)cc(O)c5C(=O)[C@@H]4O)ccc3O[C@H]2COP(=O)(O)O[C@H]2[C@@H](O)[C@H](n3cnc4c(N)ncnc43)O[C@@H]2CO)ccc1O,EC50,=,580000.0,nM,,Outside typical range,,UO_0000065,,,,,,CHEMBL4841793,Antioxidant activity assessed as DPPH radical scavenging activity measured for 60 mins by spectrophotometric analysis,F,BAO_0000019,assay format,,,,,,,,,CHEMBL2362975,No relevant target,,,CHEMBL4840353,1,,Bioorg Med Chem,2021,,,,,580.0,,580000.0,5.763,Baja
CHEMBL4853699,,,811.65,,1.55,,COc1cc(C2Oc3cc([C@H]4Oc5cc(O)cc(O)c5C(=O)[C@@H]4O)ccc3OC2COP(=O)(O)O[C@H]2[C@@H](O)[C@H](n3cnc4c(N)ncnc43)O[C@@H]2CO)ccc1O,EC50,=,620000.0,nM,,Outside typical range,,UO_0000065,,,,,,CHEMBL4841793,Antioxidant activity assessed as DPPH radical scavenging activity measured for 60 mins by spectrophotometric analysis,F,BAO_0000019,assay format,,,,,,,,,CHEMBL2362975,No relevant target,,,CHEMBL4840353,1,,Bioorg Med Chem,2021,,,,,620.0,,620000.0,5.792,Baja
CHEMBL4862703,,,811.65,,1.55,,COc1cc([C@H]2Oc3cc([C@H]4Oc5cc(O)cc(O)c5C(=O)[C@@H]4O)ccc3O[C@@H]2COP(=O)(O)O[C@H]2[C@@H](O)[C@H](n3cnc4c(N)ncnc43)O[C@@H]2CO)ccc1O,EC50,=,630000.0,nM,,Outside typical range,,UO_0000065,,,,,,CHEMBL4841793,Antioxidant activity assessed as DPPH radical scavenging activity measured for 60 mins by spectrophotometric analysis,F,BAO_0000019,assay format,,,,,,,,,CHEMBL2362975,No relevant target,,,CHEMBL4840353,1,,Bioorg Med Chem,2021,,,,,630.0,,630000.0,5.799,Baja
CHEMBL4868730,,,788.61,,0.67,,COc1cc(C2Oc3cc([C@H]4Oc5cc(O)cc(O)c5C(=O)[C@@H]4O)ccc3OC2COP(=O)(O)O[C@H]2[C@@H](O)[C@H](n3ccc(=O)[nH]c3=O)O[C@@H]2CO)ccc1O,EC50,=,490000.0,nM,,Outside typical range,,UO_0000065,,,,,,CHEMBL4841793,Antioxidant activity assessed as DPPH radical scavenging activity measured for 60 mins by spectrophotometric analysis,F,BAO_0000019,assay format,,,,,,,,,CHEMBL2362975,No relevant target,,,CHEMBL4840353,1,,Bioorg Med Chem,2021,,,,,490.0,,490000.0,5.69,Baja
CHEMBL4853762,,,788.61,,0.67,,COc1cc([C@H]2Oc3cc([C@H]4Oc5cc(O)cc(O)c5C(=O)[C@@H]4O)ccc3O[C@@H]2COP(=O)(O)O[C@H]2[C@@H](O)[C@H](n3ccc(=O)[nH]c3=O)O[C@@H]2CO)ccc1O,EC50,=,570000.0,nM,,Outside typical range,,UO_0000065,,,,,,CHEMBL4841793,Antioxidant activity assessed as DPPH radical scavenging activity measured for 60 mins by spectrophotometric analysis,F,BAO_0000019,assay format,,,,,,,,,CHEMBL2362975,No relevant target,,,CHEMBL4840353,1,,Bioorg Med Chem,2021,,,,,570.0,,570000.0,5.756,Baja
CHEMBL4860181,,,788.61,,0.67,,COc1cc([C@@H]2Oc3cc([C@H]4Oc5cc(O)cc(O)c5C(=O)[C@@H]4O)ccc3O[C@H]2COP(=O)(O)O[C@H]2[C@@H](O)[C@H](n3ccc(=O)[nH]c3=O)O[C@@H]2CO)ccc1O,EC50,=,530000.0,nM,,Outside typical range,,UO_0000065,,,,,,CHEMBL4841793,Antioxidant activity assessed as DPPH radical scavenging activity measured for 60 mins by spectrophotometric analysis,F,BAO_0000019,assay format,,,,,,,,,CHEMBL2362975,No relevant target,,,CHEMBL4840353,1,,Bioorg Med Chem,2021,,,,,530.0,,530000.0,5.724,Baja
CHEMBL4863615,,,506.09,,7.39,,CC1=CC2Cc3nc4cc(Cl)ccc4c(NCCCCCCCCC(=O)Nc4cn[nH]c4)c3C(C1)C2,EC50,=,19600.0,nM,4.71,,,UO_0000065,,,,,,CHEMBL4844273,Antioxidant activity assessed as free radical scavenging activity incubated for 30 mins under dark condition by DPPH assay,F,BAO_0000019,assay format,,,,,,,,,CHEMBL2362975,No relevant target,,,CHEMBL4842362,1,,Eur J Med Chem,2021,,,,,19.6,,19600.0,4.292,Alta
CHEMBL4848527,,,547.14,,7.03,,CC1=CC2Cc3nc4cc(Cl)ccc4c(NCCCCCCCCC(=O)NCc4cc[nH]c(=O)c4)c3C(C1)C2,EC50,=,90600.0,nM,4.04,,,UO_0000065,,,,,,CHEMBL4844273,Antioxidant activity assessed as free radical scavenging activity incubated for 30 mins under dark condition by DPPH assay,F,BAO_0000019,assay format,,,,,,,,,CHEMBL2362975,No relevant target,,,CHEMBL4842362,1,,Eur J Med Chem,2021,,,,,90.6,,90600.0,4.957,Media
CHEMBL196,ASCORBIC ACID,,176.12,,-1.41,,O=C1O[C@H]([C@@H](O)CO)C(O)=C1O,EC50,=,11800.0,nM,4.93,,,UO_0000065,,,,,,CHEMBL4844273,Antioxidant activity assessed as free radical scavenging activity incubated for 30 mins under dark condition by DPPH assay,F,BAO_0000019,assay format,,,,,,,,,CHEMBL2362975,No relevant target,,,CHEMBL4842362,1,,Eur J Med Chem,2021,,,,,11.8,,11800.0,4.072,Alta
CHEMBL5205225,,,564.55,,5.92,,O=C(Cc1ccccc1)Oc1c(O)c(-c2ccc(O)cc2)c(OC(=O)c2ccc(O)cc2)c(O)c1-c1ccc(O)cc1,EC50,=,28.0,nM,7.55,,,UO_0000065,,,,,,CHEMBL5106025,Antioxidant activity assessed as DPPH radical scavenging activity by absorbance based analysis,F,BAO_0000019,assay format,,,,,,,,,CHEMBL2362975,No relevant target,,,CHEMBL5104146,1,,Bioorg Med Chem,2022,,,,,0.0279999999999999,,28.0,1.447,Alta
CHEMBL196,ASCORBIC ACID,,176.12,,-1.41,,O=C1O[C@H]([C@@H](O)CO)C(O)=C1O,EC50,=,270.0,nM,6.57,,,UO_0000065,,,,,,CHEMBL5106025,Antioxidant activity assessed as DPPH radical scavenging activity by absorbance based analysis,F,BAO_0000019,assay format,,,,,,,,,CHEMBL2362975,No relevant target,,,CHEMBL5104146,1,,Bioorg Med Chem,2022,,,,,0.27,,270.0,2.431,Alta
CHEMBL5174004,,,397.39,,1.52,,COc1cc(/C=N/NC(=O)c2cn(Cc3ccc(O)c(OC)c3)nn2)ccc1O,EC50,=,30440.0,nM,4.52,,,UO_0000065,,,,,,CHEMBL5128238,Antioxidant activity assessed as DPPH radical scavenging activity measured after 30 mins,F,BAO_0000019,assay format,,,,,,,,,CHEMBL2362975,No relevant target,,,CHEMBL5126540,1,,Eur J Med Chem,2022,,,,,30.44,,30440.0,4.483,Media
CHEMBL153,TROLOX,,250.29,,2.49,,Cc1c(C)c2c(c(C)c1O)CCC(C)(C(=O)O)O2,EC50,=,27760.0,nM,4.56,,,UO_0000065,,,,,,CHEMBL5128238,Antioxidant activity assessed as DPPH radical scavenging activity measured after 30 mins,F,BAO_0000019,assay format,,,,,,,,,CHEMBL2362975,No relevant target,,,CHEMBL5126540,1,,Eur J Med Chem,2022,,,,,27.76,,27760.0,4.443,Media
CHEMBL165,RESVERATROL,,228.25,,2.97,,Oc1ccc(/C=C/c2cc(O)cc(O)c2)cc1,EC50,=,64500.0,nM,4.19,,,UO_0000065,,,,,,CHEMBL5128249,Antioxidant activity assessed as DPPH radical scavenging activity,F,BAO_0000019,assay format,,,,,,,,,CHEMBL2362975,No relevant target,,,CHEMBL5126540,1,,Eur J Med Chem,2022,,,,,64.5,,64500.0,4.81,Media
CHEMBL5199640,,,257.29,,2.93,,CCc1nc(/C=C/c2ccc(O)c(O)c2)ccc1O,EC50,=,19260.0,nM,4.71,,,UO_0000065,,,,,,CHEMBL5128249,Antioxidant activity assessed as DPPH radical scavenging activity,F,BAO_0000019,assay format,,,,,,,,,CHEMBL2362975,No relevant target,,,CHEMBL5126540,1,,Eur J Med Chem,2022,,,,,19.26,,19260.0,4.285,Alta
CHEMBL165,RESVERATROL,,228.25,,2.97,,Oc1ccc(/C=C/c2cc(O)cc(O)c2)cc1,EC50,=,7440.0,nM,5.13,,,UO_0000065,,,,,,CHEMBL5128250,Antioxidant activity assessed as Fe2+/ascorbate-induced MDA level in liver mitochondria (unknown origin) preincubated for 30 mins followed by addition of Fe2+/ascorbate measured after 30 mins,F,BAO_0000252,mitochondrion format,,,,,,,,,CHEMBL613430,Liver,Canis lupus familiaris,,CHEMBL5126540,1,,Eur J Med Chem,2022,,,,,7.44,,7440.0,3.872,Alta
CHEMBL5199640,,,257.29,,2.93,,CCc1nc(/C=C/c2ccc(O)c(O)c2)ccc1O,EC50,=,2430.0,nM,5.61,,,UO_0000065,,,,,,CHEMBL5128250,Antioxidant activity assessed as Fe2+/ascorbate-induced MDA level in liver mitochondria (unknown origin) preincubated for 30 mins followed by addition of Fe2+/ascorbate measured after 30 mins,F,BAO_0000252,mitochondrion format,,,,,,,,,CHEMBL613430,Liver,Canis lupus familiaris,,CHEMBL5126540,1,,Eur J Med Chem,2022,,,,,2.43,,2430.0,3.386,Alta
CHEMBL5278007,,,393.48,,4.58,,COc1ccc(-c2cc(=O)c3ccc(OCCN4CCC(C)CC4)cc3o2)cc1,EC50,=,24.6,nM,7.61,,,UO_0000065,,,,,,CHEMBL5254628,Antioxidant activity of compound assessed as DPPH radical scavenging activity incubated for 30 mins,F,BAO_0000019,assay format,,,,,,,,,CHEMBL2362975,No relevant target,,,CHEMBL5252548,1,,Eur J Med Chem,2018,,,,,24.6,,24.6,1.391,Alta
CHEMBL5273737,,,424.5,,2.46,,COc1ccc(-c2cc(=O)c3ccc(OCCN4CCN(CCO)CC4)cc3o2)cc1,EC50,=,21.5,nM,7.67,,,UO_0000065,,,,,,CHEMBL5254628,Antioxidant activity of compound assessed as DPPH radical scavenging activity incubated for 30 mins,F,BAO_0000019,assay format,,,,,,,,,CHEMBL2362975,No relevant target,,,CHEMBL5252548,1,,Eur J Med Chem,2018,,,,,21.5,,21.5,1.332,Alta
CHEMBL5276955,,,381.43,,3.18,,COc1ccc(-c2cc(=O)c3ccc(OCCN4CCOCC4)cc3o2)cc1,EC50,=,54.3,nM,7.26,,,UO_0000065,,,,,,CHEMBL5254628,Antioxidant activity of compound assessed as DPPH radical scavenging activity incubated for 30 mins,F,BAO_0000019,assay format,,,,,,,,,CHEMBL2362975,No relevant target,,,CHEMBL5252548,1,,Eur J Med Chem,2018,,,,,54.3,,54.3,1.735,Alta
CHEMBL5284318,,,367.45,,4.19,,CCN(CC)CCOc1ccc2c(=O)cc(-c3ccc(OC)cc3)oc2c1,EC50,=,54.2,nM,7.27,,,UO_0000065,,,,,,CHEMBL5254628,Antioxidant activity of compound assessed as DPPH radical scavenging activity incubated for 30 mins,F,BAO_0000019,assay format,,,,,,,,,CHEMBL2362975,No relevant target,,,CHEMBL5252548,1,,Eur J Med Chem,2018,,,,,54.2,,54.2,1.734,Alta
CHEMBL5285784,,,365.43,,3.94,,COc1ccc(-c2cc(=O)c3ccc(OCCN4CCCC4)cc3o2)cc1,EC50,=,54.2,nM,7.27,,,UO_0000065,,,,,,CHEMBL5254628,Antioxidant activity of compound assessed as DPPH radical scavenging activity incubated for 30 mins,F,BAO_0000019,assay format,,,,,,,,,CHEMBL2362975,No relevant target,,,CHEMBL5252548,1,,Eur J Med Chem,2018,,,,,54.2,,54.2,1.734,Alta
CHEMBL559089,N-CAFFEOYLSEROTONIN,,338.36,,2.66,,O=C(/C=C/c1ccc(O)c(O)c1)NCCc1c[nH]c2ccc(O)cc12,EC50,=,8100.0,nM,5.09,,,UO_0000065,,,,,,CHEMBL5358710,Antioxidant activity assessed as DPPH radical scavenging activity measured after 30 mins,F,BAO_0000019,assay format,,,,,,,,,CHEMBL2362975,No relevant target,,,CHEMBL5356986,1,,RSC Med Chem,2023,,,,,8.1,,8100.0,3.908,Alta
CHEMBL196,ASCORBIC ACID,,176.12,,-1.41,,O=C1O[C@H]([C@@H](O)CO)C(O)=C1O,EC50,=,23000.0,nM,4.64,,,UO_0000065,,,,,,CHEMBL5358710,Antioxidant activity assessed as DPPH radical scavenging activity measured after 30 mins,F,BAO_0000019,assay format,,,,,,,,,CHEMBL2362975,No relevant target,,,CHEMBL5356986,1,,RSC Med Chem,2023,,,,,23.0,,23000.0,4.362,Alta
CHEMBL5436738,,,294.31,,3.23,,O=C(/C=C/c1ccc(O)c(O)c1)Nc1ccc2[nH]ccc2c1,EC50,=,50980.0,nM,4.29,,,UO_0000065,,,,,,CHEMBL5358710,Antioxidant activity assessed as DPPH radical scavenging activity measured after 30 mins,F,BAO_0000019,assay format,,,,,,,,,CHEMBL2362975,No relevant target,,,CHEMBL5356986,1,,RSC Med Chem,2023,,,,,50.98,,50980.0,4.707,Media
CHEMBL5416389,,,276.29,,0.13,,O=C1N[C@@H](Cc2ccc(O)c(O)c2)C(=O)N2CCC[C@@H]12,EC50,=,12.98,ug.mL-1,,,,UO_0000274,,,,,,CHEMBL5391606,Antioxidant activity assessed as DPPH radical scavenging activity measured after 30 mins by UV-visible spectrophotometric analysis,F,BAO_0000019,assay format,,,,,,,,,CHEMBL2362975,No relevant target,,,CHEMBL5390243,1,,J Nat Prod,2023,,,,,12.98,,46979.623,4.672,Media
CHEMBL196,ASCORBIC ACID,,176.12,,-1.41,,O=C1O[C@H]([C@@H](O)CO)C(O)=C1O,EC50,=,9.72,ug.mL-1,,,,UO_0000274,,,,,,CHEMBL5391606,Antioxidant activity assessed as DPPH radical scavenging activity measured after 30 mins by UV-visible spectrophotometric analysis,F,BAO_0000019,assay format,,,,,,,,,CHEMBL2362975,No relevant target,,,CHEMBL5390243,1,,J Nat Prod,2023,,,,,9.72,,55189.643,4.742,Media
CHEMBL5416389,,,276.29,,0.13,,O=C1N[C@@H](Cc2ccc(O)c(O)c2)C(=O)N2CCC[C@@H]12,EC50,=,1.71,ug.mL-1,,,,UO_0000274,,,,,,CHEMBL5391607,Antioxidant activity assessed as ABTS radical scavenging activity incubated for 30 mins by UV-visible spectrphotometric analysis,F,BAO_0000019,assay format,,,,,,,,,CHEMBL2362975,No relevant target,,,CHEMBL5390243,1,,J Nat Prod,2023,,,,,1.71,,6189.149,3.792,Alta
CHEMBL196,ASCORBIC ACID,,176.12,,-1.41,,O=C1O[C@H]([C@@H](O)CO)C(O)=C1O,EC50,=,4.89,ug.mL-1,,,,UO_0000274,,,,,,CHEMBL5391607,Antioxidant activity assessed as ABTS radical scavenging activity incubated for 30 mins by UV-visible spectrphotometric analysis,F,BAO_0000019,assay format,,,,,,,,,CHEMBL2362975,No relevant target,,,CHEMBL5390243,1,,J Nat Prod,2023,,,,,4.89,,27765.16,4.444,Media
CHEMBL5278007,,,,,,,COc1ccc(-c2cc(=O)c3ccc(OCCN4CCC(C)CC4)cc3o2)cc1,EC50,=,24.6,nM,7.61,,,UO_0000065,,,,,,CHEMBL5254628,Antioxidant activity of compound assessed as DPPH radical scavenging activity incubated for 30 mins,F,BAO_0000019,assay format,,,,,,,,,CHEMBL2362975,No relevant target,,,CHEMBL5252548,1,,Eur J Med Chem,2018,,,,,24.6,,24.6,1.391,Alta
CHEMBL5273737,,,,,,,COc1ccc(-c2cc(=O)c3ccc(OCCN4CCN(CCO)CC4)cc3o2)cc1,EC50,=,21.5,nM,7.67,,,UO_0000065,,,,,,CHEMBL5254628,Antioxidant activity of compound assessed as DPPH radical scavenging activity incubated for 30 mins,F,BAO_0000019,assay format,,,,,,,,,CHEMBL2362975,No relevant target,,,CHEMBL5252548,1,,Eur J Med Chem,2018,,,,,21.5,,21.5,1.332,Alta
CHEMBL5276955,,,,,,,COc1ccc(-c2cc(=O)c3ccc(OCCN4CCOCC4)cc3o2)cc1,EC50,=,54.3,nM,7.26,,,UO_0000065,,,,,,CHEMBL5254628,Antioxidant activity of compound assessed as DPPH radical scavenging activity incubated for 30 mins,F,BAO_0000019,assay format,,,,,,,,,CHEMBL2362975,No relevant target,,,CHEMBL5252548,1,,Eur J Med Chem,2018,,,,,54.3,,54.3,1.735,Alta
CHEMBL5284318,,,,,,,CCN(CC)CCOc1ccc2c(=O)cc(-c3ccc(OC)cc3)oc2c1,EC50,=,54.2,nM,7.27,,,UO_0000065,,,,,,CHEMBL5254628,Antioxidant activity of compound assessed as DPPH radical scavenging activity incubated for 30 mins,F,BAO_0000019,assay format,,,,,,,,,CHEMBL2362975,No relevant target,,,CHEMBL5252548,1,,Eur J Med Chem,2018,,,,,54.2,,54.2,1.734,Alta
CHEMBL5285784,,,,,,,COc1ccc(-c2cc(=O)c3ccc(OCCN4CCCC4)cc3o2)cc1,EC50,=,54.2,nM,7.27,,,UO_0000065,,,,,,CHEMBL5254628,Antioxidant activity of compound assessed as DPPH radical scavenging activity incubated for 30 mins,F,BAO_0000019,assay format,,,,,,,,,CHEMBL2362975,No relevant target,,,CHEMBL5252548,1,,Eur J Med Chem,2018,,,,,54.2,,54.2,1.734,Alta
CHEMBL559089,N-CAFFEOYLSEROTONIN,,,,,,O=C(/C=C/c1ccc(O)c(O)c1)NCCc1c[nH]c2ccc(O)cc12,EC50,=,8100.0,nM,5.09,,,UO_0000065,,,,,,CHEMBL5358710,Antioxidant activity assessed as DPPH radical scavenging activity measured after 30 mins,F,BAO_0000019,assay format,,,,,,,,,CHEMBL2362975,No relevant target,,,CHEMBL5356986,1,,RSC Med Chem,2023,,,,,8.1,,8100.0,3.908,Alta
CHEMBL196,ASCORBIC ACID,,,,,,O=C1O[C@H]([C@@H](O)CO)C(O)=C1O,EC50,=,23000.0,nM,4.64,,,UO_0000065,,,,,,CHEMBL5358710,Antioxidant activity assessed as DPPH radical scavenging activity measured after 30 mins,F,BAO_0000019,assay format,,,,,,,,,CHEMBL2362975,No relevant target,,,CHEMBL5356986,1,,RSC Med Chem,2023,,,,,23.0,,23000.0,4.362,Alta
CHEMBL5436738,,,,,,,O=C(/C=C/c1ccc(O)c(O)c1)Nc1ccc2[nH]ccc2c1,EC50,=,50980.0,nM,4.29,,,UO_0000065,,,,,,CHEMBL5358710,Antioxidant activity assessed as DPPH radical scavenging activity measured after 30 mins,F,BAO_0000019,assay format,,,,,,,,,CHEMBL2362975,No relevant target,,,CHEMBL5356986,1,,RSC Med Chem,2023,,,,,50.98,,50980.0,4.707,Media
CHEMBL5416389,,,,,,,O=C1N[C@@H](Cc2ccc(O)c(O)c2)C(=O)N2CCC[C@@H]12,EC50,=,12.98,ug.mL-1,,,,UO_0000274,,,,,,CHEMBL5391606,Antioxidant activity assessed as DPPH radical scavenging activity measured after 30 mins by UV-visible spectrophotometric analysis,F,BAO_0000019,assay format,,,,,,,,,CHEMBL2362975,No relevant target,,,CHEMBL5390243,1,,J Nat Prod,2023,,,,,12.98,,,,Baja
CHEMBL196,ASCORBIC ACID,,,,,,O=C1O[C@H]([C@@H](O)CO)C(O)=C1O,EC50,=,9.72,ug.mL-1,,,,UO_0000274,,,,,,CHEMBL5391606,Antioxidant activity assessed as DPPH radical scavenging activity measured after 30 mins by UV-visible spectrophotometric analysis,F,BAO_0000019,assay format,,,,,,,,,CHEMBL2362975,No relevant target,,,CHEMBL5390243,1,,J Nat Prod,2023,,,,,9.72,,,,Baja
CHEMBL5416389,,,,,,,O=C1N[C@@H](Cc2ccc(O)c(O)c2)C(=O)N2CCC[C@@H]12,EC50,=,1.71,ug.mL-1,,,,UO_0000274,,,,,,CHEMBL5391607,Antioxidant activity assessed as ABTS radical scavenging activity incubated for 30 mins by UV-visible spectrphotometric analysis,F,BAO_0000019,assay format,,,,,,,,,CHEMBL2362975,No relevant target,,,CHEMBL5390243,1,,J Nat Prod,2023,,,,,1.71,,,,Baja
CHEMBL196,ASCORBIC ACID,,,,,,O=C1O[C@H]([C@@H](O)CO)C(O)=C1O,EC50,=,4.89,ug.mL-1,,,,UO_0000274,,,,,,CHEMBL5391607,Antioxidant activity assessed as ABTS radical scavenging activity incubated for 30 mins by UV-visible spectrphotometric analysis,F,BAO_0000019,assay format,,,,,,,,,CHEMBL2362975,No relevant target,,,CHEMBL5390243,1,,J Nat Prod,2023,,,,,4.89,,,,Baja
CHEMBL14193,4-HYDROXYBENZALDEHYDE,,122.12,0.0,1.2,,O=Cc1ccc(O)cc1,EC50,>,250000.0,nM,,Outside typical range,,UO_0000065,,,,,,0,CHEMBL3418119,Antioxidant activity assessed as DPPH free radical scavenging activity incubated for 30 mins,P,BAO_0000100,small-molecule physicochemical format,,,,,,,,,CHEMBL2362975,No relevant target,,,CHEMBL3414459,1,,Eur J Med Chem,2015.0,,,,,250.0,250000.0,5.398,Baja
CHEMBL222021,PROTOCATECHUALDEHYDE,,138.12,0.0,0.91,,O=Cc1ccc(O)c(O)c1,EC50,=,6570.0,nM,5.18,,,UO_0000065,,,,,,0,CHEMBL3418119,Antioxidant activity assessed as DPPH free radical scavenging activity incubated for 30 mins,P,BAO_0000100,small-molecule physicochemical format,,,,,,,,,CHEMBL2362975,No relevant target,,,CHEMBL3414459,1,,Eur J Med Chem,2015.0,,,,,6.57,6570.0,3.818,Alta
CHEMBL3415884,,,154.12,0.0,0.62,,O=Cc1cc(O)c(O)cc1O,EC50,=,5970.0,nM,5.22,,,UO_0000065,,,,,,0,CHEMBL3418119,Antioxidant activity assessed as DPPH free radical scavenging activity incubated for 30 mins,P,BAO_0000100,small-molecule physicochemical format,,,,,,,,,CHEMBL2362975,No relevant target,,,CHEMBL3414459,1,,Eur J Med Chem,2015.0,,,,,5.97,5970.0,3.776,Alta
CHEMBL254710,,,154.12,0.0,0.62,,O=Cc1cc(O)c(O)c(O)c1,EC50,=,15350.0,nM,4.81,,,UO_0000065,,,,,,0,CHEMBL3418119,Antioxidant activity assessed as DPPH free radical scavenging activity incubated for 30 mins,P,BAO_0000100,small-molecule physicochemical format,,,,,,,,,CHEMBL2362975,No relevant target,,,CHEMBL3414459,1,,Eur J Med Chem,2015.0,,,,,15.35,15350.0,4.186,Alta
CHEMBL3415885,,,264.19,,,,NNC(=[Se])Nc1cccc2ccccc12,EC50,=,6650.0,nM,5.18,,,UO_0000065,,,,,,0,CHEMBL3418119,Antioxidant activity assessed as DPPH free radical scavenging activity incubated for 30 mins,P,BAO_0000100,small-molecule physicochemical format,,,,,,,,,CHEMBL2362975,No relevant target,,,CHEMBL3414459,1,,Eur J Med Chem,2015.0,,,,,6.65,6650.0,3.823,Alta
CHEMBL456610,,,271.35,0.0,2.71,,Oc1ccc(/C=N/NC(=S)Nc2ccccc2)cc1,EC50,=,90100.0,nM,4.04,,,UO_0000065,,,,,,0,CHEMBL3418119,Antioxidant activity assessed as DPPH free radical scavenging activity incubated for 30 mins,P,BAO_0000100,small-molecule physicochemical format,,,,,,,,,CHEMBL2362975,No relevant target,,,CHEMBL3414459,1,,Eur J Med Chem,2015.0,,,,,90.1,90100.0,4.955,Media
CHEMBL3415886,,,287.34,0.0,2.42,,Oc1ccc(/C=N/NC(=S)Nc2ccccc2)cc1O,EC50,=,9270.0,nM,5.03,,,UO_0000065,,,,,,0,CHEMBL3418119,Antioxidant activity assessed as DPPH free radical scavenging activity incubated for 30 mins,P,BAO_0000100,small-molecule physicochemical format,,,,,,,,,CHEMBL2362975,No relevant target,,,CHEMBL3414459,1,,Eur J Med Chem,2015.0,,,,,9.27,9270.0,3.967,Alta
CHEMBL2296747,,,303.34,0.0,2.12,,Oc1cc(O)c(/C=N/NC(=S)Nc2ccccc2)cc1O,EC50,=,13900.0,nM,4.86,,,UO_0000065,,,,,,0,CHEMBL3418119,Antioxidant activity assessed as DPPH free radical scavenging activity incubated for 30 mins,P,BAO_0000100,small-molecule physicochemical format,,,,,,,,,CHEMBL2362975,No relevant target,,,CHEMBL3414459,1,,Eur J Med Chem,2015.0,,,,,13.9,13900.0,4.143,Alta
CHEMBL3415887,,,303.34,0.0,2.12,,Oc1cc(/C=N/NC(=S)Nc2ccccc2)cc(O)c1O,EC50,=,7000.0,nM,5.16,,,UO_0000065,,,,,,0,CHEMBL3418119,Antioxidant activity assessed as DPPH free radical scavenging activity incubated for 30 mins,P,BAO_0000100,small-molecule physicochemical format,,,,,,,,,CHEMBL2362975,No relevant target,,,CHEMBL3414459,1,,Eur J Med Chem,2015.0,,,,,7.0,7000.0,3.845,Alta
CHEMBL3415888,,,318.24,,,,Oc1ccc(/C=N/NC(=[Se])Nc2ccccc2)cc1,EC50,=,27800.0,nM,4.56,,,UO_0000065,,,,,,0,CHEMBL3418119,Antioxidant activity assessed as DPPH free radical scavenging activity incubated for 30 mins,P,BAO_0000100,small-molecule physicochemical format,,,,,,,,,CHEMBL2362975,No relevant target,,,CHEMBL3414459,1,,Eur J Med Chem,2015.0,,,,,27.8,27800.0,4.444,Media
CHEMBL3415889,,,334.24,,,,Oc1ccc(/C=N/NC(=[Se])Nc2ccccc2)cc1O,EC50,=,8770.0,nM,5.06,,,UO_0000065,,,,,,0,CHEMBL3418119,Antioxidant activity assessed as DPPH free radical scavenging activity incubated for 30 mins,P,BAO_0000100,small-molecule physicochemical format,,,,,,,,,CHEMBL2362975,No relevant target,,,CHEMBL3414459,1,,Eur J Med Chem,2015.0,,,,,8.77,8770.0,3.943,Alta
CHEMBL3415890,,,350.24,,,,Oc1cc(/C=N/NC(=[Se])Nc2ccccc2)cc(O)c1O,EC50,=,4870.0,nM,5.31,,,UO_0000065,,,,,,0,CHEMBL3418119,Antioxidant activity assessed as DPPH free radical scavenging activity incubated for 30 mins,P,BAO_0000100,small-molecule physicochemical format,,,,,,,,,CHEMBL2362975,No relevant target,,,CHEMBL3414459,1,,Eur J Med Chem,2015.0,,,,,4.87,4870.0,3.688,Alta
CHEMBL3415891,,,368.3,,,,Oc1ccc(/C=N/NC(=[Se])Nc2cccc3ccccc23)cc1,EC50,=,21670.0,nM,4.66,,,UO_0000065,,,,,,0,CHEMBL3418119,Antioxidant activity assessed as DPPH free radical scavenging activity incubated for 30 mins,P,BAO_0000100,small-molecule physicochemical format,,,,,,,,,CHEMBL2362975,No relevant target,,,CHEMBL3414459,1,,Eur J Med Chem,2015.0,,,,,21.67,21670.0,4.336,Alta
CHEMBL3415892,,,384.3,,,,Oc1ccc(/C=N/NC(=[Se])Nc2cccc3ccccc23)cc1O,EC50,=,18170.0,nM,4.74,,,UO_0000065,,,,,,0,CHEMBL3418119,Antioxidant activity assessed as DPPH free radical scavenging activity incubated for 30 mins,P,BAO_0000100,small-molecule physicochemical format,,,,,,,,,CHEMBL2362975,No relevant target,,,CHEMBL3414459,1,,Eur J Med Chem,2015.0,,,,,18.17,18170.0,4.259,Alta
CHEMBL3415893,,,400.3,,,,Oc1cc(O)c(/C=N/NC(=[Se])Nc2cccc3ccccc23)cc1O,EC50,=,10700.0,nM,4.97,,,UO_0000065,,,,,,0,CHEMBL3418119,Antioxidant activity assessed as DPPH free radical scavenging activity incubated for 30 mins,P,BAO_0000100,small-molecule physicochemical format,,,,,,,,,CHEMBL2362975,No relevant target,,,CHEMBL3414459,1,,Eur J Med Chem,2015.0,,,,,10.7,10700.0,4.029,Alta
CHEMBL3415894,,,400.3,,,,Oc1cc(/C=N/NC(=[Se])Nc2cccc3ccccc23)cc(O)c1O,EC50,=,8870.0,nM,5.05,,,UO_0000065,,,,,,0,CHEMBL3418119,Antioxidant activity assessed as DPPH free radical scavenging activity incubated for 30 mins,P,BAO_0000100,small-molecule physicochemical format,,,,,,,,,CHEMBL2362975,No relevant target,,,CHEMBL3414459,1,,Eur J Med Chem,2015.0,,,,,8.87,8870.0,3.948,Alta
CHEMBL1950045,,,154.16,0.0,0.63,,OCCc1ccc(O)c(O)c1,EC50,=,13800.0,nM,4.86,,,UO_0000065,,,,,,0,CHEMBL3418119,Antioxidant activity assessed as DPPH free radical scavenging activity incubated for 30 mins,P,BAO_0000100,small-molecule physicochemical format,,,,,,,,,CHEMBL2362975,No relevant target,,,CHEMBL3414459,1,,Eur J Med Chem,2015.0,,,,,13.8,13800.0,4.14,Alta
CHEMBL50,QUERCETIN,3.0,302.24,0.0,1.99,,O=c1c(O)c(-c2ccc(O)c(O)c2)oc2cc(O)cc(O)c12,EC50,=,6100.0,nM,5.21,,,UO_0000065,,,,,,0,CHEMBL3423601,Antioxidant activity assessed as H2O2 scavenging activity after 15 mins,P,BAO_0000100,small-molecule physicochemical format,,,,,,,,,CHEMBL2362975,No relevant target,,,CHEMBL3421535,1,,J Nat Prod,2015.0,,,,,6.1,6100.0,3.785,Alta
CHEMBL32571,,,272.26,0.0,2.51,,O=C1CC(c2ccc(O)cc2)Oc2cc(O)cc(O)c21,EC50,=,8600.0,nM,5.07,,,UO_0000065,,,,,,0,CHEMBL3423601,Antioxidant activity assessed as H2O2 scavenging activity after 15 mins,P,BAO_0000100,small-molecule physicochemical format,,,,,,,,,CHEMBL2362975,No relevant target,,,CHEMBL3421535,1,,J Nat Prod,2015.0,,,,,8.6,8600.0,3.934,Alta
CHEMBL583912,(-)-EPICATECHIN,2.0,290.27,0.0,1.55,,Oc1cc(O)c2c(c1)O[C@H](c1ccc(O)c(O)c1)[C@H](O)C2,EC50,=,4100.0,nM,5.39,,,UO_0000065,,,,,,0,CHEMBL3423601,Antioxidant activity assessed as H2O2 scavenging activity after 15 mins,P,BAO_0000100,small-molecule physicochemical format,,,,,,,,,CHEMBL2362975,No relevant target,,,CHEMBL3421535,1,,J Nat Prod,2015.0,,,,,4.1,4100.0,3.613,Alta
CHEMBL66,(+)-TAXIFOLIN,,304.25,0.0,1.19,,O=C1c2c(O)cc(O)cc2O[C@H](c2ccc(O)c(O)c2)[C@H]1O,EC50,=,11300.0,nM,4.95,,,UO_0000065,,,,,,0,CHEMBL3423601,Antioxidant activity assessed as H2O2 scavenging activity after 15 mins,P,BAO_0000100,small-molecule physicochemical format,,,,,,,,,CHEMBL2362975,No relevant target,,,CHEMBL3421535,1,,J Nat Prod,2015.0,,,,,11.3,11300.0,4.053,Alta
CHEMBL3421652,,,590.49,3.0,3.11,,O=C1c2c(O)cc(O)c([C@@H]3C(=O)c4c(O)cc(O)cc4O[C@H]3c3ccc(O)c(O)c3)c2O[C@H](c2ccc(O)c(O)c2)[C@H]1O,EC50,=,2800.0,nM,5.55,,,UO_0000065,,,,,,0,CHEMBL3423601,Antioxidant activity assessed as H2O2 scavenging activity after 15 mins,P,BAO_0000100,small-molecule physicochemical format,,,,,,,,,CHEMBL2362975,No relevant target,,,CHEMBL3421535,1,,J Nat Prod,2015.0,,,,,2.8,2800.0,3.447,Alta
CHEMBL196,ASCORBIC ACID,4.0,176.12,0.0,-1.41,,O=C1O[C@H]([C@@H](O)CO)C(O)=C1O,EC50,=,24200.0,nM,4.62,,,UO_0000065,,,,,,0,CHEMBL3423601,Antioxidant activity assessed as H2O2 scavenging activity after 15 mins,P,BAO_0000100,small-molecule physicochemical format,,,,,,,,,CHEMBL2362975,No relevant target,,,CHEMBL3421535,1,,J Nat Prod,2015.0,,,,,24.2,24200.0,4.384,Alta
CHEMBL502489,GARCINOL,,602.81,2.0,8.91,,C=C(C)[C@@H](CC=C(C)C)C[C@@]12C[C@@H](CC=C(C)C)C(C)(C)[C@@](CC=C(C)C)(C(=O)C(C(=O)c3ccc(O)c(O)c3)=C1O)C2=O,EC50,=,15700.0,nM,4.8,,,UO_0000065,,,,,,0,CHEMBL3423601,Antioxidant activity assessed as H2O2 scavenging activity after 15 mins,P,BAO_0000100,small-molecule physicochemical format,,,,,,,,,CHEMBL2362975,No relevant target,,,CHEMBL3421535,1,,J Nat Prod,2015.0,,,,,15.7,15700.0,4.196,Alta
CHEMBL458934,CAMBOGIN,,602.81,2.0,8.59,,CC(C)=CC[C@H]1C[C@@]23C[C@@H](CC=C(C)C)C(C)(C)[C@@](CC=C(C)C)(C(=O)C(C(=O)c4ccc(O)c(O)c4)=C2OC1(C)C)C3=O,EC50,=,83300.0,nM,4.08,,,UO_0000065,,,,,,0,CHEMBL3423601,Antioxidant activity assessed as H2O2 scavenging activity after 15 mins,P,BAO_0000100,small-molecule physicochemical format,,,,,,,,,CHEMBL2362975,No relevant target,,,CHEMBL3421535,1,,J Nat Prod,2015.0,,,,,83.3,83300.0,4.921,Media
CHEMBL1254294,JACAREUBIN,,326.3,0.0,3.25,,CC1(C)C=Cc2c(cc3oc4c(O)c(O)ccc4c(=O)c3c2O)O1,EC50,=,26300.0,nM,4.58,,,UO_0000065,,,,,,0,CHEMBL3423601,Antioxidant activity assessed as H2O2 scavenging activity after 15 mins,P,BAO_0000100,small-molecule physicochemical format,,,,,,,,,CHEMBL2362975,No relevant target,,,CHEMBL3421535,1,,J Nat Prod,2015.0,,,,,26.3,26300.0,4.42,Media
CHEMBL3422285,,,328.32,0.0,3.28,,CC(C)=CCc1c(O)cc2oc3c(O)c(O)ccc3c(=O)c2c1O,EC50,=,19700.0,nM,4.71,,,UO_0000065,,,,,,0,CHEMBL3423601,Antioxidant activity assessed as H2O2 scavenging activity after 15 mins,P,BAO_0000100,small-molecule physicochemical format,,,,,,,,,CHEMBL2362975,No relevant target,,,CHEMBL3421535,1,,J Nat Prod,2015.0,,,,,19.7,19700.0,4.294,Alta
CHEMBL389166,,,228.2,0.0,2.36,,O=c1c2cc(O)ccc2oc2cccc(O)c12,EC50,=,80200.0,nM,4.1,,,UO_0000065,,,,,,0,CHEMBL3423601,Antioxidant activity assessed as H2O2 scavenging activity after 15 mins,P,BAO_0000100,small-molecule physicochemical format,,,,,,,,,CHEMBL2362975,No relevant target,,,CHEMBL3421535,1,,J Nat Prod,2015.0,,,,,80.2,80200.0,4.904,Media
CHEMBL3422284,,,480.38,2.0,2.37,,O=C1c2c(O)cc(O)c(-c3coc4cc(O)cc(O)c4c3=O)c2O[C@H](c2ccc(O)c(O)c2)[C@H]1O,EC50,=,17500.0,nM,4.76,,,UO_0000065,,,,,,0,CHEMBL3423601,Antioxidant activity assessed as H2O2 scavenging activity after 15 mins,P,BAO_0000100,small-molecule physicochemical format,,,,,,,,,CHEMBL2362975,No relevant target,,,CHEMBL3421535,1,,J Nat Prod,2015.0,,,,,17.5,17500.0,4.243,Alta
CHEMBL3422283,,,358.35,0.0,3.65,,COc1c(O)ccc2c1Oc1cc(O)c(CC=C(C)C)c(O)c1C(=O)O2,EC50,<=,45400.0,nM,,,,UO_0000065,,,,,,0,CHEMBL3423601,Antioxidant activity assessed as H2O2 scavenging activity after 15 mins,P,BAO_0000100,small-molecule physicochemical format,,,,,,,,,CHEMBL2362975,No relevant target,,,CHEMBL3421535,1,,J Nat Prod,2015.0,,,,,45.4,45400.0,4.657,Media
CHEMBL3422282,,,356.37,0.0,3.53,,COc1cc(C(=O)c2c(O)cc3c(c2OC)C=CC(C)(C)O3)ccc1O,EC50,<=,53400.0,nM,,,,UO_0000065,,,,,,0,CHEMBL3423601,Antioxidant activity assessed as H2O2 scavenging activity after 15 mins,P,BAO_0000100,small-molecule physicochemical format,,,,,,,,,CHEMBL2362975,No relevant target,,,CHEMBL3421535,1,,J Nat Prod,2015.0,,,,,53.4,53400.0,4.728,Media
CHEMBL3422281,,,590.49,3.0,3.11,,O=C1c2c(cc(O)c([C@@H]3C(=O)c4c(O)cc(O)cc4O[C@H]3c3ccc(O)c(O)c3)c2O)O[C@H](c2ccc(O)c(O)c2)[C@H]1O,EC50,=,8500.0,nM,5.07,,,UO_0000065,,,,,,0,CHEMBL3423601,Antioxidant activity assessed as H2O2 scavenging activity after 15 mins,P,BAO_0000100,small-molecule physicochemical format,,,,,,,,,CHEMBL2362975,No relevant target,,,CHEMBL3421535,1,,J Nat Prod,2015.0,,,,,8.5,8500.0,3.929,Alta
CHEMBL3932223,,,752.73,4.0,6.49,,CC1(C)C=Cc2c(O)c(Cc3c(O)c4c(c(C(=O)/C=C/c5ccc(O)c(O)c5O)c3O)OC(C)(C)C=C4)c(O)c(C(=O)/C=C/c3ccc(O)c(O)c3O)c2O1,EC50,=,540.0,nM,6.27,,,UO_0000065,,,,,,0,CHEMBL3877923,Antioxidant activity assessed as ABTS radical scavenging activity measured after 10 mins by ABTS assay,F,BAO_0000019,assay format,,,,,,,,,CHEMBL2362975,No relevant target,,,CHEMBL3877262,1,,Eur J Med Chem,2017.0,,,,,0.54,540.0,2.732,Alta
CHEMBL288114,GALLIC ACID,2.0,170.12,0.0,0.5,,O=C(O)c1cc(O)c(O)c(O)c1,EC50,=,350.0,nM,6.46,,,UO_0000065,,,,,,0,CHEMBL3877923,Antioxidant activity assessed as ABTS radical scavenging activity measured after 10 mins by ABTS assay,F,BAO_0000019,assay format,,,,,,,,,CHEMBL2362975,No relevant target,,,CHEMBL3877262,1,,Eur J Med Chem,2017.0,,,,,0.35,350.0,2.544,Alta
CHEMBL375925,CYATHUSAL A,,330.29,0.0,2.46,,C/C=C/c1cc2c(c(=O)o1)-c1c(O)c(O)c(OC)c(C=O)c1CO2,EC50,=,7860.0,nM,5.11,,,UO_0000065,,,,,,0,CHEMBL905178,Antioxidant activity assessed as ABTS radical scavenging activity after 30 mins,F,BAO_0000019,assay format,,,,,,,,,CHEMBL3879801,NON-PROTEIN TARGET,,,CHEMBL1143704,1,,J Nat Prod,2007.0,,,,,7.86,7860.0,3.895,Alta
CHEMBL153,TROLOX,,250.29,0.0,2.49,,Cc1c(C)c2c(c(C)c1O)CCC(C)(C(=O)O)O2,EC50,=,14540.0,nM,4.84,,,UO_0000065,,,,,,0,CHEMBL905178,Antioxidant activity assessed as ABTS radical scavenging activity after 30 mins,F,BAO_0000019,assay format,,,,,,,,,CHEMBL3879801,NON-PROTEIN TARGET,,,CHEMBL1143704,1,,J Nat Prod,2007.0,,,,,14.54,14540.0,4.163,Alta
CHEMBL4296740,BUTYLATED HYDROXYANISOLE,-1.0,360.49,,,,COc1ccc(O)c(C(C)(C)C)c1.COc1ccc(O)cc1C(C)(C)C,EC50,=,11700.0,nM,4.93,,,UO_0000065,,,,,,0,CHEMBL905178,Antioxidant activity assessed as ABTS radical scavenging activity after 30 mins,F,BAO_0000019,assay format,,,,,,,,,CHEMBL3879801,NON-PROTEIN TARGET,,,CHEMBL1143704,1,,J Nat Prod,2007.0,,,,,11.7,11700.0,4.068,Alta
CHEMBL375926,PULVINATAL,,360.32,0.0,2.61,,C/C=C/c1cc2c(c(=O)o1)-c1c(O)c(O)c(OC)c(C=O)c1C(OC)O2,EC50,=,8360.0,nM,5.08,,,UO_0000065,,,,,,0,CHEMBL905178,Antioxidant activity assessed as ABTS radical scavenging activity after 30 mins,F,BAO_0000019,assay format,,,,,,,,,CHEMBL3879801,NON-PROTEIN TARGET,,,CHEMBL1143704,1,,J Nat Prod,2007.0,,,,,8.36,8360.0,3.922,Alta
CHEMBL228355,CYATHUSAL C,,388.37,0.0,3.39,,C/C=C/c1cc2c(c(=O)o1)-c1c(O)c(O)c(OC)c(C=O)c1C(OC(C)C)O2,EC50,=,9100.0,nM,5.04,,,UO_0000065,,,,,,0,CHEMBL905178,Antioxidant activity assessed as ABTS radical scavenging activity after 30 mins,F,BAO_0000019,assay format,,,,,,,,,CHEMBL3879801,NON-PROTEIN TARGET,,,CHEMBL1143704,1,,J Nat Prod,2007.0,,,,,9.1,9100.0,3.959,Alta
CHEMBL228300,CYATHUSAL B,,346.29,0.0,1.96,,C/C=C/c1cc2c(c(=O)o1)-c1c(O)c(O)c(OC)c(C=O)c1C(O)O2,EC50,=,11060.0,nM,4.96,,,UO_0000065,,,,,,0,CHEMBL905178,Antioxidant activity assessed as ABTS radical scavenging activity after 30 mins,F,BAO_0000019,assay format,,,,,,,,,CHEMBL3879801,NON-PROTEIN TARGET,,,CHEMBL1143704,1,,J Nat Prod,2007.0,,,,,11.06,11060.0,4.044,Alta
CHEMBL242080,E319,,166.22,0.0,2.4,,CC(C)(C)c1cc(O)ccc1O,EC50,=,36000.0,nM,4.44,,,UO_0000065,,,,,,0,CHEMBL2400447,Antioxidant activity assessed as DPPH radical scavenging activity after 30 mins by spectrophotometric analysis,F,BAO_0000019,assay format,,,,,,,,,CHEMBL613712,Radical scavenging activity,,,CHEMBL2396641,1,,Bioorg Med Chem Lett,2013.0,,,,,36.0,36000.0,4.556,Media
CHEMBL2396683,,,256.26,0.0,2.65,,COc1ccc(O)cc1-c1nc2cc(O)ccc2[nH]1,EC50,=,23000.0,nM,4.64,,,UO_0000065,,,,,,0,CHEMBL2400447,Antioxidant activity assessed as DPPH radical scavenging activity after 30 mins by spectrophotometric analysis,F,BAO_0000019,assay format,,,,,,,,,CHEMBL613712,Radical scavenging activity,,,CHEMBL2396641,1,,Bioorg Med Chem Lett,2013.0,,,,,23.0,23000.0,4.362,Alta
CHEMBL2396684,,,256.26,0.0,2.65,,COc1cc(O)ccc1-c1nc2cc(O)ccc2[nH]1,EC50,=,27000.0,nM,4.57,,,UO_0000065,,,,,,0,CHEMBL2400447,Antioxidant activity assessed as DPPH radical scavenging activity after 30 mins by spectrophotometric analysis,F,BAO_0000019,assay format,,,,,,,,,CHEMBL613712,Radical scavenging activity,,,CHEMBL2396641,1,,Bioorg Med Chem Lett,2013.0,,,,,27.0,27000.0,4.431,Media
CHEMBL2396685,,,270.29,0.0,2.95,,COc1ccc(-c2nc3cc(O)ccc3[nH]2)c(OC)c1,EC50,=,32000.0,nM,4.5,,,UO_0000065,,,,,,0,CHEMBL2400447,Antioxidant activity assessed as DPPH radical scavenging activity after 30 mins by spectrophotometric analysis,F,BAO_0000019,assay format,,,,,,,,,CHEMBL613712,Radical scavenging activity,,,CHEMBL2396641,1,,Bioorg Med Chem Lett,2013.0,,,,,32.0,32000.0,4.505,Media
CHEMBL2396701,,,242.23,0.0,2.35,,Oc1cc(O)cc(-c2nc3cc(O)ccc3[nH]2)c1,EC50,=,26000.0,nM,4.58,,,UO_0000065,,,,,,0,CHEMBL2400447,Antioxidant activity assessed as DPPH radical scavenging activity after 30 mins by spectrophotometric analysis,F,BAO_0000019,assay format,,,,,,,,,CHEMBL613712,Radical scavenging activity,,,CHEMBL2396641,1,,Bioorg Med Chem Lett,2013.0,,,,,26.0,26000.0,4.415,Media
CHEMBL2396700,,,242.23,0.0,2.35,,Oc1ccc2[nH]c(-c3ccc(O)c(O)c3)nc2c1,EC50,=,33000.0,nM,4.48,,,UO_0000065,,,,,,0,CHEMBL2400447,Antioxidant activity assessed as DPPH radical scavenging activity after 30 mins by spectrophotometric analysis,F,BAO_0000019,assay format,,,,,,,,,CHEMBL613712,Radical scavenging activity,,,CHEMBL2396641,1,,Bioorg Med Chem Lett,2013.0,,,,,33.0,33000.0,4.519,Media
CHEMBL2396699,,,226.24,0.0,2.64,,Oc1ccc(-c2nc3cc(O)ccc3[nH]2)cc1,EC50,=,34000.0,nM,4.47,,,UO_0000065,,,,,,0,CHEMBL2400447,Antioxidant activity assessed as DPPH radical scavenging activity after 30 mins by spectrophotometric analysis,F,BAO_0000019,assay format,,,,,,,,,CHEMBL613712,Radical scavenging activity,,,CHEMBL2396641,1,,Bioorg Med Chem Lett,2013.0,,,,,34.0,34000.0,4.531,Media
CHEMBL2396698,,,226.24,0.0,2.64,,Oc1cccc(-c2nc3cc(O)ccc3[nH]2)c1,EC50,=,40000.0,nM,4.4,,,UO_0000065,,,,,,0,CHEMBL2400447,Antioxidant activity assessed as DPPH radical scavenging activity after 30 mins by spectrophotometric analysis,F,BAO_0000019,assay format,,,,,,,,,CHEMBL613712,Radical scavenging activity,,,CHEMBL2396641,1,,Bioorg Med Chem Lett,2013.0,,,,,40.0,40000.0,4.602,Media
CHEMBL2396697,,,226.24,0.0,2.64,,Oc1ccc2[nH]c(-c3ccccc3O)nc2c1,EC50,=,30000.0,nM,4.52,,,UO_0000065,,,,,,0,CHEMBL2400447,Antioxidant activity assessed as DPPH radical scavenging activity after 30 mins by spectrophotometric analysis,F,BAO_0000019,assay format,,,,,,,,,CHEMBL613712,Radical scavenging activity,,,CHEMBL2396641,1,,Bioorg Med Chem Lett,2013.0,,,,,30.0,30000.0,4.477,Media
CHEMBL2396656,,,210.24,0.0,2.94,,Oc1ccc2[nH]c(-c3ccccc3)nc2c1,EC50,=,42000.0,nM,4.38,,,UO_0000065,,,,,,0,CHEMBL2400447,Antioxidant activity assessed as DPPH radical scavenging activity after 30 mins by spectrophotometric analysis,F,BAO_0000019,assay format,,,,,,,,,CHEMBL613712,Radical scavenging activity,,,CHEMBL2396641,1,,Bioorg Med Chem Lett,2013.0,,,,,42.0,42000.0,4.623,Media
CHEMBL2396696,,,284.31,0.0,3.26,,COc1ccc(OC)c(-c2nc3cc(OC)ccc3[nH]2)c1,EC50,>,200000.0,nM,,Outside typical range,,UO_0000065,,,,,,0,CHEMBL2400447,Antioxidant activity assessed as DPPH radical scavenging activity after 30 mins by spectrophotometric analysis,F,BAO_0000019,assay format,,,,,,,,,CHEMBL613712,Radical scavenging activity,,,CHEMBL2396641,1,,Bioorg Med Chem Lett,2013.0,,,,,200.0,200000.0,5.301,Baja
CHEMBL2396695,,,284.31,0.0,3.26,,COc1ccc(-c2nc3cc(OC)ccc3[nH]2)c(OC)c1,EC50,>,200000.0,nM,,Outside typical range,,UO_0000065,,,,,,0,CHEMBL2400447,Antioxidant activity assessed as DPPH radical scavenging activity after 30 mins by spectrophotometric analysis,F,BAO_0000019,assay format,,,,,,,,,CHEMBL613712,Radical scavenging activity,,,CHEMBL2396641,1,,Bioorg Med Chem Lett,2013.0,,,,,200.0,200000.0,5.301,Baja
CHEMBL2396694,,,284.31,0.0,3.26,,COc1cc(OC)cc(-c2nc3cc(OC)ccc3[nH]2)c1,EC50,>,200000.0,nM,,Outside typical range,,UO_0000065,,,,,,0,CHEMBL2400447,Antioxidant activity assessed as DPPH radical scavenging activity after 30 mins by spectrophotometric analysis,F,BAO_0000019,assay format,,,,,,,,,CHEMBL613712,Radical scavenging activity,,,CHEMBL2396641,1,,Bioorg Med Chem Lett,2013.0,,,,,200.0,200000.0,5.301,Baja
CHEMBL2396693,,,284.31,0.0,3.26,,COc1ccc2[nH]c(-c3ccc(OC)c(OC)c3)nc2c1,EC50,>,200000.0,nM,,Outside typical range,,UO_0000065,,,,,,0,CHEMBL2400447,Antioxidant activity assessed as DPPH radical scavenging activity after 30 mins by spectrophotometric analysis,F,BAO_0000019,assay format,,,,,,,,,CHEMBL613712,Radical scavenging activity,,,CHEMBL2396641,1,,Bioorg Med Chem Lett,2013.0,,,,,200.0,200000.0,5.301,Baja
CHEMBL2396692,,,270.29,0.0,2.95,,COc1ccc2[nH]c(-c3ccc(O)c(OC)c3)nc2c1,EC50,=,58000.0,nM,4.24,,,UO_0000065,,,,,,0,CHEMBL2400447,Antioxidant activity assessed as DPPH radical scavenging activity after 30 mins by spectrophotometric analysis,F,BAO_0000019,assay format,,,,,,,,,CHEMBL613712,Radical scavenging activity,,,CHEMBL2396641,1,,Bioorg Med Chem Lett,2013.0,,,,,58.0,58000.0,4.763,Media
CHEMBL2396691,,,256.26,0.0,2.65,,COc1ccc2[nH]c(-c3ccc(O)cc3O)nc2c1,EC50,=,129000.0,nM,,Outside typical range,,UO_0000065,,,,,,0,CHEMBL2400447,Antioxidant activity assessed as DPPH radical scavenging activity after 30 mins by spectrophotometric analysis,F,BAO_0000019,assay format,,,,,,,,,CHEMBL613712,Radical scavenging activity,,,CHEMBL2396641,1,,Bioorg Med Chem Lett,2013.0,,,,,129.0,129000.0,5.111,Media
CHEMBL2396690,,,254.29,0.0,3.25,,COc1ccc(-c2nc3cc(OC)ccc3[nH]2)cc1,EC50,>,200000.0,nM,,Outside typical range,,UO_0000065,,,,,,0,CHEMBL2400447,Antioxidant activity assessed as DPPH radical scavenging activity after 30 mins by spectrophotometric analysis,F,BAO_0000019,assay format,,,,,,,,,CHEMBL613712,Radical scavenging activity,,,CHEMBL2396641,1,,Bioorg Med Chem Lett,2013.0,,,,,200.0,200000.0,5.301,Baja
CHEMBL2396689,,,240.26,0.0,2.94,,COc1ccc2[nH]c(-c3ccc(O)cc3)nc2c1,EC50,>,200000.0,nM,,Outside typical range,,UO_0000065,,,,,,0,CHEMBL2400447,Antioxidant activity assessed as DPPH radical scavenging activity after 30 mins by spectrophotometric analysis,F,BAO_0000019,assay format,,,,,,,,,CHEMBL613712,Radical scavenging activity,,,CHEMBL2396641,1,,Bioorg Med Chem Lett,2013.0,,,,,200.0,200000.0,5.301,Baja
CHEMBL2396688,,,240.26,0.0,2.94,,COc1ccc2[nH]c(-c3cccc(O)c3)nc2c1,EC50,>,200000.0,nM,,Outside typical range,,UO_0000065,,,,,,0,CHEMBL2400447,Antioxidant activity assessed as DPPH radical scavenging activity after 30 mins by spectrophotometric analysis,F,BAO_0000019,assay format,,,,,,,,,CHEMBL613712,Radical scavenging activity,,,CHEMBL2396641,1,,Bioorg Med Chem Lett,2013.0,,,,,200.0,200000.0,5.301,Baja
CHEMBL2396687,,,240.26,0.0,2.94,,COc1ccc2[nH]c(-c3ccccc3O)nc2c1,EC50,>,200000.0,nM,,Outside typical range,,UO_0000065,,,,,,0,CHEMBL2400447,Antioxidant activity assessed as DPPH radical scavenging activity after 30 mins by spectrophotometric analysis,F,BAO_0000019,assay format,,,,,,,,,CHEMBL613712,Radical scavenging activity,,,CHEMBL2396641,1,,Bioorg Med Chem Lett,2013.0,,,,,200.0,200000.0,5.301,Baja
CHEMBL242080,E319,,166.22,0.0,2.4,,CC(C)(C)c1cc(O)ccc1O,EC50,=,65000.0,nM,4.19,,,UO_0000065,,,,,,0,CHEMBL2400448,Antioxidant activity assessed as hydroxyl radical scavenging activity after 1 hr by spectrophotometric analysis,F,BAO_0000019,assay format,,,,,,,,,CHEMBL3879801,NON-PROTEIN TARGET,,,CHEMBL2396641,1,,Bioorg Med Chem Lett,2013.0,,,,,65.0,65000.0,4.813,Media
CHEMBL2396683,,,256.26,0.0,2.65,,COc1ccc(O)cc1-c1nc2cc(O)ccc2[nH]1,EC50,>,200000.0,nM,,Outside typical range,,UO_0000065,,,,,,0,CHEMBL2400448,Antioxidant activity assessed as hydroxyl radical scavenging activity after 1 hr by spectrophotometric analysis,F,BAO_0000019,assay format,,,,,,,,,CHEMBL3879801,NON-PROTEIN TARGET,,,CHEMBL2396641,1,,Bioorg Med Chem Lett,2013.0,,,,,200.0,200000.0,5.301,Baja
CHEMBL2396684,,,256.26,0.0,2.65,,COc1cc(O)ccc1-c1nc2cc(O)ccc2[nH]1,EC50,=,46000.0,nM,4.34,,,UO_0000065,,,,,,0,CHEMBL2400448,Antioxidant activity assessed as hydroxyl radical scavenging activity after 1 hr by spectrophotometric analysis,F,BAO_0000019,assay format,,,,,,,,,CHEMBL3879801,NON-PROTEIN TARGET,,,CHEMBL2396641,1,,Bioorg Med Chem Lett,2013.0,,,,,46.0,46000.0,4.663,Media
CHEMBL2396685,,,270.29,0.0,2.95,,COc1ccc(-c2nc3cc(O)ccc3[nH]2)c(OC)c1,EC50,>,200000.0,nM,,Outside typical range,,UO_0000065,,,,,,0,CHEMBL2400448,Antioxidant activity assessed as hydroxyl radical scavenging activity after 1 hr by spectrophotometric analysis,F,BAO_0000019,assay format,,,,,,,,,CHEMBL3879801,NON-PROTEIN TARGET,,,CHEMBL2396641,1,,Bioorg Med Chem Lett,2013.0,,,,,200.0,200000.0,5.301,Baja
CHEMBL2396701,,,242.23,0.0,2.35,,Oc1cc(O)cc(-c2nc3cc(O)ccc3[nH]2)c1,EC50,>,200000.0,nM,,Outside typical range,,UO_0000065,,,,,,0,CHEMBL2400448,Antioxidant activity assessed as hydroxyl radical scavenging activity after 1 hr by spectrophotometric analysis,F,BAO_0000019,assay format,,,,,,,,,CHEMBL3879801,NON-PROTEIN TARGET,,,CHEMBL2396641,1,,Bioorg Med Chem Lett,2013.0,,,,,200.0,200000.0,5.301,Baja
CHEMBL2396700,,,242.23,0.0,2.35,,Oc1ccc2[nH]c(-c3ccc(O)c(O)c3)nc2c1,EC50,=,77000.0,nM,4.11,,,UO_0000065,,,,,,0,CHEMBL2400448,Antioxidant activity assessed as hydroxyl radical scavenging activity after 1 hr by spectrophotometric analysis,F,BAO_0000019,assay format,,,,,,,,,CHEMBL3879801,NON-PROTEIN TARGET,,,CHEMBL2396641,1,,Bioorg Med Chem Lett,2013.0,,,,,77.0,77000.0,4.886,Media
CHEMBL2396699,,,226.24,0.0,2.64,,Oc1ccc(-c2nc3cc(O)ccc3[nH]2)cc1,EC50,=,159000.0,nM,,Outside typical range,,UO_0000065,,,,,,0,CHEMBL2400448,Antioxidant activity assessed as hydroxyl radical scavenging activity after 1 hr by spectrophotometric analysis,F,BAO_0000019,assay format,,,,,,,,,CHEMBL3879801,NON-PROTEIN TARGET,,,CHEMBL2396641,1,,Bioorg Med Chem Lett,2013.0,,,,,159.0,159000.0,5.201,Media
CHEMBL2396698,,,226.24,0.0,2.64,,Oc1cccc(-c2nc3cc(O)ccc3[nH]2)c1,EC50,>,200000.0,nM,,Outside typical range,,UO_0000065,,,,,,0,CHEMBL2400448,Antioxidant activity assessed as hydroxyl radical scavenging activity after 1 hr by spectrophotometric analysis,F,BAO_0000019,assay format,,,,,,,,,CHEMBL3879801,NON-PROTEIN TARGET,,,CHEMBL2396641,1,,Bioorg Med Chem Lett,2013.0,,,,,200.0,200000.0,5.301,Baja
CHEMBL2396697,,,226.24,0.0,2.64,,Oc1ccc2[nH]c(-c3ccccc3O)nc2c1,EC50,=,124000.0,nM,,Outside typical range,,UO_0000065,,,,,,0,CHEMBL2400448,Antioxidant activity assessed as hydroxyl radical scavenging activity after 1 hr by spectrophotometric analysis,F,BAO_0000019,assay format,,,,,,,,,CHEMBL3879801,NON-PROTEIN TARGET,,,CHEMBL2396641,1,,Bioorg Med Chem Lett,2013.0,,,,,124.0,124000.0,5.093,Media
CHEMBL2396656,,,210.24,0.0,2.94,,Oc1ccc2[nH]c(-c3ccccc3)nc2c1,EC50,>,200000.0,nM,,Outside typical range,,UO_0000065,,,,,,0,CHEMBL2400448,Antioxidant activity assessed as hydroxyl radical scavenging activity after 1 hr by spectrophotometric analysis,F,BAO_0000019,assay format,,,,,,,,,CHEMBL3879801,NON-PROTEIN TARGET,,,CHEMBL2396641,1,,Bioorg Med Chem Lett,2013.0,,,,,200.0,200000.0,5.301,Baja
CHEMBL2396696,,,284.31,0.0,3.26,,COc1ccc(OC)c(-c2nc3cc(OC)ccc3[nH]2)c1,EC50,>,200000.0,nM,,Outside typical range,,UO_0000065,,,,,,0,CHEMBL2400448,Antioxidant activity assessed as hydroxyl radical scavenging activity after 1 hr by spectrophotometric analysis,F,BAO_0000019,assay format,,,,,,,,,CHEMBL3879801,NON-PROTEIN TARGET,,,CHEMBL2396641,1,,Bioorg Med Chem Lett,2013.0,,,,,200.0,200000.0,5.301,Baja
CHEMBL2396695,,,284.31,0.0,3.26,,COc1ccc(-c2nc3cc(OC)ccc3[nH]2)c(OC)c1,EC50,>,200000.0,nM,,Outside typical range,,UO_0000065,,,,,,0,CHEMBL2400448,Antioxidant activity assessed as hydroxyl radical scavenging activity after 1 hr by spectrophotometric analysis,F,BAO_0000019,assay format,,,,,,,,,CHEMBL3879801,NON-PROTEIN TARGET,,,CHEMBL2396641,1,,Bioorg Med Chem Lett,2013.0,,,,,200.0,200000.0,5.301,Baja
CHEMBL2396694,,,284.31,0.0,3.26,,COc1cc(OC)cc(-c2nc3cc(OC)ccc3[nH]2)c1,EC50,>,200000.0,nM,,Outside typical range,,UO_0000065,,,,,,0,CHEMBL2400448,Antioxidant activity assessed as hydroxyl radical scavenging activity after 1 hr by spectrophotometric analysis,F,BAO_0000019,assay format,,,,,,,,,CHEMBL3879801,NON-PROTEIN TARGET,,,CHEMBL2396641,1,,Bioorg Med Chem Lett,2013.0,,,,,200.0,200000.0,5.301,Baja
CHEMBL2396693,,,284.31,0.0,3.26,,COc1ccc2[nH]c(-c3ccc(OC)c(OC)c3)nc2c1,EC50,>,200000.0,nM,,Outside typical range,,UO_0000065,,,,,,0,CHEMBL2400448,Antioxidant activity assessed as hydroxyl radical scavenging activity after 1 hr by spectrophotometric analysis,F,BAO_0000019,assay format,,,,,,,,,CHEMBL3879801,NON-PROTEIN TARGET,,,CHEMBL2396641,1,,Bioorg Med Chem Lett,2013.0,,,,,200.0,200000.0,5.301,Baja
CHEMBL2396692,,,270.29,0.0,2.95,,COc1ccc2[nH]c(-c3ccc(O)c(OC)c3)nc2c1,EC50,>,200000.0,nM,,Outside typical range,,UO_0000065,,,,,,0,CHEMBL2400448,Antioxidant activity assessed as hydroxyl radical scavenging activity after 1 hr by spectrophotometric analysis,F,BAO_0000019,assay format,,,,,,,,,CHEMBL3879801,NON-PROTEIN TARGET,,,CHEMBL2396641,1,,Bioorg Med Chem Lett,2013.0,,,,,200.0,200000.0,5.301,Baja
CHEMBL2396691,,,256.26,0.0,2.65,,COc1ccc2[nH]c(-c3ccc(O)cc3O)nc2c1,EC50,>,200000.0,nM,,Outside typical range,,UO_0000065,,,,,,0,CHEMBL2400448,Antioxidant activity assessed as hydroxyl radical scavenging activity after 1 hr by spectrophotometric analysis,F,BAO_0000019,assay format,,,,,,,,,CHEMBL3879801,NON-PROTEIN TARGET,,,CHEMBL2396641,1,,Bioorg Med Chem Lett,2013.0,,,,,200.0,200000.0,5.301,Baja
CHEMBL2396690,,,254.29,0.0,3.25,,COc1ccc(-c2nc3cc(OC)ccc3[nH]2)cc1,EC50,>,200000.0,nM,,Outside typical range,,UO_0000065,,,,,,0,CHEMBL2400448,Antioxidant activity assessed as hydroxyl radical scavenging activity after 1 hr by spectrophotometric analysis,F,BAO_0000019,assay format,,,,,,,,,CHEMBL3879801,NON-PROTEIN TARGET,,,CHEMBL2396641,1,,Bioorg Med Chem Lett,2013.0,,,,,200.0,200000.0,5.301,Baja
CHEMBL2396689,,,240.26,0.0,2.94,,COc1ccc2[nH]c(-c3ccc(O)cc3)nc2c1,EC50,>,200000.0,nM,,Outside typical range,,UO_0000065,,,,,,0,CHEMBL2400448,Antioxidant activity assessed as hydroxyl radical scavenging activity after 1 hr by spectrophotometric analysis,F,BAO_0000019,assay format,,,,,,,,,CHEMBL3879801,NON-PROTEIN TARGET,,,CHEMBL2396641,1,,Bioorg Med Chem Lett,2013.0,,,,,200.0,200000.0,5.301,Baja
CHEMBL2396688,,,240.26,0.0,2.94,,COc1ccc2[nH]c(-c3cccc(O)c3)nc2c1,EC50,>,200000.0,nM,,Outside typical range,,UO_0000065,,,,,,0,CHEMBL2400448,Antioxidant activity assessed as hydroxyl radical scavenging activity after 1 hr by spectrophotometric analysis,F,BAO_0000019,assay format,,,,,,,,,CHEMBL3879801,NON-PROTEIN TARGET,,,CHEMBL2396641,1,,Bioorg Med Chem Lett,2013.0,,,,,200.0,200000.0,5.301,Baja
CHEMBL2396687,,,240.26,0.0,2.94,,COc1ccc2[nH]c(-c3ccccc3O)nc2c1,EC50,=,190000.0,nM,,Outside typical range,,UO_0000065,,,,,,0,CHEMBL2400448,Antioxidant activity assessed as hydroxyl radical scavenging activity after 1 hr by spectrophotometric analysis,F,BAO_0000019,assay format,,,,,,,,,CHEMBL3879801,NON-PROTEIN TARGET,,,CHEMBL2396641,1,,Bioorg Med Chem Lett,2013.0,,,,,190.0,190000.0,5.279,Baja
CHEMBL242080,E319,,166.22,0.0,2.4,,CC(C)(C)c1cc(O)ccc1O,EC50,>,200000.0,nM,,Outside typical range,,UO_0000065,,,,,,0,CHEMBL2400449,Antioxidant activity assessed as superoxide radical anion scavenging activity by spectrophotometric analysis,F,BAO_0000019,assay format,,,,,,,,,CHEMBL3879801,NON-PROTEIN TARGET,,,CHEMBL2396641,1,,Bioorg Med Chem Lett,2013.0,,,,,200.0,200000.0,5.301,Baja
CHEMBL2396683,,,256.26,0.0,2.65,,COc1ccc(O)cc1-c1nc2cc(O)ccc2[nH]1,EC50,>,200000.0,nM,,Outside typical range,,UO_0000065,,,,,,0,CHEMBL2400449,Antioxidant activity assessed as superoxide radical anion scavenging activity by spectrophotometric analysis,F,BAO_0000019,assay format,,,,,,,,,CHEMBL3879801,NON-PROTEIN TARGET,,,CHEMBL2396641,1,,Bioorg Med Chem Lett,2013.0,,,,,200.0,200000.0,5.301,Baja
CHEMBL2396684,,,256.26,0.0,2.65,,COc1cc(O)ccc1-c1nc2cc(O)ccc2[nH]1,EC50,>,200000.0,nM,,Outside typical range,,UO_0000065,,,,,,0,CHEMBL2400449,Antioxidant activity assessed as superoxide radical anion scavenging activity by spectrophotometric analysis,F,BAO_0000019,assay format,,,,,,,,,CHEMBL3879801,NON-PROTEIN TARGET,,,CHEMBL2396641,1,,Bioorg Med Chem Lett,2013.0,,,,,200.0,200000.0,5.301,Baja
CHEMBL2396685,,,270.29,0.0,2.95,,COc1ccc(-c2nc3cc(O)ccc3[nH]2)c(OC)c1,EC50,>,200000.0,nM,,Outside typical range,,UO_0000065,,,,,,0,CHEMBL2400449,Antioxidant activity assessed as superoxide radical anion scavenging activity by spectrophotometric analysis,F,BAO_0000019,assay format,,,,,,,,,CHEMBL3879801,NON-PROTEIN TARGET,,,CHEMBL2396641,1,,Bioorg Med Chem Lett,2013.0,,,,,200.0,200000.0,5.301,Baja
CHEMBL2396701,,,242.23,0.0,2.35,,Oc1cc(O)cc(-c2nc3cc(O)ccc3[nH]2)c1,EC50,>,200000.0,nM,,Outside typical range,,UO_0000065,,,,,,0,CHEMBL2400449,Antioxidant activity assessed as superoxide radical anion scavenging activity by spectrophotometric analysis,F,BAO_0000019,assay format,,,,,,,,,CHEMBL3879801,NON-PROTEIN TARGET,,,CHEMBL2396641,1,,Bioorg Med Chem Lett,2013.0,,,,,200.0,200000.0,5.301,Baja
CHEMBL2396700,,,242.23,0.0,2.35,,Oc1ccc2[nH]c(-c3ccc(O)c(O)c3)nc2c1,EC50,>,200000.0,nM,,Outside typical range,,UO_0000065,,,,,,0,CHEMBL2400449,Antioxidant activity assessed as superoxide radical anion scavenging activity by spectrophotometric analysis,F,BAO_0000019,assay format,,,,,,,,,CHEMBL3879801,NON-PROTEIN TARGET,,,CHEMBL2396641,1,,Bioorg Med Chem Lett,2013.0,,,,,200.0,200000.0,5.301,Baja
CHEMBL2396699,,,226.24,0.0,2.64,,Oc1ccc(-c2nc3cc(O)ccc3[nH]2)cc1,EC50,>,200000.0,nM,,Outside typical range,,UO_0000065,,,,,,0,CHEMBL2400449,Antioxidant activity assessed as superoxide radical anion scavenging activity by spectrophotometric analysis,F,BAO_0000019,assay format,,,,,,,,,CHEMBL3879801,NON-PROTEIN TARGET,,,CHEMBL2396641,1,,Bioorg Med Chem Lett,2013.0,,,,,200.0,200000.0,5.301,Baja
CHEMBL2396698,,,226.24,0.0,2.64,,Oc1cccc(-c2nc3cc(O)ccc3[nH]2)c1,EC50,>,200000.0,nM,,Outside typical range,,UO_0000065,,,,,,0,CHEMBL2400449,Antioxidant activity assessed as superoxide radical anion scavenging activity by spectrophotometric analysis,F,BAO_0000019,assay format,,,,,,,,,CHEMBL3879801,NON-PROTEIN TARGET,,,CHEMBL2396641,1,,Bioorg Med Chem Lett,2013.0,,,,,200.0,200000.0,5.301,Baja
CHEMBL2396697,,,226.24,0.0,2.64,,Oc1ccc2[nH]c(-c3ccccc3O)nc2c1,EC50,=,169000.0,nM,,Outside typical range,,UO_0000065,,,,,,0,CHEMBL2400449,Antioxidant activity assessed as superoxide radical anion scavenging activity by spectrophotometric analysis,F,BAO_0000019,assay format,,,,,,,,,CHEMBL3879801,NON-PROTEIN TARGET,,,CHEMBL2396641,1,,Bioorg Med Chem Lett,2013.0,,,,,169.0,169000.0,5.228,Media
CHEMBL2396656,,,210.24,0.0,2.94,,Oc1ccc2[nH]c(-c3ccccc3)nc2c1,EC50,>,200000.0,nM,,Outside typical range,,UO_0000065,,,,,,0,CHEMBL2400449,Antioxidant activity assessed as superoxide radical anion scavenging activity by spectrophotometric analysis,F,BAO_0000019,assay format,,,,,,,,,CHEMBL3879801,NON-PROTEIN TARGET,,,CHEMBL2396641,1,,Bioorg Med Chem Lett,2013.0,,,,,200.0,200000.0,5.301,Baja
CHEMBL2396696,,,284.31,0.0,3.26,,COc1ccc(OC)c(-c2nc3cc(OC)ccc3[nH]2)c1,EC50,>,200000.0,nM,,Outside typical range,,UO_0000065,,,,,,0,CHEMBL2400449,Antioxidant activity assessed as superoxide radical anion scavenging activity by spectrophotometric analysis,F,BAO_0000019,assay format,,,,,,,,,CHEMBL3879801,NON-PROTEIN TARGET,,,CHEMBL2396641,1,,Bioorg Med Chem Lett,2013.0,,,,,200.0,200000.0,5.301,Baja
CHEMBL2396695,,,284.31,0.0,3.26,,COc1ccc(-c2nc3cc(OC)ccc3[nH]2)c(OC)c1,EC50,>,200000.0,nM,,Outside typical range,,UO_0000065,,,,,,0,CHEMBL2400449,Antioxidant activity assessed as superoxide radical anion scavenging activity by spectrophotometric analysis,F,BAO_0000019,assay format,,,,,,,,,CHEMBL3879801,NON-PROTEIN TARGET,,,CHEMBL2396641,1,,Bioorg Med Chem Lett,2013.0,,,,,200.0,200000.0,5.301,Baja
CHEMBL2396694,,,284.31,0.0,3.26,,COc1cc(OC)cc(-c2nc3cc(OC)ccc3[nH]2)c1,EC50,>,200000.0,nM,,Outside typical range,,UO_0000065,,,,,,0,CHEMBL2400449,Antioxidant activity assessed as superoxide radical anion scavenging activity by spectrophotometric analysis,F,BAO_0000019,assay format,,,,,,,,,CHEMBL3879801,NON-PROTEIN TARGET,,,CHEMBL2396641,1,,Bioorg Med Chem Lett,2013.0,,,,,200.0,200000.0,5.301,Baja
CHEMBL2396693,,,284.31,0.0,3.26,,COc1ccc2[nH]c(-c3ccc(OC)c(OC)c3)nc2c1,EC50,>,200000.0,nM,,Outside typical range,,UO_0000065,,,,,,0,CHEMBL2400449,Antioxidant activity assessed as superoxide radical anion scavenging activity by spectrophotometric analysis,F,BAO_0000019,assay format,,,,,,,,,CHEMBL3879801,NON-PROTEIN TARGET,,,CHEMBL2396641,1,,Bioorg Med Chem Lett,2013.0,,,,,200.0,200000.0,5.301,Baja
CHEMBL2396692,,,270.29,0.0,2.95,,COc1ccc2[nH]c(-c3ccc(O)c(OC)c3)nc2c1,EC50,>,200000.0,nM,,Outside typical range,,UO_0000065,,,,,,0,CHEMBL2400449,Antioxidant activity assessed as superoxide radical anion scavenging activity by spectrophotometric analysis,F,BAO_0000019,assay format,,,,,,,,,CHEMBL3879801,NON-PROTEIN TARGET,,,CHEMBL2396641,1,,Bioorg Med Chem Lett,2013.0,,,,,200.0,200000.0,5.301,Baja
CHEMBL2396691,,,256.26,0.0,2.65,,COc1ccc2[nH]c(-c3ccc(O)cc3O)nc2c1,EC50,=,189000.0,nM,,Outside typical range,,UO_0000065,,,,,,0,CHEMBL2400449,Antioxidant activity assessed as superoxide radical anion scavenging activity by spectrophotometric analysis,F,BAO_0000019,assay format,,,,,,,,,CHEMBL3879801,NON-PROTEIN TARGET,,,CHEMBL2396641,1,,Bioorg Med Chem Lett,2013.0,,,,,189.0,189000.0,5.276,Baja
CHEMBL2396690,,,254.29,0.0,3.25,,COc1ccc(-c2nc3cc(OC)ccc3[nH]2)cc1,EC50,>,200000.0,nM,,Outside typical range,,UO_0000065,,,,,,0,CHEMBL2400449,Antioxidant activity assessed as superoxide radical anion scavenging activity by spectrophotometric analysis,F,BAO_0000019,assay format,,,,,,,,,CHEMBL3879801,NON-PROTEIN TARGET,,,CHEMBL2396641,1,,Bioorg Med Chem Lett,2013.0,,,,,200.0,200000.0,5.301,Baja
CHEMBL2396689,,,240.26,0.0,2.94,,COc1ccc2[nH]c(-c3ccc(O)cc3)nc2c1,EC50,>,200000.0,nM,,Outside typical range,,UO_0000065,,,,,,0,CHEMBL2400449,Antioxidant activity assessed as superoxide radical anion scavenging activity by spectrophotometric analysis,F,BAO_0000019,assay format,,,,,,,,,CHEMBL3879801,NON-PROTEIN TARGET,,,CHEMBL2396641,1,,Bioorg Med Chem Lett,2013.0,,,,,200.0,200000.0,5.301,Baja
CHEMBL2396688,,,240.26,0.0,2.94,,COc1ccc2[nH]c(-c3cccc(O)c3)nc2c1,EC50,>,200000.0,nM,,Outside typical range,,UO_0000065,,,,,,0,CHEMBL2400449,Antioxidant activity assessed as superoxide radical anion scavenging activity by spectrophotometric analysis,F,BAO_0000019,assay format,,,,,,,,,CHEMBL3879801,NON-PROTEIN TARGET,,,CHEMBL2396641,1,,Bioorg Med Chem Lett,2013.0,,,,,200.0,200000.0,5.301,Baja
CHEMBL2396687,,,240.26,0.0,2.94,,COc1ccc2[nH]c(-c3ccccc3O)nc2c1,EC50,=,87000.0,nM,4.06,,,UO_0000065,,,,,,0,CHEMBL2400449,Antioxidant activity assessed as superoxide radical anion scavenging activity by spectrophotometric analysis,F,BAO_0000019,assay format,,,,,,,,,CHEMBL3879801,NON-PROTEIN TARGET,,,CHEMBL2396641,1,,Bioorg Med Chem Lett,2013.0,,,,,87.0,87000.0,4.94,Media
CHEMBL389305,,,283.4,1.0,5.27,,COc1ccc(Nc2cccc3c(C)c(C)sc23)cc1,EC50,=,8.45,ug.mL-1,,,,UO_0000274,,,,,,0,CHEMBL891543,Antioxidant activity assessed as inhibition of lipid peroxidation after 2 hrs by beta carotene bleaching method,F,BAO_0000019,assay format,,,,,,,,,CHEMBL3879801,NON-PROTEIN TARGET,,,CHEMBL1146338,1,,Bioorg Med Chem,2007.0,,,,,0.00845,29816.514,4.474,Media
CHEMBL389306,,,283.4,1.0,5.27,,COc1cccc(Nc2cccc3c(C)c(C)sc23)c1,EC50,=,13.7,ug.mL-1,,,,UO_0000274,,,,,,0,CHEMBL891543,Antioxidant activity assessed as inhibition of lipid peroxidation after 2 hrs by beta carotene bleaching method,F,BAO_0000019,assay format,,,,,,,,,CHEMBL3879801,NON-PROTEIN TARGET,,,CHEMBL1146338,1,,Bioorg Med Chem,2007.0,,,,,0.0137,48341.567,4.684,Media
CHEMBL241913,,,313.42,1.0,5.28,,COc1ccc(Nc2cccc3c(C)c(C)sc23)cc1OC,EC50,=,8.73,ug.mL-1,,,,UO_0000274,,,,,,0,CHEMBL891543,Antioxidant activity assessed as inhibition of lipid peroxidation after 2 hrs by beta carotene bleaching method,F,BAO_0000019,assay format,,,,,,,,,CHEMBL3879801,NON-PROTEIN TARGET,,,CHEMBL1146338,1,,Bioorg Med Chem,2007.0,,,,,0.00873,27853.998,4.445,Media
CHEMBL241914,,,278.38,1.0,5.13,,Cc1sc2c(Nc3ccc(C#N)cc3)cccc2c1C,EC50,=,16.0,ug.mL-1,,,,UO_0000274,,,,,,0,CHEMBL891543,Antioxidant activity assessed as inhibition of lipid peroxidation after 2 hrs by beta carotene bleaching method,F,BAO_0000019,assay format,,,,,,,,,CHEMBL3879801,NON-PROTEIN TARGET,,,CHEMBL1146338,1,,Bioorg Med Chem,2007.0,,,,,0.016,57475.393,4.759,Media
CHEMBL388238,,,254.36,0.0,4.66,,Cc1sc2c(Nc3cccnc3)cccc2c1C,EC50,=,17.3,ug.mL-1,,,,UO_0000274,,,,,,0,CHEMBL891543,Antioxidant activity assessed as inhibition of lipid peroxidation after 2 hrs by beta carotene bleaching method,F,BAO_0000019,assay format,,,,,,,,,CHEMBL3879801,NON-PROTEIN TARGET,,,CHEMBL1146338,1,,Bioorg Med Chem,2007.0,,,,,0.0173,68013.839,4.833,Media
CHEMBL388444,,,254.36,0.0,4.66,,Cc1sc2c(Nc3ccccn3)cccc2c1C,EC50,>,250.0,ug.mL-1,,Outside typical range,,UO_0000274,,,,,,0,CHEMBL891543,Antioxidant activity assessed as inhibition of lipid peroxidation after 2 hrs by beta carotene bleaching method,F,BAO_0000019,assay format,,,,,,,,,CHEMBL3879801,NON-PROTEIN TARGET,,,CHEMBL1146338,1,,Bioorg Med Chem,2007.0,,,,,0.25,982858.94,5.992,Baja
CHEMBL389305,,,283.4,1.0,5.27,,COc1ccc(Nc2cccc3c(C)c(C)sc23)cc1,EC50,=,21.6,ug.mL-1,,,,UO_0000274,,,,,,0,CHEMBL891540,Antioxidant activity assessed as reduction of ferric cyanide complex by reducing power assay,F,BAO_0000019,assay format,,,,,,,,,CHEMBL3879801,NON-PROTEIN TARGET,,,CHEMBL1146338,1,,Bioorg Med Chem,2007.0,,,,,0.0216,76217.361,4.882,Media
CHEMBL389306,,,283.4,1.0,5.27,,COc1cccc(Nc2cccc3c(C)c(C)sc23)c1,EC50,=,98.7,ug.mL-1,,Outside typical range,,UO_0000274,,,,,,0,CHEMBL891540,Antioxidant activity assessed as reduction of ferric cyanide complex by reducing power assay,F,BAO_0000019,assay format,,,,,,,,,CHEMBL3879801,NON-PROTEIN TARGET,,,CHEMBL1146338,1,,Bioorg Med Chem,2007.0,,,,,0.0987,348270.995,5.542,Baja
CHEMBL241913,,,313.42,1.0,5.28,,COc1ccc(Nc2cccc3c(C)c(C)sc23)cc1OC,EC50,=,22.7,ug.mL-1,,,,UO_0000274,,,,,,0,CHEMBL891540,Antioxidant activity assessed as reduction of ferric cyanide complex by reducing power assay,F,BAO_0000019,assay format,,,,,,,,,CHEMBL3879801,NON-PROTEIN TARGET,,,CHEMBL1146338,1,,Bioorg Med Chem,2007.0,,,,,0.0227,72426.776,4.86,Media
CHEMBL241914,,,278.38,1.0,5.13,,Cc1sc2c(Nc3ccc(C#N)cc3)cccc2c1C,EC50,>,250.0,ug.mL-1,,Outside typical range,,UO_0000274,,,,,,0,CHEMBL891540,Antioxidant activity assessed as reduction of ferric cyanide complex by reducing power assay,F,BAO_0000019,assay format,,,,,,,,,CHEMBL3879801,NON-PROTEIN TARGET,,,CHEMBL1146338,1,,Bioorg Med Chem,2007.0,,,,,0.25,898053.021,5.953,Baja
CHEMBL388238,,,254.36,0.0,4.66,,Cc1sc2c(Nc3cccnc3)cccc2c1C,EC50,>,250.0,ug.mL-1,,Outside typical range,,UO_0000274,,,,,,0,CHEMBL891540,Antioxidant activity assessed as reduction of ferric cyanide complex by reducing power assay,F,BAO_0000019,assay format,,,,,,,,,CHEMBL3879801,NON-PROTEIN TARGET,,,CHEMBL1146338,1,,Bioorg Med Chem,2007.0,,,,,0.25,982858.94,5.992,Baja
CHEMBL388444,,,254.36,0.0,4.66,,Cc1sc2c(Nc3ccccn3)cccc2c1C,EC50,>,250.0,ug.mL-1,,Outside typical range,,UO_0000274,,,,,,0,CHEMBL891540,Antioxidant activity assessed as reduction of ferric cyanide complex by reducing power assay,F,BAO_0000019,assay format,,,,,,,,,CHEMBL3879801,NON-PROTEIN TARGET,,,CHEMBL1146338,1,,Bioorg Med Chem,2007.0,,,,,0.25,982858.94,5.992,Baja
CHEMBL389305,,,283.4,1.0,5.27,,COc1ccc(Nc2cccc3c(C)c(C)sc23)cc1,EC50,=,14.0,ug.mL-1,,,,UO_0000274,,,,,,0,CHEMBL891541,Antioxidant activity assessed as DPPH radical scavenging activity,F,BAO_0000019,assay format,,,,,,,,,CHEMBL613712,Radical scavenging activity,,,CHEMBL1146338,1,,Bioorg Med Chem,2007.0,,,,,0.014,49400.141,4.694,Media
CHEMBL389306,,,283.4,1.0,5.27,,COc1cccc(Nc2cccc3c(C)c(C)sc23)c1,EC50,>,250.0,ug.mL-1,,Outside typical range,,UO_0000274,,,,,,0,CHEMBL891541,Antioxidant activity assessed as DPPH radical scavenging activity,F,BAO_0000019,assay format,,,,,,,,,CHEMBL613712,Radical scavenging activity,,,CHEMBL1146338,1,,Bioorg Med Chem,2007.0,,,,,0.25,882145.378,5.946,Baja
CHEMBL241913,,,313.42,1.0,5.28,,COc1ccc(Nc2cccc3c(C)c(C)sc23)cc1OC,EC50,=,17.3,ug.mL-1,,,,UO_0000274,,,,,,0,CHEMBL891541,Antioxidant activity assessed as DPPH radical scavenging activity,F,BAO_0000019,assay format,,,,,,,,,CHEMBL613712,Radical scavenging activity,,,CHEMBL1146338,1,,Bioorg Med Chem,2007.0,,,,,0.0173,55197.499,4.742,Media
CHEMBL241914,,,278.38,1.0,5.13,,Cc1sc2c(Nc3ccc(C#N)cc3)cccc2c1C,EC50,>,250.0,ug.mL-1,,Outside typical range,,UO_0000274,,,,,,0,CHEMBL891541,Antioxidant activity assessed as DPPH radical scavenging activity,F,BAO_0000019,assay format,,,,,,,,,CHEMBL613712,Radical scavenging activity,,,CHEMBL1146338,1,,Bioorg Med Chem,2007.0,,,,,0.25,898053.021,5.953,Baja
CHEMBL388238,,,254.36,0.0,4.66,,Cc1sc2c(Nc3cccnc3)cccc2c1C,EC50,>,250.0,ug.mL-1,,Outside typical range,,UO_0000274,,,,,,0,CHEMBL891541,Antioxidant activity assessed as DPPH radical scavenging activity,F,BAO_0000019,assay format,,,,,,,,,CHEMBL613712,Radical scavenging activity,,,CHEMBL1146338,1,,Bioorg Med Chem,2007.0,,,,,0.25,982858.94,5.992,Baja
CHEMBL388444,,,254.36,0.0,4.66,,Cc1sc2c(Nc3ccccn3)cccc2c1C,EC50,>,250.0,ug.mL-1,,Outside typical range,,UO_0000274,,,,,,0,CHEMBL891541,Antioxidant activity assessed as DPPH radical scavenging activity,F,BAO_0000019,assay format,,,,,,,,,CHEMBL613712,Radical scavenging activity,,,CHEMBL1146338,1,,Bioorg Med Chem,2007.0,,,,,0.25,982858.94,5.992,Baja
CHEMBL150,KAEMPFEROL,,286.24,0.0,2.28,,O=c1c(O)c(-c2ccc(O)cc2)oc2cc(O)cc(O)c12,EC50,=,7740.0,nM,5.11,,,UO_0000065,,,,,,0,CHEMBL3782199,Antioxidant activity in human HepG2 cells assessed as decrease in fluorescence level after 2.5 hrs measured every 5 mins for 1 hr by DCFH-DA staining based fluorescence assay,F,BAO_0000219,cell-based format,,,,,,,,,CHEMBL395,HepG2,Homo sapiens,,CHEMBL3779891,1,,Eur J Med Chem,2016.0,,,,,7.74,7740.0,3.889,Alta
CHEMBL50,QUERCETIN,3.0,302.24,0.0,1.99,,O=c1c(O)c(-c2ccc(O)c(O)c2)oc2cc(O)cc(O)c12,EC50,=,4630.0,nM,5.33,,,UO_0000065,,,,,,0,CHEMBL3782199,Antioxidant activity in human HepG2 cells assessed as decrease in fluorescence level after 2.5 hrs measured every 5 mins for 1 hr by DCFH-DA staining based fluorescence assay,F,BAO_0000219,cell-based format,,,,,,,,,CHEMBL395,HepG2,Homo sapiens,,CHEMBL3779891,1,,Eur J Med Chem,2016.0,,,,,4.63,4630.0,3.666,Alta
CHEMBL90568,DIOSMETIN,,300.27,0.0,2.59,,COc1ccc(-c2cc(=O)c3c(O)cc(O)cc3o2)cc1O,EC50,=,7980.0,nM,5.1,,,UO_0000065,,,,,,0,CHEMBL3782199,Antioxidant activity in human HepG2 cells assessed as decrease in fluorescence level after 2.5 hrs measured every 5 mins for 1 hr by DCFH-DA staining based fluorescence assay,F,BAO_0000219,cell-based format,,,,,,,,,CHEMBL395,HepG2,Homo sapiens,,CHEMBL3779891,1,,Eur J Med Chem,2016.0,,,,,7.98,7980.0,3.902,Alta
CHEMBL3745877,,,348.4,0.0,3.13,,O=C(OC12CC3CC(CC(C3)C1)C2)c1cc(N(O)C2CCCO2)on1,EC50,=,16000.0,nM,4.8,,,UO_0000065,,,,,,0,CHEMBL3749639,Antioxidant activity assessed as DPPH radical scavenging activity after 30 mins by spectrophotometry analysis,P,BAO_0000100,small-molecule physicochemical format,,,,,,,,,CHEMBL2362975,No relevant target,,,CHEMBL3745668,1,,Bioorg Med Chem,2016.0,,,,,16.0,16000.0,4.204,Alta
CHEMBL3747483,,,348.4,0.0,2.99,,O=C(OC1C2CC3CC(C2)CC1C3)c1cc(N(O)C2CCCO2)on1,EC50,=,71000.0,nM,4.15,,,UO_0000065,,,,,,0,CHEMBL3749639,Antioxidant activity assessed as DPPH radical scavenging activity after 30 mins by spectrophotometry analysis,P,BAO_0000100,small-molecule physicochemical format,,,,,,,,,CHEMBL2362975,No relevant target,,,CHEMBL3745668,1,,Bioorg Med Chem,2016.0,,,,,71.0,71000.0,4.851,Media
CHEMBL3746867,,,376.45,0.0,3.77,,O=C(OCCC12CC3CC(CC(C3)C1)C2)c1cc(N(O)C2CCCO2)on1,EC50,=,21000.0,nM,4.68,,,UO_0000065,,,,,,0,CHEMBL3749639,Antioxidant activity assessed as DPPH radical scavenging activity after 30 mins by spectrophotometry analysis,P,BAO_0000100,small-molecule physicochemical format,,,,,,,,,CHEMBL2362975,No relevant target,,,CHEMBL3745668,1,,Bioorg Med Chem,2016.0,,,,,21.0,21000.0,4.322,Alta
CHEMBL3746578,,,392.45,0.0,3.15,,O=C(OCCOC12CC3CC(CC(C3)C1)C2)c1cc(N(O)C2CCCO2)on1,EC50,>,100000.0,nM,,,,UO_0000065,,,,,,0,CHEMBL3749639,Antioxidant activity assessed as DPPH radical scavenging activity after 30 mins by spectrophotometry analysis,P,BAO_0000100,small-molecule physicochemical format,,,,,,,,,CHEMBL2362975,No relevant target,,,CHEMBL3745668,1,,Bioorg Med Chem,2016.0,,,,,100.0,100000.0,5.0,Media
CHEMBL3747650,,,434.49,0.0,3.45,,CC(C)OC(=O)C12CC3CC(CC(OC(=O)c4cc(N(O)C5CCCO5)on4)(C3)C1)C2,EC50,>,100000.0,nM,,,,UO_0000065,,,,,,0,CHEMBL3749639,Antioxidant activity assessed as DPPH radical scavenging activity after 30 mins by spectrophotometry analysis,P,BAO_0000100,small-molecule physicochemical format,,,,,,,,,CHEMBL2362975,No relevant target,,,CHEMBL3745668,1,,Bioorg Med Chem,2016.0,,,,,100.0,100000.0,5.0,Media
CHEMBL3746445,,,438.52,0.0,4.83,,O=C(OCc1ccc(C23CC4CC(CC(C4)C2)C3)cc1)c1cc(N(O)C2CCCO2)on1,EC50,>,100000.0,nM,,,,UO_0000065,,,,,,0,CHEMBL3749639,Antioxidant activity assessed as DPPH radical scavenging activity after 30 mins by spectrophotometry analysis,P,BAO_0000100,small-molecule physicochemical format,,,,,,,,,CHEMBL2362975,No relevant target,,,CHEMBL3745668,1,,Bioorg Med Chem,2016.0,,,,,100.0,100000.0,5.0,Media
CHEMBL3746105,,,376.45,0.0,3.91,,CC12CC3CC(C)(C1)CC(OC(=O)c1cc(N(O)C4CCCO4)on1)(C3)C2,EC50,=,38000.0,nM,4.42,,,UO_0000065,,,,,,0,CHEMBL3749639,Antioxidant activity assessed as DPPH radical scavenging activity after 30 mins by spectrophotometry analysis,P,BAO_0000100,small-molecule physicochemical format,,,,,,,,,CHEMBL2362975,No relevant target,,,CHEMBL3745668,1,,Bioorg Med Chem,2016.0,,,,,38.0,38000.0,4.58,Media
CHEMBL3746662,,,362.43,0.0,3.38,,O=C(OCC12CC3CC(CC(C3)C1)C2)c1cc(N(O)C2CCCO2)on1,EC50,=,70000.0,nM,4.16,,,UO_0000065,,,,,,0,CHEMBL3749639,Antioxidant activity assessed as DPPH radical scavenging activity after 30 mins by spectrophotometry analysis,P,BAO_0000100,small-molecule physicochemical format,,,,,,,,,CHEMBL2362975,No relevant target,,,CHEMBL3745668,1,,Bioorg Med Chem,2016.0,,,,,70.0,70000.0,4.845,Media
CHEMBL1743359,,,236.3,0.0,2.73,,C[C@H](c1cc2ccccc2s1)N(O)C(N)=O,EC50,=,14000.0,nM,4.85,,,UO_0000065,,,,,,0,CHEMBL3749639,Antioxidant activity assessed as DPPH radical scavenging activity after 30 mins by spectrophotometry analysis,P,BAO_0000100,small-molecule physicochemical format,,,,,,,,,CHEMBL2362975,No relevant target,,,CHEMBL3745668,1,,Bioorg Med Chem,2016.0,,,,,14.0,14000.0,4.146,Alta
CHEMBL4129811,,,404.46,0.0,2.36,,CCC[C@H]1OC(=O)/C=C\C=C\[C@H](O)[C@@H](O)[C@@H]1[C@H](C)COC(=O)c1ccc(O)cc1,EC50,=,27500.0,nM,4.56,,,UO_0000065,,,,,,0,CHEMBL4122952,Antioxidant activity assessed as DPPH free radical scavenging activity after 30 mins in dark by spectrophotometric method,F,BAO_0000019,assay format,,,,,,,,,CHEMBL2362975,No relevant target,,,CHEMBL4118177,1,,Bioorg Med Chem Lett,2018.0,,,,,27.5,27500.0,4.439,Media
CHEMBL4130219,,,264.28,0.0,2.03,,CCC/C=C/[C@@H]1OC(=O)c2cc(O)cc(O)c2[C@@H]1O,EC50,=,10300.0,nM,4.99,,,UO_0000065,,,,,,0,CHEMBL4122952,Antioxidant activity assessed as DPPH free radical scavenging activity after 30 mins in dark by spectrophotometric method,F,BAO_0000019,assay format,,,,,,,,,CHEMBL2362975,No relevant target,,,CHEMBL4118177,1,,Bioorg Med Chem Lett,2018.0,,,,,10.3,10300.0,4.013,Alta
CHEMBL4128857,,,240.3,0.0,1.59,,CCC[C@@H]1C[C@H](O)[C@@H](OC)/C=C/C=C\C(=O)O1,EC50,>,100000.0,nM,,,,UO_0000065,,,,,,0,CHEMBL4122952,Antioxidant activity assessed as DPPH free radical scavenging activity after 30 mins in dark by spectrophotometric method,F,BAO_0000019,assay format,,,,,,,,,CHEMBL2362975,No relevant target,,,CHEMBL4118177,1,,Bioorg Med Chem Lett,2018.0,,,,,100.0,100000.0,5.0,Media
CHEMBL4129010,,,226.27,0.0,0.94,,CCC[C@@H]1C[C@H](O)[C@@H](O)/C=C/C=C\C(=O)O1,EC50,>,100000.0,nM,,,,UO_0000065,,,,,,0,CHEMBL4122952,Antioxidant activity assessed as DPPH free radical scavenging activity after 30 mins in dark by spectrophotometric method,F,BAO_0000019,assay format,,,,,,,,,CHEMBL2362975,No relevant target,,,CHEMBL4118177,1,,Bioorg Med Chem Lett,2018.0,,,,,100.0,100000.0,5.0,Media
CHEMBL196,ASCORBIC ACID,4.0,176.12,0.0,-1.41,,O=C1O[C@H]([C@@H](O)CO)C(O)=C1O,EC50,=,6200.0,nM,5.21,,,UO_0000065,,,,,,0,CHEMBL4122952,Antioxidant activity assessed as DPPH free radical scavenging activity after 30 mins in dark by spectrophotometric method,F,BAO_0000019,assay format,,,,,,,,,CHEMBL2362975,No relevant target,,,CHEMBL4118177,1,,Bioorg Med Chem Lett,2018.0,,,,,6.2,6200.0,3.792,Alta
CHEMBL196,ASCORBIC ACID,4.0,176.12,0.0,-1.41,,O=C1O[C@H]([C@@H](O)CO)C(O)=C1O,EC50,=,1129320.0,nM,,Outside typical range,,UO_0000065,,,,,,0,CHEMBL2428820,Antioxidant activity assessed as reduction of K3FeCN6 by spectrophotometric analysis in presence of FeCl3,F,BAO_0000019,assay format,,,,,,,,,CHEMBL3879801,NON-PROTEIN TARGET,,,CHEMBL2424630,1,,Bioorg Med Chem Lett,2013.0,,,,,1129.32,1129320.0,6.053,Baja
CHEMBL47,ALPHA-TOCOPHEROL,,430.72,1.0,8.84,,Cc1c(C)c2c(c(C)c1O)CC[C@@](C)(CCC[C@H](C)CCC[C@H](C)CCCC(C)C)O2,EC50,=,944620.0,nM,,Outside typical range,,UO_0000065,,,,,,0,CHEMBL2428820,Antioxidant activity assessed as reduction of K3FeCN6 by spectrophotometric analysis in presence of FeCl3,F,BAO_0000019,assay format,,,,,,,,,CHEMBL3879801,NON-PROTEIN TARGET,,,CHEMBL2424630,1,,Bioorg Med Chem Lett,2013.0,,,,,944.62,944620.0,5.975,Baja
CHEMBL2391148,(+)-SECOISOLARICIRESINOLDIGLUCOSIDE,,686.7,3.0,-2.23,,COc1cc(C[C@H](CO[C@@H]2O[C@H](CO)[C@@H](O)[C@H](O)[C@H]2O)[C@@H](CO[C@@H]2O[C@H](CO)[C@@H](O)[C@H](O)[C@H]2O)Cc2ccc(O)c(OC)c2)ccc1O,EC50,=,292170.0,nM,,Outside typical range,,UO_0000065,,,,,,0,CHEMBL2428820,Antioxidant activity assessed as reduction of K3FeCN6 by spectrophotometric analysis in presence of FeCl3,F,BAO_0000019,assay format,,,,,,,,,CHEMBL3879801,NON-PROTEIN TARGET,,,CHEMBL2424630,1,,Bioorg Med Chem Lett,2013.0,,,,,292.17,292170.0,5.466,Baja
CHEMBL2425486,,,686.7,3.0,-2.23,,COc1cc(C[C@@H](CO[C@@H]2O[C@H](CO)[C@@H](O)[C@H](O)[C@H]2O)[C@H](CO[C@@H]2O[C@H](CO)[C@@H](O)[C@H](O)[C@H]2O)Cc2ccc(O)c(OC)c2)ccc1O,EC50,=,331940.0,nM,,Outside typical range,,UO_0000065,,,,,,0,CHEMBL2428820,Antioxidant activity assessed as reduction of K3FeCN6 by spectrophotometric analysis in presence of FeCl3,F,BAO_0000019,assay format,,,,,,,,,CHEMBL3879801,NON-PROTEIN TARGET,,,CHEMBL2424630,1,,Bioorg Med Chem Lett,2013.0,,,,,331.94,331940.0,5.521,Baja
CHEMBL2391148,(+)-SECOISOLARICIRESINOLDIGLUCOSIDE,,686.7,3.0,-2.23,,COc1cc(C[C@H](CO[C@@H]2O[C@H](CO)[C@@H](O)[C@H](O)[C@H]2O)[C@@H](CO[C@@H]2O[C@H](CO)[C@@H](O)[C@H](O)[C@H]2O)Cc2ccc(O)c(OC)c2)ccc1O,EC50,=,275240.0,nM,,Outside typical range,,UO_0000065,,,,,,0,CHEMBL2428820,Antioxidant activity assessed as reduction of K3FeCN6 by spectrophotometric analysis in presence of FeCl3,F,BAO_0000019,assay format,,,,,,,,,CHEMBL3879801,NON-PROTEIN TARGET,,,CHEMBL2424630,1,,Bioorg Med Chem Lett,2013.0,,,,,275.24,275240.0,5.44,Baja
CHEMBL196,ASCORBIC ACID,4.0,176.12,0.0,-1.41,,O=C1O[C@H]([C@@H](O)CO)C(O)=C1O,EC50,=,439560.0,nM,,Outside typical range,,UO_0000065,,,,,,0,CHEMBL2428814,Antioxidant activity assessed as DPPH radical scavenging activity incubated for 20 mins under dark condition by spectrophotometric analysis,F,BAO_0000019,assay format,,,,,,,,,CHEMBL613712,Radical scavenging activity,,,CHEMBL2424630,1,,Bioorg Med Chem Lett,2013.0,,,,,439.56,439560.0,5.643,Baja
CHEMBL2391148,(+)-SECOISOLARICIRESINOLDIGLUCOSIDE,,686.7,3.0,-2.23,,COc1cc(C[C@H](CO[C@@H]2O[C@H](CO)[C@@H](O)[C@H](O)[C@H]2O)[C@@H](CO[C@@H]2O[C@H](CO)[C@@H](O)[C@H](O)[C@H]2O)Cc2ccc(O)c(OC)c2)ccc1O,EC50,=,157540.0,nM,,Outside typical range,,UO_0000065,,,,,,0,CHEMBL2428814,Antioxidant activity assessed as DPPH radical scavenging activity incubated for 20 mins under dark condition by spectrophotometric analysis,F,BAO_0000019,assay format,,,,,,,,,CHEMBL613712,Radical scavenging activity,,,CHEMBL2424630,1,,Bioorg Med Chem Lett,2013.0,,,,,157.54,157540.0,5.197,Media
CHEMBL47,ALPHA-TOCOPHEROL,,430.72,1.0,8.84,,Cc1c(C)c2c(c(C)c1O)CC[C@@](C)(CCC[C@H](C)CCC[C@H](C)CCCC(C)C)O2,EC50,=,132810.0,nM,,Outside typical range,,UO_0000065,,,,,,0,CHEMBL2428814,Antioxidant activity assessed as DPPH radical scavenging activity incubated for 20 mins under dark condition by spectrophotometric analysis,F,BAO_0000019,assay format,,,,,,,,,CHEMBL613712,Radical scavenging activity,,,CHEMBL2424630,1,,Bioorg Med Chem Lett,2013.0,,,,,132.81,132810.0,5.123,Media
CHEMBL2425486,,,686.7,3.0,-2.23,,COc1cc(C[C@@H](CO[C@@H]2O[C@H](CO)[C@@H](O)[C@H](O)[C@H]2O)[C@H](CO[C@@H]2O[C@H](CO)[C@@H](O)[C@H](O)[C@H]2O)Cc2ccc(O)c(OC)c2)ccc1O,EC50,=,123630.0,nM,,Outside typical range,,UO_0000065,,,,,,0,CHEMBL2428814,Antioxidant activity assessed as DPPH radical scavenging activity incubated for 20 mins under dark condition by spectrophotometric analysis,F,BAO_0000019,assay format,,,,,,,,,CHEMBL613712,Radical scavenging activity,,,CHEMBL2424630,1,,Bioorg Med Chem Lett,2013.0,,,,,123.63,123630.0,5.092,Media
CHEMBL2391148,(+)-SECOISOLARICIRESINOLDIGLUCOSIDE,,686.7,3.0,-2.23,,COc1cc(C[C@H](CO[C@@H]2O[C@H](CO)[C@@H](O)[C@H](O)[C@H]2O)[C@@H](CO[C@@H]2O[C@H](CO)[C@@H](O)[C@H](O)[C@H]2O)Cc2ccc(O)c(OC)c2)ccc1O,EC50,=,83940.0,nM,4.08,,,UO_0000065,,,,,,0,CHEMBL2428814,Antioxidant activity assessed as DPPH radical scavenging activity incubated for 20 mins under dark condition by spectrophotometric analysis,F,BAO_0000019,assay format,,,,,,,,,CHEMBL613712,Radical scavenging activity,,,CHEMBL2424630,1,,Bioorg Med Chem Lett,2013.0,,,,,83.94,83940.0,4.924,Media
CHEMBL375925,CYATHUSAL A,,330.29,0.0,2.46,,C/C=C/c1cc2c(c(=O)o1)-c1c(O)c(O)c(OC)c(C=O)c1CO2,EC50,=,41590.0,nM,4.38,,,UO_0000065,,,,,,0,CHEMBL905177,Antioxidant activity assessed as DPPH radical scavenging activity after 30 mins,F,BAO_0000019,assay format,,,,,,,,,CHEMBL613712,Radical scavenging activity,,,CHEMBL1143704,1,,J Nat Prod,2007.0,,,,,41.59,41590.0,4.619,Media
CHEMBL153,TROLOX,,250.29,0.0,2.49,,Cc1c(C)c2c(c(C)c1O)CCC(C)(C(=O)O)O2,EC50,=,37610.0,nM,4.42,,,UO_0000065,,,,,,0,CHEMBL905177,Antioxidant activity assessed as DPPH radical scavenging activity after 30 mins,F,BAO_0000019,assay format,,,,,,,,,CHEMBL613712,Radical scavenging activity,,,CHEMBL1143704,1,,J Nat Prod,2007.0,,,,,37.61,37610.0,4.575,Media
CHEMBL4296740,BUTYLATED HYDROXYANISOLE,-1.0,360.49,,,,COc1ccc(O)c(C(C)(C)C)c1.COc1ccc(O)cc1C(C)(C)C,EC50,=,97090.0,nM,4.01,,,UO_0000065,,,,,,0,CHEMBL905177,Antioxidant activity assessed as DPPH radical scavenging activity after 30 mins,F,BAO_0000019,assay format,,,,,,,,,CHEMBL613712,Radical scavenging activity,,,CHEMBL1143704,1,,J Nat Prod,2007.0,,,,,97.09,97090.0,4.987,Media
CHEMBL375926,PULVINATAL,,360.32,0.0,2.61,,C/C=C/c1cc2c(c(=O)o1)-c1c(O)c(O)c(OC)c(C=O)c1C(OC)O2,EC50,=,28590.0,nM,4.54,,,UO_0000065,,,,,,0,CHEMBL905177,Antioxidant activity assessed as DPPH radical scavenging activity after 30 mins,F,BAO_0000019,assay format,,,,,,,,,CHEMBL613712,Radical scavenging activity,,,CHEMBL1143704,1,,J Nat Prod,2007.0,,,,,28.59,28590.0,4.456,Media
CHEMBL228355,CYATHUSAL C,,388.37,0.0,3.39,,C/C=C/c1cc2c(c(=O)o1)-c1c(O)c(O)c(OC)c(C=O)c1C(OC(C)C)O2,EC50,=,26640.0,nM,4.57,,,UO_0000065,,,,,,0,CHEMBL905177,Antioxidant activity assessed as DPPH radical scavenging activity after 30 mins,F,BAO_0000019,assay format,,,,,,,,,CHEMBL613712,Radical scavenging activity,,,CHEMBL1143704,1,,J Nat Prod,2007.0,,,,,26.64,26640.0,4.426,Media
CHEMBL228300,CYATHUSAL B,,346.29,0.0,1.96,,C/C=C/c1cc2c(c(=O)o1)-c1c(O)c(O)c(OC)c(C=O)c1C(O)O2,EC50,=,46010.0,nM,4.34,,,UO_0000065,,,,,,0,CHEMBL905177,Antioxidant activity assessed as DPPH radical scavenging activity after 30 mins,F,BAO_0000019,assay format,,,,,,,,,CHEMBL613712,Radical scavenging activity,,,CHEMBL1143704,1,,J Nat Prod,2007.0,,,,,46.01,46010.0,4.663,Media
CHEMBL196,ASCORBIC ACID,4.0,176.12,0.0,-1.41,,O=C1O[C@H]([C@@H](O)CO)C(O)=C1O,EC50,=,30150.0,nM,4.52,,,UO_0000065,,,,,,0,CHEMBL3742960,Antioxidant activity assessed as DPPH radical scavenging activity after 30 mins by plate reader analysis,P,BAO_0000100,small-molecule physicochemical format,,,,,,,,,CHEMBL2362975,No relevant target,,,CHEMBL3739360,1,,J Nat Prod,2015.0,,,,,30.15,30150.0,4.479,Media
CHEMBL3739685,,,695.63,3.0,-3.19,,COc1cc(/C=C/C(=O)N2c3cc(O[C@@H]4O[C@H](CO)[C@@H](O)[C@H](O)[C@H]4O)c(O)cc3C[C@H]2C(=O)O)ccc1O[C@@H]1O[C@H](CO)[C@@H](O)[C@H](O)[C@H]1O,EC50,=,34550.0,nM,4.46,,,UO_0000065,,,,,,0,CHEMBL3742960,Antioxidant activity assessed as DPPH radical scavenging activity after 30 mins by plate reader analysis,P,BAO_0000100,small-molecule physicochemical format,,,,,,,,,CHEMBL2362975,No relevant target,,,CHEMBL3739360,1,,J Nat Prod,2015.0,,,,,34.55,34550.0,4.538,Media
CHEMBL3741758,,,665.6,3.0,-3.19,,O=C(O)[C@@H]1Cc2cc(O)c(O[C@@H]3O[C@H](CO)[C@@H](O)[C@H](O)[C@H]3O)cc2N1C(=O)/C=C/c1ccc(O[C@@H]2O[C@H](CO)[C@@H](O)[C@H](O)[C@H]2O)cc1,EC50,=,38280.0,nM,4.42,,,UO_0000065,,,,,,0,CHEMBL3742960,Antioxidant activity assessed as DPPH radical scavenging activity after 30 mins by plate reader analysis,P,BAO_0000100,small-molecule physicochemical format,,,,,,,,,CHEMBL2362975,No relevant target,,,CHEMBL3739360,1,,J Nat Prod,2015.0,,,,,38.28,38280.0,4.583,Media
CHEMBL3740446,,,533.49,3.0,-0.66,,COc1cc(/C=C/C(=O)N2c3cc(O[C@@H]4O[C@H](CO)[C@@H](O)[C@H](O)[C@H]4O)c(O)cc3C[C@H]2C(=O)O)ccc1O,EC50,=,35150.0,nM,4.45,,,UO_0000065,,,,,,0,CHEMBL3742960,Antioxidant activity assessed as DPPH radical scavenging activity after 30 mins by plate reader analysis,P,BAO_0000100,small-molecule physicochemical format,,,,,,,,,CHEMBL2362975,No relevant target,,,CHEMBL3739360,1,,J Nat Prod,2015.0,,,,,35.15,35150.0,4.546,Media
CHEMBL3742286,,,503.46,2.0,-0.67,,O=C(O)[C@@H]1Cc2cc(O)c(O[C@@H]3O[C@H](CO)[C@@H](O)[C@H](O)[C@H]3O)cc2N1C(=O)/C=C/c1ccc(O)cc1,EC50,=,35110.0,nM,4.46,,,UO_0000065,,,,,,0,CHEMBL3742960,Antioxidant activity assessed as DPPH radical scavenging activity after 30 mins by plate reader analysis,P,BAO_0000100,small-molecule physicochemical format,,,,,,,,,CHEMBL2362975,No relevant target,,,CHEMBL3739360,1,,J Nat Prod,2015.0,,,,,35.11,35110.0,4.545,Media
CHEMBL3741598,,,841.77,3.0,-0.87,,COc1cc(/C=C/C(=O)OC[C@H]2O[C@@H](OC[C@H]3O[C@@H](Oc4cc5c(cc4O)C[C@@H](C(=O)O)N5C(=O)/C=C/c4ccc(O)cc4)[C@H](O)[C@@H](O)[C@@H]3O)[C@H](O)[C@@H](O)[C@@H]2O)ccc1O,EC50,=,35410.0,nM,4.45,,,UO_0000065,,,,,,0,CHEMBL3742960,Antioxidant activity assessed as DPPH radical scavenging activity after 30 mins by plate reader analysis,P,BAO_0000100,small-molecule physicochemical format,,,,,,,,,CHEMBL2362975,No relevant target,,,CHEMBL3739360,1,,J Nat Prod,2015.0,,,,,35.41,35410.0,4.549,Media
CHEMBL3740797,,,1003.91,,,,COc1cc(/C=C/C(=O)O[C@@H]2[C@@H](O)[C@H](Oc3cc4c(cc3O)C[C@@H](C(=O)O)N4C(=O)/C=C/c3ccc(O[C@@H]4O[C@H](CO)[C@@H](O)[C@H](O)[C@H]4O)cc3)O[C@H](CO[C@@H]3O[C@H](CO)[C@@H](O)[C@H](O)[C@H]3O)[C@H]2O)ccc1O,EC50,=,31580.0,nM,4.5,,,UO_0000065,,,,,,0,CHEMBL3742960,Antioxidant activity assessed as DPPH radical scavenging activity after 30 mins by plate reader analysis,P,BAO_0000100,small-molecule physicochemical format,,,,,,,,,CHEMBL2362975,No relevant target,,,CHEMBL3739360,1,,J Nat Prod,2015.0,,,,,31.58,31580.0,4.499,Media
CHEMBL3741158,,,857.77,3.0,-5.36,,COc1cc(/C=C/C(=O)N2c3cc(O[C@@H]4O[C@H](CO[C@@H]5O[C@H](CO)[C@@H](O)[C@H](O)[C@H]5O)[C@@H](O)[C@H](O)[C@H]4O)c(O)cc3C[C@H]2C(=O)O)ccc1O[C@@H]1O[C@H](CO)[C@@H](O)[C@H](O)[C@H]1O,EC50,=,40920.0,nM,4.39,,,UO_0000065,,,,,,0,CHEMBL3742960,Antioxidant activity assessed as DPPH radical scavenging activity after 30 mins by plate reader analysis,P,BAO_0000100,small-molecule physicochemical format,,,,,,,,,CHEMBL2362975,No relevant target,,,CHEMBL3739360,1,,J Nat Prod,2015.0,,,,,40.92,40920.0,4.612,Media
CHEMBL3740830,,,827.74,3.0,-5.37,,O=C(O)[C@@H]1Cc2cc(O)c(O[C@@H]3O[C@H](CO[C@@H]4O[C@H](CO)[C@@H](O)[C@H](O)[C@H]4O)[C@@H](O)[C@H](O)[C@H]3O)cc2N1C(=O)/C=C/c1ccc(O[C@@H]2O[C@H](CO)[C@@H](O)[C@H](O)[C@H]2O)cc1,EC50,=,43520.0,nM,4.36,,,UO_0000065,,,,,,0,CHEMBL3742960,Antioxidant activity assessed as DPPH radical scavenging activity after 30 mins by plate reader analysis,P,BAO_0000100,small-molecule physicochemical format,,,,,,,,,CHEMBL2362975,No relevant target,,,CHEMBL3739360,1,,J Nat Prod,2015.0,,,,,43.52,43520.0,4.639,Media
CHEMBL3742210,,,857.77,3.0,-1.16,,COc1cc(/C=C/C(=O)N2c3cc(O[C@@H]4O[C@H](CO[C@@H]5O[C@H](CO)[C@@H](O)[C@H](O)[C@H]5OC(=O)/C=C/c5ccc(O)c(O)c5)[C@@H](O)[C@H](O)[C@H]4O)c(O)cc3C[C@H]2C(=O)O)ccc1O,EC50,=,16130.0,nM,4.79,,,UO_0000065,,,,,,0,CHEMBL3742960,Antioxidant activity assessed as DPPH radical scavenging activity after 30 mins by plate reader analysis,P,BAO_0000100,small-molecule physicochemical format,,,,,,,,,CHEMBL2362975,No relevant target,,,CHEMBL3739360,1,,J Nat Prod,2015.0,,,,,16.13,16130.0,4.208,Alta
CHEMBL3741935,,,827.75,3.0,-1.17,,O=C(/C=C/c1ccc(O)c(O)c1)O[C@H]1[C@H](OC[C@H]2O[C@@H](Oc3cc4c(cc3O)C[C@@H](C(=O)O)N4C(=O)/C=C/c3ccc(O)cc3)[C@H](O)[C@@H](O)[C@@H]2O)O[C@H](CO)[C@@H](O)[C@@H]1O,EC50,=,15300.0,nM,4.82,,,UO_0000065,,,,,,0,CHEMBL3742960,Antioxidant activity assessed as DPPH radical scavenging activity after 30 mins by plate reader analysis,P,BAO_0000100,small-molecule physicochemical format,,,,,,,,,CHEMBL2362975,No relevant target,,,CHEMBL3739360,1,,J Nat Prod,2015.0,,,,,15.3,15300.0,4.185,Alta
CHEMBL3742002,,,871.8,3.0,-0.86,,COc1cc(/C=C/C(=O)O[C@H]2[C@H](OC[C@H]3O[C@@H](Oc4cc5c(cc4O)C[C@@H](C(=O)O)N5C(=O)/C=C/c4ccc(O)c(OC)c4)[C@H](O)[C@@H](O)[C@@H]3O)O[C@H](CO)[C@@H](O)[C@@H]2O)ccc1O,EC50,=,27640.0,nM,4.56,,,UO_0000065,,,,,,0,CHEMBL3742960,Antioxidant activity assessed as DPPH radical scavenging activity after 30 mins by plate reader analysis,P,BAO_0000100,small-molecule physicochemical format,,,,,,,,,CHEMBL2362975,No relevant target,,,CHEMBL3739360,1,,J Nat Prod,2015.0,,,,,27.64,27640.0,4.442,Media
CHEMBL3740826,,,841.77,3.0,-0.87,,COc1cc(/C=C/C(=O)O[C@H]2[C@H](OC[C@H]3O[C@@H](Oc4cc5c(cc4O)C[C@@H](C(=O)O)N5C(=O)/C=C/c4ccc(O)cc4)[C@H](O)[C@@H](O)[C@@H]3O)O[C@H](CO)[C@@H](O)[C@@H]2O)ccc1O,EC50,=,29050.0,nM,4.54,,,UO_0000065,,,,,,0,CHEMBL3742960,Antioxidant activity assessed as DPPH radical scavenging activity after 30 mins by plate reader analysis,P,BAO_0000100,small-molecule physicochemical format,,,,,,,,,CHEMBL2362975,No relevant target,,,CHEMBL3739360,1,,J Nat Prod,2015.0,,,,,29.05,29050.0,4.463,Media
CHEMBL3741693,,,695.63,3.0,-2.83,,COc1cc(/C=C/C(=O)N2c3cc(O[C@@H]4O[C@H](CO[C@@H]5O[C@H](CO)[C@@H](O)[C@H](O)[C@H]5O)[C@@H](O)[C@H](O)[C@H]4O)c(O)cc3C[C@H]2C(=O)O)ccc1O,EC50,=,40100.0,nM,4.4,,,UO_0000065,,,,,,0,CHEMBL3742960,Antioxidant activity assessed as DPPH radical scavenging activity after 30 mins by plate reader analysis,P,BAO_0000100,small-molecule physicochemical format,,,,,,,,,CHEMBL2362975,No relevant target,,,CHEMBL3739360,1,,J Nat Prod,2015.0,,,,,40.1,40100.0,4.603,Media
CHEMBL3740445,,,665.6,3.0,-2.84,,O=C(O)[C@@H]1Cc2cc(O)c(O[C@@H]3O[C@H](CO[C@@H]4O[C@H](CO)[C@@H](O)[C@H](O)[C@H]4O)[C@@H](O)[C@H](O)[C@H]3O)cc2N1C(=O)/C=C/c1ccc(O)cc1,EC50,=,42890.0,nM,4.37,,,UO_0000065,,,,,,0,CHEMBL3742960,Antioxidant activity assessed as DPPH radical scavenging activity after 30 mins by plate reader analysis,P,BAO_0000100,small-molecule physicochemical format,,,,,,,,,CHEMBL2362975,No relevant target,,,CHEMBL3739360,1,,J Nat Prod,2015.0,,,,,42.89,42890.0,4.632,Media
CHEMBL40625,,,354.25,0.0,3.92,,Fc1cccc(CC/N=C(\S)Nc2ccc(Br)cn2)c1,EC50,=,100000.0,nM,4.0,,,UO_0000065,,,,,,0,CHEMBL845398,Antioxidant activity was evaluated by measuring the inhibition of oxidation of ABTS to ABTS+ by metmyoglobin in the presence of H2O2.,F,BAO_0000019,assay format,,,,,,,,,CHEMBL612558,ADMET,,,CHEMBL1132863,1,,Bioorg Med Chem Lett,2000.0,,,,,100.0,100000.0,5.0,Media
CHEMBL240416,,,396.31,0.0,3.39,,COc1ccc(OC)c(CCNC(=S)Nc2ccc(Br)cn2)c1,EC50,=,89000.0,nM,4.05,,,UO_0000065,,,,,,0,CHEMBL845398,Antioxidant activity was evaluated by measuring the inhibition of oxidation of ABTS to ABTS+ by metmyoglobin in the presence of H2O2.,F,BAO_0000019,assay format,,,,,,,,,CHEMBL612558,ADMET,,,CHEMBL1132863,1,,Bioorg Med Chem Lett,2000.0,,,,,89.0,89000.0,4.949,Media
CHEMBL129,ZIDOVUDINE,4.0,267.24,0.0,-0.2,,Cc1cn([C@H]2C[C@H](N=[N+]=[N-])[C@@H](CO)O2)c(=O)[nH]c1=O,EC50,>,1000000.0,nM,,Outside typical range,,UO_0000065,,,,,,0,CHEMBL845398,Antioxidant activity was evaluated by measuring the inhibition of oxidation of ABTS to ABTS+ by metmyoglobin in the presence of H2O2.,F,BAO_0000019,assay format,,,,,,,,,CHEMBL612558,ADMET,,,CHEMBL1132863,1,,Bioorg Med Chem Lett,2000.0,,,,,1000.0,1000000.0,6.0,Baja
CHEMBL170942,,,366.28,0.0,3.79,,COc1cccc(CC/N=C(\S)Nc2ccc(Br)cn2)c1,EC50,=,90000.0,nM,4.05,,,UO_0000065,,,,,,0,CHEMBL845398,Antioxidant activity was evaluated by measuring the inhibition of oxidation of ABTS to ABTS+ by metmyoglobin in the presence of H2O2.,F,BAO_0000019,assay format,,,,,,,,,CHEMBL612558,ADMET,,,CHEMBL1132863,1,,Bioorg Med Chem Lett,2000.0,,,,,90.0,90000.0,4.954,Media
CHEMBL170798,,,384.73,0.0,4.87,,CS/C(=N\CCc1ccccc1Cl)Nc1ccc(Br)cn1,EC50,>,1000000.0,nM,,Outside typical range,,UO_0000065,,,,,,0,CHEMBL845398,Antioxidant activity was evaluated by measuring the inhibition of oxidation of ABTS to ABTS+ by metmyoglobin in the presence of H2O2.,F,BAO_0000019,assay format,,,,,,,,,CHEMBL612558,ADMET,,,CHEMBL1132863,1,,Bioorg Med Chem Lett,2000.0,,,,,1000.0,1000000.0,6.0,Baja
CHEMBL287978,,,354.25,0.0,3.92,,Fc1ccc(CC/N=C(\S)Nc2ccc(Br)cn2)cc1,EC50,=,89000.0,nM,4.05,,,UO_0000065,,,,,,0,CHEMBL845398,Antioxidant activity was evaluated by measuring the inhibition of oxidation of ABTS to ABTS+ by metmyoglobin in the presence of H2O2.,F,BAO_0000019,assay format,,,,,,,,,CHEMBL612558,ADMET,,,CHEMBL1132863,1,,Bioorg Med Chem Lett,2000.0,,,,,89.0,89000.0,4.949,Media
CHEMBL40631,,,370.7,0.0,4.03,,S=C(NCCc1ccccc1Cl)Nc1ccc(Br)cn1,EC50,=,75000.0,nM,4.12,,,UO_0000065,,,,,,0,CHEMBL845398,Antioxidant activity was evaluated by measuring the inhibition of oxidation of ABTS to ABTS+ by metmyoglobin in the presence of H2O2.,F,BAO_0000019,assay format,,,,,,,,,CHEMBL612558,ADMET,,,CHEMBL1132863,1,,Bioorg Med Chem Lett,2000.0,,,,,75.0,75000.0,4.875,Media
CHEMBL171716,,,444.37,1.0,5.93,,Fc1ccccc1CC/N=C(/Nc1ccc(Br)cn1)SCc1ccccc1,EC50,>,1000000.0,nM,,Outside typical range,,UO_0000065,,,,,,0,CHEMBL845398,Antioxidant activity was evaluated by measuring the inhibition of oxidation of ABTS to ABTS+ by metmyoglobin in the presence of H2O2.,F,BAO_0000019,assay format,,,,,,,,,CHEMBL612558,ADMET,,,CHEMBL1132863,1,,Bioorg Med Chem Lett,2000.0,,,,,1000.0,1000000.0,6.0,Baja
CHEMBL317356,,,336.26,0.0,3.37,,S=C(NCCc1ccccc1)Nc1ccc(Br)cn1,EC50,=,98000.0,nM,4.01,,,UO_0000065,,,,,,0,CHEMBL845398,Antioxidant activity was evaluated by measuring the inhibition of oxidation of ABTS to ABTS+ by metmyoglobin in the presence of H2O2.,F,BAO_0000019,assay format,,,,,,,,,CHEMBL612558,ADMET,,,CHEMBL1132863,1,,Bioorg Med Chem Lett,2000.0,,,,,98.0,98000.0,4.991,Media
CHEMBL7983,PROPYL GALLATE,1.0,212.2,0.0,1.37,,CCCOC(=O)c1cc(O)c(O)c(O)c1,EC50,=,84000.0,nM,4.08,,,UO_0000065,,,,,,0,CHEMBL845398,Antioxidant activity was evaluated by measuring the inhibition of oxidation of ABTS to ABTS+ by metmyoglobin in the presence of H2O2.,F,BAO_0000019,assay format,,,,,,,,,CHEMBL612558,ADMET,,,CHEMBL1132863,1,,Bioorg Med Chem Lett,2000.0,,,,,84.0,84000.0,4.924,Media
CHEMBL171455,,,486.44,1.0,5.81,,COc1ccc(OC)c(CC/N=C(/Nc2ccc(Br)cn2)SCc2ccccc2)c1,EC50,>,1000000.0,nM,,Outside typical range,,UO_0000065,,,,,,0,CHEMBL845398,Antioxidant activity was evaluated by measuring the inhibition of oxidation of ABTS to ABTS+ by metmyoglobin in the presence of H2O2.,F,BAO_0000019,assay format,,,,,,,,,CHEMBL612558,ADMET,,,CHEMBL1132863,1,,Bioorg Med Chem Lett,2000.0,,,,,1000.0,1000000.0,6.0,Baja
CHEMBL170861,,,460.83,1.0,6.44,,Clc1ccccc1CC/N=C(/Nc1ccc(Br)cn1)SCc1ccccc1,EC50,>,1000000.0,nM,,Outside typical range,,UO_0000065,,,,,,0,CHEMBL845398,Antioxidant activity was evaluated by measuring the inhibition of oxidation of ABTS to ABTS+ by metmyoglobin in the presence of H2O2.,F,BAO_0000019,assay format,,,,,,,,,CHEMBL612558,ADMET,,,CHEMBL1132863,1,,Bioorg Med Chem Lett,2000.0,,,,,1000.0,1000000.0,6.0,Baja
CHEMBL355333,,,366.28,0.0,3.79,,COc1ccccc1CC/N=C(\S)Nc1ccc(Br)cn1,EC50,=,79000.0,nM,4.1,,,UO_0000065,,,,,,0,CHEMBL845398,Antioxidant activity was evaluated by measuring the inhibition of oxidation of ABTS to ABTS+ by metmyoglobin in the presence of H2O2.,F,BAO_0000019,assay format,,,,,,,,,CHEMBL612558,ADMET,,,CHEMBL1132863,1,,Bioorg Med Chem Lett,2000.0,,,,,79.0,79000.0,4.898,Media
CHEMBL170810,,,366.28,0.0,3.79,,COc1ccc(CC/N=C(\S)Nc2ccc(Br)cn2)cc1,EC50,=,176000.0,nM,,Outside typical range,,UO_0000065,,,,,,0,CHEMBL845398,Antioxidant activity was evaluated by measuring the inhibition of oxidation of ABTS to ABTS+ by metmyoglobin in the presence of H2O2.,F,BAO_0000019,assay format,,,,,,,,,CHEMBL612558,ADMET,,,CHEMBL1132863,1,,Bioorg Med Chem Lett,2000.0,,,,,176.0,176000.0,5.246,Baja
CHEMBL295585,,,354.25,0.0,3.92,,Fc1ccccc1CC/N=C(\S)Nc1ccc(Br)cn1,EC50,=,109000.0,nM,,Outside typical range,,UO_0000065,,,,,,0,CHEMBL845398,Antioxidant activity was evaluated by measuring the inhibition of oxidation of ABTS to ABTS+ by metmyoglobin in the presence of H2O2.,F,BAO_0000019,assay format,,,,,,,,,CHEMBL612558,ADMET,,,CHEMBL1132863,1,,Bioorg Med Chem Lett,2000.0,,,,,109.0,109000.0,5.037,Media
CHEMBL3740041,,,587.11,0.0,4.25,,CCCN(CCN1CCN(c2ccc3cc[nH]c3c2Cl)CC1)[C@H]1CCc2nc(N)sc2C1.O=C(O)C(F)(F)F,EC50,=,21720.0,nM,4.66,,,UO_0000065,,,,,,0,CHEMBL3745235,Antioxidant activity assessed as DPPH free radical scavenging activity after 30 mins,P,BAO_0000100,small-molecule physicochemical format,,,,,,,,,CHEMBL2362975,No relevant target,,,CHEMBL3739358,1,,J Med Chem,2015.0,,,,,21.72,21720.0,4.337,Alta
CHEMBL4466126,,,284.38,0.0,3.06,,CCCCCCS(=O)(=O)/C=C/c1ccc(O)c(O)c1,EC50,=,7300.0,nM,5.14,,,UO_0000065,,,,,,0,CHEMBL4348535,Antioxidant activity assessed as DPPH radical scavenging activity after 1 hr by fluorescence spectrophotometric method,F,BAO_0000019,assay format,,,,,,,,,CHEMBL2362975,No relevant target,,,CHEMBL4346690,1,,Eur J Med Chem,2019.0,,,,,7.3,7300.0,3.863,Alta
CHEMBL4453109,,,270.35,0.0,2.67,,CCCCCS(=O)(=O)/C=C/c1ccc(O)c(O)c1,EC50,=,8100.0,nM,5.09,,,UO_0000065,,,,,,0,CHEMBL4348535,Antioxidant activity assessed as DPPH radical scavenging activity after 1 hr by fluorescence spectrophotometric method,F,BAO_0000019,assay format,,,,,,,,,CHEMBL2362975,No relevant target,,,CHEMBL4346690,1,,Eur J Med Chem,2019.0,,,,,8.1,8100.0,3.908,Alta
CHEMBL4445462,,,298.4,0.0,3.45,,CCCCCCCS(=O)(=O)/C=C/c1ccc(O)c(O)c1,EC50,=,7100.0,nM,5.15,,,UO_0000065,,,,,,0,CHEMBL4348535,Antioxidant activity assessed as DPPH radical scavenging activity after 1 hr by fluorescence spectrophotometric method,F,BAO_0000019,assay format,,,,,,,,,CHEMBL2362975,No relevant target,,,CHEMBL4346690,1,,Eur J Med Chem,2019.0,,,,,7.1,7100.0,3.851,Alta
CHEMBL4521831,,,312.43,0.0,3.84,,CCCCCCCCS(=O)(=O)/C=C/c1ccc(O)c(O)c1,EC50,=,6400.0,nM,5.19,,,UO_0000065,,,,,,0,CHEMBL4348535,Antioxidant activity assessed as DPPH radical scavenging activity after 1 hr by fluorescence spectrophotometric method,F,BAO_0000019,assay format,,,,,,,,,CHEMBL2362975,No relevant target,,,CHEMBL4346690,1,,Eur J Med Chem,2019.0,,,,,6.4,6400.0,3.806,Alta
CHEMBL4483317,,,326.46,0.0,4.23,,CCCCCCCCCS(=O)(=O)/C=C/c1ccc(O)c(O)c1,EC50,=,7700.0,nM,5.11,,,UO_0000065,,,,,,0,CHEMBL4348535,Antioxidant activity assessed as DPPH radical scavenging activity after 1 hr by fluorescence spectrophotometric method,F,BAO_0000019,assay format,,,,,,,,,CHEMBL2362975,No relevant target,,,CHEMBL4346690,1,,Eur J Med Chem,2019.0,,,,,7.7,7700.0,3.886,Alta
CHEMBL4443919,,,340.49,0.0,4.62,,CCCCCCCCCCS(=O)(=O)/C=C/c1ccc(O)c(O)c1,EC50,=,6800.0,nM,5.17,,,UO_0000065,,,,,,0,CHEMBL4348535,Antioxidant activity assessed as DPPH radical scavenging activity after 1 hr by fluorescence spectrophotometric method,F,BAO_0000019,assay format,,,,,,,,,CHEMBL2362975,No relevant target,,,CHEMBL4346690,1,,Eur J Med Chem,2019.0,,,,,6.8,6800.0,3.833,Alta
CHEMBL4438848,,,354.51,1.0,5.01,,CCCCCCCCCCCS(=O)(=O)/C=C/c1ccc(O)c(O)c1,EC50,=,11400.0,nM,4.94,,,UO_0000065,,,,,,0,CHEMBL4348535,Antioxidant activity assessed as DPPH radical scavenging activity after 1 hr by fluorescence spectrophotometric method,F,BAO_0000019,assay format,,,,,,,,,CHEMBL2362975,No relevant target,,,CHEMBL4346690,1,,Eur J Med Chem,2019.0,,,,,11.4,11400.0,4.057,Alta
CHEMBL4526832,,,368.54,1.0,5.4,,CCCCCCCCCCCCS(=O)(=O)/C=C/c1ccc(O)c(O)c1,EC50,=,8500.0,nM,5.07,,,UO_0000065,,,,,,0,CHEMBL4348535,Antioxidant activity assessed as DPPH radical scavenging activity after 1 hr by fluorescence spectrophotometric method,F,BAO_0000019,assay format,,,,,,,,,CHEMBL2362975,No relevant target,,,CHEMBL4346690,1,,Eur J Med Chem,2019.0,,,,,8.5,8500.0,3.929,Alta
CHEMBL4543548,,,314.4,0.0,2.43,,O=S(=O)(/C=C/c1ccc(O)c(O)c1)CCCCCCCO,EC50,=,5900.0,nM,5.23,,,UO_0000065,,,,,,0,CHEMBL4348535,Antioxidant activity assessed as DPPH radical scavenging activity after 1 hr by fluorescence spectrophotometric method,F,BAO_0000019,assay format,,,,,,,,,CHEMBL2362975,No relevant target,,,CHEMBL4346690,1,,Eur J Med Chem,2019.0,,,,,5.9,5900.0,3.771,Alta
CHEMBL4590876,,,328.43,0.0,2.82,,O=S(=O)(/C=C/c1ccc(O)c(O)c1)CCCCCCCCO,EC50,=,6700.0,nM,5.17,,,UO_0000065,,,,,,0,CHEMBL4348535,Antioxidant activity assessed as DPPH radical scavenging activity after 1 hr by fluorescence spectrophotometric method,F,BAO_0000019,assay format,,,,,,,,,CHEMBL2362975,No relevant target,,,CHEMBL4346690,1,,Eur J Med Chem,2019.0,,,,,6.7,6700.0,3.826,Alta
CHEMBL4531712,,,342.46,0.0,3.21,,O=S(=O)(/C=C/c1ccc(O)c(O)c1)CCCCCCCCCO,EC50,=,7500.0,nM,5.12,,,UO_0000065,,,,,,0,CHEMBL4348535,Antioxidant activity assessed as DPPH radical scavenging activity after 1 hr by fluorescence spectrophotometric method,F,BAO_0000019,assay format,,,,,,,,,CHEMBL2362975,No relevant target,,,CHEMBL4346690,1,,Eur J Med Chem,2019.0,,,,,7.5,7500.0,3.875,Alta
CHEMBL4461802,,,370.51,0.0,3.99,,O=S(=O)(/C=C/c1ccc(O)c(O)c1)CCCCCCCCCCCO,EC50,=,22600.0,nM,4.65,,,UO_0000065,,,,,,0,CHEMBL4348535,Antioxidant activity assessed as DPPH radical scavenging activity after 1 hr by fluorescence spectrophotometric method,F,BAO_0000019,assay format,,,,,,,,,CHEMBL2362975,No relevant target,,,CHEMBL4346690,1,,Eur J Med Chem,2019.0,,,,,22.6,22600.0,4.354,Alta
CHEMBL4567993,,,296.39,0.0,3.23,,C=CCCCCCS(=O)(=O)/C=C/c1ccc(O)c(O)c1,EC50,=,7100.0,nM,5.15,,,UO_0000065,,,,,,0,CHEMBL4348535,Antioxidant activity assessed as DPPH radical scavenging activity after 1 hr by fluorescence spectrophotometric method,F,BAO_0000019,assay format,,,,,,,,,CHEMBL2362975,No relevant target,,,CHEMBL4346690,1,,Eur J Med Chem,2019.0,,,,,7.1,7100.0,3.851,Alta
CHEMBL4441603,,,310.42,0.0,3.62,,C=CCCCCCCS(=O)(=O)/C=C/c1ccc(O)c(O)c1,EC50,=,6400.0,nM,5.19,,,UO_0000065,,,,,,0,CHEMBL4348535,Antioxidant activity assessed as DPPH radical scavenging activity after 1 hr by fluorescence spectrophotometric method,F,BAO_0000019,assay format,,,,,,,,,CHEMBL2362975,No relevant target,,,CHEMBL4346690,1,,Eur J Med Chem,2019.0,,,,,6.4,6400.0,3.806,Alta
CHEMBL4537546,,,324.44,0.0,4.01,,C=CCCCCCCCS(=O)(=O)/C=C/c1ccc(O)c(O)c1,EC50,=,6900.0,nM,5.16,,,UO_0000065,,,,,,0,CHEMBL4348535,Antioxidant activity assessed as DPPH radical scavenging activity after 1 hr by fluorescence spectrophotometric method,F,BAO_0000019,assay format,,,,,,,,,CHEMBL2362975,No relevant target,,,CHEMBL4346690,1,,Eur J Med Chem,2019.0,,,,,6.9,6900.0,3.839,Alta
CHEMBL4471093,,,254.31,0.0,1.89,,O=S(=O)(/C=C/c1ccc(O)c(O)c1)CC1CC1,EC50,=,10500.0,nM,4.98,,,UO_0000065,,,,,,0,CHEMBL4348535,Antioxidant activity assessed as DPPH radical scavenging activity after 1 hr by fluorescence spectrophotometric method,F,BAO_0000019,assay format,,,,,,,,,CHEMBL2362975,No relevant target,,,CHEMBL4346690,1,,Eur J Med Chem,2019.0,,,,,10.5,10500.0,4.021,Alta
CHEMBL4531731,,,268.33,0.0,2.28,,O=S(=O)(/C=C/c1ccc(O)c(O)c1)CC1CCC1,EC50,=,8800.0,nM,5.06,,,UO_0000065,,,,,,0,CHEMBL4348535,Antioxidant activity assessed as DPPH radical scavenging activity after 1 hr by fluorescence spectrophotometric method,F,BAO_0000019,assay format,,,,,,,,,CHEMBL2362975,No relevant target,,,CHEMBL4346690,1,,Eur J Med Chem,2019.0,,,,,8.8,8800.0,3.944,Alta
CHEMBL4473721,,,282.36,0.0,2.67,,O=S(=O)(/C=C/c1ccc(O)c(O)c1)CC1CCCC1,EC50,=,9400.0,nM,5.03,,,UO_0000065,,,,,,0,CHEMBL4348535,Antioxidant activity assessed as DPPH radical scavenging activity after 1 hr by fluorescence spectrophotometric method,F,BAO_0000019,assay format,,,,,,,,,CHEMBL2362975,No relevant target,,,CHEMBL4346690,1,,Eur J Med Chem,2019.0,,,,,9.4,9400.0,3.973,Alta
CHEMBL4586840,,,296.39,0.0,3.06,,O=S(=O)(/C=C/c1ccc(O)c(O)c1)CC1CCCCC1,EC50,=,7500.0,nM,5.12,,,UO_0000065,,,,,,0,CHEMBL4348535,Antioxidant activity assessed as DPPH radical scavenging activity after 1 hr by fluorescence spectrophotometric method,F,BAO_0000019,assay format,,,,,,,,,CHEMBL2362975,No relevant target,,,CHEMBL4346690,1,,Eur J Med Chem,2019.0,,,,,7.5,7500.0,3.875,Alta
CHEMBL4560072,,,296.39,0.0,3.06,,O=S(=O)(/C=C/c1ccc(O)c(O)c1)CCC1CCCC1,EC50,=,6800.0,nM,5.17,,,UO_0000065,,,,,,0,CHEMBL4348535,Antioxidant activity assessed as DPPH radical scavenging activity after 1 hr by fluorescence spectrophotometric method,F,BAO_0000019,assay format,,,,,,,,,CHEMBL2362975,No relevant target,,,CHEMBL4346690,1,,Eur J Med Chem,2019.0,,,,,6.8,6800.0,3.833,Alta
CHEMBL3238004,,,594.57,2.0,4.53,,CC[C@@H](C)[C@]12Oc3cc(C4=C(O)C(=O)C(c5ccc(O)cc5)=C(O)C4=O)ccc3O[N@@+]1([O-])C(O)=C([C@@H](C)CC)N(O)C2=O,EC50,=,18000.0,nM,4.75,,,UO_0000065,,,,,,0,CHEMBL3241008,Antioxidant activity assessed as potassium ferric cyanide ion reducing power after 20 mins by absorbance analysis,F,BAO_0000019,assay format,,,,,,,,,CHEMBL3879801,NON-PROTEIN TARGET,,,CHEMBL3232905,1,,J Nat Prod,2014.0,,,,,18.0,18000.0,4.255,Alta
CHEMBL3238005,,,594.57,2.0,4.53,,CC[C@@H](C)[C@]12Oc3cc(C4=C(O)C(=O)C(c5ccc(O)cc5)=C(O)C4=O)ccc3O[N@+]1([O-])C(O)=C([C@@H](C)CC)N(O)C2=O,EC50,=,17000.0,nM,4.77,,,UO_0000065,,,,,,0,CHEMBL3241008,Antioxidant activity assessed as potassium ferric cyanide ion reducing power after 20 mins by absorbance analysis,F,BAO_0000019,assay format,,,,,,,,,CHEMBL3879801,NON-PROTEIN TARGET,,,CHEMBL3232905,1,,J Nat Prod,2014.0,,,,,17.0,17000.0,4.23,Alta
CHEMBL3238006,,,494.45,0.0,4.13,,CC(=O)Oc1c(OC(C)=O)c(-c2ccc(O)cc2)c(OC(C)=O)c(OC(C)=O)c1-c1ccc(O)cc1,EC50,>,50000.0,nM,,,,UO_0000065,,,,,,0,CHEMBL3241008,Antioxidant activity assessed as potassium ferric cyanide ion reducing power after 20 mins by absorbance analysis,F,BAO_0000019,assay format,,,,,,,,,CHEMBL3879801,NON-PROTEIN TARGET,,,CHEMBL3232905,1,,J Nat Prod,2014.0,,,,,50.0,50000.0,4.699,Media
CHEMBL3238007,,,410.38,0.0,3.69,,CC(=O)Oc1c(OC(C)=O)c(-c2ccc(O)cc2)c(O)c(O)c1-c1ccc(O)cc1,EC50,>,50000.0,nM,,,,UO_0000065,,,,,,0,CHEMBL3241008,Antioxidant activity assessed as potassium ferric cyanide ion reducing power after 20 mins by absorbance analysis,F,BAO_0000019,assay format,,,,,,,,,CHEMBL3879801,NON-PROTEIN TARGET,,,CHEMBL3232905,1,,J Nat Prod,2014.0,,,,,50.0,50000.0,4.699,Media
CHEMBL1972790,,,426.38,0.0,3.4,,CC(=O)Oc1c(OC(C)=O)c(-c2ccc(O)c(O)c2)c(O)c(O)c1-c1ccc(O)cc1,EC50,=,31000.0,nM,4.51,,,UO_0000065,,,,,,0,CHEMBL3241008,Antioxidant activity assessed as potassium ferric cyanide ion reducing power after 20 mins by absorbance analysis,F,BAO_0000019,assay format,,,,,,,,,CHEMBL3879801,NON-PROTEIN TARGET,,,CHEMBL3232905,1,,J Nat Prod,2014.0,,,,,31.0,31000.0,4.491,Media
CHEMBL3238008,,,340.29,0.0,2.19,,O=C1C(O)=C(c2ccc(O)c(O)c2)C(=O)C(O)=C1c1ccc(O)cc1,EC50,=,13000.0,nM,4.89,,,UO_0000065,,,,,,0,CHEMBL3241008,Antioxidant activity assessed as potassium ferric cyanide ion reducing power after 20 mins by absorbance analysis,F,BAO_0000019,assay format,,,,,,,,,CHEMBL3879801,NON-PROTEIN TARGET,,,CHEMBL3232905,1,,J Nat Prod,2014.0,,,,,13.0,13000.0,4.114,Alta
CHEMBL3238009,,,424.36,0.0,3.93,,CC(=O)Oc1c(-c2ccc(O)cc2)c(O)c2oc3cc(O)c(O)cc3c2c1OC(C)=O,EC50,=,37000.0,nM,4.43,,,UO_0000065,,,,,,0,CHEMBL3241008,Antioxidant activity assessed as potassium ferric cyanide ion reducing power after 20 mins by absorbance analysis,F,BAO_0000019,assay format,,,,,,,,,CHEMBL3879801,NON-PROTEIN TARGET,,,CHEMBL3232905,1,,J Nat Prod,2014.0,,,,,37.0,37000.0,4.568,Media
CHEMBL3238010,,,680.66,3.0,5.74,,CC[C@@H](C)[C@]12Oc3cc(-c4c(O)c(O)c(-c5ccc(O)cc5)c(OC(C)=O)c4OC(C)=O)ccc3O[N@+]1([O-])C(O)=C([C@@H](C)CC)N(O)C2=O,EC50,=,22000.0,nM,4.66,,,UO_0000065,,,,,,0,CHEMBL3241008,Antioxidant activity assessed as potassium ferric cyanide ion reducing power after 20 mins by absorbance analysis,F,BAO_0000019,assay format,,,,,,,,,CHEMBL3879801,NON-PROTEIN TARGET,,,CHEMBL3232905,1,,J Nat Prod,2014.0,,,,,22.0,22000.0,4.342,Alta
CHEMBL3238011,,,722.7,3.0,5.96,,CC[C@@H](C)[C@]12Oc3cc(-c4c(O)c(O)c(-c5ccc(OC(C)=O)cc5)c(OC(C)=O)c4OC(C)=O)ccc3O[N@+]1([O-])C(O)=C([C@@H](C)CC)N(O)C2=O,EC50,=,17000.0,nM,4.77,,,UO_0000065,,,,,,0,CHEMBL3241008,Antioxidant activity assessed as potassium ferric cyanide ion reducing power after 20 mins by absorbance analysis,F,BAO_0000019,assay format,,,,,,,,,CHEMBL3879801,NON-PROTEIN TARGET,,,CHEMBL3232905,1,,J Nat Prod,2014.0,,,,,17.0,17000.0,4.23,Alta
CHEMBL3238012,,,680.66,3.0,5.74,,CC[C@@H](C)[C@]12Oc3cc(-c4c(O)c(O)c(-c5ccc(O)cc5)c(OC(C)=O)c4OC(C)=O)ccc3O[N@@+]1([O-])C(O)=C([C@@H](C)CC)N(O)C2=O,EC50,=,29000.0,nM,4.54,,,UO_0000065,,,,,,0,CHEMBL3241008,Antioxidant activity assessed as potassium ferric cyanide ion reducing power after 20 mins by absorbance analysis,F,BAO_0000019,assay format,,,,,,,,,CHEMBL3879801,NON-PROTEIN TARGET,,,CHEMBL3232905,1,,J Nat Prod,2014.0,,,,,29.0,29000.0,4.462,Media
CHEMBL196,ASCORBIC ACID,4.0,176.12,0.0,-1.41,,O=C1O[C@H]([C@@H](O)CO)C(O)=C1O,EC50,=,48000.0,nM,4.32,,,UO_0000065,,,,,,0,CHEMBL3241008,Antioxidant activity assessed as potassium ferric cyanide ion reducing power after 20 mins by absorbance analysis,F,BAO_0000019,assay format,,,,,,,,,CHEMBL3879801,NON-PROTEIN TARGET,,,CHEMBL3232905,1,,J Nat Prod,2014.0,,,,,48.0,48000.0,4.681,Media
CHEMBL196,ASCORBIC ACID,4.0,176.12,0.0,-1.41,,O=C1O[C@H]([C@@H](O)CO)C(O)=C1O,EC50,=,20.0,nM,7.7,,,UO_0000065,,,,,,0,CHEMBL4180915,Antioxidant activity assessed as DPPH radical scavenging activity by spectrophotometric method,F,BAO_0000019,assay format,,,,,,,,,CHEMBL2362975,No relevant target,,,CHEMBL4177645,1,,Bioorg Med Chem,2017.0,,,,,20.0,20.0,1.301,Alta
CHEMBL4207594,,,467.56,0.0,4.99,,COc1cc(-c2cc(=O)c3ccc(OCCCN4CCC(C)CC4)cc3o2)cc(OC)c1OC,EC50,=,26.8,nM,7.57,,,UO_0000065,,,,,,0,CHEMBL4180915,Antioxidant activity assessed as DPPH radical scavenging activity by spectrophotometric method,F,BAO_0000019,assay format,,,,,,,,,CHEMBL2362975,No relevant target,,,CHEMBL4177645,1,,Bioorg Med Chem,2017.0,,,,,26.8,26.8,1.428,Alta
CHEMBL4217941,,,453.54,0.0,4.6,,COc1cc(-c2cc(=O)c3ccc(OCCN4CCC(C)CC4)cc3o2)cc(OC)c1OC,EC50,=,23.0,nM,7.64,,,UO_0000065,,,,,,0,CHEMBL4180915,Antioxidant activity assessed as DPPH radical scavenging activity by spectrophotometric method,F,BAO_0000019,assay format,,,,,,,,,CHEMBL2362975,No relevant target,,,CHEMBL4177645,1,,Bioorg Med Chem,2017.0,,,,,23.0,23.0,1.362,Alta
CHEMBL4208825,,,437.54,0.0,4.98,,COc1ccc(-c2cc(=O)c3ccc(OCCCN4CCC(C)CC4)cc3o2)cc1OC,EC50,=,24.12,nM,7.62,,,UO_0000065,,,,,,0,CHEMBL4180915,Antioxidant activity assessed as DPPH radical scavenging activity by spectrophotometric method,F,BAO_0000019,assay format,,,,,,,,,CHEMBL2362975,No relevant target,,,CHEMBL4177645,1,,Bioorg Med Chem,2017.0,,,,,24.12,24.12,1.382,Alta
CHEMBL4213552,,,423.51,0.0,4.59,,COc1ccc(-c2cc(=O)c3ccc(OCCN4CCC(C)CC4)cc3o2)cc1OC,EC50,=,22.75,nM,7.64,,,UO_0000065,,,,,,0,CHEMBL4180915,Antioxidant activity assessed as DPPH radical scavenging activity by spectrophotometric method,F,BAO_0000019,assay format,,,,,,,,,CHEMBL2362975,No relevant target,,,CHEMBL4177645,1,,Bioorg Med Chem,2017.0,,,,,22.75,22.75,1.357,Alta
CHEMBL4218485,,,493.64,1.0,5.89,,COc1ccc(-c2cc(=O)c3ccc(OCCCCCCCN4CCC(CCO)CC4)cc3o2)cc1,EC50,=,35.7,nM,7.45,,,UO_0000065,,,,,,0,CHEMBL4180915,Antioxidant activity assessed as DPPH radical scavenging activity by spectrophotometric method,F,BAO_0000019,assay format,,,,,,,,,CHEMBL2362975,No relevant target,,,CHEMBL4177645,1,,Bioorg Med Chem,2017.0,,,,,35.7,35.7,1.553,Alta
CHEMBL4216881,,,463.62,1.0,6.53,,COc1ccc(-c2cc(=O)c3ccc(OCCCCCCCN4CCC(C)CC4)cc3o2)cc1,EC50,=,42.6,nM,7.37,,,UO_0000065,,,,,,0,CHEMBL4180915,Antioxidant activity assessed as DPPH radical scavenging activity by spectrophotometric method,F,BAO_0000019,assay format,,,,,,,,,CHEMBL2362975,No relevant target,,,CHEMBL4177645,1,,Bioorg Med Chem,2017.0,,,,,42.6,42.6,1.629,Alta
CHEMBL4203490,,,479.62,1.0,5.5,,COc1ccc(-c2cc(=O)c3ccc(OCCCCCCN4CCC(CCO)CC4)cc3o2)cc1,EC50,=,34.4,nM,7.46,,,UO_0000065,,,,,,0,CHEMBL4180915,Antioxidant activity assessed as DPPH radical scavenging activity by spectrophotometric method,F,BAO_0000019,assay format,,,,,,,,,CHEMBL2362975,No relevant target,,,CHEMBL4177645,1,,Bioorg Med Chem,2017.0,,,,,34.4,34.4,1.537,Alta
CHEMBL4205720,,,449.59,1.0,6.14,,COc1ccc(-c2cc(=O)c3ccc(OCCCCCCN4CCC(C)CC4)cc3o2)cc1,EC50,=,32.56,nM,7.49,,,UO_0000065,,,,,,0,CHEMBL4180915,Antioxidant activity assessed as DPPH radical scavenging activity by spectrophotometric method,F,BAO_0000019,assay format,,,,,,,,,CHEMBL2362975,No relevant target,,,CHEMBL4177645,1,,Bioorg Med Chem,2017.0,,,,,32.56,32.56,1.513,Alta
CHEMBL4210581,,,465.59,1.0,5.11,,COc1ccc(-c2cc(=O)c3ccc(OCCCCCN4CCC(CCO)CC4)cc3o2)cc1,EC50,=,27.9,nM,7.55,,,UO_0000065,,,,,,0,CHEMBL4180915,Antioxidant activity assessed as DPPH radical scavenging activity by spectrophotometric method,F,BAO_0000019,assay format,,,,,,,,,CHEMBL2362975,No relevant target,,,CHEMBL4177645,1,,Bioorg Med Chem,2017.0,,,,,27.9,27.9,1.446,Alta
CHEMBL4207152,,,435.56,1.0,5.75,,COc1ccc(-c2cc(=O)c3ccc(OCCCCCN4CCC(C)CC4)cc3o2)cc1,EC50,=,31.7,nM,7.5,,,UO_0000065,,,,,,0,CHEMBL4180915,Antioxidant activity assessed as DPPH radical scavenging activity by spectrophotometric method,F,BAO_0000019,assay format,,,,,,,,,CHEMBL2362975,No relevant target,,,CHEMBL4177645,1,,Bioorg Med Chem,2017.0,,,,,31.7,31.7,1.501,Alta
CHEMBL4218884,,,451.56,0.0,4.72,,COc1ccc(-c2cc(=O)c3ccc(OCCCCN4CCC(CCO)CC4)cc3o2)cc1,EC50,=,23.17,nM,7.63,,,UO_0000065,,,,,,0,CHEMBL4180915,Antioxidant activity assessed as DPPH radical scavenging activity by spectrophotometric method,F,BAO_0000019,assay format,,,,,,,,,CHEMBL2362975,No relevant target,,,CHEMBL4177645,1,,Bioorg Med Chem,2017.0,,,,,23.17,23.17,1.365,Alta
CHEMBL4209658,,,421.54,1.0,5.36,,COc1ccc(-c2cc(=O)c3ccc(OCCCCN4CCC(C)CC4)cc3o2)cc1,EC50,=,28.13,nM,7.55,,,UO_0000065,,,,,,0,CHEMBL4180915,Antioxidant activity assessed as DPPH radical scavenging activity by spectrophotometric method,F,BAO_0000019,assay format,,,,,,,,,CHEMBL2362975,No relevant target,,,CHEMBL4177645,1,,Bioorg Med Chem,2017.0,,,,,28.13,28.13,1.449,Alta
CHEMBL4204793,,,437.54,0.0,4.33,,COc1ccc(-c2cc(=O)c3ccc(OCCCN4CCC(CCO)CC4)cc3o2)cc1,EC50,=,22.78,nM,7.64,,,UO_0000065,,,,,,0,CHEMBL4180915,Antioxidant activity assessed as DPPH radical scavenging activity by spectrophotometric method,F,BAO_0000019,assay format,,,,,,,,,CHEMBL2362975,No relevant target,,,CHEMBL4177645,1,,Bioorg Med Chem,2017.0,,,,,22.78,22.78,1.358,Alta
CHEMBL4214058,,,407.51,0.0,4.97,,COc1ccc(-c2cc(=O)c3ccc(OCCCN4CCC(C)CC4)cc3o2)cc1,EC50,=,26.58,nM,7.58,,,UO_0000065,,,,,,0,CHEMBL4180915,Antioxidant activity assessed as DPPH radical scavenging activity by spectrophotometric method,F,BAO_0000019,assay format,,,,,,,,,CHEMBL2362975,No relevant target,,,CHEMBL4177645,1,,Bioorg Med Chem,2017.0,,,,,26.58,26.58,1.425,Alta
CHEMBL485247,,,328.32,0.0,3.19,,COc1cc(-c2cc(=O)c3ccc(O)cc3o2)cc(OC)c1OC,EC50,=,26.4,nM,7.58,,,UO_0000065,,,,,,0,CHEMBL4180915,Antioxidant activity assessed as DPPH radical scavenging activity by spectrophotometric method,F,BAO_0000019,assay format,,,,,,,,,CHEMBL2362975,No relevant target,,,CHEMBL4177645,1,,Bioorg Med Chem,2017.0,,,,,26.4,26.4,1.422,Alta
CHEMBL345778,,,298.29,0.0,3.18,,COc1ccc(-c2cc(=O)c3ccc(O)cc3o2)cc1OC,EC50,=,22.4,nM,7.65,,,UO_0000065,,,,,,0,CHEMBL4180915,Antioxidant activity assessed as DPPH radical scavenging activity by spectrophotometric method,F,BAO_0000019,assay format,,,,,,,,,CHEMBL2362975,No relevant target,,,CHEMBL4177645,1,,Bioorg Med Chem,2017.0,,,,,22.4,22.4,1.35,Alta
CHEMBL16751,,,268.27,0.0,3.17,,COc1ccc(-c2cc(=O)c3ccc(O)cc3o2)cc1,EC50,=,20.5,nM,7.69,,,UO_0000065,,,,,,0,CHEMBL4180915,Antioxidant activity assessed as DPPH radical scavenging activity by spectrophotometric method,F,BAO_0000019,assay format,,,,,,,,,CHEMBL2362975,No relevant target,,,CHEMBL4177645,1,,Bioorg Med Chem,2017.0,,,,,20.5,20.5,1.312,Alta
CHEMBL153,TROLOX,,250.29,0.0,2.49,,Cc1c(C)c2c(c(C)c1O)CCC(C)(C(=O)O)O2,EC50,=,5280.0,nM,5.28,,,UO_0000065,,,,,,0,CHEMBL4002399,Antioxidant activity assessed as ABTS radical scavenging activity after 1 min,F,BAO_0000019,assay format,,,,,,,,,CHEMBL2362975,No relevant target,,,CHEMBL4000253,1,,Bioorg Med Chem,2017.0,,,,,5.28,5280.0,3.723,Alta
CHEMBL3818390,,,339.17,0.0,3.7,,O=c1oc2c(O)c(O)ccc2cc1-c1cc(Br)cs1,EC50,>,200000.0,nM,,Outside typical range,,UO_0000065,,,,,,0,CHEMBL4002399,Antioxidant activity assessed as ABTS radical scavenging activity after 1 min,F,BAO_0000019,assay format,,,,,,,,,CHEMBL2362975,No relevant target,,,CHEMBL4000253,1,,Bioorg Med Chem,2017.0,,,,,200.0,200000.0,5.301,Baja
CHEMBL3818426,,,323.17,0.0,3.99,,O=c1oc2c(O)cccc2cc1-c1cc(Br)cs1,EC50,>,200000.0,nM,,Outside typical range,,UO_0000065,,,,,,0,CHEMBL4002399,Antioxidant activity assessed as ABTS radical scavenging activity after 1 min,F,BAO_0000019,assay format,,,,,,,,,CHEMBL2362975,No relevant target,,,CHEMBL4000253,1,,Bioorg Med Chem,2017.0,,,,,200.0,200000.0,5.301,Baja
CHEMBL4088744,,,323.17,0.0,3.99,,O=c1oc2cc(O)ccc2cc1-c1cc(Br)cs1,EC50,>,200000.0,nM,,Outside typical range,,UO_0000065,,,,,,0,CHEMBL4002399,Antioxidant activity assessed as ABTS radical scavenging activity after 1 min,F,BAO_0000019,assay format,,,,,,,,,CHEMBL2362975,No relevant target,,,CHEMBL4000253,1,,Bioorg Med Chem,2017.0,,,,,200.0,200000.0,5.301,Baja
CHEMBL4067496,,,339.17,0.0,3.7,,O=c1oc2cc(O)cc(O)c2cc1-c1cc(Br)cs1,EC50,=,11690.0,nM,4.93,,,UO_0000065,,,,,,0,CHEMBL4002399,Antioxidant activity assessed as ABTS radical scavenging activity after 1 min,F,BAO_0000019,assay format,,,,,,,,,CHEMBL2362975,No relevant target,,,CHEMBL4000253,1,,Bioorg Med Chem,2017.0,,,,,11.69,11690.0,4.068,Alta
CHEMBL4066488,,,244.27,0.0,3.23,,O=c1oc2ccc(O)cc2cc1-c1cccs1,EC50,>,200000.0,nM,,Outside typical range,,UO_0000065,,,,,,0,CHEMBL4002399,Antioxidant activity assessed as ABTS radical scavenging activity after 1 min,F,BAO_0000019,assay format,,,,,,,,,CHEMBL2362975,No relevant target,,,CHEMBL4000253,1,,Bioorg Med Chem,2017.0,,,,,200.0,200000.0,5.301,Baja
CHEMBL389990,,,244.27,0.0,3.23,,O=c1oc2cc(O)ccc2cc1-c1cccs1,EC50,>,200000.0,nM,,Outside typical range,,UO_0000065,,,,,,0,CHEMBL4002399,Antioxidant activity assessed as ABTS radical scavenging activity after 1 min,F,BAO_0000019,assay format,,,,,,,,,CHEMBL2362975,No relevant target,,,CHEMBL4000253,1,,Bioorg Med Chem,2017.0,,,,,200.0,200000.0,5.301,Baja
CHEMBL4104177,,,260.27,0.0,2.93,,O=c1oc2cc(O)cc(O)c2cc1-c1cccs1,EC50,=,8510.0,nM,5.07,,,UO_0000065,,,,,,0,CHEMBL4002399,Antioxidant activity assessed as ABTS radical scavenging activity after 1 min,F,BAO_0000019,assay format,,,,,,,,,CHEMBL2362975,No relevant target,,,CHEMBL4000253,1,,Bioorg Med Chem,2017.0,,,,,8.51,8510.0,3.93,Alta
CHEMBL4086260,,,260.27,0.0,2.93,,O=c1oc2cc(O)cc(O)c2cc1-c1ccsc1,EC50,=,8400.0,nM,5.08,,,UO_0000065,,,,,,0,CHEMBL4002399,Antioxidant activity assessed as ABTS radical scavenging activity after 1 min,F,BAO_0000019,assay format,,,,,,,,,CHEMBL2362975,No relevant target,,,CHEMBL4000253,1,,Bioorg Med Chem,2017.0,,,,,8.4,8400.0,3.924,Alta
CHEMBL4073206,,,333.14,0.0,3.63,,O=c1oc2cc(O)cc(O)c2cc1-c1ccc(Br)cc1,EC50,=,20770.0,nM,4.68,,,UO_0000065,,,,,,0,CHEMBL4002399,Antioxidant activity assessed as ABTS radical scavenging activity after 1 min,F,BAO_0000019,assay format,,,,,,,,,CHEMBL2362975,No relevant target,,,CHEMBL4000253,1,,Bioorg Med Chem,2017.0,,,,,20.77,20770.0,4.317,Alta
CHEMBL3913244,,,254.24,0.0,2.87,,O=c1oc2cc(O)cc(O)c2cc1-c1ccccc1,EC50,=,7080.0,nM,5.15,,,UO_0000065,,,,,,0,CHEMBL4002399,Antioxidant activity assessed as ABTS radical scavenging activity after 1 min,F,BAO_0000019,assay format,,,,,,,,,CHEMBL2362975,No relevant target,,,CHEMBL4000253,1,,Bioorg Med Chem,2017.0,,,,,7.08,7080.0,3.85,Alta
CHEMBL153,TROLOX,,250.29,0.0,2.49,,Cc1c(C)c2c(c(C)c1O)CCC(C)(C(=O)O)O2,EC50,=,28270.0,nM,4.55,,,UO_0000065,,,,,,0,CHEMBL4002400,Antioxidant activity assessed as DPPH radical scavenging activity incubated for 15 mins under dark condition,F,BAO_0000019,assay format,,,,,,,,,CHEMBL2362975,No relevant target,,,CHEMBL4000253,1,,Bioorg Med Chem,2017.0,,,,,28.27,28270.0,4.451,Media
CHEMBL3818390,,,339.17,0.0,3.7,,O=c1oc2c(O)c(O)ccc2cc1-c1cc(Br)cs1,EC50,>,200000.0,nM,,Outside typical range,,UO_0000065,,,,,,0,CHEMBL4002400,Antioxidant activity assessed as DPPH radical scavenging activity incubated for 15 mins under dark condition,F,BAO_0000019,assay format,,,,,,,,,CHEMBL2362975,No relevant target,,,CHEMBL4000253,1,,Bioorg Med Chem,2017.0,,,,,200.0,200000.0,5.301,Baja
CHEMBL3818426,,,323.17,0.0,3.99,,O=c1oc2c(O)cccc2cc1-c1cc(Br)cs1,EC50,>,200000.0,nM,,Outside typical range,,UO_0000065,,,,,,0,CHEMBL4002400,Antioxidant activity assessed as DPPH radical scavenging activity incubated for 15 mins under dark condition,F,BAO_0000019,assay format,,,,,,,,,CHEMBL2362975,No relevant target,,,CHEMBL4000253,1,,Bioorg Med Chem,2017.0,,,,,200.0,200000.0,5.301,Baja
CHEMBL4088744,,,323.17,0.0,3.99,,O=c1oc2cc(O)ccc2cc1-c1cc(Br)cs1,EC50,>,200000.0,nM,,Outside typical range,,UO_0000065,,,,,,0,CHEMBL4002400,Antioxidant activity assessed as DPPH radical scavenging activity incubated for 15 mins under dark condition,F,BAO_0000019,assay format,,,,,,,,,CHEMBL2362975,No relevant target,,,CHEMBL4000253,1,,Bioorg Med Chem,2017.0,,,,,200.0,200000.0,5.301,Baja
CHEMBL4067496,,,339.17,0.0,3.7,,O=c1oc2cc(O)cc(O)c2cc1-c1cc(Br)cs1,EC50,=,14130.0,nM,4.85,,,UO_0000065,,,,,,0,CHEMBL4002400,Antioxidant activity assessed as DPPH radical scavenging activity incubated for 15 mins under dark condition,F,BAO_0000019,assay format,,,,,,,,,CHEMBL2362975,No relevant target,,,CHEMBL4000253,1,,Bioorg Med Chem,2017.0,,,,,14.13,14130.0,4.15,Alta
CHEMBL4066488,,,244.27,0.0,3.23,,O=c1oc2ccc(O)cc2cc1-c1cccs1,EC50,>,200000.0,nM,,Outside typical range,,UO_0000065,,,,,,0,CHEMBL4002400,Antioxidant activity assessed as DPPH radical scavenging activity incubated for 15 mins under dark condition,F,BAO_0000019,assay format,,,,,,,,,CHEMBL2362975,No relevant target,,,CHEMBL4000253,1,,Bioorg Med Chem,2017.0,,,,,200.0,200000.0,5.301,Baja
CHEMBL389990,,,244.27,0.0,3.23,,O=c1oc2cc(O)ccc2cc1-c1cccs1,EC50,>,200000.0,nM,,Outside typical range,,UO_0000065,,,,,,0,CHEMBL4002400,Antioxidant activity assessed as DPPH radical scavenging activity incubated for 15 mins under dark condition,F,BAO_0000019,assay format,,,,,,,,,CHEMBL2362975,No relevant target,,,CHEMBL4000253,1,,Bioorg Med Chem,2017.0,,,,,200.0,200000.0,5.301,Baja
CHEMBL4104177,,,260.27,0.0,2.93,,O=c1oc2cc(O)cc(O)c2cc1-c1cccs1,EC50,=,15830.0,nM,4.8,,,UO_0000065,,,,,,0,CHEMBL4002400,Antioxidant activity assessed as DPPH radical scavenging activity incubated for 15 mins under dark condition,F,BAO_0000019,assay format,,,,,,,,,CHEMBL2362975,No relevant target,,,CHEMBL4000253,1,,Bioorg Med Chem,2017.0,,,,,15.83,15830.0,4.199,Alta
CHEMBL4086260,,,260.27,0.0,2.93,,O=c1oc2cc(O)cc(O)c2cc1-c1ccsc1,EC50,=,9420.0,nM,5.03,,,UO_0000065,,,,,,0,CHEMBL4002400,Antioxidant activity assessed as DPPH radical scavenging activity incubated for 15 mins under dark condition,F,BAO_0000019,assay format,,,,,,,,,CHEMBL2362975,No relevant target,,,CHEMBL4000253,1,,Bioorg Med Chem,2017.0,,,,,9.42,9420.0,3.974,Alta
CHEMBL4073206,,,333.14,0.0,3.63,,O=c1oc2cc(O)cc(O)c2cc1-c1ccc(Br)cc1,EC50,=,18650.0,nM,4.73,,,UO_0000065,,,,,,0,CHEMBL4002400,Antioxidant activity assessed as DPPH radical scavenging activity incubated for 15 mins under dark condition,F,BAO_0000019,assay format,,,,,,,,,CHEMBL2362975,No relevant target,,,CHEMBL4000253,1,,Bioorg Med Chem,2017.0,,,,,18.65,18650.0,4.271,Alta
CHEMBL3913244,,,254.24,0.0,2.87,,O=c1oc2cc(O)cc(O)c2cc1-c1ccccc1,EC50,=,47110.0,nM,4.33,,,UO_0000065,,,,,,0,CHEMBL4002400,Antioxidant activity assessed as DPPH radical scavenging activity incubated for 15 mins under dark condition,F,BAO_0000019,assay format,,,,,,,,,CHEMBL2362975,No relevant target,,,CHEMBL4000253,1,,Bioorg Med Chem,2017.0,,,,,47.11,47110.0,4.673,Media
CHEMBL4101303,,,452.94,0.0,4.12,,COc1cc2c(cc1OC)C(=O)C(CC1C=CN(Cc3cccc(Cl)c3)C=C1C(N)=O)C2,EC50,=,90000.0,nM,4.05,,,UO_0000065,,,,,,0,CHEMBL4013244,Antioxidant activity assessed as DPPH free radical scavenging after 40 mins incubation in dark,F,BAO_0000019,assay format,,,,,,,,,CHEMBL2362975,No relevant target,,,CHEMBL4011633,1,,J Med Chem,2017.0,,,,,90.0,90000.0,4.954,Media
CHEMBL4088197,,,381.47,0.0,3.87,,COc1cc(/C=C/C(=O)OCC2CCN(Cc3ccccc3)CC2)ccc1O,EC50,=,49410.0,nM,4.31,,,UO_0000065,,,,,,0,CHEMBL4038440,Antioxidant activity assessed as DPPH radical scavenging activity measured after 30 mins,F,BAO_0000019,assay format,,,,,,,,,CHEMBL2362975,No relevant target,,,CHEMBL4038269,1,,Eur J Med Chem,2017.0,,,,,49.41,49410.0,4.694,Media
CHEMBL4066925,,,426.47,0.0,3.78,,COc1cc(/C=C/C(=O)OCC2CCN(Cc3ccc([N+](=O)[O-])cc3)CC2)ccc1O,EC50,=,46660.0,nM,4.33,,,UO_0000065,,,,,,0,CHEMBL4038440,Antioxidant activity assessed as DPPH radical scavenging activity measured after 30 mins,F,BAO_0000019,assay format,,,,,,,,,CHEMBL2362975,No relevant target,,,CHEMBL4038269,1,,Eur J Med Chem,2017.0,,,,,46.66,46660.0,4.669,Media
CHEMBL4095933,,,460.37,0.0,4.63,,COc1cc(/C=C/C(=O)OCC2CCN(Cc3ccc(Br)cc3)CC2)ccc1O,EC50,=,45380.0,nM,4.34,,,UO_0000065,,,,,,0,CHEMBL4038440,Antioxidant activity assessed as DPPH radical scavenging activity measured after 30 mins,F,BAO_0000019,assay format,,,,,,,,,CHEMBL2362975,No relevant target,,,CHEMBL4038269,1,,Eur J Med Chem,2017.0,,,,,45.38,45380.0,4.657,Media
CHEMBL4077897,,,466.58,0.0,3.71,,COc1cc(/C=C/C(=O)OCC2CCN(Cc3ccc(N4CCOCC4)cc3)CC2)ccc1O,EC50,=,73770.0,nM,4.13,,,UO_0000065,,,,,,0,CHEMBL4038440,Antioxidant activity assessed as DPPH radical scavenging activity measured after 30 mins,F,BAO_0000019,assay format,,,,,,,,,CHEMBL2362975,No relevant target,,,CHEMBL4038269,1,,Eur J Med Chem,2017.0,,,,,73.77,73770.0,4.868,Media
CHEMBL4092552,,,411.5,0.0,3.88,,COc1ccc(CN2CCC(COC(=O)/C=C/c3ccc(O)c(OC)c3)CC2)cc1,EC50,=,78090.0,nM,4.11,,,UO_0000065,,,,,,0,CHEMBL4038440,Antioxidant activity assessed as DPPH radical scavenging activity measured after 30 mins,F,BAO_0000019,assay format,,,,,,,,,CHEMBL2362975,No relevant target,,,CHEMBL4038269,1,,Eur J Med Chem,2017.0,,,,,78.09,78090.0,4.893,Media
CHEMBL4071765,,,381.47,0.0,3.87,,COc1ccc(/C=C/C(=O)OCC2CCN(Cc3ccccc3)CC2)cc1O,EC50,>,100000.0,nM,,,,UO_0000065,,,,,,0,CHEMBL4038440,Antioxidant activity assessed as DPPH radical scavenging activity measured after 30 mins,F,BAO_0000019,assay format,,,,,,,,,CHEMBL2362975,No relevant target,,,CHEMBL4038269,1,,Eur J Med Chem,2017.0,,,,,100.0,100000.0,5.0,Media
CHEMBL4068523,,,426.47,0.0,3.78,,COc1ccc(/C=C/C(=O)OCC2CCN(Cc3ccc([N+](=O)[O-])cc3)CC2)cc1O,EC50,>,100000.0,nM,,,,UO_0000065,,,,,,0,CHEMBL4038440,Antioxidant activity assessed as DPPH radical scavenging activity measured after 30 mins,F,BAO_0000019,assay format,,,,,,,,,CHEMBL2362975,No relevant target,,,CHEMBL4038269,1,,Eur J Med Chem,2017.0,,,,,100.0,100000.0,5.0,Media
CHEMBL4089647,,,460.37,0.0,4.63,,COc1ccc(/C=C/C(=O)OCC2CCN(Cc3ccc(Br)cc3)CC2)cc1O,EC50,>,100000.0,nM,,,,UO_0000065,,,,,,0,CHEMBL4038440,Antioxidant activity assessed as DPPH radical scavenging activity measured after 30 mins,F,BAO_0000019,assay format,,,,,,,,,CHEMBL2362975,No relevant target,,,CHEMBL4038269,1,,Eur J Med Chem,2017.0,,,,,100.0,100000.0,5.0,Media
CHEMBL4059856,,,466.58,0.0,3.71,,COc1ccc(/C=C/C(=O)OCC2CCN(Cc3ccc(N4CCOCC4)cc3)CC2)cc1O,EC50,>,100000.0,nM,,,,UO_0000065,,,,,,0,CHEMBL4038440,Antioxidant activity assessed as DPPH radical scavenging activity measured after 30 mins,F,BAO_0000019,assay format,,,,,,,,,CHEMBL2362975,No relevant target,,,CHEMBL4038269,1,,Eur J Med Chem,2017.0,,,,,100.0,100000.0,5.0,Media
CHEMBL4081772,,,411.5,0.0,3.88,,COc1ccc(CN2CCC(COC(=O)/C=C/c3ccc(OC)c(O)c3)CC2)cc1,EC50,>,100000.0,nM,,,,UO_0000065,,,,,,0,CHEMBL4038440,Antioxidant activity assessed as DPPH radical scavenging activity measured after 30 mins,F,BAO_0000019,assay format,,,,,,,,,CHEMBL2362975,No relevant target,,,CHEMBL4038269,1,,Eur J Med Chem,2017.0,,,,,100.0,100000.0,5.0,Media
CHEMBL4087224,,,415.92,0.0,4.52,,COc1cc(/C=C/C(=O)OCC2CCN(Cc3ccc(Cl)cc3)CC2)ccc1O,EC50,=,20470.0,nM,4.69,,,UO_0000065,,,,,,0,CHEMBL4038440,Antioxidant activity assessed as DPPH radical scavenging activity measured after 30 mins,F,BAO_0000019,assay format,,,,,,,,,CHEMBL2362975,No relevant target,,,CHEMBL4038269,1,,Eur J Med Chem,2017.0,,,,,20.47,20470.0,4.311,Alta
CHEMBL4105081,,,425.48,0.0,3.6,,COc1cc(/C=C/C(=O)OCC2CCN(Cc3ccc4c(c3)OCO4)CC2)ccc1O,EC50,>,100000.0,nM,,,,UO_0000065,,,,,,0,CHEMBL4038440,Antioxidant activity assessed as DPPH radical scavenging activity measured after 30 mins,F,BAO_0000019,assay format,,,,,,,,,CHEMBL2362975,No relevant target,,,CHEMBL4038269,1,,Eur J Med Chem,2017.0,,,,,100.0,100000.0,5.0,Media
CHEMBL4079340,,,415.92,0.0,4.52,,COc1ccc(/C=C/C(=O)OCC2CCN(Cc3ccc(Cl)cc3)CC2)cc1O,EC50,=,12450.0,nM,4.91,,,UO_0000065,,,,,,0,CHEMBL4038440,Antioxidant activity assessed as DPPH radical scavenging activity measured after 30 mins,F,BAO_0000019,assay format,,,,,,,,,CHEMBL2362975,No relevant target,,,CHEMBL4038269,1,,Eur J Med Chem,2017.0,,,,,12.45,12450.0,4.095,Alta
CHEMBL4097365,,,425.48,0.0,3.6,,COc1ccc(/C=C/C(=O)OCC2CCN(Cc3ccc4c(c3)OCO4)CC2)cc1O,EC50,>,100000.0,nM,,,,UO_0000065,,,,,,0,CHEMBL4038440,Antioxidant activity assessed as DPPH radical scavenging activity measured after 30 mins,F,BAO_0000019,assay format,,,,,,,,,CHEMBL2362975,No relevant target,,,CHEMBL4038269,1,,Eur J Med Chem,2017.0,,,,,100.0,100000.0,5.0,Media
CHEMBL153,TROLOX,,250.29,0.0,2.49,,Cc1c(C)c2c(c(C)c1O)CCC(C)(C(=O)O)O2,EC50,=,4860.0,nM,5.31,,,UO_0000065,,,,,,0,CHEMBL4038440,Antioxidant activity assessed as DPPH radical scavenging activity measured after 30 mins,F,BAO_0000019,assay format,,,,,,,,,CHEMBL2362975,No relevant target,,,CHEMBL4038269,1,,Eur J Med Chem,2017.0,,,,,4.86,4860.0,3.687,Alta
CHEMBL32749,FERULATE,-1.0,194.19,0.0,1.5,,COc1cc(/C=C/C(=O)O)ccc1O,EC50,=,35540.0,nM,4.45,,,UO_0000065,,,,,,0,CHEMBL4038440,Antioxidant activity assessed as DPPH radical scavenging activity measured after 30 mins,F,BAO_0000019,assay format,,,,,,,,,CHEMBL2362975,No relevant target,,,CHEMBL4038269,1,,Eur J Med Chem,2017.0,,,,,35.54,35540.0,4.551,Media
CHEMBL233295,ISOFERULIC ACID,,194.19,0.0,1.5,,COc1ccc(/C=C/C(=O)O)cc1O,EC50,>,100000.0,nM,,,,UO_0000065,,,,,,0,CHEMBL4038440,Antioxidant activity assessed as DPPH radical scavenging activity measured after 30 mins,F,BAO_0000019,assay format,,,,,,,,,CHEMBL2362975,No relevant target,,,CHEMBL4038269,1,,Eur J Med Chem,2017.0,,,,,100.0,100000.0,5.0,Media
CHEMBL2364628,RICOLINOSTAT,2.0,433.51,0.0,4.13,,O=C(CCCCCCNC(=O)c1cnc(N(c2ccccc2)c2ccccc2)nc1)NO,EC50,=,255000.0,nM,,Outside typical range,,UO_0000065,,,,,,0,CHEMBL5036495,Antioxidant activity assessed as DPPH radical scavenging activity incubated for 30 mins under dark condition by microplate reader based assay,F,BAO_0000019,assay format,,,,,,,,,CHEMBL2362975,No relevant target,,,CHEMBL5036306,1,,J Med Chem,2021.0,,,,,255.0,255000.0,5.407,Baja
CHEMBL45,MELATONIN,4.0,232.28,0.0,1.86,,COc1ccc2[nH]cc(CCNC(C)=O)c2c1,EC50,>,6000000.0,nM,,Outside typical range,,UO_0000065,,,,,,0,CHEMBL5036495,Antioxidant activity assessed as DPPH radical scavenging activity incubated for 30 mins under dark condition by microplate reader based assay,F,BAO_0000019,assay format,,,,,,,,,CHEMBL2362975,No relevant target,,,CHEMBL5036306,1,,J Med Chem,2021.0,,,,,6.0,6000000.0,6.778,Baja
CHEMBL32749,FERULATE,-1.0,194.19,0.0,1.5,,COc1cc(/C=C/C(=O)O)ccc1O,EC50,=,13700.0,nM,4.86,,,UO_0000065,,,,,,0,CHEMBL5036495,Antioxidant activity assessed as DPPH radical scavenging activity incubated for 30 mins under dark condition by microplate reader based assay,F,BAO_0000019,assay format,,,,,,,,,CHEMBL2362975,No relevant target,,,CHEMBL5036306,1,,J Med Chem,2021.0,,,,,13.7,13700.0,4.137,Alta
CHEMBL141502,,,365.43,0.0,3.03,,COc1ccc2[nH]cc(CCNCc3ccc(/C=C/C(=O)NO)cc3)c2c1,EC50,=,17100.0,nM,4.77,,,UO_0000065,,,,,,0,CHEMBL5036495,Antioxidant activity assessed as DPPH radical scavenging activity incubated for 30 mins under dark condition by microplate reader based assay,F,BAO_0000019,assay format,,,,,,,,,CHEMBL2362975,No relevant target,,,CHEMBL5036306,1,,J Med Chem,2021.0,,,,,17.1,17100.0,4.233,Alta
CHEMBL5082854,,,339.39,0.0,2.63,,COc1ccc2[nH]cc(CCNCc3ccc(C(=O)NO)cc3)c2c1,EC50,=,66700.0,nM,4.18,,,UO_0000065,,,,,,0,CHEMBL5036495,Antioxidant activity assessed as DPPH radical scavenging activity incubated for 30 mins under dark condition by microplate reader based assay,F,BAO_0000019,assay format,,,,,,,,,CHEMBL2362975,No relevant target,,,CHEMBL5036306,1,,J Med Chem,2021.0,,,,,66.7,66700.0,4.824,Media
CHEMBL5085762,,,353.38,0.0,2.27,,COc1ccc2[nH]cc(CCNC(=O)c3ccc(C(=O)NO)cc3)c2c1,EC50,=,62000.0,nM,4.21,,,UO_0000065,,,,,,0,CHEMBL5036495,Antioxidant activity assessed as DPPH radical scavenging activity incubated for 30 mins under dark condition by microplate reader based assay,F,BAO_0000019,assay format,,,,,,,,,CHEMBL2362975,No relevant target,,,CHEMBL5036306,1,,J Med Chem,2021.0,,,,,62.0,62000.0,4.792,Media
CHEMBL5090786,,,379.42,0.0,2.67,,COc1ccc2[nH]cc(CCNC(=O)c3ccc(/C=C/C(=O)NO)cc3)c2c1,EC50,=,25200.0,nM,4.6,,,UO_0000065,,,,,,0,CHEMBL5036495,Antioxidant activity assessed as DPPH radical scavenging activity incubated for 30 mins under dark condition by microplate reader based assay,F,BAO_0000019,assay format,,,,,,,,,CHEMBL2362975,No relevant target,,,CHEMBL5036306,1,,J Med Chem,2021.0,,,,,25.2,25200.0,4.401,Media
CHEMBL5070312,,,379.42,0.0,2.67,,COc1ccc2[nH]cc(CCNC(=O)/C=C/c3ccc(C(=O)NO)cc3)c2c1,EC50,=,65000.0,nM,4.19,,,UO_0000065,,,,,,0,CHEMBL5036495,Antioxidant activity assessed as DPPH radical scavenging activity incubated for 30 mins under dark condition by microplate reader based assay,F,BAO_0000019,assay format,,,,,,,,,CHEMBL2362975,No relevant target,,,CHEMBL5036306,1,,J Med Chem,2021.0,,,,,65.0,65000.0,4.813,Media
CHEMBL5089482,,,333.39,0.0,1.9,,COc1ccc2[nH]cc(CCNC(=O)CCCCC(=O)NO)c2c1,EC50,=,292000.0,nM,,Outside typical range,,UO_0000065,,,,,,0,CHEMBL5036495,Antioxidant activity assessed as DPPH radical scavenging activity incubated for 30 mins under dark condition by microplate reader based assay,F,BAO_0000019,assay format,,,,,,,,,CHEMBL2362975,No relevant target,,,CHEMBL5036306,1,,J Med Chem,2021.0,,,,,292.0,292000.0,5.465,Baja
CHEMBL5078976,,,407.47,0.0,2.9,,COc1ccc2c(c1)c(CCNC(C)=O)cn2Cc1ccc(/C=C/C(=O)NO)cc1,EC50,=,31400.0,nM,4.5,,,UO_0000065,,,,,,0,CHEMBL5036495,Antioxidant activity assessed as DPPH radical scavenging activity incubated for 30 mins under dark condition by microplate reader based assay,F,BAO_0000019,assay format,,,,,,,,,CHEMBL2362975,No relevant target,,,CHEMBL5036306,1,,J Med Chem,2021.0,,,,,31.4,31400.0,4.497,Media
CHEMBL5076794,,,381.43,0.0,2.5,,COc1ccc2c(c1)c(CCNC(C)=O)cn2Cc1ccc(C(=O)NO)cc1,EC50,=,56300.0,nM,4.25,,,UO_0000065,,,,,,0,CHEMBL5036495,Antioxidant activity assessed as DPPH radical scavenging activity incubated for 30 mins under dark condition by microplate reader based assay,F,BAO_0000019,assay format,,,,,,,,,CHEMBL2362975,No relevant target,,,CHEMBL5036306,1,,J Med Chem,2021.0,,,,,56.3,56300.0,4.751,Media
CHEMBL5081920,,,361.44,0.0,2.39,,COc1ccc2c(c1)c(CCNC(C)=O)cn2CCCCCC(=O)NO,EC50,=,262000.0,nM,,Outside typical range,,UO_0000065,,,,,,0,CHEMBL5036495,Antioxidant activity assessed as DPPH radical scavenging activity incubated for 30 mins under dark condition by microplate reader based assay,F,BAO_0000019,assay format,,,,,,,,,CHEMBL2362975,No relevant target,,,CHEMBL5036306,1,,J Med Chem,2021.0,,,,,262.0,262000.0,5.418,Baja
CHEMBL5080111,,,541.6,1.0,4.69,,COc1ccc2[nH]cc(CCN(Cc3ccc(/C=C/C(=O)NO)cc3)C(=O)/C=C/c3ccc(O)c(OC)c3)c2c1,EC50,=,8500.0,nM,5.07,,,UO_0000065,,,,,,0,CHEMBL5036495,Antioxidant activity assessed as DPPH radical scavenging activity incubated for 30 mins under dark condition by microplate reader based assay,F,BAO_0000019,assay format,,,,,,,,,CHEMBL2362975,No relevant target,,,CHEMBL5036306,1,,J Med Chem,2021.0,,,,,8.5,8500.0,3.929,Alta
CHEMBL5072502,,,515.57,1.0,4.29,,COc1ccc2[nH]cc(CCN(Cc3ccc(C(=O)NO)cc3)C(=O)/C=C/c3ccc(O)c(OC)c3)c2c1,EC50,=,10800.0,nM,4.97,,,UO_0000065,,,,,,0,CHEMBL5036495,Antioxidant activity assessed as DPPH radical scavenging activity incubated for 30 mins under dark condition by microplate reader based assay,F,BAO_0000019,assay format,,,,,,,,,CHEMBL2362975,No relevant target,,,CHEMBL5036306,1,,J Med Chem,2021.0,,,,,10.8,10800.0,4.033,Alta
CHEMBL5087002,,,495.58,0.0,4.04,,COc1ccc2[nH]cc(CCN(CCCCCC(=O)NO)C(=O)/C=C/c3ccc(O)c(OC)c3)c2c1,EC50,=,8900.0,nM,5.05,,,UO_0000065,,,,,,0,CHEMBL5036495,Antioxidant activity assessed as DPPH radical scavenging activity incubated for 30 mins under dark condition by microplate reader based assay,F,BAO_0000019,assay format,,,,,,,,,CHEMBL2362975,No relevant target,,,CHEMBL5036306,1,,J Med Chem,2021.0,,,,,8.9,8900.0,3.949,Alta
CHEMBL5092272,,,598.66,1.0,3.81,,COc1ccc2[nH]cc(CCNC(=O)CN(Cc3ccc(/C=C/C(=O)NO)cc3)C(=O)/C=C/c3ccc(O)c(OC)c3)c2c1,EC50,=,8300.0,nM,5.08,,,UO_0000065,,,,,,0,CHEMBL5036495,Antioxidant activity assessed as DPPH radical scavenging activity incubated for 30 mins under dark condition by microplate reader based assay,F,BAO_0000019,assay format,,,,,,,,,CHEMBL2362975,No relevant target,,,CHEMBL5036306,1,,J Med Chem,2021.0,,,,,8.3,8300.0,3.919,Alta
CHEMBL5083024,,,572.62,1.0,3.41,,COc1ccc2[nH]cc(CCNC(=O)CN(Cc3ccc(C(=O)NO)cc3)C(=O)/C=C/c3ccc(O)c(OC)c3)c2c1,EC50,=,15200.0,nM,4.82,,,UO_0000065,,,,,,0,CHEMBL5036495,Antioxidant activity assessed as DPPH radical scavenging activity incubated for 30 mins under dark condition by microplate reader based assay,F,BAO_0000019,assay format,,,,,,,,,CHEMBL2362975,No relevant target,,,CHEMBL5036306,1,,J Med Chem,2021.0,,,,,15.2,15200.0,4.182,Alta
CHEMBL5092694,,,552.63,1.0,3.16,,COc1ccc2[nH]cc(CCNC(=O)CN(CCCCCC(=O)NO)C(=O)/C=C/c3ccc(O)c(OC)c3)c2c1,EC50,=,19100.0,nM,4.72,,,UO_0000065,,,,,,0,CHEMBL5036495,Antioxidant activity assessed as DPPH radical scavenging activity incubated for 30 mins under dark condition by microplate reader based assay,F,BAO_0000019,assay format,,,,,,,,,CHEMBL2362975,No relevant target,,,CHEMBL5036306,1,,J Med Chem,2021.0,,,,,19.1,19100.0,4.281,Alta
CHEMBL3410473,,,400.87,0.0,4.5,,O=c1c2ccccc2n(Cc2cn(Cc3ccc(Cl)cc3)nn2)c2ccccc12,EC50,>,333.0,ug.mL-1,,Outside typical range,,UO_0000274,,,,,,0,CHEMBL3411569,Antioxidant activity assessed as DPPH radical scavenging activity incubated in dark condition measured after 30 mins by UV/vis spectrophotometric analysis,P,BAO_0000100,small-molecule physicochemical format,,,,,,,,,CHEMBL2362975,No relevant target,,,CHEMBL3407370,1,,Eur J Med Chem,2015.0,,,,,333.0,830693.242,5.919,Baja
CHEMBL3410474,,,400.87,0.0,4.5,,O=c1c2ccccc2n(Cc2cn(Cc3ccccc3)nn2)c2ccc(Cl)cc12,EC50,>,700.0,ug.mL-1,,Outside typical range,,UO_0000274,,,,,,0,CHEMBL3411569,Antioxidant activity assessed as DPPH radical scavenging activity incubated in dark condition measured after 30 mins by UV/vis spectrophotometric analysis,P,BAO_0000100,small-molecule physicochemical format,,,,,,,,,CHEMBL2362975,No relevant target,,,CHEMBL3407370,1,,Eur J Med Chem,2015.0,,,,,700.0,1746202.011,6.242,Baja
CHEMBL3410477,,,396.45,0.0,3.85,,COc1ccc2c(c1)c(=O)c1ccccc1n2Cc1cn(Cc2ccccc2)nn1,EC50,>,700.0,ug.mL-1,,Outside typical range,,UO_0000274,,,,,,0,CHEMBL3411569,Antioxidant activity assessed as DPPH radical scavenging activity incubated in dark condition measured after 30 mins by UV/vis spectrophotometric analysis,P,BAO_0000100,small-molecule physicochemical format,,,,,,,,,CHEMBL2362975,No relevant target,,,CHEMBL3407370,1,,Eur J Med Chem,2015.0,,,,,700.0,1765670.324,6.247,Baja
CHEMBL3410482,,,380.45,0.0,4.15,,Cc1ccc2c(c1)c(=O)c1ccccc1n2Cc1cn(Cc2ccccc2)nn1,EC50,>,333.0,ug.mL-1,,Outside typical range,,UO_0000274,,,,,,0,CHEMBL3411569,Antioxidant activity assessed as DPPH radical scavenging activity incubated in dark condition measured after 30 mins by UV/vis spectrophotometric analysis,P,BAO_0000100,small-molecule physicochemical format,,,,,,,,,CHEMBL2362975,No relevant target,,,CHEMBL3407370,1,,Eur J Med Chem,2015.0,,,,,333.0,875279.275,5.942,Baja
CHEMBL3410484,,,384.41,0.0,3.98,,O=c1c2ccccc2n(Cc2cn(Cc3ccccc3)nn2)c2c(F)cccc12,EC50,>,700.0,ug.mL-1,,Outside typical range,,UO_0000274,,,,,,0,CHEMBL3411569,Antioxidant activity assessed as DPPH radical scavenging activity incubated in dark condition measured after 30 mins by UV/vis spectrophotometric analysis,P,BAO_0000100,small-molecule physicochemical format,,,,,,,,,CHEMBL2362975,No relevant target,,,CHEMBL3407370,1,,Eur J Med Chem,2015.0,,,,,700.0,1820972.399,6.26,Baja
CHEMBL3593656,,,447.45,0.0,3.64,,O=C(NCC1CCCN(c2nc3ccccc3o2)C1)c1cc([N+](=O)[O-])c2cccnc2c1O,EC50,=,881000.0,nM,,Outside typical range,,UO_0000065,,,,,,0,CHEMBL3595657,Antioxidant activity assessed as DPPH radical scavenging activity,P,BAO_0000100,small-molecule physicochemical format,,,,,,,,,CHEMBL2362975,No relevant target,,,CHEMBL3593240,1,,Bioorg Med Chem,2015.0,,,,,881.0,881000.0,5.945,Baja
CHEMBL3593657,,,446.51,0.0,3.46,,O=C(NCC1CCCN(C2Cc3ccccc3C2)C1)c1cc([N+](=O)[O-])c2cccnc2c1O,EC50,=,523500.0,nM,,Outside typical range,,UO_0000065,,,,,,0,CHEMBL3595657,Antioxidant activity assessed as DPPH radical scavenging activity,P,BAO_0000100,small-molecule physicochemical format,,,,,,,,,CHEMBL2362975,No relevant target,,,CHEMBL3593240,1,,Bioorg Med Chem,2015.0,,,,,523.5,523500.0,5.719,Baja
CHEMBL3593655,,,463.52,0.0,4.1,,O=C(NCC1CCCN(c2nc3ccccc3s2)C1)c1cc([N+](=O)[O-])c2cccnc2c1O,EC50,=,3829700.0,nM,,Outside typical range,,UO_0000065,,,,,,0,CHEMBL3595657,Antioxidant activity assessed as DPPH radical scavenging activity,P,BAO_0000100,small-molecule physicochemical format,,,,,,,,,CHEMBL2362975,No relevant target,,,CHEMBL3593240,1,,Bioorg Med Chem,2015.0,,,,,3829.7,3829700.0,6.583,Baja
CHEMBL3593654,,,477.55,0.0,4.1,,O=C(NCC1CCCN(Cc2nc3ccccc3s2)C1)c1cc([N+](=O)[O-])c2cccnc2c1O,EC50,=,1325500.0,nM,,Outside typical range,,UO_0000065,,,,,,0,CHEMBL3595657,Antioxidant activity assessed as DPPH radical scavenging activity,P,BAO_0000100,small-molecule physicochemical format,,,,,,,,,CHEMBL2362975,No relevant target,,,CHEMBL3593240,1,,Bioorg Med Chem,2015.0,,,,,1325.5,1325500.0,6.122,Baja
CHEMBL3593653,,,519.56,1.0,3.99,,COCCN(CC1CCN(Cc2nc3ccccc3o2)CC1)C(=O)c1cc([N+](=O)[O-])c2cccnc2c1O,EC50,=,770300.0,nM,,Outside typical range,,UO_0000065,,,,,,0,CHEMBL3595657,Antioxidant activity assessed as DPPH radical scavenging activity,P,BAO_0000100,small-molecule physicochemical format,,,,,,,,,CHEMBL2362975,No relevant target,,,CHEMBL3593240,1,,Bioorg Med Chem,2015.0,,,,,770.3,770300.0,5.887,Baja
CHEMBL3593652,,,535.63,1.0,4.46,,COCCN(CC1CCN(Cc2nc3ccccc3s2)CC1)C(=O)c1cc([N+](=O)[O-])c2cccnc2c1O,EC50,=,4142400.0,nM,,Outside typical range,,UO_0000065,,,,,,0,CHEMBL3595657,Antioxidant activity assessed as DPPH radical scavenging activity,P,BAO_0000100,small-molecule physicochemical format,,,,,,,,,CHEMBL2362975,No relevant target,,,CHEMBL3593240,1,,Bioorg Med Chem,2015.0,,,,,4142.4,4142400.0,6.617,Baja
CHEMBL3593658,,,504.59,1.0,3.82,,COCCN(CC1CCCN(C2Cc3ccccc3C2)C1)C(=O)c1cc([N+](=O)[O-])c2cccnc2c1O,EC50,=,3448800.0,nM,,Outside typical range,,UO_0000065,,,,,,0,CHEMBL3595657,Antioxidant activity assessed as DPPH radical scavenging activity,P,BAO_0000100,small-molecule physicochemical format,,,,,,,,,CHEMBL2362975,No relevant target,,,CHEMBL3593240,1,,Bioorg Med Chem,2015.0,,,,,3448.8,3448800.0,6.538,Baja
CHEMBL50,QUERCETIN,3.0,302.24,0.0,1.99,,O=c1c(O)c(-c2ccc(O)c(O)c2)oc2cc(O)cc(O)c12,EC50,=,10900.0,nM,4.96,,,UO_0000065,,,,,,0,CHEMBL3595657,Antioxidant activity assessed as DPPH radical scavenging activity,P,BAO_0000100,small-molecule physicochemical format,,,,,,,,,CHEMBL2362975,No relevant target,,,CHEMBL3593240,1,,Bioorg Med Chem,2015.0,,,,,10.9,10900.0,4.037,Alta
CHEMBL203360,,,210.24,0.0,2.94,,Oc1ccccc1-c1nc2ccccc2[nH]1,EC50,=,160000.0,nM,,Outside typical range,,UO_0000065,,,,,,0,CHEMBL4197264,Antioxidant activity assessed as DPPH radical scavenging activity incubated for 30 mins,F,BAO_0000019,assay format,,,,,,,,,CHEMBL2362975,No relevant target,,,CHEMBL4196026,1,,Eur J Med Chem,2018.0,,,,,160.0,160000.0,5.204,Media
CHEMBL95,TACRINE,4.0,198.27,0.0,2.7,,Nc1c2c(nc3ccccc13)CCCC2,EC50,>,1000000.0,nM,,Outside typical range,,UO_0000065,,,,,,0,CHEMBL4197264,Antioxidant activity assessed as DPPH radical scavenging activity incubated for 30 mins,F,BAO_0000019,assay format,,,,,,,,,CHEMBL2362975,No relevant target,,,CHEMBL4196026,1,,Eur J Med Chem,2018.0,,,,,1000.0,1000000.0,6.0,Baja
CHEMBL4210268,,,507.59,1.0,4.57,,O=C(NCC(O)CNc1c2c(nc3ccccc13)CCCC2)c1ccc2[nH]c(-c3ccccc3O)nc2c1,EC50,=,564000.0,nM,,Outside typical range,,UO_0000065,,,,,,0,CHEMBL4197264,Antioxidant activity assessed as DPPH radical scavenging activity incubated for 30 mins,F,BAO_0000019,assay format,,,,,,,,,CHEMBL2362975,No relevant target,,,CHEMBL4196026,1,,Eur J Med Chem,2018.0,,,,,564.0,564000.0,5.751,Baja
CHEMBL4214328,,,526.04,2.0,6.25,,O=C(NCCCNc1c2c(nc3cc(Cl)ccc13)CCCC2)c1ccc2[nH]c(-c3ccccc3O)nc2c1,EC50,>,1000000.0,nM,,Outside typical range,,UO_0000065,,,,,,0,CHEMBL4197264,Antioxidant activity assessed as DPPH radical scavenging activity incubated for 30 mins,F,BAO_0000019,assay format,,,,,,,,,CHEMBL2362975,No relevant target,,,CHEMBL4196026,1,,Eur J Med Chem,2018.0,,,,,1000.0,1000000.0,6.0,Baja
CHEMBL4211149,,,491.6,1.0,5.59,,O=C(NCCCNc1c2c(nc3ccccc13)CCCC2)c1ccc2[nH]c(-c3ccccc3O)nc2c1,EC50,>,1000000.0,nM,,Outside typical range,,UO_0000065,,,,,,0,CHEMBL4197264,Antioxidant activity assessed as DPPH radical scavenging activity incubated for 30 mins,F,BAO_0000019,assay format,,,,,,,,,CHEMBL2362975,No relevant target,,,CHEMBL4196026,1,,Eur J Med Chem,2018.0,,,,,1000.0,1000000.0,6.0,Baja
CHEMBL1142,4-AMINOPHENOL,,109.13,0.0,0.97,,Nc1ccc(O)cc1,EC50,=,20000.0,nM,4.7,,,UO_0000065,,,,,,0,CHEMBL4139707,Antioxidant activity assessed as DPPH radical scavenging activity incubated for 15 mins,F,BAO_0000019,assay format,,,,,,,,,CHEMBL2362975,No relevant target,,,CHEMBL4138110,1,,Eur J Med Chem,2017.0,,,,,20.0,20000.0,4.301,Alta
CHEMBL576321,,,159.19,0.0,2.13,,Nc1ccc(O)c2ccccc12,EC50,=,21000.0,nM,4.68,,,UO_0000065,,,,,,0,CHEMBL4139707,Antioxidant activity assessed as DPPH radical scavenging activity incubated for 15 mins,F,BAO_0000019,assay format,,,,,,,,,CHEMBL2362975,No relevant target,,,CHEMBL4138110,1,,Eur J Med Chem,2017.0,,,,,21.0,21000.0,4.322,Alta
CHEMBL4159902,,,160.18,0.0,1.52,,Nc1ccc(O)c2ccncc12,EC50,=,19000.0,nM,4.72,,,UO_0000065,,,,,,0,CHEMBL4139707,Antioxidant activity assessed as DPPH radical scavenging activity incubated for 15 mins,F,BAO_0000019,assay format,,,,,,,,,CHEMBL2362975,No relevant target,,,CHEMBL4138110,1,,Eur J Med Chem,2017.0,,,,,19.0,19000.0,4.279,Alta
CHEMBL4168293,,,168.2,0.0,2.29,,N#Cc1ccc(N)c2ccccc12,EC50,=,1000000.0,nM,,Outside typical range,,UO_0000065,,,,,,0,CHEMBL4139707,Antioxidant activity assessed as DPPH radical scavenging activity incubated for 15 mins,F,BAO_0000019,assay format,,,,,,,,,CHEMBL2362975,No relevant target,,,CHEMBL4138110,1,,Eur J Med Chem,2017.0,,,,,1000.0,1000000.0,6.0,Baja
CHEMBL1232567,,,145.16,0.0,1.94,,Oc1ccnc2ccccc12,EC50,=,1000000.0,nM,,Outside typical range,,UO_0000065,,,,,,0,CHEMBL4139707,Antioxidant activity assessed as DPPH radical scavenging activity incubated for 15 mins,F,BAO_0000019,assay format,,,,,,,,,CHEMBL2362975,No relevant target,,,CHEMBL4138110,1,,Eur J Med Chem,2017.0,,,,,1000.0,1000000.0,6.0,Baja
CHEMBL4174622,,,209.68,0.0,2.0,,Cl.NCc1ccc(O)c2ccccc12,EC50,=,260000.0,nM,,Outside typical range,,UO_0000065,,,,,,0,CHEMBL4139707,Antioxidant activity assessed as DPPH radical scavenging activity incubated for 15 mins,F,BAO_0000019,assay format,,,,,,,,,CHEMBL2362975,No relevant target,,,CHEMBL4138110,1,,Eur J Med Chem,2017.0,,,,,260.0,260000.0,5.415,Baja
CHEMBL4166714,,,187.2,0.0,1.64,,NC(=O)c1ccc(O)c2ccccc12,EC50,=,430000.0,nM,,Outside typical range,,UO_0000065,,,,,,0,CHEMBL4139707,Antioxidant activity assessed as DPPH radical scavenging activity incubated for 15 mins,F,BAO_0000019,assay format,,,,,,,,,CHEMBL2362975,No relevant target,,,CHEMBL4138110,1,,Eur J Med Chem,2017.0,,,,,430.0,430000.0,5.633,Baja
CHEMBL2312200,,,189.17,0.0,2.45,,O=[N+]([O-])c1ccc(O)c2ccccc12,EC50,>,1000000.0,nM,,Outside typical range,,UO_0000065,,,,,,0,CHEMBL4139707,Antioxidant activity assessed as DPPH radical scavenging activity incubated for 15 mins,F,BAO_0000019,assay format,,,,,,,,,CHEMBL2362975,No relevant target,,,CHEMBL4138110,1,,Eur J Med Chem,2017.0,,,,,1000.0,1000000.0,6.0,Baja
CHEMBL4170165,,,189.21,0.0,2.14,,COc1cc(O)c2ccccc2c1N,EC50,=,26000.0,nM,4.58,,,UO_0000065,,,,,,0,CHEMBL4139707,Antioxidant activity assessed as DPPH radical scavenging activity incubated for 15 mins,F,BAO_0000019,assay format,,,,,,,,,CHEMBL2362975,No relevant target,,,CHEMBL4138110,1,,Eur J Med Chem,2017.0,,,,,26.0,26000.0,4.415,Media
CHEMBL4172714,,,173.21,0.0,1.91,,Nc1ccc(CO)c2ccccc12,EC50,=,1000000.0,nM,,Outside typical range,,UO_0000065,,,,,,0,CHEMBL4139707,Antioxidant activity assessed as DPPH radical scavenging activity incubated for 15 mins,F,BAO_0000019,assay format,,,,,,,,,CHEMBL2362975,No relevant target,,,CHEMBL4138110,1,,Eur J Med Chem,2017.0,,,,,1000.0,1000000.0,6.0,Baja
CHEMBL4175261,,,209.68,0.0,2.43,,COc1ccc(N)c2ccccc12.Cl,EC50,=,23000.0,nM,4.64,,,UO_0000065,,,,,,0,CHEMBL4139707,Antioxidant activity assessed as DPPH radical scavenging activity incubated for 15 mins,F,BAO_0000019,assay format,,,,,,,,,CHEMBL2362975,No relevant target,,,CHEMBL4138110,1,,Eur J Med Chem,2017.0,,,,,23.0,23000.0,4.362,Alta
CHEMBL4168076,,,201.22,0.0,2.35,,CC(=O)Oc1ccc(N)c2ccccc12,EC50,>,1000000.0,nM,,Outside typical range,,UO_0000065,,,,,,0,CHEMBL4139707,Antioxidant activity assessed as DPPH radical scavenging activity incubated for 15 mins,F,BAO_0000019,assay format,,,,,,,,,CHEMBL2362975,No relevant target,,,CHEMBL4138110,1,,Eur J Med Chem,2017.0,,,,,1000.0,1000000.0,6.0,Baja
CHEMBL4172575,,,249.31,0.0,4.0,,Nc1ccc(OCc2ccccc2)c2ccccc12,EC50,=,7000.0,nM,5.16,,,UO_0000065,,,,,,0,CHEMBL4139707,Antioxidant activity assessed as DPPH radical scavenging activity incubated for 15 mins,F,BAO_0000019,assay format,,,,,,,,,CHEMBL2362975,No relevant target,,,CHEMBL4138110,1,,Eur J Med Chem,2017.0,,,,,7.0,7000.0,3.845,Alta
CHEMBL4160049,,,223.7,0.0,2.61,,CN(C)c1ccc(O)c2ccccc12.Cl,EC50,=,18000.0,nM,4.75,,,UO_0000065,,,,,,0,CHEMBL4139707,Antioxidant activity assessed as DPPH radical scavenging activity incubated for 15 mins,F,BAO_0000019,assay format,,,,,,,,,CHEMBL2362975,No relevant target,,,CHEMBL4138110,1,,Eur J Med Chem,2017.0,,,,,18.0,18000.0,4.255,Alta
CHEMBL4168302,,,201.22,0.0,2.5,,CC(=O)Nc1ccc(O)c2ccccc12,EC50,=,14000.0,nM,4.85,,,UO_0000065,,,,,,0,CHEMBL4139707,Antioxidant activity assessed as DPPH radical scavenging activity incubated for 15 mins,F,BAO_0000019,assay format,,,,,,,,,CHEMBL2362975,No relevant target,,,CHEMBL4138110,1,,Eur J Med Chem,2017.0,,,,,14.0,14000.0,4.146,Alta
CHEMBL4161954,,,215.25,0.0,2.89,,CCC(=O)Nc1ccc(O)c2ccccc12,EC50,=,16000.0,nM,4.8,,,UO_0000065,,,,,,0,CHEMBL4139707,Antioxidant activity assessed as DPPH radical scavenging activity incubated for 15 mins,F,BAO_0000019,assay format,,,,,,,,,CHEMBL2362975,No relevant target,,,CHEMBL4138110,1,,Eur J Med Chem,2017.0,,,,,16.0,16000.0,4.204,Alta
CHEMBL4170179,,,313.44,1.0,5.62,,CCCCCCCCCC(=O)Nc1ccc(O)c2ccccc12,EC50,=,18000.0,nM,4.75,,,UO_0000065,,,,,,0,CHEMBL4139707,Antioxidant activity assessed as DPPH radical scavenging activity incubated for 15 mins,F,BAO_0000019,assay format,,,,,,,,,CHEMBL2362975,No relevant target,,,CHEMBL4138110,1,,Eur J Med Chem,2017.0,,,,,18.0,18000.0,4.255,Alta
CHEMBL4163878,,,277.32,0.0,3.73,,O=C(Cc1ccccc1)Nc1ccc(O)c2ccccc12,EC50,=,18000.0,nM,4.75,,,UO_0000065,,,,,,0,CHEMBL4139707,Antioxidant activity assessed as DPPH radical scavenging activity incubated for 15 mins,F,BAO_0000019,assay format,,,,,,,,,CHEMBL2362975,No relevant target,,,CHEMBL4138110,1,,Eur J Med Chem,2017.0,,,,,18.0,18000.0,4.255,Alta
CHEMBL4172065,,,237.28,0.0,1.92,,CS(=O)(=O)Nc1ccc(O)c2ccccc12,EC50,=,18000.0,nM,4.75,,,UO_0000065,,,,,,0,CHEMBL4139707,Antioxidant activity assessed as DPPH radical scavenging activity incubated for 15 mins,F,BAO_0000019,assay format,,,,,,,,,CHEMBL2362975,No relevant target,,,CHEMBL4138110,1,,Eur J Med Chem,2017.0,,,,,18.0,18000.0,4.255,Alta
CHEMBL4166834,,,313.38,0.0,3.65,,Cc1ccc(S(=O)(=O)Nc2ccc(O)c3ccccc23)cc1,EC50,=,16000.0,nM,4.8,,,UO_0000065,,,,,,0,CHEMBL4139707,Antioxidant activity assessed as DPPH radical scavenging activity incubated for 15 mins,F,BAO_0000019,assay format,,,,,,,,,CHEMBL2362975,No relevant target,,,CHEMBL4138110,1,,Eur J Med Chem,2017.0,,,,,16.0,16000.0,4.204,Alta
CHEMBL3415885,,,264.19,,,9,NNC(=[Se])Nc1cccc2ccccc12,EC50,'=',6650.0,nM,5.18,,,UO_0000065,,,,,0.0,CHEMBL3418119,Antioxidant activity assessed as DPPH free radical scavenging activity incubated for 30 mins,P,BAO_0000100,small-molecule physicochemical format,,,,,,,,,CHEMBL2362975,No relevant target,,NO TARGET,CHEMBL3414459,1,Scientific Literature,Eur J Med Chem,2015,,,,,6.65,,6650.0,3.823,Alta
CHEMBL3415888,,,318.24,,,14,Oc1ccc(/C=N/NC(=[Se])Nc2ccccc2)cc1,EC50,'=',27800.0,nM,4.56,,,UO_0000065,,,,,0.0,CHEMBL3418119,Antioxidant activity assessed as DPPH free radical scavenging activity incubated for 30 mins,P,BAO_0000100,small-molecule physicochemical format,,,,,,,,,CHEMBL2362975,No relevant target,,NO TARGET,CHEMBL3414459,1,Scientific Literature,Eur J Med Chem,2015,,,,,27.8,,27800.0,4.444,Media
CHEMBL3415889,,,334.24,,,15,Oc1ccc(/C=N/NC(=[Se])Nc2ccccc2)cc1O,EC50,'=',8770.0,nM,5.06,,,UO_0000065,,,,,0.0,CHEMBL3418119,Antioxidant activity assessed as DPPH free radical scavenging activity incubated for 30 mins,P,BAO_0000100,small-molecule physicochemical format,,,,,,,,,CHEMBL2362975,No relevant target,,NO TARGET,CHEMBL3414459,1,Scientific Literature,Eur J Med Chem,2015,,,,,8.77,,8770.0,3.943,Alta
CHEMBL456610,,,271.35,0.0,2.71,10,Oc1ccc(/C=N/NC(=S)Nc2ccccc2)cc1,EC50,'=',90100.0,nM,4.04,,,UO_0000065,,,,,0.0,CHEMBL3418119,Antioxidant activity assessed as DPPH free radical scavenging activity incubated for 30 mins,P,BAO_0000100,small-molecule physicochemical format,,,,,,,,,CHEMBL2362975,No relevant target,,NO TARGET,CHEMBL3414459,1,Scientific Literature,Eur J Med Chem,2015,,,,,90.1,,90100.0,4.955,Media
CHEMBL3415886,,,287.34,0.0,2.42,11,Oc1ccc(/C=N/NC(=S)Nc2ccccc2)cc1O,EC50,'=',9270.0,nM,5.03,,,UO_0000065,,,,,0.0,CHEMBL3418119,Antioxidant activity assessed as DPPH free radical scavenging activity incubated for 30 mins,P,BAO_0000100,small-molecule physicochemical format,,,,,,,,,CHEMBL2362975,No relevant target,,NO TARGET,CHEMBL3414459,1,Scientific Literature,Eur J Med Chem,2015,,,,,9.27,,9270.0,3.967,Alta
CHEMBL3415887,,,303.34,0.0,2.12,13,Oc1cc(/C=N/NC(=S)Nc2ccccc2)cc(O)c1O,EC50,'=',7000.0,nM,5.16,,,UO_0000065,,,,,0.0,CHEMBL3418119,Antioxidant activity assessed as DPPH free radical scavenging activity incubated for 30 mins,P,BAO_0000100,small-molecule physicochemical format,,,,,,,,,CHEMBL2362975,No relevant target,,NO TARGET,CHEMBL3414459,1,Scientific Literature,Eur J Med Chem,2015,,,,,7.0,,7000.0,3.845,Alta
CHEMBL3415891,,,368.3,,,17,Oc1ccc(/C=N/NC(=[Se])Nc2cccc3ccccc23)cc1,EC50,'=',21670.0,nM,4.66,,,UO_0000065,,,,,0.0,CHEMBL3418119,Antioxidant activity assessed as DPPH free radical scavenging activity incubated for 30 mins,P,BAO_0000100,small-molecule physicochemical format,,,,,,,,,CHEMBL2362975,No relevant target,,NO TARGET,CHEMBL3414459,1,Scientific Literature,Eur J Med Chem,2015,,,,,21.67,,21670.0,4.336,Alta
CHEMBL3415884,,,154.12,0.0,0.62,3,O=Cc1cc(O)c(O)cc1O,EC50,'=',5970.0,nM,5.22,,,UO_0000065,,,,,0.0,CHEMBL3418119,Antioxidant activity assessed as DPPH free radical scavenging activity incubated for 30 mins,P,BAO_0000100,small-molecule physicochemical format,,,,,,,,,CHEMBL2362975,No relevant target,,NO TARGET,CHEMBL3414459,1,Scientific Literature,Eur J Med Chem,2015,,,,,5.97,,5970.0,3.776,Alta
CHEMBL3415892,,,384.3,,,18,Oc1ccc(/C=N/NC(=[Se])Nc2cccc3ccccc23)cc1O,EC50,'=',18170.0,nM,4.74,,,UO_0000065,,,,,0.0,CHEMBL3418119,Antioxidant activity assessed as DPPH free radical scavenging activity incubated for 30 mins,P,BAO_0000100,small-molecule physicochemical format,,,,,,,,,CHEMBL2362975,No relevant target,,NO TARGET,CHEMBL3414459,1,Scientific Literature,Eur J Med Chem,2015,,,,,18.17,,18170.0,4.259,Alta
CHEMBL254710,,,154.12,0.0,0.62,4,O=Cc1cc(O)c(O)c(O)c1,EC50,'=',15350.0,nM,4.81,,,UO_0000065,,,,,0.0,CHEMBL3418119,Antioxidant activity assessed as DPPH free radical scavenging activity incubated for 30 mins,P,BAO_0000100,small-molecule physicochemical format,,,,,,,,,CHEMBL2362975,No relevant target,,NO TARGET,CHEMBL3414459,1,Scientific Literature,Eur J Med Chem,2015,,,,,15.35,,15350.0,4.186,Alta
CHEMBL3415893,,,400.3,,,19,Oc1cc(O)c(/C=N/NC(=[Se])Nc2cccc3ccccc23)cc1O,EC50,'=',10700.0,nM,4.97,,,UO_0000065,,,,,0.0,CHEMBL3418119,Antioxidant activity assessed as DPPH free radical scavenging activity incubated for 30 mins,P,BAO_0000100,small-molecule physicochemical format,,,,,,,,,CHEMBL2362975,No relevant target,,NO TARGET,CHEMBL3414459,1,Scientific Literature,Eur J Med Chem,2015,,,,,10.7,,10700.0,4.029,Alta
CHEMBL3415894,,,400.3,,,20,Oc1cc(/C=N/NC(=[Se])Nc2cccc3ccccc23)cc(O)c1O,EC50,'=',8870.0,nM,5.05,,,UO_0000065,,,,,0.0,CHEMBL3418119,Antioxidant activity assessed as DPPH free radical scavenging activity incubated for 30 mins,P,BAO_0000100,small-molecule physicochemical format,,,,,,,,,CHEMBL2362975,No relevant target,,NO TARGET,CHEMBL3414459,1,Scientific Literature,Eur J Med Chem,2015,,,,,8.87,,8870.0,3.948,Alta
CHEMBL14193,4-HYDROXYBENZALDEHYDE,,122.12,0.0,1.2,1,O=Cc1ccc(O)cc1,EC50,'>',250000.0,nM,,Outside typical range,,UO_0000065,,,,,0.0,CHEMBL3418119,Antioxidant activity assessed as DPPH free radical scavenging activity incubated for 30 mins,P,BAO_0000100,small-molecule physicochemical format,,,,,,,,,CHEMBL2362975,No relevant target,,NO TARGET,CHEMBL3414459,1,Scientific Literature,Eur J Med Chem,2015,,,,,250.0,,250000.0,5.398,Baja
CHEMBL222021,PROTOCATECHUALDEHYDE,,138.12,0.0,0.91,2,O=Cc1ccc(O)c(O)c1,EC50,'=',6570.0,nM,5.18,,,UO_0000065,,,,,0.0,CHEMBL3418119,Antioxidant activity assessed as DPPH free radical scavenging activity incubated for 30 mins,P,BAO_0000100,small-molecule physicochemical format,,,,,,,,,CHEMBL2362975,No relevant target,,NO TARGET,CHEMBL3414459,1,Scientific Literature,Eur J Med Chem,2015,,,,,6.57,,6570.0,3.818,Alta
CHEMBL2296747,,,303.34,0.0,2.12,12,Oc1cc(O)c(/C=N/NC(=S)Nc2ccccc2)cc1O,EC50,'=',13900.0,nM,4.86,,,UO_0000065,,,,,0.0,CHEMBL3418119,Antioxidant activity assessed as DPPH free radical scavenging activity incubated for 30 mins,P,BAO_0000100,small-molecule physicochemical format,,,,,,,,,CHEMBL2362975,No relevant target,,NO TARGET,CHEMBL3414459,1,Scientific Literature,Eur J Med Chem,2015,,,,,13.9,,13900.0,4.143,Alta
CHEMBL3415890,,,350.24,,,16,Oc1cc(/C=N/NC(=[Se])Nc2ccccc2)cc(O)c1O,EC50,'=',4870.0,nM,5.31,,,UO_0000065,,,,,0.0,CHEMBL3418119,Antioxidant activity assessed as DPPH free radical scavenging activity incubated for 30 mins,P,BAO_0000100,small-molecule physicochemical format,,,,,,,,,CHEMBL2362975,No relevant target,,NO TARGET,CHEMBL3414459,1,Scientific Literature,Eur J Med Chem,2015,,,,,4.87,,4870.0,3.688,Alta
CHEMBL1950045,,,154.16,0.0,0.63,hydroxytyrosol,OCCc1ccc(O)c(O)c1,EC50,'=',13800.0,nM,4.86,,,UO_0000065,,,,,0.0,CHEMBL3418119,Antioxidant activity assessed as DPPH free radical scavenging activity incubated for 30 mins,P,BAO_0000100,small-molecule physicochemical format,,,,,,,,,CHEMBL2362975,No relevant target,,NO TARGET,CHEMBL3414459,1,Scientific Literature,Eur J Med Chem,2015,,,,,13.8,,13800.0,4.14,Alta
