Molecule_name;Smiles;Data_Source
Resveratrol;C1=CC(=CC=C1/C=C/C2=CC(=CC(=C2)O)O)O;001Chemical|10X CHEM|3WAY PHARM INC|4C Pharma Scientific Inc|A&J Pharmtech CO., LTD.|A2B Chem|AA BLOCKS|Aaron Chemicals LLC|AbaChemScene|abcr GmbH|Abe Lab, University of Texas MD Anderson Cancer Center|ABI Chem|AbMole Bioscience|AbovChem LLC|Acadechem|Accel Scientific|Accela ChemBio Inc.|Achemo Scientific Limited|Achemtek|Acorn PharmaTech Product List|ACT Chemical|Activate Scientific|Active Biopharma|Adooq BioScience|AEchem Scientific Corp., USA|AHH Chemical co.,ltd|AK Scientific, Inc. (AKSCI)|AKos Consulting & Solutions|Aladdin Scientific|Alfa Chemistry|Allbio Pharm Co., Ltd|Amadis Chemical|Ambeed|Ambinter|AN PharmaTech|ApexBio Technology|Apexmol|AppChem|Aribo Reagent|Aronis|Assembly Blocks Pvt. Ltd.|AstaTech, Inc.|Aurora Fine Chemicals LLC|Aurum Pharmatech LLC|AvaChem Scientific|Baker Lab, Chemistry Department, The University of North Carolina at Chapel Hill|BenchChem|BerrChemical|Bic Biotech|BindingDB|BioChemPartner|BioCyc|Biopurify Phytochemicals|Biorbyt|Biosynth|BLD Pharm|BOC Sciences|Boerchem|Broad Institute|Burek Lab, Department of Anaesthesiology, Intensive Care, Emergency and Pain Med, University Hospital Wuerzburg|Burnham Center for Chemical Genomics|C. David Weaver Laboratory, Vanderbilt University|Calbiochem|CATO Research Chemicals Inc.|CCSbase|CD Formulation|Center for Chemical Genomics, University of Michigan|Center for Natural Product Technologies at UIC (CENAPT)|ChangChem|Changzhou Highassay Chemical Co., Ltd|ChEBI|Chem-Space.com Database|ChemBank|Chembase.cn|ChEMBL|ChemDiv|ChemFaces|Chemhere|Chemical Carcinogenesis Research Information System (CCRIS)|chemical genetic matrix|Chemical Probes Portal|Chemical Synthesis Database|ChemIDplus|Chemieliva Pharmaceutical Co., Ltd|ChemMol|Chemodex Ltd.|ChemoSapiens|ChemProbes|ChemShuttle|ChemSpider|Chen Lab, School of Medicine, Emory University|Chung Lab, Department of Pediatrics, Emory University|Circadian Research, Kay Laboratory, University of California at San Diego (UCSD)|Clearsynth|Collaborative Drug Discovery, Inc.|Columbia University Molecular Screening Center|Combi-Blocks|Comparative Toxicogenomics Database (CTD)|CreativePeptides|Crystallography Open Database (COD)|CSNpharm|CymitQuimica|Davey Lab, Department of Microbiology, NEIDL, Boston University|DC Chemicals|DiscoveryGate|DrugBank|DTP/NCI|Egon Willighagen, Department of Bioinformatics - BiGCaT, Maastricht University|Elsa Biotechnology|EMD Millipore|eMolecules|Emory University Molecular Libraries Screening Center|eNovation Chemicals|EPA DSSTox|EPA Substance Registry Services|EvitaChem|FDA Global Substance Registration System (GSRS)|Finetech Industry Limited|Fisher Drug Discovery Resource Center|Fluorochem|Founder Pharma|Fredberg Lab, Harvard T.H. Chan School of Public Health|Glentham Life Sciences Ltd.|Golm Metabolome Database (GMD), Max Planck Institute of Molecular Plant Physiology|Google Patents|Gulick Lab, Department of Structural Biology, University at Buffalo|Hangzhou APIChem Technology|Hangzhou Trylead Chemical Technology|Hefei Hirisun Pharmatech Co., Ltd|Hello Bio|Horrigan Lab, Baylor College of Medicine|Human Metabolome Database (HMDB)|IBM|ICCB-Longwood Screening Facility, Harvard Medical School|iChemical Technology USA Inc|Inhibitor 2|InvivoChem|ISpharm|IUPHAR/BPS Guide to PHARMACOLOGY|J&H Chemical Co.,ltd|J&W PharmLab|Japan Chemical Substance Dictionary (Nikkaji)|KEGG|Key Organics/BIONET|LabNetwork, a WuXi AppTec Company|labseeker|Lan Pharmatech|LeadScope|LGC Standards|LIPID MAPS|MassBank Europe|MassBank of North America (MoNA)|Matrix Scientific|Mcule|MedChemexpress MCE|Meiler Lab, Vanderbilt University|Metabolomics Workbench|Midas Pharma GmbH|Milwaukee Institute for Drug Discovery|MLSMR|Molecular Libraries Program, Specialized Chemistry Center, University of Kansas|Molepedia|MolGenie|Molport|MuseChem|National Center for Advancing Translational Sciences (NCATS)|Nature Chemical Biology|Nature Chemistry|Nature Science Technologies Ltd|NCBI Structure|NextBio|NextMove Software|NIAID ChemDB|NIH Clinical Collection|NIH/NCATS RNAi|NIST Mass Spectrometry Data Center|NMRShiftDB|NORMAN Suspect List Exchange|Novartis Institutes for BioMedical Research|NovoSeek|Oakwood Products|OChem|ORST SMALL MOLECULE SCREENING CENTER|Paczesny and Yang Labs, IUPUI and University of Michigan|PATENTSCOPE (WIPO)|PDSP|Phion Ltd|Pi Chemicals|Probes & Drugs portal|Protein Data Bank in Europe (PDBe)|Prous Science Drugs of the Future|PubChem Reference Collection|R&D Chemicals|Race Chemical|RR Scientific|SCRIPDB|Selleck Chemicals|Shanghai Institute of Organic Chemistry|Shanghai Titan Scientific|Sigma-Aldrich|Sinfoo Biotech|Small Molecule Screening Facility, UW Madison|SMID|Smolecule|Soto Lab, Mitchell Center for Alzheimers Disease and Related Brain Disorders, UT Medical School Houston|Southern Research Institute|Specs|Springer Nature|Starshine Chemical|Structural Genomics Consortium|SureChEMBL|SynHet - Synthetic Heterocycles|Syntech Labs|Syntree|TargetMol|TCI (Tokyo Chemical Industry)|THE BioTek|The Scripps Research Institute Molecular Screening Center|Therapeutic Target Database (TTD)|Thieme Chemistry|Thomson Pharma|TimTec|Tocris Bioscience|Tox21|ToxPlanet|Uchem Meditech|UCLA Molecular Screening Shared Resource|UCSC Chemical Screening Center|University of Iowa High-Throughput Screening Core (UIHTS)|University of Kansas High Throughput Screening Laboratory|University of Pittsburgh Molecular Library Screening Center|Vitas-M Laboratory|VladaChem|VWR, Part of Avantor|WashU High Throughput Screening Center|Wikidata|WikiPathways|Wiley|Wilshire Technologies|Win-Win Chemical|Wubei-Biochem|Wutech|Yick-Vic Chemicals & Pharmaceuticals (HK) Ltd.|Yuhao Chemical|ZeroPM - Zero Pollution of Persistent, Mobile Substances|ZINC|Zoeller Lab, School of Medicine, Boston University
Geraniol;CC(=CCC/C(=C/CO)/C)C;001Chemical|10X CHEM|1st Scientific|3WAY PHARM INC|A&J Pharmtech CO., LTD.|A2B Chem|AA BLOCKS|AAA Chemistry|Aaron Chemicals LLC|AbaChemScene|abcr GmbH|ABI Chem|AbMole Bioscience|Acadechem|Accel Scientific|Accela ChemBio Inc.|Achemtek|Acmec Biochemical|Acorn PharmaTech Product List|AK Scientific, Inc. (AKSCI)|AKos Consulting & Solutions|Aladdin Scientific|Alfa Chemistry|Amadis Chemical|Ambeed|Ambinter|AN PharmaTech|AppChem|AstaTech, Inc.|Baker Lab, Chemistry Department, The University of North Carolina at Chapel Hill|BenchChem|BePharm Ltd.|Bic Biotech|BindingDB|BioCyc|Biopurify Phytochemicals|Biorbyt|Biosynth|BLD Pharm|BOC Sciences|Broad Institute|CATO Research Chemicals Inc.|Center for Chemical Genomics, University of Michigan|ChEBI|Chem-Space.com Database|ChemBank|Chembase.cn|ChEMBL|Chemenu Inc.|ChemExper Chemical Directory|ChemFaces|Chemical Carcinogenesis Research Information System (CCRIS)|chemical genetic matrix|ChemIDplus|Chemieliva Pharmaceutical Co., Ltd|Chemodex Ltd.|ChemoSapiens|ChemSpider|Collaborative Drug Discovery, Inc.|Combi-Blocks|CSNpharm|CymitQuimica|Debye Scientific Co., Ltd|DiscoveryGate|DrugBank|DTP/NCI|EAWAG Biocatalysis/Biodegradation Database|Egon Willighagen, Department of Bioinformatics - BiGCaT, Maastricht University|eMolecules|Emory University Molecular Libraries Screening Center|Enamine|eNovation Chemicals|enviPath|EPA DSSTox|EPA Substance Registry Services|EvitaChem|FDA Global Substance Registration System (GSRS)|Finetech Industry Limited|Fisher Drug Discovery Resource Center|Founder Pharma|Frinton Laboratories|Glentham Life Sciences Ltd.|Golm Metabolome Database (GMD), Max Planck Institute of Molecular Plant Physiology|Google Patents|Guri Giaever, Pharmaceutical Sciences, University of British Columbia|Human Metabolome Database (HMDB)|IBM|ICCB-Longwood Screening Facility, Harvard Medical School|Immune Epitope Database (IEDB)|InvivoChem|ISpharm|IUPHAR/BPS Guide to PHARMACOLOGY|J&H Chemical Co.,ltd|Jamson Pharmachem Technology|Japan Chemical Substance Dictionary (Nikkaji)|KEGG|Key Organics/BIONET|LabNetwork, a WuXi AppTec Company|labseeker|Lan Pharmatech|LeadScope|LGC Standards|LIPID MAPS|MassBank of North America (MoNA)|Matrix Scientific|Mcule|MedChemexpress MCE|Metabolomics Workbench|Molepedia|MolGenie|Molport|MTDP|MuseChem|National Center for Advancing Translational Sciences (NCATS)|Nature Chemical Biology|Nature Chemistry|NCBI Structure|NextBio|NextMove Software|NIAID ChemDB|NINDS Approved Drug Screening Program|NIST Chemistry WebBook|NIST Mass Spectrometry Data Center|NMRShiftDB|NORMAN Suspect List Exchange|NovoSeek|Oakwood Products|ORST SMALL MOLECULE SCREENING CENTER|OXCHEM CORPORATION|Parchem|PATENTSCOPE (WIPO)|Probes & Drugs portal|Protein Data Bank in Europe (PDBe)|Prous Science Drugs of the Future|PubChem Reference Collection|R&D Chemicals|RR Scientific|Santa Cruz Biotechnology, Inc.|SCRIPDB|Selleck Chemicals|Shanghai Titan Scientific|Sigma-Aldrich|Sinfoo Biotech|Small Molecule Screening Facility, UW Madison|Smolecule|Springer Nature|SpringerMaterials|Starshine Chemical|SureChEMBL|SynHet - Synthetic Heterocycles|Syntree|TargetMol|TCI (Tokyo Chemical Industry)|THE BioTek|The Natural Products Atlas|The Scripps Research Institute Molecular Screening Center|Therapeutic Target Database (TTD)|Thieme Chemistry|Thomson Pharma|Thoreauchem|TimTec|Tox21|ToxPlanet|Tractus|University of Iowa High-Throughput Screening Core (UIHTS)|University of Kansas High Throughput Screening Laboratory|Van Aroma|VladaChem|VWR, Part of Avantor|Wikidata|Wiley|Wolves R&D chemical|Wubei-Biochem|Wutech|Yick-Vic Chemicals & Pharmaceuticals (HK) Ltd.|Yuhao Chemical|ZeroPM - Zero Pollution of Persistent, Mobile Substances|ZINC
Quercetin;C1=CC(=C(C=C1C2=C(C(=O)C3=C(C=C(C=C3O2)O)O)O)O)O;001Chemical|10X CHEM|3WAY PHARM INC|4C Pharma Scientific Inc|A&J Pharmtech CO., LTD.|A2B Chem|AA BLOCKS|Aaron Chemicals LLC|AbaChemScene|Abbott Labs|abcr GmbH|Abe Lab, University of Texas MD Anderson Cancer Center|ABI Chem|AbMole Bioscience|AbovChem LLC|Acadechem|Accel Scientific|Accela ChemBio Inc.|Achemica|Achemo Scientific Limited|Achemtek|Acmec Biochemical|Acorn PharmaTech Product List|Active Biopharma|Adooq BioScience|AEchem Scientific Corp., USA|AgroIntelBioScan.com|AHH Chemical co.,ltd|AiFChem, an XtalPi Company|AK Scientific, Inc. (AKSCI)|AKos Consulting & Solutions|Aladdin Scientific|Alfa Chemistry|Alichem|Alsachim|Amadis Chemical|Ambeed|Ambinter|AN PharmaTech|Angene Chemical|Anward|ApexBio Technology|AppChem|Ark Pharm, Inc.|Ark Pharma Scientific Limited|ASINEX|Assembly Blocks Pvt. Ltd.|AstaTech, Inc.|Aurora Fine Chemicals LLC|Aurum Pharmatech LLC|AvaChem Scientific|Baker Lab, Chemistry Department, The University of North Carolina at Chapel Hill|BenchChem|BePharm Ltd.|Bic Biotech|BIDD|BIND|BindingDB|BioChemPartner|Biocore|BioCrick|BioCyc|Biopharma PEG Scientific Inc|Biopurify Phytochemicals|Biorbyt|Biosynth|BLD Pharm|BOC Sciences|Broad Institute|Buhrlage Lab, Dana-Farber Cancer Institute and Novartis Institutes for BioMedical Research (Cambridge, Mass)|Burek Lab, Department of Anaesthesiology, Intensive Care, Emergency and Pain Med, University Hospital Wuerzburg|Burnham Center for Chemical Genomics|C. David Weaver Laboratory, Vanderbilt University|Calbiochem|CAPOT|Carcinogenic Potency Database (CPDB)|CATO Research Chemicals Inc.|CC_PMLSC|CCSbase|CD Formulation|Center for Chemical Genomics, University of Michigan|Center for Natural Product Technologies at UIC (CENAPT)|ChEBI|Chem-Impex|Chem-Space.com Database|ChemBank|Chembase.cn|ChEMBL|ChemBlock|ChemBridge|ChemDB|ChemDiv|ChemExper Chemical Directory|ChemFaces|Chemical Carcinogenesis Research Information System (CCRIS)|chemical genetic matrix|Chemical Probes Portal|ChemIDplus|Chemieliva Pharmaceutical Co., Ltd|Cheminformatics Friedrich-Schiller-University Jena|ChemMol|Chemodex Ltd.|ChemoSapiens|ChemProbes|ChemShuttle|ChemSpider|ChemTik|Chen Lab, School of Medicine, Emory University|China MainChem Co., Ltd|Circadian Research, Kay Laboratory, University of California at San Diego (UCSD)|Clearsynth|Collaborative Drug Discovery, Inc.|Columbia University Molecular Screening Center|Combi-Blocks|Comparative Toxicogenomics Database (CTD)|Cooke Chemical Co., Ltd|Crystallography Open Database (COD)|CSNpharm|Cure First|CymitQuimica|Davey Lab, Department of Microbiology, NEIDL, Boston University|DC Chemicals|Debye Scientific Co., Ltd|DempoChem|DiscoveryGate|DrugBank|DrugCentral|DTP/NCI|EAWAG Biocatalysis/Biodegradation Database|Egon Willighagen, Department of Bioinformatics - BiGCaT, Maastricht University|Elsa Biotechnology|EMD Millipore|eMolecules|Emory University Molecular Libraries Screening Center|Enamine|eNovation Chemicals|enviPath|EPA DSSTox|EPA Substance Registry Services|FDA Global Substance Registration System (GSRS)|Finetech Industry Limited|Fisher Drug Discovery Resource Center|Fluorochem|Founder Pharma|Fredberg Lab, Harvard T.H. Chan School of Public Health|Genetic Toxicology Data Bank (GENE-TOX)|Genome Instability in Tumors (B420) group, DKFZ|Glentham Life Sciences Ltd.|Golm Metabolome Database (GMD), Max Planck Institute of Molecular Plant Physiology|Google Patents|Gulick Lab, Department of Structural Biology, University at Buffalo|Hairui Chemical|Hangzhou APIChem Technology|Hello Bio|Human Metabolome Database (HMDB)|Hunan Huateng Pharmaceutical Co., Ltd.|IBM|ICCB-Longwood Screening Facility, Harvard Medical School|iChemical Technology USA Inc|Inhibitor 2|Innovapharm|InvivoChem|ISpharm|IUPHAR/BPS Guide to PHARMACOLOGY|J&H Chemical Co.,ltd|Japan Chemical Substance Dictionary (Nikkaji)|KEGG|Keith Lab, Institute of Cancer Science, University of Glasgow|Key Organics/BIONET|King Scientific|LabNetwork, a WuXi AppTec Company|labseeker|LeadScope|LEAPCHEM|LGC Standards|Life Chemicals|LIPID MAPS|MassBank Europe|MassBank of North America (MoNA)|Matrix Scientific|Mcule|MedChemexpress MCE|Meiler Lab, Vanderbilt University|Metabolomics Workbench|Midas Pharma GmbH|Milwaukee Institute for Drug Discovery|MLSMR|MolCore|Molecular Libraries Program, Specialized Chemistry Center, University of Kansas|Molecule Market|Molepedia|MolGenie|MolMall|Molport|MP Biomedicals|MTDP|MuseChem|National Center for Advancing Translational Sciences (NCATS)|Nature Chemical Biology|Nature Science Technologies Ltd|NCBI Structure|NextBio|NextMove Software|NIAID ChemDB|NIH/NCATS RNAi|NINDS Approved Drug Screening Program|NIST Mass Spectrometry Data Center|NORMAN Suspect List Exchange|Novartis Institutes for BioMedical Research|NovoSeek|Oakwood Products|OChem|ORST SMALL MOLECULE SCREENING CENTER|OtavaChemicals|OXCHEM CORPORATION|Paczesny and Yang Labs, IUPUI and University of Michigan|Parchem|PATENTSCOPE (WIPO)|PDSP|Phion Ltd|Pi Chemicals|Probes & Drugs portal|Protein Data Bank in Europe (PDBe)|Prous Science Drugs of the Future|PubChem Reference Collection|R&D Chemicals|R.Sathishkumar,Phytomatics Laboratory, Department of Bioinformatics, Bharathiar University|Race Chemical|Rosewachem|RR Scientific|Santa Cruz Biotechnology, Inc.|Santagata Laboratory - Brigham and Women's Hospital and Harvard Medical School|SCRIPDB|Selleck Chemicals|SGCOxCompounds|Shanghai Institute of Organic Chemistry|Shanghai Tauto Biotech Co., Ltd|Shanghai Titan Scientific|Sigma-Aldrich|Sinfoo Biotech|Small Molecule Screening Facility, UW Madison|SMID|Smolecule|Southern Research Institute|Specs|Springer Nature|SRMLSC|Starshine Chemical|Structural Genomics Consortium|SureChEMBL|SynHet - Synthetic Heterocycles|Syntech Labs|Syntree|TargetMol|TCI (Tokyo Chemical Industry)|THE BioTek|The Scripps Research Institute Molecular Screening Center|Therapeutic Target Database (TTD)|Thermo Fisher Scientific|Thieme Chemistry|Thomson Pharma|Thoreauchem|TimTec|Tocris Bioscience|Tox21|ToxPlanet|Tractus|TripleBond|Uchem Meditech|UCLA Molecular Screening Shared Resource|UCSC Chemical Screening Center|University of Iowa High-Throughput Screening Core (UIHTS)|University of Kansas High Throughput Screening Laboratory|University of Pittsburgh Molecular Library Screening Center|VanderVen Lab, College of Veterinary Medicine, Cornell University|Vitas-M Laboratory|VladaChem|VWR, Part of Avantor|WashU High Throughput Screening Center|Wikidata|WikiPathways|Wiley|Win-Win Chemical|Wolves R&D chemical|Wubei-Biochem|Yick-Vic Chemicals & Pharmaceuticals (HK) Ltd.|Yuhao Chemical|ZeroPM - Zero Pollution of Persistent, Mobile Substances|ZINC|Zoeller Lab, School of Medicine, Boston University
Kojic Acid;C1=C(OC=C(C1=O)O)CO;001Chemical|10X CHEM|A&J Pharmtech CO., LTD.|A2B Chem|AA BLOCKS|Aaron Chemicals LLC|AbaChemScene|abcr GmbH|ABI Chem|AbMole Bioscience|Acadechem|Accel Scientific|Accela ChemBio Inc.|Achemica|Achemo Scientific Limited|Acmec Biochemical|AHH Chemical co.,ltd|AiFChem, an XtalPi Company|AK Scientific, Inc. (AKSCI)|AKos Consulting & Solutions|Aladdin Scientific|Alfa Chemistry|Amadis Chemical|Ambeed|Ambinter|AN PharmaTech|Anward|AppChem|Ark Pharm, Inc.|Assembly Blocks Pvt. Ltd.|AstaTech, Inc.|Aurora Fine Chemicals LLC|Aurum Pharmatech LLC|BenchChem|BePharm Ltd.|Bic Biotech|BIDD|BindingDB|BioAustralis Fine Chemicals|Biocore|BioCrick|BioCyc|Biorbyt|Biosynth|BLD Pharm|BOC Sciences|Buhrlage Lab, Dana-Farber Cancer Institute and Novartis Institutes for BioMedical Research (Cambridge, Mass)|Carcinogenic Potency Database (CPDB)|CATO Research Chemicals Inc.|CCSbase|CD Formulation|Center for Chemical Genomics, University of Michigan|Changzhou Highassay Chemical Co., Ltd|ChEBI|Chem-Impex|Chem-Space.com Database|ChemBank|Chembase.cn|ChEMBL|ChemDB|ChemExper Chemical Directory|ChemFaces|Chemical Carcinogenesis Research Information System (CCRIS)|chemical genetic matrix|ChemIDplus|Chemieliva Pharmaceutical Co., Ltd|Cheminformatics Friedrich-Schiller-University Jena|ChemMol|ChemoSapiens|ChemSpider|ChemTik|Chen Lab, School of Medicine, Emory University|China MainChem Co., Ltd|Clinivex|Collaborative Drug Discovery, Inc.|Combi-Blocks|CSNpharm|CymitQuimica|DC Chemicals|DiscoveryGate|DrugBank|DrugCentral|DTP/NCI|Egon Willighagen, Department of Bioinformatics - BiGCaT, Maastricht University|eMolecules|Enamine|eNovation Chemicals|EPA DSSTox|EPA Substance Registry Services|FDA Global Substance Registration System (GSRS)|Finetech Industry Limited|Fisher Drug Discovery Resource Center|Fluorochem|Founder Pharma|Genetic Toxicology Data Bank (GENE-TOX)|Glentham Life Sciences Ltd.|Golm Metabolome Database (GMD), Max Planck Institute of Molecular Plant Physiology|Google Patents|Hangzhou APIChem Technology|Human Metabolome Database (HMDB)|IBM|ICCB-Longwood Screening Facility, Harvard Medical School|iChemical Technology USA Inc|ISpharm|J&H Chemical Co.,ltd|Japan Chemical Substance Dictionary (Nikkaji)|Karki Laboratory of Innate Immunity and Cell Death, Seoul National University|KEGG|Keith Lab, Institute of Cancer Science, University of Glasgow|Key Organics/BIONET|King Scientific|LabNetwork, a WuXi AppTec Company|labseeker|LeadScope|LEAPCHEM|LGC Standards|Life Chemicals|MassBank Europe|MassBank of North America (MoNA)|Matrix Scientific|Mcule|MedChemexpress MCE|Metabolomics Workbench|MolCore|Molecular Libraries Program, Specialized Chemistry Center, University of Kansas|Molecule Market|Molepedia|MolGenie|Molport|MP Biomedicals|MTDP|MuseChem|National Center for Advancing Translational Sciences (NCATS)|Nature Chemical Biology|Nature Chemistry|NextBio|NextMove Software|NIAID ChemDB|NINDS Approved Drug Screening Program|NIST Chemistry WebBook|NIST Mass Spectrometry Data Center|NMRShiftDB|NORMAN Suspect List Exchange|NovoSeek|Oakwood Products|OChem|ORST SMALL MOLECULE SCREENING CENTER|OtavaChemicals|OXCHEM CORPORATION|Paczesny and Yang Labs, IUPUI and University of Michigan|Parchem|PATENTSCOPE (WIPO)|Phion Ltd|Pi Chemicals|Probes & Drugs portal|Protein Data Bank in Europe (PDBe)|PubChem Reference Collection|R&D Chemicals|Rare Chemicals GmbH, Germany|RR Scientific|Santa Cruz Biotechnology, Inc.|SCRIPDB|Selleck Chemicals|SHANDONG OCTAGON CHEMICALS LIMITED|Shanghai Titan Scientific|SharyPharm|Sigma-Aldrich|Sinfoo Biotech|Sinofi Ingredients|Small Molecule Screening Facility, UW Madison|SMID|Smolecule|Specs|Springer Nature|SpringerMaterials|Starshine Chemical|SureChEMBL|SynHet - Synthetic Heterocycles|Syntree|TargetMol|TCI (Tokyo Chemical Industry)|THE BioTek|The Natural Products Atlas|The Scripps Research Institute Molecular Screening Center|Therapeutic Target Database (TTD)|Thermo Fisher Scientific|Thieme Chemistry|Thomson Pharma|Thoreauchem|TimTec|Tox21|ToxPlanet|Tractus|University of Kansas High Throughput Screening Laboratory|Vitas-M Laboratory|VladaChem|VWR, Part of Avantor|W&J PharmaChem|Wikidata|Wiley|Wilshire Technologies|Win-Win Chemical|Wolves R&D chemical|Wubei-Biochem|Yick-Vic Chemicals & Pharmaceuticals (HK) Ltd.|Yuhao Chemical|ZeroPM - Zero Pollution of Persistent, Mobile Substances|ZINC
I2-Ionone;CC1=C(C(CCC1)(C)C)/C=C/C(=O)C;001Chemical|10X CHEM|3WAY PHARM INC|4C Pharma Scientific Inc|A&J Pharmtech CO., LTD.|A2B Chem|AA BLOCKS|Aaron Chemicals LLC|AbaChemScene|abcr GmbH|ABI Chem|Acadechem|Accel Scientific|Achemo Scientific Limited|Achemtek|Acmec Biochemical|AHH Chemical co.,ltd|AiFChem, an XtalPi Company|AK Scientific, Inc. (AKSCI)|AKos Consulting & Solutions|Aladdin Scientific|Alfa Chemistry|Alichem|Amadis Chemical|Ambeed|Ambinter|AN PharmaTech|Apexmol|AppChem|AstaTech, Inc.|Aurora Fine Chemicals LLC|Aurum Pharmatech LLC|Baker Lab, Chemistry Department, The University of North Carolina at Chapel Hill|BenchChem|BePharm Ltd.|Bic Biotech|BindingDB|BioCyc|Biorbyt|Biosynth|BLD Pharm|BOC Sciences|CATO Research Chemicals Inc.|CD Formulation|ChEBI|Chem-Space.com Database|Chembase.cn|ChEMBL|ChemDiv|Chemenu Inc.|ChemExper Chemical Directory|ChemFaces|Chemical Carcinogenesis Research Information System (CCRIS)|Chemical Synthesis Database|ChemIDplus|Chemieliva Pharmaceutical Co., Ltd|ChemoSapiens|ChemShuttle|ChemSpider|Collaborative Drug Discovery, Inc.|Combi-Blocks|Comparative Toxicogenomics Database (CTD)|CSNpharm|CymitQuimica|DC Chemicals|DiscoveryGate|DTP/NCI|Egon Willighagen, Department of Bioinformatics - BiGCaT, Maastricht University|eMolecules|Enamine|eNovation Chemicals|EPA DSSTox|EvitaChem|FDA Global Substance Registration System (GSRS)|Finetech Industry Limited|Fluorochem|Founder Pharma|Glentham Life Sciences Ltd.|Google Patents|Human Metabolome Database (HMDB)|IBM|iChemical Technology USA Inc|InvivoChem|ISpharm|J&H Chemical Co.,ltd|Jamson Pharmachem Technology|Japan Chemical Substance Dictionary (Nikkaji)|KEGG|Key Organics/BIONET|LabNetwork, a WuXi AppTec Company|LeadScope|LGC Standards|Life Chemicals|MassBank of North America (MoNA)|Matrix Scientific|Mcule|MedChemexpress MCE|Metabolomics Workbench|Molepedia|MolGenie|Molport|MTDP|MuseChem|National Center for Advancing Translational Sciences (NCATS)|NextBio|NextMove Software|NIAID ChemDB|NIST Chemistry WebBook|NIST Mass Spectrometry Data Center|NMRShiftDB|NORMAN Suspect List Exchange|NovoSeek|Oakwood Products|OXCHEM CORPORATION|Parchem|PATENTSCOPE (WIPO)|Phion Ltd|Protein Data Bank in Europe (PDBe)|PubChem Reference Collection|RR Scientific|Santa Cruz Biotechnology, Inc.|SCRIPDB|Shanghai Titan Scientific|Sigma-Aldrich|Sinfoo Biotech|Smolecule|Springer Nature|Starshine Chemical|SureChEMBL|SynHet - Synthetic Heterocycles|Syntree|TargetMol|THE BioTek|The Natural Products Atlas|Thermo Fisher Scientific|Thieme Chemistry|Thomson Pharma|TimTec|Tox21|ToxPlanet|Tractus|Vitas-M Laboratory|VladaChem|VWR, Part of Avantor|Wikidata|WikiPathways|Wiley|Wubei-Biochem|Yick-Vic Chemicals & Pharmaceuticals (HK) Ltd.|Yuhao Chemical|ZeroPM - Zero Pollution of Persistent, Mobile Substances|ZINC
Farnesol;CC(=CCC/C(=C/CC/C(=C/CO)/C)/C)C;001Chemical|10X CHEM|3WAY PHARM INC|A&J Pharmtech CO., LTD.|A2B Chem|AA BLOCKS|Aaron Chemicals LLC|AbaChemScene|abcr GmbH|Abe Lab, University of Texas MD Anderson Cancer Center|ABI Chem|AbMole Bioscience|Acadechem|Accel Scientific|Accela ChemBio Inc.|Achemtek|Acmec Biochemical|AEchem Scientific Corp., USA|AiFChem, an XtalPi Company|AK Scientific, Inc. (AKSCI)|AKos Consulting & Solutions|Aladdin Scientific|Alfa Chemistry|Amadis Chemical|Ambeed|Ambinter|AN PharmaTech|Apexmol|AppChem|Aribo Reagent|AstaTech, Inc.|Aurora Fine Chemicals LLC|BenchChem|BIND|BindingDB|BioChemPartner|BioCyc|Biorbyt|BLD Pharm|BOC Sciences|Boerchem|Broad Institute|BroadPharm|CATO Research Chemicals Inc.|CCSbase|Center for Chemical Genomics, University of Michigan|Changzhou Highassay Chemical Co., Ltd|ChEBI|Chem-Space.com Database|ChemBank|Chembase.cn|ChEMBL|Chemenu Inc.|ChemExper Chemical Directory|ChemFaces|chemical genetic matrix|Chemical Synthesis Database|ChemIDplus|Chemieliva Pharmaceutical Co., Ltd|ChemMol|ChemoSapiens|ChemShuttle|ChemSpider|Chen Lab, School of Medicine, Emory University|Collaborative Drug Discovery, Inc.|Combi-Blocks|CSNpharm|CymitQuimica|DC Chemicals|Debye Scientific Co., Ltd|DiscoveryGate|Egon Willighagen, Department of Bioinformatics - BiGCaT, Maastricht University|Elsa Biotechnology|eMolecules|Emory University Molecular Libraries Screening Center|Enamine|eNovation Chemicals|EPA DSSTox|EPA Substance Registry Services|FDA Global Substance Registration System (GSRS)|Finetech Industry Limited|Fisher Drug Discovery Resource Center|Fluorochem|Glentham Life Sciences Ltd.|Golm Metabolome Database (GMD), Max Planck Institute of Molecular Plant Physiology|Google Patents|Guri Giaever, Pharmaceutical Sciences, University of British Columbia|Hangzhou APIChem Technology|Human Metabolome Database (HMDB)|IBM|ICCB-Longwood Screening Facility, Harvard Medical School|iChemical Technology USA Inc|InvivoChem|ISpharm|J&H Chemical Co.,ltd|Jamson Pharmachem Technology|Japan Chemical Substance Dictionary (Nikkaji)|KEGG|Keith Lab, Institute of Cancer Science, University of Glasgow|Key Organics/BIONET|LabNetwork, a WuXi AppTec Company|labseeker|LeadScope|LGC Standards|Life Chemicals|LIPID MAPS|MassBank of North America (MoNA)|Matrix Scientific|Mcule|MedChemexpress MCE|Metabolomics Workbench|Milestone Pharmtech USA Inc.|Molepedia|MolGenie|MolMall|Molport|MuseChem|National Center for Advancing Translational Sciences (NCATS)|Nature Chemical Biology|Nature Chemistry|NCBI Structure|NextBio|NextMove Software|NIAID ChemDB|NIST Chemistry WebBook|NIST Mass Spectrometry Data Center|NMRShiftDB|NORMAN Suspect List Exchange|NovoSeek|Oakwood Products|OChem|ORST SMALL MOLECULE SCREENING CENTER|Parchem|PATENTSCOPE (WIPO)|Pi Chemicals|Probes & Drugs portal|Protein Data Bank in Europe (PDBe)|PubChem Reference Collection|R&D Chemicals|Rosewachem|Santa Cruz Biotechnology, Inc.|SCRIPDB|Selleck Chemicals|Shanghai Titan Scientific|Sigma-Aldrich|Sinfoo Biotech|SKKU-NRT|Small Molecule Screening Facility, UW Madison|SMID|Smolecule|Springer Nature|SpringerMaterials|Starshine Chemical|SureChEMBL|SynHet - Synthetic Heterocycles|Synthonix, Inc.|TargetMol|TCI (Tokyo Chemical Industry)|THE BioTek|The Natural Products Atlas|Thermo Fisher Scientific|Thieme Chemistry|Thomson Pharma|Thoreauchem|TimTec|Tox21|ToxPlanet|Tractus|University of Iowa High-Throughput Screening Core (UIHTS)|University of Kansas High Throughput Screening Laboratory|Vitas-M Laboratory|VladaChem|VWR, Part of Avantor|Wikidata|Wiley|Wilshire Technologies|Win-Win Chemical|Wubei-Biochem|Yick-Vic Chemicals & Pharmaceuticals (HK) Ltd.|Yuhao Chemical|ZeroPM - Zero Pollution of Persistent, Mobile Substances|ZINC
Gallic Acid;C1=C(C=C(C(=C1O)O)O)C(=O)O;001Chemical|10X CHEM|1st Scientific|3WAY PHARM INC|4C Pharma Scientific Inc|A&J Pharmtech CO., LTD.|A2B Chem|AA BLOCKS|AAA Chemistry|Aaron Chemicals LLC|AbaChemScene|ABBLIS Chemicals|abcr GmbH|Abe Lab, University of Texas MD Anderson Cancer Center|ABI Chem|AbMole Bioscience|Acadechem|Accel Scientific|Accela ChemBio Inc.|Achemica|Achemtek|Acmec Biochemical|Acorn PharmaTech Product List|Adooq BioScience|AgroIntelBioScan.com|AHH Chemical co.,ltd|AiFChem, an XtalPi Company|AK Scientific, Inc. (AKSCI)|AKos Consulting & Solutions|Aladdin Scientific|Alfa Chemistry|Amadis Chemical|Ambeed|Ambinter|AN PharmaTech|Angene Chemical|Anward|ApexBio Technology|AppChem|Ark Pharm, Inc.|Ark Pharma Scientific Limited|Aronis|AstaTech, Inc.|Aurora Fine Chemicals LLC|Aurum Pharmatech LLC|Axon Medchem|BenchChem|BePharm Ltd.|Bic Biotech|BIDD|BIND|BindingDB|BioChemPartner|BioCrick|BioCyc|Biological Magnetic Resonance Data Bank (BMRB)|Biopurify Phytochemicals|Biorbyt|Biosynth|BLD Pharm|BOC Sciences|Boerchem|Broad Institute|Burnham Center for Chemical Genomics|Carcinogenic Potency Database (CPDB)|CATO Research Chemicals Inc.|CCSbase|CD Formulation|Center for Chemical Genomics, University of Michigan|Center for Natural Product Technologies at UIC (CENAPT)|ChEBI|Chem-Impex|Chem-Space.com Database|ChemBank|Chembase.cn|ChEMBL|ChemDB|ChemDiv|Chemenu Inc.|ChemExper Chemical Directory|ChemFaces|Chemical Carcinogenesis Research Information System (CCRIS)|chemical genetic matrix|ChemIDplus|Chemieliva Pharmaceutical Co., Ltd|Cheminformatics Friedrich-Schiller-University Jena|ChemMol|ChemoSapiens|ChemShuttle|ChemSpider|ChemTik|Chen Lab, School of Medicine, Emory University|Collaborative Drug Discovery, Inc.|Combi-Blocks|Comparative Toxicogenomics Database (CTD)|Cooke Chemical Co., Ltd|Crystallography Open Database (COD)|CSNpharm|CymitQuimica|Davey Lab, Department of Microbiology, NEIDL, Boston University|DC Chemicals|Debye Scientific Co., Ltd|DiscoveryGate|DSL Chemicals|DTP/NCI|EAWAG Biocatalysis/Biodegradation Database|Egon Willighagen, Department of Bioinformatics - BiGCaT, Maastricht University|eMolecules|Emory University Molecular Libraries Screening Center|Enamine|eNovation Chemicals|enviPath|EPA DSSTox|EPA Substance Registry Services|EvitaChem|FDA Global Substance Registration System (GSRS)|Finetech Industry Limited|Fisher Chemical|Fisher Drug Discovery Resource Center|Fluorochem|Fondchemical Limited|Founder Pharma|Genetic Toxicology Data Bank (GENE-TOX)|GFS Chemicals|Glentham Life Sciences Ltd.|Golm Metabolome Database (GMD), Max Planck Institute of Molecular Plant Physiology|Google Patents|Gulick Lab, Department of Structural Biology, University at Buffalo|Hairui Chemical|Hangzhou APIChem Technology|Human Metabolome Database (HMDB)|IBM|ICCB-Longwood Screening Facility, Harvard Medical School|iChemical Technology USA Inc|Innovapharm|InvivoChem|ISpharm|IUPAC Digitized pKa Dataset|IUPHAR/BPS Guide to PHARMACOLOGY|J&H Chemical Co.,ltd|Jamson Pharmachem Technology|Japan Chemical Substance Dictionary (Nikkaji)|KEGG|Key Organics/BIONET|King Scientific|LabNetwork, a WuXi AppTec Company|labseeker|LeadScope|LEAPCHEM|LGC Standards|Life Chemicals|LKT Labs|MassBank Europe|MassBank of North America (MoNA)|Matrix Scientific|Mcule|MedChemexpress MCE|Metabolomics Workbench|Milbrandt Lab, Department of Genetics, Washington University School of Medicine|MolCore|Molecule Market|Molepedia|MolGenie|Molport|MP Biomedicals|MuseChem|National Center for Advancing Translational Sciences (NCATS)|Nature Chemical Biology|NCBI Structure|NextBio|NextMove Software|NIAID ChemDB|NIST Chemistry WebBook|NIST Mass Spectrometry Data Center|NMRShiftDB|NORMAN Suspect List Exchange|Novartis Institutes for BioMedical Research|NovoSeek|Oakwood Products|ORST SMALL MOLECULE SCREENING CENTER|OtavaChemicals|OXCHEM CORPORATION|Parchem|PATENTSCOPE (WIPO)|Phion Ltd|Pi Chemicals|Probes & Drugs portal|Protein Data Bank in Europe (PDBe)|Prous Science Drugs of the Future|PubChem Reference Collection|R&D Chemicals|Rare Chemicals GmbH, Germany|RR Scientific|Santa Cruz Biotechnology, Inc.|SCRIPDB|Selleck Chemicals|Shanghai Titan Scientific|Sigma-Aldrich|Sinfoo Biotech|SLING Consortium|Small Molecule Screening Facility, UW Madison|SMID|Smolecule|Southern Research Institute|Springer Nature|SpringerMaterials|Starshine Chemical|SureChEMBL|SynHet - Synthetic Heterocycles|SynQuest Laboratories|Syntree|TargetMol|TCI (Tokyo Chemical Industry)|THE BioTek|The Scripps Research Institute Molecular Screening Center|Therapeutic Target Database (TTD)|Thermo Fisher Scientific|Thieme Chemistry|Thomson Pharma|Thoreauchem|TimTec|Tox21|ToxPlanet|Tractus|TripleBond|Uchem Meditech|University of Iowa High-Throughput Screening Core (UIHTS)|University of Kansas High Throughput Screening Laboratory|Veeprho|Vitas-M Laboratory|VladaChem|VWR, Part of Avantor|Wikidata|Wiley|Win-Win Chemical|Wolschendorf Lab, School of Medicine, University of Alabama at Birmingham|Wolves R&D chemical|Wubei-Biochem|Wutech|Yick-Vic Chemicals & Pharmaceuticals (HK) Ltd.|Yuhao Chemical|ZeroPM - Zero Pollution of Persistent, Mobile Substances|ZINC
Pyrogallol;C1=CC(=C(C(=C1)O)O)O;001Chemical|10X CHEM|3WAY PHARM INC|4C Pharma Scientific Inc|A&J Pharmtech CO., LTD.|A2B Chem|AA BLOCKS|AAA Chemistry|Aaron Chemicals LLC|AbaChemScene|ABBLIS Chemicals|abcr GmbH|ABI Chem|Acadechem|Accel Scientific|Achemica|Achemo Scientific Limited|Acorn PharmaTech Product List|Activate Scientific|AHH Chemical co.,ltd|AiFChem, an XtalPi Company|AK Scientific, Inc. (AKSCI)|AKos Consulting & Solutions|Aladdin Scientific|Alfa Chemistry|Amadis Chemical|Ambeed|AN PharmaTech|Angene Chemical|Anward|Apexmol|AppChem|Aribo Reagent|Ark Pharm, Inc.|Ark Pharma Scientific Limited|AstaTech, Inc.|Aurum Pharmatech LLC|AvaChem Scientific|BenchChem|BerrChemical|Bic Biotech|BindingDB|BioChemPartner|BioCrick|BioCyc|Biopharma PEG Scientific Inc|Biorbyt|Biosynth|BLD Pharm|BOC Sciences|Boerchem|BroadPharm|CAPOT|CATO Research Chemicals Inc.|CD Formulation|Center for Chemical Genomics, University of Michigan|ChEBI|Chem-Impex|Chem-Space.com Database|Chembase.cn|ChEMBL|ChemDB|Chemenu Inc.|ChemExper Chemical Directory|ChemFaces|Chemical Carcinogenesis Research Information System (CCRIS)|ChemIDplus|Chemieliva Pharmaceutical Co., Ltd|Cheminformatics Friedrich-Schiller-University Jena|ChemMol|Chemodex Ltd.|ChemoSapiens|ChemSpider|ChemTik|China MainChem Co., Ltd|Collaborative Drug Discovery, Inc.|Combi-Blocks|Comparative Toxicogenomics Database (CTD)|Cooke Chemical Co., Ltd|Crystallography Open Database (COD)|CSNpharm|CymitQuimica|DC Chemicals|Debye Scientific Co., Ltd|DiscoveryGate|DTP/NCI|EAWAG Biocatalysis/Biodegradation Database|ECI Group, LCSB, University of Luxembourg|Egon Willighagen, Department of Bioinformatics - BiGCaT, Maastricht University|Elsa Biotechnology|eMolecules|Enamine|eNovation Chemicals|enviPath|EPA DSSTox|EPA Substance Registry Services|FDA Global Substance Registration System (GSRS)|Finetech Industry Limited|Fisher Chemical|Fluorochem|Founder Pharma|Genetic Toxicology Data Bank (GENE-TOX)|Glentham Life Sciences Ltd.|Google Patents|Hairui Chemical|Hangzhou APIChem Technology|Hangzhou Trylead Chemical Technology|Human Metabolome Database (HMDB)|IBM|ICCB-Longwood Screening Facility, Harvard Medical School|iChemical Technology USA Inc|InvivoChem|ISpharm|IUPAC Digitized pKa Dataset|IUPHAR/BPS Guide to PHARMACOLOGY|J&H Chemical Co.,ltd|Japan Chemical Substance Dictionary (Nikkaji)|KEGG|Key Organics/BIONET|King Scientific|LabNetwork, a WuXi AppTec Company|labseeker|LeadScope|LGC Standards|Life Chemicals|MassBank Europe|MassBank of North America (MoNA)|Matrix Scientific|Mcule|MedChemexpress MCE|Metabolomics Workbench|MLSMR|MolCore|Molecule Market|Molepedia|MolGenie|Molport|MP Biomedicals|MuseChem|National Center for Advancing Translational Sciences (NCATS)|NCBI Structure|NextBio|NextMove Software|NIAID ChemDB|NIST Chemistry WebBook|NIST Mass Spectrometry Data Center|NMRShiftDB|NORMAN Suspect List Exchange|NovoSeek|Oakwood Products|OtavaChemicals|Parchem|PATENTSCOPE (WIPO)|Phion Ltd|Probes & Drugs portal|Protein Data Bank in Europe (PDBe)|PubChem Reference Collection|RR Scientific|Santa Cruz Biotechnology, Inc.|SCRIPDB|Selleck Chemicals|Shanghai Titan Scientific|Sigma-Aldrich|Sinfoo Biotech|SLING Consortium|SMID|Smolecule|Specs|Springer Nature|SpringerMaterials|Starshine Chemical|SureChEMBL|SynHet - Synthetic Heterocycles|SynQuest Laboratories|Syntree|TargetMol|TCI (Tokyo Chemical Industry)|THE BioTek|The Natural Products Atlas|Therapeutic Target Database (TTD)|Thermo Fisher Scientific|Thieme Chemistry|Thomson Pharma|Thoreauchem|TimTec|Tox21|ToxPlanet|Tractus|TripleBond|University of Kansas High Throughput Screening Laboratory|Veeprho|Vitas-M Laboratory|VladaChem|VWR, Part of Avantor|Wikidata|Wiley|Win-Win Chemical|Wubei-Biochem|Wutech|Yick-Vic Chemicals & Pharmaceuticals (HK) Ltd.|Yuhao Chemical|ZeroPM - Zero Pollution of Persistent, Mobile Substances|ZINC
Erythorbic Acid;C([C@H]([C@@H]1C(=C(C(=O)O1)O)O)O)O;001Chemical|10X CHEM|3WAY PHARM INC|A2B Chem|AA BLOCKS|AAA Chemistry|Aaron Chemicals LLC|AbaChemScene|ABBLIS Chemicals|abcr GmbH|ABI Chem|Accel Scientific|Accela ChemBio Inc.|Achemtek|Acmec Biochemical|AHH Chemical co.,ltd|AiFChem, an XtalPi Company|AK Scientific, Inc. (AKSCI)|AKos Consulting & Solutions|Aladdin Scientific|Alfa Chemistry|Alichem|Amadis Chemical|Ambeed|AN PharmaTech|AppChem|AstaTech, Inc.|Aurora Fine Chemicals LLC|Baker Lab, Chemistry Department, The University of North Carolina at Chapel Hill|BenchChem|Biorbyt|Biosynth|BLD Pharm|BOC Sciences|Carcinogenic Potency Database (CPDB)|CATO Research Chemicals Inc.|CD Formulation|Center for Chemical Genomics, University of Michigan|ChEBI|Chem-Space.com Database|Chembase.cn|ChEMBL|Chemenu Inc.|ChemExper Chemical Directory|Chemhere|Chemical Carcinogenesis Research Information System (CCRIS)|ChemIDplus|Chemieliva Pharmaceutical Co., Ltd|Cheminformatics Friedrich-Schiller-University Jena|ChemMol|ChemoSapiens|ChemSpider|Combi-Blocks|CSNpharm|CymitQuimica|Debye Scientific Co., Ltd|DiscoveryGate|DTP/NCI|Egon Willighagen, Department of Bioinformatics - BiGCaT, Maastricht University|eMolecules|Enamine|eNovation Chemicals|EPA DSSTox|EPA Substance Registry Services|EvitaChem|FDA Global Substance Registration System (GSRS)|Finetech Industry Limited|Fluorochem|Genetic Toxicology Data Bank (GENE-TOX)|GlyTouCan Project|Golm Metabolome Database (GMD), Max Planck Institute of Molecular Plant Physiology|Google Patents|IBM|iChemical Technology USA Inc|InvivoChem|ISpharm|J&H Chemical Co.,ltd|Japan Chemical Substance Dictionary (Nikkaji)|KEGG|Key Organics/BIONET|King Scientific|LabNetwork, a WuXi AppTec Company|LeadScope|LGC Standards|Mcule|MedChemexpress MCE|Metabolomics Workbench|Molecule Market|MolGenie|Molport|MuseChem|National Center for Advancing Translational Sciences (NCATS)|NCBI Structure|NextBio|NextMove Software|NIAID ChemDB|NIST Mass Spectrometry Data Center|NMRShiftDB|NORMAN Suspect List Exchange|NovoSeek|Oakwood Products|Parchem|PATENTSCOPE (WIPO)|Probes & Drugs portal|Protein Data Bank in Europe (PDBe)|PubChem Reference Collection|RR Scientific|Santa Cruz Biotechnology, Inc.|SCRIPDB|Selleck Chemicals|Shanghai Institute of Organic Chemistry|Shanghai Titan Scientific|Sigma-Aldrich|Sinofi Ingredients|Smolecule|Springer Nature|SpringerMaterials|Starshine Chemical|SureChEMBL|SynHet - Synthetic Heterocycles|TargetMol|TCI (Tokyo Chemical Industry)|THE BioTek|The Natural Products Atlas|Thieme Chemistry|Thomson Pharma|TimTec|Tox21|ToxPlanet|Veeprho|VWR, Part of Avantor|Wikidata|Wiley|Wubei-Biochem|Wutech|Yick-Vic Chemicals & Pharmaceuticals (HK) Ltd.|Yuhao Chemical|ZeroPM - Zero Pollution of Persistent, Mobile Substances|ZINC
Tyrosol;C1=CC(=CC=C1CCO)O;001Chemical|10X CHEM|3WAY PHARM INC|4C Pharma Scientific Inc|A&J Pharmtech CO., LTD.|A2B Chem|AA BLOCKS|AAA Chemistry|Aaron Chemicals LLC|AbaChemScene|ABBLIS Chemicals|abcr GmbH|ABI Chem|AbMole Bioscience|Acadechem|Accel Scientific|Accela ChemBio Inc.|Achemica|Achemo Scientific Limited|Acmec Biochemical|Acorn PharmaTech Product List|Activate Scientific|Adooq BioScience|AEchem Scientific Corp., USA|AHH Chemical co.,ltd|AK Scientific, Inc. (AKSCI)|AKos Consulting & Solutions|Aladdin Scientific|Alfa Chemistry|Alichem|Amadis Chemical|Ambeed|Ambinter|AN PharmaTech|Angene Chemical|Anward|ApexBio Technology|Apexmol|AppChem|Aribo Reagent|Ark Pharm, Inc.|Ark Pharma Scientific Limited|Aromsyn catalogue|AstaTech, Inc.|Aurora Fine Chemicals LLC|Aurum Pharmatech LLC|BenchChem|BePharm Ltd.|BerrChemical|Bic Biotech|BindingDB|BioChemPartner|Biocore|BioCrick|BioCyc|Biological Magnetic Resonance Data Bank (BMRB)|Biopharma PEG Scientific Inc|Biorbyt|Biosynth|BLD Pharm|BOC Sciences|Boerchem|CAPOT|CATO Research Chemicals Inc.|CCSbase|Center for Chemical Genomics, University of Michigan|ChangChem|Changzhou Highassay Chemical Co., Ltd|ChEBI|Chem-Space.com Database|Chembase.cn|ChEMBL|ChemDB|Chemenu Inc.|ChemExper Chemical Directory|ChemFaces|ChemFish Tokyo Co., Ltd.|ChemIDplus|Chemieliva Pharmaceutical Co., Ltd|Cheminformatics Friedrich-Schiller-University Jena|ChemMol|ChemoSapiens|ChemShuttle|ChemSpider|ChemTik|Collaborative Drug Discovery, Inc.|Combi-Blocks|Cooke Chemical Co., Ltd|CoreSyn|Crystallography Open Database (COD)|CSNpharm|CymitQuimica|DC Chemicals|Debye Scientific Co., Ltd|DiscoveryGate|DSL Chemicals|DTP/NCI|Egon Willighagen, Department of Bioinformatics - BiGCaT, Maastricht University|Elsa Biotechnology|eMolecules|Enamine|eNovation Chemicals|EPA DSSTox|EPA Substance Registry Services|FDA Global Substance Registration System (GSRS)|Finetech Industry Limited|Fluorochem|Founder Pharma|Glentham Life Sciences Ltd.|Golm Metabolome Database (GMD), Max Planck Institute of Molecular Plant Physiology|Google Patents|Hairui Chemical|Hangzhou APIChem Technology|Hangzhou Trylead Chemical Technology|Human Metabolome Database (HMDB)|Hunan Chemfish Pharmaceutical Co., Ltd.|IBM|ICCB-Longwood Screening Facility, Harvard Medical School|iChemical Technology USA Inc|ISpharm|J&H Chemical Co.,ltd|Japan Chemical Substance Dictionary (Nikkaji)|KCS Online|KEGG|Key Organics/BIONET|King Scientific|LabNetwork, a WuXi AppTec Company|labseeker|Lan Pharmatech|LeadScope|LEAPCHEM|LGC Standards|Life Chemicals|MassBank Europe|MassBank of North America (MoNA)|Matrix Scientific|Mcule|MedChemexpress MCE|Metabolomics Workbench|MLSMR|MolCore|Molecule Market|Molepedia|MolGenie|Molport|MuseChem|National Center for Advancing Translational Sciences (NCATS)|NCBI Structure|NextBio|NextMove Software|NIST Chemistry WebBook|NIST Mass Spectrometry Data Center|NMRShiftDB|NORMAN Suspect List Exchange|NovoSeek|Oakwood Products|OXCHEM CORPORATION|PATENTSCOPE (WIPO)|Phion Ltd|Pi Chemicals|Probes & Drugs portal|Protein Data Bank in Europe (PDBe)|PubChem Reference Collection|R&D Chemicals|RR Scientific|Santa Cruz Biotechnology, Inc.|SCRIPDB|Selleck Chemicals|Shanghai Titan Scientific|Sigma-Aldrich|Sinfoo Biotech|Small Molecule Screening Facility, UW Madison|Smolecule|Springer Nature|Starshine Chemical|SureChEMBL|SynHet - Synthetic Heterocycles|Syntree|TargetMol|TCI (Tokyo Chemical Industry)|THE BioTek|The Natural Products Atlas|Thermo Fisher Scientific|Thieme Chemistry|Thomson Pharma|Thoreauchem|TimTec|ToxPlanet|Tractus|University of Kansas High Throughput Screening Laboratory|Veeprho|VladaChem|VWR, Part of Avantor|Wikidata|Wiley|Win-Win Chemical|Wolves R&D chemical|Wubei-Biochem|Wutech|Yick-Vic Chemicals & Pharmaceuticals (HK) Ltd.|Yuhao Chemical|ZeroPM - Zero Pollution of Persistent, Mobile Substances|ZINC|Zjartschem|Zoeller Lab, School of Medicine, Boston University
(+)-Ursolic Acid;C[C@@H]1CC[C@@]2(CC[C@@]3(C(=CC[C@H]4[C@]3(CC[C@@H]5[C@@]4(CC[C@@H](C5(C)C)O)C)C)[C@@H]2[C@H]1C)C)C(=O)O;001Chemical|3WAY PHARM INC|A&J Pharmtech CO., LTD.|AA BLOCKS|Aaron Chemicals LLC|AbaChemScene|abcr GmbH|Abe Lab, University of Texas MD Anderson Cancer Center|ABI Chem|AbMole Bioscience|AbovChem LLC|Accela ChemBio Inc.|Achemtek|Acorn PharmaTech Product List|Activate Scientific|AEchem Scientific Corp., USA|AHH Chemical co.,ltd|AKos Consulting & Solutions|Aladdin Scientific|Alfa Chemistry|Allbio Pharm Co., Ltd|Amadis Chemical|Ambinter|AN PharmaTech|Anward|ApexBio Technology|AstaTech, Inc.|AvaChem Scientific|BenchChem|BindingDB|BioAustralis Fine Chemicals|BioCyc|Biosynth|BOC Sciences|Broad Institute|CATO Research Chemicals Inc.|Center for Chemical Genomics, University of Michigan|Center for Natural Product Technologies at UIC (CENAPT)|ChEBI|Chem-Space.com Database|ChemBank|Chembase.cn|ChEMBL|ChemExper Chemical Directory|ChemFaces|Chemical Carcinogenesis Research Information System (CCRIS)|ChemIDplus|Chemieliva Pharmaceutical Co., Ltd|Cheminformatics Friedrich-Schiller-University Jena|ChemMol|ChemoSapiens|ChemSpider|ChemTik|Chen Lab, School of Medicine, Emory University|Chiralblock Biosciences|Collaborative Drug Discovery, Inc.|Comparative Toxicogenomics Database (CTD)|CymitQuimica|Davey Lab, Department of Microbiology, NEIDL, Boston University|DC Chemicals|DiscoveryGate|DrugBank|Egon Willighagen, Department of Bioinformatics - BiGCaT, Maastricht University|EMD Biosciences|EMD Millipore|eMolecules|eNovation Chemicals|EPA DSSTox|EvitaChem|FDA Global Substance Registration System (GSRS)|Finetech Industry Limited|Fisher Drug Discovery Resource Center|Glentham Life Sciences Ltd.|Golm Metabolome Database (GMD), Max Planck Institute of Molecular Plant Physiology|Google Patents|Guri Giaever, Pharmaceutical Sciences, University of British Columbia|Hangzhou Trylead Chemical Technology|Human Metabolome Database (HMDB)|IBM|ICCB-Longwood Screening Facility, Harvard Medical School|iChemical Technology USA Inc|InvivoChem|J&H Chemical Co.,ltd|Japan Chemical Substance Dictionary (Nikkaji)|KEGG|Key Organics/BIONET|LabNetwork, a WuXi AppTec Company|LeadScope|LGC Standards|LIPID MAPS|MassBank Europe|MassBank of North America (MoNA)|Mcule|MedChemexpress MCE|Metabolomics Workbench|MLSMR|Molecule Market|MolGenie|Molport|MTDP|MuseChem|National Center for Advancing Translational Sciences (NCATS)|Nature Science Technologies Ltd|NCBI Structure|NextBio|NextMove Software|NIAID ChemDB|NIH/NCATS RNAi|NORMAN Suspect List Exchange|NovoSeek|OChem|PATENTSCOPE (WIPO)|Pharmacore Co., Limited|Phion Ltd|Planta Analytica, Inc.|Probes & Drugs portal|Protein Data Bank in Europe (PDBe)|Prous Science Drugs of the Future|PubChem Reference Collection|R&D Chemicals|Race Chemical|RR Scientific|Santa Cruz Biotechnology, Inc.|SCRIPDB|Shanghai Titan Scientific|Sigma-Aldrich|SLING Consortium|Small Molecule Screening Facility, UW Madison|Southern Research Institute|Springer Nature|Starshine Chemical|SureChEMBL|Syntree|TCI (Tokyo Chemical Industry)|THE BioTek|The Scripps Research Institute Molecular Screening Center|Therapeutic Target Database (TTD)|Thermo Fisher Scientific|Thieme Chemistry|Thomson Pharma|TimTec|Total TOSLab Building-Blocks|ToxPlanet|Tractus|TripleBond|VladaChem|Wikidata|Wilshire Technologies|Wubei-Biochem|Yick-Vic Chemicals & Pharmaceuticals (HK) Ltd.|ZeroPM - Zero Pollution of Persistent, Mobile Substances|ZINC
Sesamin;C1[C@H]2[C@H](CO[C@@H]2C3=CC4=C(C=C3)OCO4)[C@H](O1)C5=CC6=C(C=C5)OCO6;001Chemical|A&J Pharmtech CO., LTD.|AA BLOCKS|AAA Chemistry|Aaron Chemicals LLC|AbaChemScene|abcr GmbH|ABI Chem|Accela ChemBio Inc.|Achemtek|Acorn PharmaTech Product List|Activate Scientific|Active Biopharma|Adooq BioScience|AHH Chemical co.,ltd|AiFChem, an XtalPi Company|AK Scientific, Inc. (AKSCI)|AKos Consulting & Solutions|Aladdin Scientific|Alfa Chemistry|Amadis Chemical|Ambeed|ApexBio Technology|Assembly Blocks Pvt. Ltd.|AstaTech, Inc.|Aurora Fine Chemicals LLC|AvaChem Scientific|BindingDB|BioCyc|Biopurify Phytochemicals|Biorbyt|Biosynth|BLD Pharm|BOC Sciences|Broad Institute|CATO Research Chemicals Inc.|Center for Chemical Genomics, University of Michigan|ChEBI|Chem-Space.com Database|ChemBank|Chembase.cn|ChEMBL|ChemFaces|ChemIDplus|Chemieliva Pharmaceutical Co., Ltd|Cheminformatics Friedrich-Schiller-University Jena|ChemoSapiens|ChemSpider|Collaborative Drug Discovery, Inc.|Combi-Blocks|Crystallography Open Database (COD)|CSNpharm|CymitQuimica|Davey Lab, Department of Microbiology, NEIDL, Boston University|DC Chemicals|DiscoveryGate|Egon Willighagen, Department of Bioinformatics - BiGCaT, Maastricht University|eMolecules|eNovation Chemicals|EPA DSSTox|EvitaChem|FDA Global Substance Registration System (GSRS)|Finetech Industry Limited|Fluorochem|Fondchemical Limited|Glentham Life Sciences Ltd.|Google Patents|Human Metabolome Database (HMDB)|IBM|ICCB-Longwood Screening Facility, Harvard Medical School|InvivoChem|IUPHAR/BPS Guide to PHARMACOLOGY|J&H Chemical Co.,ltd|Japan Chemical Substance Dictionary (Nikkaji)|KEGG|Key Organics/BIONET|LabNetwork, a WuXi AppTec Company|LeadScope|LGC Standards|MassBank of North America (MoNA)|Mcule|MedChemexpress MCE|Metabolomics Workbench|MLSMR|Molecule Market|MolGenie|Molport|National Center for Advancing Translational Sciences (NCATS)|Nature Chemical Biology|NextBio|NIAID ChemDB|NIH/NCATS RNAi|NORMAN Suspect List Exchange|NovoSeek|Oakwood Products|OChem|Paczesny and Yang Labs, IUPUI and University of Michigan|PATENTSCOPE (WIPO)|Probes & Drugs portal|PubChem Reference Collection|Race Chemical|RR Scientific|Santa Cruz Biotechnology, Inc.|SCRIPDB|Selleck Chemicals|Shanghai Titan Scientific|Sigma-Aldrich|Small Molecule Screening Facility, UW Madison|Springer Nature|Starshine Chemical|SureChEMBL|TargetMol|TCI (Tokyo Chemical Industry)|The Natural Products Atlas|The Scripps Research Institute Molecular Screening Center|Thieme Chemistry|Thomson Pharma|ToxPlanet|Tractus|Wikidata|Wilshire Technologies|Yick-Vic Chemicals & Pharmaceuticals (HK) Ltd.|ZeroPM - Zero Pollution of Persistent, Mobile Substances|ZINC
Canthaxanthin;CC1=C(C(CCC1=O)(C)C)/C=C/C(=C/C=C/C(=C/C=C/C=C(/C=C/C=C(/C=C/C2=C(C(=O)CCC2(C)C)C)\C)\C)/C)/C;001Chemical|10X CHEM|A2B Chem|AA BLOCKS|Aaron Chemicals LLC|AbaChemScene|abcr GmbH|Abe Lab, University of Texas MD Anderson Cancer Center|ABI Chem|AbMole Bioscience|Achemtek|Acmec Biochemical|AHH Chemical co.,ltd|AiFChem, an XtalPi Company|AK Scientific, Inc. (AKSCI)|AKos Consulting & Solutions|Alfa Chemistry|Amadis Chemical|AppChem|AstaTech, Inc.|Aurora Fine Chemicals LLC|BenchChem|BioCrick|BioCyc|Biosynth|BLD Pharm|CATO Research Chemicals Inc.|CD Formulation|Center for Chemical Genomics, University of Michigan|ChEBI|Chem-Space.com Database|Chembase.cn|ChEMBL|Chemical Carcinogenesis Research Information System (CCRIS)|chemical genetic matrix|ChemIDplus|Chemieliva Pharmaceutical Co., Ltd|ChemoSapiens|ChemSpider|China MainChem Co., Ltd|Collaborative Drug Discovery, Inc.|Comparative Toxicogenomics Database (CTD)|Crystallography Open Database (COD)|CSNpharm|CymitQuimica|DC Chemicals|DiscoveryGate|DTP/NCI|Egon Willighagen, Department of Bioinformatics - BiGCaT, Maastricht University|eMolecules|Emory University Molecular Libraries Screening Center|eNovation Chemicals|EPA DSSTox|FDA Global Substance Registration System (GSRS)|Fisher Drug Discovery Resource Center|Glentham Life Sciences Ltd.|Google Patents|Human Metabolome Database (HMDB)|ICCB-Longwood Screening Facility, Harvard Medical School|iChemical Technology USA Inc|InvivoChem|J&H Chemical Co.,ltd|Japan Chemical Substance Dictionary (Nikkaji)|KEGG|Key Organics/BIONET|LabNetwork, a WuXi AppTec Company|labseeker|LeadScope|LGC Standards|LIPID MAPS|MassBank of North America (MoNA)|Mcule|MedChemexpress MCE|Metabolomics Workbench|MolGenie|Molport|MuseChem|National Center for Advancing Translational Sciences (NCATS)|NCBI Structure|NextBio|NextMove Software|NORMAN Suspect List Exchange|NovoSeek|Parchem|PATENTSCOPE (WIPO)|Probes & Drugs portal|Protein Data Bank in Europe (PDBe)|Prous Science Drugs of the Future|PubChem Reference Collection|R&D Chemicals|RR Scientific|Santa Cruz Biotechnology, Inc.|SCRIPDB|Sigma-Aldrich|Smolecule|Southern Research Institute|Springer Nature|SpringerMaterials|Starshine Chemical|SureChEMBL|TargetMol|THE BioTek|The Natural Products Atlas|Thieme Chemistry|Thomson Pharma|Tox21|ToxPlanet|University of Iowa High-Throughput Screening Core (UIHTS)|Wikidata|Yuhao Chemical|ZeroPM - Zero Pollution of Persistent, Mobile Substances|ZINC
Silibinin B;COC1=C(C=CC(=C1)[C@H]2[C@@H](OC3=C(O2)C=C(C=C3)[C@@H]4[C@H](C(=O)C5=C(C=C(C=C5O4)O)O)O)CO)O;001Chemical|10X CHEM|A2B Chem|AbaChemScene|ABI Chem|Accel Scientific|Achemtek|AiFChem, an XtalPi Company|AK Scientific, Inc. (AKSCI)|AKos Consulting & Solutions|Alfa Chemistry|Amadis Chemical|Ambinter|AppChem|Aromalake Chemical|AstaTech, Inc.|Aurora Fine Chemicals LLC|AvaChem Scientific|BenchChem|BindingDB|Biorbyt|Biosynth|BLD Pharm|BOC Sciences|CATO Research Chemicals Inc.|ChEBI|Chem-Space.com Database|Chembase.cn|ChEMBL|ChemFaces|Chemical Carcinogenesis Research Information System (CCRIS)|ChemIDplus|Cheminformatics Friedrich-Schiller-University Jena|ChemMol|ChemoSapiens|ChemSpider|Collaborative Drug Discovery, Inc.|CymitQuimica|DiscoveryGate|Egon Willighagen, Department of Bioinformatics - BiGCaT, Maastricht University|eMolecules|eNovation Chemicals|EPA DSSTox|EPA Substance Registry Services|FDA Global Substance Registration System (GSRS)|Glixx Labs Inc|Google Patents|ISpharm|J&H Chemical Co.,ltd|Japan Chemical Substance Dictionary (Nikkaji)|Key Organics/BIONET|LGC Standards|MassBank Europe|Mcule|MedChemexpress MCE|MolGenie|Molport|MuseChem|NextBio|NextMove Software|NIAID ChemDB|PATENTSCOPE (WIPO)|Probes & Drugs portal|PubChem Reference Collection|Race Chemical|SCRIPDB|Sigma-Aldrich|Smolecule|Springer Nature|Starshine Chemical|SureChEMBL|TargetMol|THE BioTek|The Natural Products Atlas|Therapeutic Target Database (TTD)|Thomson Pharma|ToxPlanet|Wikidata|Yick-Vic Chemicals & Pharmaceuticals (HK) Ltd.|ZeroPM - Zero Pollution of Persistent, Mobile Substances|ZINC
beta-Ionone epoxide;CC(=O)/C=C/C12C(CCCC1(O2)C)(C)C;AA BLOCKS|AAA Chemistry|ABI Chem|Accel Scientific|AiFChem, an XtalPi Company|Alfa Chemistry|BenchChem|BLD Pharm|CATO Research Chemicals Inc.|ChEBI|Chem-Space.com Database|ChEMBL|Chemenu Inc.|ChemMol|ChemSpider|DiscoveryGate|eMolecules|eNovation Chemicals|EvitaChem|Google Patents|Human Metabolome Database (HMDB)|J&H Chemical Co.,ltd|Japan Chemical Substance Dictionary (Nikkaji)|MassBank of North America (MoNA)|Metabolomics Workbench|MolGenie|Molport|NextBio|NIST Chemistry WebBook|NIST Mass Spectrometry Data Center|NORMAN Suspect List Exchange|NovoSeek|Parchem|PATENTSCOPE (WIPO)|Pharmacore Co., Limited|PubChem Reference Collection|RR Scientific|Smolecule|Springer Nature|Starshine Chemical|SureChEMBL|THE BioTek|The Natural Products Atlas|Thomson Pharma|ToxPlanet|ZeroPM - Zero Pollution of Persistent, Mobile Substances
Torularhodin;CC1=C(C(CCC1)(C)C)/C=C/C(=C/C=C/C(=C/C=C/C=C(\C)/C=C/C=C(\C)/C=C/C=C(\C)/C=C/C=C(\C)/C(=O)O)/C)/C;AA BLOCKS|ABI Chem|Alfa Chemistry|BenchChem|Biosynth|BLD Pharm|BOC Sciences|ChEBI|ChEMBL|ChemIDplus|ChemoSapiens|ChemSpider|Collaborative Drug Discovery, Inc.|Comparative Toxicogenomics Database (CTD)|CymitQuimica|DTP/NCI|Egon Willighagen, Department of Bioinformatics - BiGCaT, Maastricht University|EPA DSSTox|EvitaChem|FDA Global Substance Registration System (GSRS)|Google Patents|Japan Chemical Substance Dictionary (Nikkaji)|MassBank of North America (MoNA)|MolGenie|MTDP|NextBio|NovoSeek|PATENTSCOPE (WIPO)|PubChem Reference Collection|RR Scientific|Springer Nature|SureChEMBL|THE BioTek|The Natural Products Atlas|ToxPlanet|Wikidata|ZeroPM - Zero Pollution of Persistent, Mobile Substances
Echinenone;CC1=C(C(CCC1)(C)C)/C=C/C(=C/C=C/C(=C/C=C/C=C(\C)/C=C/C=C(\C)/C=C/C2=C(C(=O)CCC2(C)C)C)/C)/C;10X CHEM|A2B Chem|AA BLOCKS|ABI Chem|AKos Consulting & Solutions|BenchChem|BioCyc|Biosynth|BOC Sciences|ChEBI|ChemIDplus|Chemieliva Pharmaceutical Co., Ltd|ChemMol|ChemoSapiens|ChemSpider|Collaborative Drug Discovery, Inc.|CymitQuimica|DiscoveryGate|Egon Willighagen, Department of Bioinformatics - BiGCaT, Maastricht University|eMolecules|EPA DSSTox|EvitaChem|FDA Global Substance Registration System (GSRS)|Google Patents|Human Metabolome Database (HMDB)|InvivoChem|J&H Chemical Co.,ltd|Japan Chemical Substance Dictionary (Nikkaji)|KEGG|LGC Standards|LIPID MAPS|MassBank of North America (MoNA)|Metabolomics Workbench|MolGenie|Molport|MuseChem|NCBI Structure|NextBio|NextMove Software|NIST Mass Spectrometry Data Center|NORMAN Suspect List Exchange|NovoSeek|PATENTSCOPE (WIPO)|Protein Data Bank in Europe (PDBe)|PubChem Reference Collection|RR Scientific|Sigma-Aldrich|Springer Nature|SureChEMBL|THE BioTek|The Natural Products Atlas|Thomson Pharma|ToxPlanet|Wikidata|ZINC
Spheroidenone;CC(=CCC/C(=C/CC/C(=C/C=C/C(=C/C=C/C=C(\C)/C=C/C=C(\C)/C=C/C=C(\C)/C=C/C(=O)C(C)(C)OC)/C)/C)/C)C;ABI Chem|BioCyc|Biosynth|ChEBI|ChemIDplus|ChemSpider|Collaborative Drug Discovery, Inc.|CymitQuimica|DiscoveryGate|Egon Willighagen, Department of Bioinformatics - BiGCaT, Maastricht University|EvitaChem|J&H Chemical Co.,ltd|Japan Chemical Substance Dictionary (Nikkaji)|KEGG|LIPID MAPS|MassBank of North America (MoNA)|Metabolomics Workbench|MolGenie|MuseChem|NextBio|NIST Mass Spectrometry Data Center|NovoSeek|PubChem Reference Collection|RR Scientific|SureChEMBL|THE BioTek|The Natural Products Atlas|Thomson Pharma|ToxPlanet|Wikidata
Sarcinaxanthin;C/C(=C\C[C@@H]1C([C@@H](C(=C)CC1)/C=C/C(=C/C=C/C(=C/C=C/C=C(/C=C/C=C(/C=C/[C@H]2C([C@H](CCC2=C)C/C=C(/CO)\C)(C)C)\C)\C)/C)/C)(C)C)/CO;BenchChem|BioCyc|ChEBI|ChemIDplus|Cheminformatics Friedrich-Schiller-University Jena|DiscoveryGate|Egon Willighagen, Department of Bioinformatics - BiGCaT, Maastricht University|Google Patents|InvivoChem|Japan Chemical Substance Dictionary (Nikkaji)|MassBank of North America (MoNA)|MolGenie|MuseChem|NextBio|PubChem Reference Collection|RR Scientific|SureChEMBL|THE BioTek|The Natural Products Atlas|Thomson Pharma|ToxPlanet|Wikidata
Phoenicoxanthin;CC1=C(C(CCC1=O)(C)C)/C=C/C(=C/C=C/C(=C/C=C/C=C(\C)/C=C/C=C(\C)/C=C/C2=C(C(=O)[C@H](CC2(C)C)O)C)/C)/C;BenchChem|BioCyc|ChEBI|Cheminformatics Friedrich-Schiller-University Jena|ChemSpider|Collaborative Drug Discovery, Inc.|DiscoveryGate|Egon Willighagen, Department of Bioinformatics - BiGCaT, Maastricht University|EvitaChem|Google Patents|Japan Chemical Substance Dictionary (Nikkaji)|KEGG|LIPID MAPS|MassBank of North America (MoNA)|Metabolomics Workbench|MolGenie|NovoSeek|PATENTSCOPE (WIPO)|PubChem Reference Collection|SureChEMBL|The Natural Products Atlas|Wikidata
Staphyloxanthin;CCC(C)CCCCCCCCCCC(=O)OC[C@@H]1[C@H]([C@@H]([C@H]([C@@H](O1)OC(=O)/C(=C/C=C/C(=C/C=C/C(=C/C=C/C=C(\C)/C=C/C=C(\C)/CCC=C(C)C)/C)/C)/C)O)O)O;BioCyc|ChEBI|ChemIDplus|Cheminformatics Friedrich-Schiller-University Jena|EPA DSSTox|Google Patents|KEGG|Metabolomics Workbench|MolGenie|PubChem Reference Collection|RR Scientific|SureChEMBL|The Natural Products Atlas|Wikidata
Methyl hydroxy-3,4-dehydro-apo-8'-lycopenoate;C/C(=C\C=C\C(=C\C=C\C(=C\C=C\C=C(/C)\C=C\C=C(/C)\C(=O)OC)\C)\C)/C=C/CC(C)(C)O;ChEBI|DiscoveryGate|Egon Willighagen, Department of Bioinformatics - BiGCaT, Maastricht University|Japan Chemical Substance Dictionary (Nikkaji)|MassBank of North America (MoNA)|MolGenie|PubChem Reference Collection|SureChEMBL|The Natural Products Atlas|Thomson Pharma|Wikidata
Decaprenoxanthin;CC1=CCC(C(C1/C=C/C(=C/C=C/C(=C/C=C/C=C(/C=C/C=C(/C=C/C2C(C(CC=C2C)C/C=C(/CO)\C)(C)C)\C)\C)/C)/C)(C)C)C/C=C(/CO)\C;BenchChem|BioCyc|PubChem Reference Collection|SureChEMBL|The Natural Products Atlas
Synechoxanthin;CC1=C(C=CC(=C1C)C(=O)O)/C=C/C(=C/C=C/C(=C/C=C/C=C(/C=C/C=C(/C=C/C2=C(C(=C(C=C2)C(=O)O)C)C)\C)\C)/C)/C;BioCyc|ChEBI|EPA DSSTox|Japan Chemical Substance Dictionary (Nikkaji)|MolGenie|NORMAN Suspect List Exchange|PubChem Reference Collection|SureChEMBL|The Natural Products Atlas|Wikidata
3,3'-Dihydroxyisorenieratene;CC1=CC(=C(C(=C1/C=C/C(=C/C=C/C(=C/C=C/C=C(/C=C/C=C(/C=C/C2=C(C(=C(C=C2C)O)C)C)\C)\C)/C)/C)C)C)O;BenchChem|ChEBI|ChemSpider|DiscoveryGate|Google Patents|Japan Chemical Substance Dictionary (Nikkaji)|MolGenie|NextBio|PATENTSCOPE (WIPO)|PubChem Reference Collection|SCRIPDB|SureChEMBL|The Natural Products Atlas|Thomson Pharma
Hydroxy-3,4-dehydro-apo-8'-lycopene;CC(=C/C=C/C(=C/C=C/C=C(\C)/C=C/C=C(\C)/C=C/C=C(\C)/C=C/CC(C)(C)O)/C)C;ChEBI|DiscoveryGate|Japan Chemical Substance Dictionary (Nikkaji)|MolGenie|PubChem Reference Collection|The Natural Products Atlas|Thomson Pharma
Sioxanthin;CC1=C(C(=C(C=C1)C)/C=C/C(=C/C=C/C(=C/C=C/C=C(\C)/C=C/C=C(\C)/C=C/C=C/C=C/[C@@H](C(C)(C)O[C@H]2[C@@H]([C@H]([C@@H]([C@H](O2)CO)O)O)O)O)/C)/C)C;ChEBI|MolGenie|PubChem Reference Collection|The Natural Products Atlas|Wikidata
[(2S,3R,4R,5S,6R)-3,4,5-trihydroxy-6-[(3S,4E,6E,8E,10E,12E,14E,16E,18E,20E,22E,24E)-3-hydroxy-2,6,10,14,19,23-hexamethyl-25-(2,6,6-trimethyl-3-oxocyclohexen-1-yl)pentacosa-4,6,8,10,12,14,16,18,20,22,24-undecaen-2-yl]oxyoxan-2-yl]methyl 13-methyltetradecanoate;CC1=C(C(CCC1=O)(C)C)/C=C/C(=C/C=C/C(=C/C=C/C=C(\C)/C=C/C=C(\C)/C=C/C=C(\C)/C=C/[C@@H](C(C)(C)O[C@@H]2[C@H]([C@@H]([C@H]([C@@H](O2)COC(=O)CCCCCCCCCCCC(C)C)O)O)O)O)/C)/C;ChEBI|Cheminformatics Friedrich-Schiller-University Jena|MolGenie|The Natural Products Atlas|Wikidata
Neurosporaxanthin beta-D-glucopyranoside;CC1=C(C(CCC1)(C)C)/C=C/C(=C/C=C/C(=C/C=C/C=C(\C)/C=C/C=C(\C)/C=C/C=C(\C)/C(=O)O[C@H]2C(C([C@@H](C(O2)CO)O)O)O)/C)/C;BenchChem|ChEBI|Cheminformatics Friedrich-Schiller-University Jena|ChemSpider|LIPID MAPS|Metabolomics Workbench|MolGenie|PubChem Reference Collection|The Natural Products Atlas|Wikidata
Adonixanthin diglucoside;CC1=C(C(C[C@@H](C1)O[C@H]2[C@@H]([C@H]([C@@H]([C@H](O2)CO)O)O)O)(C)C)/C=C/C(=C/C=C/C(=C/C=C/C=C(\C)/C=C/C=C(\C)/C=C/C3=C(C(=O)[C@H](CC3(C)C)O[C@H]4[C@@H]([C@H]([C@@H]([C@H](O4)CO)O)O)O)C)/C)/C;ChEBI|Cheminformatics Friedrich-Schiller-University Jena|Japan Chemical Substance Dictionary (Nikkaji)|MolGenie|PubChem Reference Collection|The Natural Products Atlas|Wikidata
Triclosan;C1=CC(=C(C=C1Cl)O)OC2=C(C=C(C=C2)Cl)Cl;001Chemical|10X CHEM|3WAY PHARM INC|A&J Pharmtech CO., LTD.|A2B Chem|AA BLOCKS|Aaron Chemicals LLC|AbaChemScene|abcr GmbH|Abe Lab, University of Texas MD Anderson Cancer Center|ABI Chem|AbMole Bioscience|AbovChem LLC|Acadechem|Accel Scientific|Achemo Scientific Limited|Achemtek|Activate Scientific|Adooq BioScience|AEchem Scientific Corp., USA|AHH Chemical co.,ltd|AiFChem, an XtalPi Company|AK Scientific, Inc. (AKSCI)|AKos Consulting & Solutions|Aladdin Scientific|Alfa Chemistry|Amadis Chemical|Ambeed|AmicBase - Antimicrobial Activities|Angene Chemical|Anward|AppChem|Ark Pharm, Inc.|AstaTech, Inc.|Aurum Pharmatech LLC|Baker Lab, Chemistry Department, The University of North Carolina at Chapel Hill|BenchChem|BePharm Ltd.|BerrChemical|Bic Biotech|BindingDB|Biocore|BioCyc|Biopharma PEG Scientific Inc|Biorbyt|Biosynth|BLD Pharm|BOC Sciences|Boerchem|Broad Institute|Burnham Center for Chemical Genomics|C. David Weaver Laboratory, Vanderbilt University|Calbiochem|CAPOT|CATO Research Chemicals Inc.|Center for Chemical Genomics, University of Michigan|Changzhou Highassay Chemical Co., Ltd|ChEBI|Chem-Impex|Chem-Space.com Database|Chembase.cn|ChEMBL|ChemDB|Chemical Carcinogenesis Research Information System (CCRIS)|chemical genetic matrix|ChemIDplus|Chemieliva Pharmaceutical Co., Ltd|Cheminformatics Friedrich-Schiller-University Jena|ChemMol|ChemoSapiens|ChemSpider|ChemTik|Clearsynth|Clinivex|Collaborative Drug Discovery, Inc.|Combi-Blocks|Cooke Chemical Co., Ltd|Crystallography Open Database (COD)|CSNpharm|CymitQuimica|Davey Lab, Department of Microbiology, NEIDL, Boston University|DC Chemicals|Debye Scientific Co., Ltd|DiscoveryGate|DrugBank|DrugCentral|DTP/NCI|ECI Group, LCSB, University of Luxembourg|Egon Willighagen, Department of Bioinformatics - BiGCaT, Maastricht University|EMD Millipore|eMolecules|Enamine|eNovation Chemicals|EPA DSSTox|EPA Substance Registry Services|FDA Global Substance Registration System (GSRS)|Finetech Industry Limited|Fisher Drug Discovery Resource Center|Fluorochem|Founder Pharma|Genetic Toxicology Data Bank (GENE-TOX)|Glentham Life Sciences Ltd.|Google Patents|Gulick Lab, Department of Structural Biology, University at Buffalo|Hairui Chemical|Hangzhou APIChem Technology|Hangzhou Trylead Chemical Technology|HDH Pharma|Horrigan Lab, Baylor College of Medicine|Human Metabolome Database (HMDB)|Hunan Huateng Pharmaceutical Co., Ltd.|IBM|ICCB-Longwood Screening Facility, Harvard Medical School|iChemical Technology USA Inc|Immune Epitope Database (IEDB)|Innovapharm|InvivoChem|ISpharm|J&H Chemical Co.,ltd|Japan Chemical Substance Dictionary (Nikkaji)|KEGG|Key Organics/BIONET|King Scientific|LabNetwork, a WuXi AppTec Company|labseeker|Lan Pharmatech|LeadScope|LEAPCHEM|LGC Standards|Life Chemicals|MassBank Europe|MassBank of North America (MoNA)|Matrix Scientific|Mcule|MedChemexpress MCE|Metabolomics Workbench|Milbrandt Lab, Department of Genetics, Washington University School of Medicine|Milwaukee Institute for Drug Discovery|MLSMR|MolCore|Moldb|Molepedia|MolGenie|Molport|MuseChem|National Center for Advancing Translational Sciences (NCATS)|NCBI Structure|NextBio|NextMove Software|NIAID ChemDB|NIH Clinical Collection|NIST Mass Spectrometry Data Center|NORMAN Suspect List Exchange|NovoSeek|Oakwood Products|OChem|OXCHEM CORPORATION|Parchem|PATENTSCOPE (WIPO)|Petrascheck Lab, The Scripps Reserach Institute, Department of  Molecular Medicine|Phion Ltd|Pi Chemicals|Probes & Drugs portal|Protein Data Bank in Europe (PDBe)|PubChem Reference Collection|RR Scientific|Santa Cruz Biotechnology, Inc.|SCRIPDB|Selleck Chemicals|SGCOxCompounds|Shanghai Institute of Organic Chemistry|Shanghai Titan Scientific|Sigma-Aldrich|Sinfoo Biotech|Small Molecule Screening Facility, UW Madison|SMID|Smolecule|Southern Research Institute|Springer Nature|SpringerMaterials|Starshine Chemical|SureChEMBL|SynHet - Synthetic Heterocycles|Syntree|TargetMol|TCI (Tokyo Chemical Industry)|THE BioTek|The Natural Products Atlas|The Scripps Research Institute Molecular Screening Center|Therapeutic Target Database (TTD)|Thermo Fisher Scientific|Thieme Chemistry|Thomson Pharma|Thoreauchem|TimTec|Tox21|ToxPlanet|Tractus|University of Iowa High-Throughput Screening Core (UIHTS)|University of Kansas High Throughput Screening Laboratory|Vitas-M Laboratory|VladaChem|VWR, Part of Avantor|Wikidata|Wiley|Win-Win Chemical|Wubei-Biochem|Yick-Vic Chemicals & Pharmaceuticals (HK) Ltd.|Yuhao Chemical|ZeroPM - Zero Pollution of Persistent, Mobile Substances|ZINC
2,2'-Methylenebis(4-methyl-6-tert-butylphenol);CC1=CC(=C(C(=C1)C(C)(C)C)O)CC2=C(C(=CC(=C2)C)C(C)(C)C)O;001Chemical|10X CHEM|A&J Pharmtech CO., LTD.|A2B Chem|AA BLOCKS|Aaron Chemicals LLC|AbaChemScene|abcr GmbH|ABI Chem|Acadechem|Accel Scientific|Accela ChemBio Inc.|Achemica|Achemtek|Acmec Biochemical|AgroIntelBioScan.com|AiFChem, an XtalPi Company|AK Scientific, Inc. (AKSCI)|AKos Consulting & Solutions|Aladdin Scientific|Alfa Chemistry|Alichem|Amadis Chemical|Ambeed|AN PharmaTech|Angene Chemical|Anward|AppChem|AstaTech, Inc.|Baker Lab, Chemistry Department, The University of North Carolina at Chapel Hill|BenchChem|BePharm Ltd.|Bic Biotech|BIDD|BindingDB|Biorbyt|Biosynth|BLD Pharm|BOC Sciences|Burnham Center for Chemical Genomics|Carcinogenic Potency Database (CPDB)|CATO Research Chemicals Inc.|Center for Chemical Genomics, University of Michigan|ChEBI|Chem-Space.com Database|ChemBank|Chembase.cn|ChEMBL|ChemDB|ChemExper Chemical Directory|Chemical Carcinogenesis Research Information System (CCRIS)|ChemIDplus|Chemieliva Pharmaceutical Co., Ltd|Cheminformatics Friedrich-Schiller-University Jena|ChemMol|ChemoSapiens|ChemShuttle|ChemSpider|ChemTik|Clearsynth|Combi-Blocks|Comparative Toxicogenomics Database (CTD)|Crystallography Open Database (COD)|CymitQuimica|DC Chemicals|DiscoveryGate|DTP/NCI|ECI Group, LCSB, University of Luxembourg|Egon Willighagen, Department of Bioinformatics - BiGCaT, Maastricht University|eMolecules|eNovation Chemicals|EPA DSSTox|EPA Substance Registry Services|FDA Global Substance Registration System (GSRS)|Finetech Industry Limited|Fluorochem|Founder Pharma|Frinton Laboratories|Google Patents|Hairui Chemical|Human Metabolome Database (HMDB)|IBM|iChemical Technology USA Inc|InvivoChem|ISpharm|J&H Chemical Co.,ltd|Japan Chemical Substance Dictionary (Nikkaji)|Key Organics/BIONET|King Scientific|LabNetwork, a WuXi AppTec Company|labseeker|LeadScope|LGC Standards|MassBank Europe|MassBank of North America (MoNA)|Matrix Scientific|Mcule|MedChemexpress MCE|MolCore|Molecule Market|Molepedia|MolGenie|Molport|MuseChem|National Center for Advancing Translational Sciences (NCATS)|Nature Chemistry|NextBio|NextMove Software|NIST Chemistry WebBook|NIST Mass Spectrometry Data Center|NORMAN Suspect List Exchange|NovoSeek|Oakwood Products|OXCHEM CORPORATION|Parchem|PATENTSCOPE (WIPO)|PubChem Reference Collection|R&D Chemicals|RR Scientific|Santa Cruz Biotechnology, Inc.|SCRIPDB|Shanghai Send Pharmaceutical Technology Co., Ltd|Sigma-Aldrich|Sinfoo Biotech|Smolecule|Springer Nature|Starshine Chemical|SureChEMBL|SynHet - Synthetic Heterocycles|SynQuest Laboratories|Syntree|TargetMol|TCI (Tokyo Chemical Industry)|THE BioTek|The Natural Products Atlas|Thieme Chemistry|Thomson Pharma|Thoreauchem|TimTec|Tox21|ToxPlanet|Tractus|Vitas-M Laboratory|VladaChem|Wikidata|Wiley|Win-Win Chemical|Wubei-Biochem|Yick-Vic Chemicals & Pharmaceuticals (HK) Ltd.|Yuhao Chemical|ZeroPM - Zero Pollution of Persistent, Mobile Substances|ZINC|Zjartschem
N-phenyl-2-naphthylamine;C1=CC=C(C=C1)NC2=CC3=CC=CC=C3C=C2;001Chemical|10X CHEM|A&J Pharmtech CO., LTD.|A2B Chem|AA BLOCKS|AAA Chemistry|abcr GmbH|ABI Chem|Achemica|AHH Chemical co.,ltd|AK Scientific, Inc. (AKSCI)|AKos Consulting & Solutions|Aladdin Scientific|Alfa Chemistry|Amadis Chemical|Ambinter|AN PharmaTech|Anward|AppChem|AstaTech, Inc.|Aurora Fine Chemicals LLC|Aurum Pharmatech LLC|Baker Lab, Chemistry Department, The University of North Carolina at Chapel Hill|BenchChem|BePharm Ltd.|Bic Biotech|BIDD|Biosynth|Carcinogenic Potency Database (CPDB)|CATO Research Chemicals Inc.|ChEBI|Chem-Space.com Database|ChemBank|Chembase.cn|ChEMBL|ChemDB|Chemical Carcinogenesis Research Information System (CCRIS)|ChemIDplus|Chemieliva Pharmaceutical Co., Ltd|Cheminformatics Friedrich-Schiller-University Jena|ChemMol|ChemoSapiens|ChemSpider|ChemTik|Combi-Blocks|CymitQuimica|Debye Scientific Co., Ltd|DiscoveryGate|DSL Chemicals|DTP/NCI|ECI Group, LCSB, University of Luxembourg|Egon Willighagen, Department of Bioinformatics - BiGCaT, Maastricht University|eMolecules|Enamine|EPA DSSTox|EPA Substance Registry Services|FDA Global Substance Registration System (GSRS)|Fluorochem|Founder Pharma|Google Patents|Hairui Chemical|Hangzhou APIChem Technology|Human Metabolome Database (HMDB)|Hunan Huateng Pharmaceutical Co., Ltd.|IBM|iChemical Technology USA Inc|Innovapharm|ISpharm|Jamson Pharmachem Technology|Japan Chemical Substance Dictionary (Nikkaji)|KEGG|Key Organics/BIONET|King Scientific|Lan Pharmatech|LeadScope|LEAPCHEM|LGC Standards|MassBank Europe|MassBank of North America (MoNA)|Mcule|Metabolomics Workbench|MLSMR|MolCore|Molecule Market|Molepedia|MolGenie|Molport|MP Biomedicals|MuseChem|National Center for Advancing Translational Sciences (NCATS)|NextBio|NextMove Software|NIAID ChemDB|NIST Chemistry WebBook|NIST Mass Spectrometry Data Center|NMRShiftDB|NORMAN Suspect List Exchange|NovoSeek|Oakwood Products|OXCHEM CORPORATION|Parchem|PATENTSCOPE (WIPO)|PubChem Reference Collection|RR Scientific|Santa Cruz Biotechnology, Inc.|SCRIPDB|Sigma-Aldrich|Sinfoo Biotech|Small Molecule Screening Facility, UW Madison|Smolecule|Springer Nature|SpringerMaterials|Starshine Chemical|SureChEMBL|SynHet - Synthetic Heterocycles|Syntree|TCI (Tokyo Chemical Industry)|THE BioTek|The Natural Products Atlas|Thermo Fisher Scientific|Thieme Chemistry|Thomson Pharma|Thoreauchem|TimTec|Tox21|ToxPlanet|Tractus|Vitas-M Laboratory|VladaChem|Wikidata|Wiley|Win-Win Chemical|Wubei-Biochem|Wutech|Yick-Vic Chemicals & Pharmaceuticals (HK) Ltd.|Yuhao Chemical|ZeroPM - Zero Pollution of Persistent, Mobile Substances|ZINC
Phenyl-1-naphthylamine;C1=CC=C(C=C1)NC2=CC=CC3=CC=CC=C32;001Chemical|10X CHEM|3WAY PHARM INC|A&J Pharmtech CO., LTD.|A2B Chem|AA BLOCKS|AAA Chemistry|Aaron Chemicals LLC|AbaChemScene|abcr GmbH|ABI Chem|Acadechem|Accel Scientific|Accela ChemBio Inc.|Achemica|Achemo Scientific Limited|Acmec Biochemical|AHH Chemical co.,ltd|AiFChem, an XtalPi Company|AK Scientific, Inc. (AKSCI)|AKos Consulting & Solutions|Aladdin Scientific|Alfa Chemistry|Alichem|Amadis Chemical|Ambeed|AN PharmaTech|Angene Chemical|Anward|AppChem|Aribo Reagent|AstaTech, Inc.|Aurora Fine Chemicals LLC|Baker Lab, Chemistry Department, The University of North Carolina at Chapel Hill|BenchChem|BePharm Ltd.|Bic Biotech|BIDD|BindingDB|Biorbyt|BLD Pharm|BOC Sciences|Boerchem|CAPOT|CATO Research Chemicals Inc.|ChEBI|Chem-Space.com Database|Chembase.cn|ChEMBL|ChemDB|ChemDiv|Chemenu Inc.|ChemExper Chemical Directory|Chemical Carcinogenesis Research Information System (CCRIS)|ChemIDplus|Chemieliva Pharmaceutical Co., Ltd|Cheminformatics Friedrich-Schiller-University Jena|ChemMol|ChemoSapiens|ChemSpider|ChemTik|Combi-Blocks|Comparative Toxicogenomics Database (CTD)|Cooke Chemical Co., Ltd|Crystallography Open Database (COD)|CymitQuimica|Debye Scientific Co., Ltd|DiscoveryGate|DSL Chemicals|DTP/NCI|ECI Group, LCSB, University of Luxembourg|Egon Willighagen, Department of Bioinformatics - BiGCaT, Maastricht University|eMolecules|Enamine|eNovation Chemicals|EPA DSSTox|EPA Substance Registry Services|FDA Global Substance Registration System (GSRS)|Finetech Industry Limited|Fluorochem|Founder Pharma|Genetic Toxicology Data Bank (GENE-TOX)|Google Patents|Hairui Chemical|Human Metabolome Database (HMDB)|IBM|ICCB-Longwood Screening Facility, Harvard Medical School|iChemical Technology USA Inc|InvivoChem|ISpharm|J&H Chemical Co.,ltd|Japan Chemical Substance Dictionary (Nikkaji)|KEGG|Key Organics/BIONET|King Scientific|LabNetwork, a WuXi AppTec Company|Lan Pharmatech|LeadScope|LEAPCHEM|LGC Standards|MassBank Europe|MassBank of North America (MoNA)|Mcule|MedChemexpress MCE|MLSMR|MolCore|Molecule Market|Molepedia|MolGenie|Molport|MP Biomedicals|National Center for Advancing Translational Sciences (NCATS)|Nature Chemistry|NextBio|NextMove Software|NIST Chemistry WebBook|NIST Mass Spectrometry Data Center|NMRShiftDB|NORMAN Suspect List Exchange|NovoSeek|Oakwood Products|OXCHEM CORPORATION|Parchem|PATENTSCOPE (WIPO)|Protein Data Bank in Europe (PDBe)|PubChem Reference Collection|RR Scientific|Santa Cruz Biotechnology, Inc.|SCRIPDB|Shanghai Institute of Organic Chemistry|Sigma-Aldrich|Sinfoo Biotech|Small Molecule Screening Facility, UW Madison|Smolecule|Springer Nature|SpringerMaterials|Starshine Chemical|SureChEMBL|SynHet - Synthetic Heterocycles|Syntree|TargetMol|TCI (Tokyo Chemical Industry)|THE BioTek|The Natural Products Atlas|The Scripps Research Institute Molecular Screening Center|Thermo Fisher Scientific|Thieme Chemistry|Thomson Pharma|Thoreauchem|TimTec|Tox21|ToxPlanet|Tractus|Vitas-M Laboratory|VladaChem|VWR, Part of Avantor|Wikidata|Wiley|Win-Win Chemical|Wubei-Biochem|Yick-Vic Chemicals & Pharmaceuticals (HK) Ltd.|Yuhao Chemical|ZeroPM - Zero Pollution of Persistent, Mobile Substances|ZINC
Antioxidant 1010;CC(C)(C)C1=CC(=CC(=C1O)C(C)(C)C)CCC(=O)OCC(COC(=O)CCC2=CC(=C(C(=C2)C(C)(C)C)O)C(C)(C)C)(COC(=O)CCC3=CC(=C(C(=C3)C(C)(C)C)O)C(C)(C)C)COC(=O)CCC4=CC(=C(C(=C4)C(C)(C)C)O)C(C)(C)C;001Chemical|10X CHEM|3WAY PHARM INC|A2B Chem|AA BLOCKS|Aaron Chemicals LLC|AbaChemScene|abcr GmbH|ABI Chem|Accel Scientific|Accela ChemBio Inc.|Achemtek|Acmec Biochemical|AiFChem, an XtalPi Company|AK Scientific, Inc. (AKSCI)|AKos Consulting & Solutions|Aladdin Scientific|Alfa Chemistry|Alichem|Amadis Chemical|Ambeed|AN PharmaTech|Angene Chemical|Apexmol|AppChem|Aribo Reagent|Ark Pharm, Inc.|AstaTech, Inc.|Aurora Fine Chemicals LLC|Baker Lab, Chemistry Department, The University of North Carolina at Chapel Hill|BenchChem|BePharm Ltd.|Biorbyt|BLD Pharm|BOC Sciences|Boerchem|CAPOT|CATO Research Chemicals Inc.|Chem-Space.com Database|Chembase.cn|ChEMBL|ChemBridge|ChemDB|ChemIDplus|Chemieliva Pharmaceutical Co., Ltd|Cheminformatics Friedrich-Schiller-University Jena|ChemMol|ChemoSapiens|ChemSpider|Clearsynth|Combi-Blocks|Comparative Toxicogenomics Database (CTD)|Cooke Chemical Co., Ltd|Crystallography Open Database (COD)|CymitQuimica|Davey Lab, Department of Microbiology, NEIDL, Boston University|DC Chemicals|DiscoveryGate|Egon Willighagen, Department of Bioinformatics - BiGCaT, Maastricht University|eMolecules|eNovation Chemicals|EPA DSSTox|EPA Substance Registry Services|FDA Global Substance Registration System (GSRS)|Finetech Industry Limited|Founder Pharma|Google Patents|Hairui Chemical|Hangzhou APIChem Technology|IBM|iChemical Technology USA Inc|InvivoChem|ISpharm|J&H Chemical Co.,ltd|Japan Chemical Substance Dictionary (Nikkaji)|Key Organics/BIONET|LabNetwork, a WuXi AppTec Company|LeadScope|LEAPCHEM|LGC Standards|MassBank Europe|MassBank of North America (MoNA)|Matrix Scientific|Mcule|MedChemexpress MCE|MolCore|Molepedia|MolGenie|Molport|MuseChem|NextBio|NextMove Software|NIST Mass Spectrometry Data Center|NORMAN Suspect List Exchange|NovoSeek|Oakwood Products|OXCHEM CORPORATION|Parchem|PATENTSCOPE (WIPO)|Probes & Drugs portal|PubChem Reference Collection|Qingdao Truelight Functional Materials Technology Co., Ltd.|Race Chemical|RR Scientific|Santa Cruz Biotechnology, Inc.|SCRIPDB|Sigma-Aldrich|Smolecule|Springer Nature|Starshine Chemical|SureChEMBL|Syntree|TargetMol|TCI (Tokyo Chemical Industry)|THE BioTek|Thomson Pharma|TimTec|Tox21|ToxPlanet|Vitas-M Laboratory|VladaChem|VWR, Part of Avantor|Wikidata|Win-Win Chemical|Yick-Vic Chemicals & Pharmaceuticals (HK) Ltd.|Yuhao Chemical|ZeroPM - Zero Pollution of Persistent, Mobile Substances
Antioxidant 245;CC1=CC(=CC(=C1O)C(C)(C)C)CCC(=O)OCCOCCOCCOC(=O)CCC2=CC(=C(C(=C2)C)O)C(C)(C)C;001Chemical|10X CHEM|A2B Chem|AA BLOCKS|AAA Chemistry|Aaron Chemicals LLC|AbaChemScene|abcr GmbH|ABI Chem|Accel Scientific|Achemtek|Acmec Biochemical|AEchem Scientific Corp., USA|AiFChem, an XtalPi Company|AK Scientific, Inc. (AKSCI)|AKos Consulting & Solutions|Aladdin Scientific|Alfa Chemistry|Allbio Pharm Co., Ltd|Amadis Chemical|Ambeed|Ambinter|Angene Chemical|AppChem|Aribo Reagent|Ark Pharm, Inc.|AstaTech, Inc.|Aurora Fine Chemicals LLC|Aurum Pharmatech LLC|Baker Lab, Chemistry Department, The University of North Carolina at Chapel Hill|BePharm Ltd.|Bic Biotech|Biorbyt|Biosynth|BLD Pharm|BOC Sciences|CAPOT|CATO Research Chemicals Inc.|Chem-Space.com Database|ChEMBL|ChemIDplus|Chemieliva Pharmaceutical Co., Ltd|ChemoSapiens|ChemSpider|Clearsynth|Combi-Blocks|Cooke Chemical Co., Ltd|CymitQuimica|DiscoveryGate|Egon Willighagen, Department of Bioinformatics - BiGCaT, Maastricht University|eMolecules|eNovation Chemicals|EPA DSSTox|EPA Substance Registry Services|FDA Global Substance Registration System (GSRS)|Finetech Industry Limited|Fluorochem|Google Patents|Hairui Chemical|Human Metabolome Database (HMDB)|Hunan Chemfish Pharmaceutical Co., Ltd.|IBM|iChemical Technology USA Inc|ISpharm|J&H Chemical Co.,ltd|Japan Chemical Substance Dictionary (Nikkaji)|Key Organics/BIONET|King Scientific|Kingston Chemistry|LabNetwork, a WuXi AppTec Company|labseeker|LeadScope|LEAPCHEM|LGC Standards|Matrix Scientific|Mcule|MolCore|MolGenie|Molport|MuseChem|NextBio|NextMove Software|NIST Mass Spectrometry Data Center|NORMAN Suspect List Exchange|Oakwood Products|OChem|OXCHEM CORPORATION|PATENTSCOPE (WIPO)|PubChem Reference Collection|Qingdao Truelight Functional Materials Technology Co., Ltd.|RR Scientific|Santa Cruz Biotechnology, Inc.|SCRIPDB|Sigma-Aldrich|Springer Nature|Starshine Chemical|SureChEMBL|SynHet - Synthetic Heterocycles|TargetMol|TCI (Tokyo Chemical Industry)|Thomson Pharma|Tox21|ToxPlanet|Tractus|Wikidata|Win-Win Chemical|Wubei-Biochem|Yick-Vic Chemicals & Pharmaceuticals (HK) Ltd.|Yuhao Chemical|ZeroPM - Zero Pollution of Persistent, Mobile Substances|ZINC
Cyclooctene;C1CCC/C=C\CC1;10X CHEM|AA BLOCKS|AbaChemScene|abcr GmbH|ABI Chem|Accela ChemBio Inc.|Acmec Biochemical|AiFChem, an XtalPi Company|AK Scientific, Inc. (AKSCI)|AKos Consulting & Solutions|Aladdin Scientific|Alfa Chemistry|Amadis Chemical|Ambinter|AN PharmaTech|Apexmol|AppChem|Aurum Pharmatech LLC|BenchChem|Bic Biotech|BOC Sciences|ChEBI|Chembase.cn|ChEMBL|ChemExper Chemical Directory|Chemical Synthesis Database|ChemIDplus|Chemieliva Pharmaceutical Co., Ltd|ChemMol|ChemoSapiens|ChemSpider|Combi-Blocks|Crystallography Open Database (COD)|CymitQuimica|Debye Scientific Co., Ltd|DiscoveryGate|DTP/NCI|Egon Willighagen, Department of Bioinformatics - BiGCaT, Maastricht University|eMolecules|Enamine|eNovation Chemicals|EPA DSSTox|EPA Substance Registry Services|EvitaChem|FDA Global Substance Registration System (GSRS)|Finetech Industry Limited|Google Patents|IBM|iChemical Technology USA Inc|ISpharm|J&H Chemical Co.,ltd|Japan Chemical Substance Dictionary (Nikkaji)|Key Organics/BIONET|LabNetwork, a WuXi AppTec Company|labseeker|LGC Standards|MassBank of North America (MoNA)|MolGenie|Molport|MuseChem|Nature Chemistry|Nature Synthesis|NextBio|NextMove Software|NIAID ChemDB|NIST Chemistry WebBook|NIST Mass Spectrometry Data Center|NMRShiftDB|NovoSeek|PATENTSCOPE (WIPO)|PubChem Reference Collection|RR Scientific|Santa Cruz Biotechnology, Inc.|SCRIPDB|Sigma-Aldrich|Smolecule|Springer Nature|SpringerMaterials|Strem Chemicals, Inc.|SureChEMBL|SynHet - Synthetic Heterocycles|Syntech Labs|TCI (Tokyo Chemical Industry)|THE BioTek|The Natural Products Atlas|Thermo Fisher Scientific|Thieme Chemistry|Thomson Pharma|TimTec|ToxPlanet|Tractus|VladaChem|VWR, Part of Avantor|Wikidata|Wiley|Win-Win Chemical|Yuhao Chemical|ZeroPM - Zero Pollution of Persistent, Mobile Substances
Selenium;[Se];10X CHEM|A2B Chem|AA BLOCKS|Aaron Chemicals LLC|AbaChemScene|abcr GmbH|ABI Chem|Acadechem|Accela ChemBio Inc.|Achemica|AHH Chemical co.,ltd|AK Scientific, Inc. (AKSCI)|AKos Consulting & Solutions|Aladdin Scientific|Alfa Chemistry|Amadis Chemical|Ambinter|AppChem|AstaTech, Inc.|Aurora Fine Chemicals LLC|BenchChem|Biocore|BioCyc|Biosynth|BLD Pharm|BOC Sciences|Carcinogenic Potency Database (CPDB)|CATO Research Chemicals Inc.|ChEBI|Chem-Impex|Chembase.cn|ChEMBL|ChemDB|Chemical Carcinogenesis Research Information System (CCRIS)|ChemIDplus|Chemieliva Pharmaceutical Co., Ltd|ChemMol|ChemoSapiens|ChemSpider|ChemTik|Collaborative Drug Discovery, Inc.|Combi-Blocks|Comparative Toxicogenomics Database (CTD)|Cooke Chemical Co., Ltd|Crystallography Open Database (COD)|CymitQuimica|Debye Scientific Co., Ltd|DiscoveryGate|DrugBank|DTP/NCI|ECI Group, LCSB, University of Luxembourg|Egon Willighagen, Department of Bioinformatics - BiGCaT, Maastricht University|eMolecules|eNovation Chemicals|EPA DSSTox|EPA Substance Registry Services|EvitaChem|FDA Global Substance Registration System (GSRS)|Fluorochem|Genetic Toxicology Data Bank (GENE-TOX)|Glentham Life Sciences Ltd.|Google Patents|Human Metabolome Database (HMDB)|Hunan Chemfish Pharmaceutical Co., Ltd.|iChemical Technology USA Inc|ISpharm|J&H Chemical Co.,ltd|Japan Chemical Substance Dictionary (Nikkaji)|KEGG|King Scientific|LabNetwork, a WuXi AppTec Company|LeadScope|LEAPCHEM|LGC Standards|MolGenie|Molport|MP Biomedicals|MuseChem|NCBI Structure|NextBio|NextMove Software|NIAID ChemDB|NIST Chemistry WebBook|NIST Mass Spectrometry Data Center|NORMAN Suspect List Exchange|NovoSeek|Oakwood Products|PATENTSCOPE (WIPO)|Probes & Drugs portal|Protein Data Bank in Europe (PDBe)|PubChem Elements|PubChem Reference Collection|RR Scientific|Santa Cruz Biotechnology, Inc.|SCRIPDB|Sigma-Aldrich|Sinfoo Biotech|SMID|Smolecule|Springer Nature|SpringerMaterials|Starshine Chemical|Strem Chemicals, Inc.|SureChEMBL|TCI (Tokyo Chemical Industry)|THE BioTek|Thermo Fisher Scientific|Thieme Chemistry|Thomson Pharma|ToxPlanet|Tractus|VladaChem|VWR, Part of Avantor|Wikidata|WikiPathways|Wiley|Wubei-Biochem|Wutech|Yick-Vic Chemicals & Pharmaceuticals (HK) Ltd.|ZeroPM - Zero Pollution of Persistent, Mobile Substances
2,6-Di-tert-butyl-4-methylphenol;CC1=CC(=C(C(=C1)C(C)(C)C)O)C(C)(C)C;001Chemical|10X CHEM|1st Scientific|3WAY PHARM INC|A&J Pharmtech CO., LTD.|A2B Chem|AA BLOCKS|Aaron Chemicals LLC|AbaChemScene|abcr GmbH|Abe Lab, University of Texas MD Anderson Cancer Center|ABI Chem|Acadechem|Accel Scientific|Aceschem Inc|Achemica|Achemo Scientific Limited|Achemtek|Acmec Biochemical|Activate Scientific|AHH Chemical co.,ltd|AiFChem, an XtalPi Company|AK Scientific, Inc. (AKSCI)|AKos Consulting & Solutions|Aladdin Scientific|Alfa Chemistry|Alichem|Allbio Pharm Co., Ltd|Amadis Chemical|AN PharmaTech|Angene Chemical|Anward|Apexmol|AppChem|Ark Pharm, Inc.|AstaTech, Inc.|Aurora Fine Chemicals LLC|Aurum Pharmatech LLC|Baker Lab, Chemistry Department, The University of North Carolina at Chapel Hill|BenchChem|BePharm Ltd.|Bic Biotech|BIDD|BindingDB|BioCyc|Biopharma PEG Scientific Inc|Biorbyt|Biosynth|BLD Pharm|BOC Sciences|Broad Institute|Burnham Center for Chemical Genomics|Cangzhou Enke Pharma Tech Co.,Ltd.|CAPOT|Carcinogenic Potency Database (CPDB)|CATO Research Chemicals Inc.|CD Formulation|Center for Chemical Genomics, University of Michigan|ChEBI|Chem-Impex|Chem-Space.com Database|ChemBank|Chembase.cn|ChEMBL|ChemDB|Chemenu Inc.|ChemExper Chemical Directory|Chemical Carcinogenesis Research Information System (CCRIS)|chemical genetic matrix|ChemIDplus|Chemieliva Pharmaceutical Co., Ltd|Cheminformatics Friedrich-Schiller-University Jena|ChemMol|ChemoSapiens|ChemShuttle|ChemSpider|ChemTik|Chen Lab, School of Medicine, Emory University|Clearsynth|Collaborative Drug Discovery, Inc.|Combi-Blocks|Comparative Toxicogenomics Database (CTD)|Cooke Chemical Co., Ltd|CoreSyn|Crystallography Open Database (COD)|CSNpharm|CymitQuimica|Davey Lab, Department of Microbiology, NEIDL, Boston University|DC Chemicals|Debye Scientific Co., Ltd|DiscoveryGate|DSL Chemicals|DTP/NCI|Egon Willighagen, Department of Bioinformatics - BiGCaT, Maastricht University|eMolecules|Emory University Molecular Libraries Screening Center|Enamine|EPA DSSTox|EPA Substance Registry Services|EvitaChem|FDA Global Substance Registration System (GSRS)|Finetech Industry Limited|Fisher Drug Discovery Resource Center|Fluorochem|Founder Pharma|Genetic Toxicology Data Bank (GENE-TOX)|Glentham Life Sciences Ltd.|Golm Metabolome Database (GMD), Max Planck Institute of Molecular Plant Physiology|Google Patents|Gulick Lab, Department of Structural Biology, University at Buffalo|Hairui Chemical|Hangzhou APIChem Technology|Hangzhou Trylead Chemical Technology|Human Metabolome Database (HMDB)|IBM|ICCB-Longwood Screening Facility, Harvard Medical School|iChemical Technology USA Inc|Innovapharm|InvivoChem|ISpharm|IUPAC Digitized pKa Dataset|J&H Chemical Co.,ltd|Jamson Pharmachem Technology|Japan Chemical Substance Dictionary (Nikkaji)|KEGG|Key Organics/BIONET|King Scientific|LabNetwork, a WuXi AppTec Company|labseeker|Lan Pharmatech|LeadScope|LEAPCHEM|LGC Standards|Life Chemicals|LKT Labs|MassBank Europe|MassBank of North America (MoNA)|Matrix Scientific|Mcule|MedChemexpress MCE|Metabolomics Workbench|Milbrandt Lab, Department of Genetics, Washington University School of Medicine|MLSMR|MolCore|Molecule Market|Molepedia|MolGenie|Molport|MP Biomedicals|MuseChem|National Center for Advancing Translational Sciences (NCATS)|NCBI Structure|NextBio|NextMove Software|NIAID ChemDB|NIST Chemistry WebBook|NIST Mass Spectrometry Data Center|NMRShiftDB|NORMAN Suspect List Exchange|NovoSeek|Oakwood Products|OXCHEM CORPORATION|Parchem|PATENTSCOPE (WIPO)|Phion Ltd|Probes & Drugs portal|Protein Data Bank in Europe (PDBe)|PubChem Reference Collection|RR Scientific|Santa Cruz Biotechnology, Inc.|SCRIPDB|Selleck Chemicals|Shanghai Titan Scientific|Sigma-Aldrich|Sinfoo Biotech|Sinofi Ingredients|Small Molecule Screening Facility, UW Madison|Smolecule|Southern Research Institute|Specs|Springer Nature|SpringerMaterials|Starshine Chemical|SureChEMBL|SynHet - Synthetic Heterocycles|SynQuest Laboratories|Syntree|TargetMol|TCI (Tokyo Chemical Industry)|THE BioTek|The Scripps Research Institute Molecular Screening Center|Therapeutic Target Database (TTD)|Thermo Fisher Scientific|Thieme Chemistry|Thomson Pharma|Thoreauchem|TimTec|Tox21|ToxPlanet|Tractus|University of Iowa High-Throughput Screening Core (UIHTS)|University of Kansas High Throughput Screening Laboratory|Veeprho|Vitas-M Laboratory|VladaChem|VWR, Part of Avantor|Wikidata|Wiley|Win-Win Chemical|Wubei-Biochem|Wutech|Yick-Vic Chemicals & Pharmaceuticals (HK) Ltd.|Yuhao Chemical|ZeroPM - Zero Pollution of Persistent, Mobile Substances|ZINC|Zjartschem
Melatonin;CC(=O)NCCC1=CNC2=C1C=C(C=C2)OC;001Chemical|10X CHEM|3WAY PHARM INC|4C Pharma Scientific Inc|A&J Pharmtech CO., LTD.|A2B Chem|AA BLOCKS|Aaron Chemicals LLC|AbaChemScene|ABBLIS Chemicals|abcr GmbH|Abe Lab, University of Texas MD Anderson Cancer Center|ABI Chem|AbMole Bioscience|AbovChem LLC|Acadechem|Accel Scientific|Accela ChemBio Inc.|Ace Therapeutics|Achemtek|Acmec Biochemical|Acorn PharmaTech Product List|ACT Chemical|Adooq BioScience|AEchem Scientific Corp., USA|AgroIntelBioScan.com|AHH Chemical co.,ltd|AK Scientific, Inc. (AKSCI)|AKos Consulting & Solutions|Aladdin Scientific|Alfa Chemistry|Alsachim|Amadis Chemical|Ambeed|Ambinter|Angene Chemical|Anward|ApexBio Technology|Apexmol|AppChem|Aribo Reagent|Ark Pharm, Inc.|Ark Pharma Scientific Limited|Aronis|ASINEX|Assembly Blocks Pvt. Ltd.|AstaTech, Inc.|Aurum Pharmatech LLC|Baker Lab, Chemistry Department, The University of North Carolina at Chapel Hill|BenchChem|Bic Biotech|BIDD|BIND|BindingDB|BioChemPartner|Biocore|BioCrick|BioCyc|Biorbyt|Biosynth|BLD Pharm|BOC Sciences|Boerchem|Broad Institute|Burek Lab, Department of Anaesthesiology, Intensive Care, Emergency and Pain Med, University Hospital Wuerzburg|Burnham Center for Chemical Genomics|Calbiochem|CATO Research Chemicals Inc.|CCSbase|CD Formulation|Center for Chemical Genomics, University of Michigan|ChangChem|Changzhou Highassay Chemical Co., Ltd|ChEBI|Chem-Impex|Chem-Space.com Database|ChemBank|Chembase.cn|ChEMBL|ChemBlock|ChemDB|ChemDiv|ChemExper Chemical Directory|ChemFaces|Chemical Carcinogenesis Research Information System (CCRIS)|chemical genetic matrix|ChemIDplus|Chemieliva Pharmaceutical Co., Ltd|Cheminformatics Friedrich-Schiller-University Jena|ChemMol|Chemodex Ltd.|ChemoSapiens|ChemShuttle|ChemSpider|ChemTik|Chen Lab, School of Medicine, Emory University|Circadian Research, Kay Laboratory, University of California at San Diego (UCSD)|Clinivex|Collaborative Drug Discovery, Inc.|Combi-Blocks|Comparative Toxicogenomics Database (CTD)|Cooke Chemical Co., Ltd|CreativePeptides|Crystallography Open Database (COD)|CSNpharm|CymitQuimica|DAOGE BIOPHARMA|Davey Lab, Department of Microbiology, NEIDL, Boston University|DC Chemicals|DiscoveryGate|DrugBank|DrugCentral|DTP/NCI|ECI Group, LCSB, University of Luxembourg|Egon Willighagen, Department of Bioinformatics - BiGCaT, Maastricht University|EMD Millipore|eMolecules|Emory University Molecular Libraries Screening Center|Enamine|eNovation Chemicals|EPA DSSTox|EPA Substance Registry Services|EvitaChem|FDA Global Substance Registration System (GSRS)|Finetech Industry Limited|Fisher Drug Discovery Resource Center|Fluorochem|Founder Pharma|Fragmenta|Fredberg Lab, Harvard T.H. Chan School of Public Health|Glentham Life Sciences Ltd.|GLIDA, GPCR-Ligand Database|Glixx Labs Inc|Golm Metabolome Database (GMD), Max Planck Institute of Molecular Plant Physiology|Google Patents|Gulick Lab, Department of Structural Biology, University at Buffalo|Hairui Chemical|Hangzhou APIChem Technology|HDH Pharma|Human Metabolome Database (HMDB)|IBM|ICCB-Longwood Screening Facility, Harvard Medical School|iChemical Technology USA Inc|Inhibitor 2|Innovapharm|InvivoChem|ISpharm|IUPHAR/BPS Guide to PHARMACOLOGY|J&H Chemical Co.,ltd|Japan Chemical Substance Dictionary (Nikkaji)|Karki Laboratory of Innate Immunity and Cell Death, Seoul National University|KEGG|Key Organics/BIONET|King Scientific|LabNetwork, a WuXi AppTec Company|labseeker|LeadScope|LEAPCHEM|LGC Standards|Life Chemicals|MassBank Europe|MassBank of North America (MoNA)|Matrix Scientific|Mcule|MedChemexpress MCE|Metabolomics Workbench|Milwaukee Institute for Drug Discovery|MLSMR|MolCore|Molepedia|MolGenie|Molport|MP Biomedicals|MuseChem|National Center for Advancing Translational Sciences (NCATS)|Nature Chemical Biology|NCBI Structure|NextBio|NextMove Software|Nextpeptide|NIAID ChemDB|NIH/NCATS RNAi|NINDS Approved Drug Screening Program|NIST Chemistry WebBook|NIST Mass Spectrometry Data Center|NORMAN Suspect List Exchange|Novartis Institutes for BioMedical Research|NovoSeek|Oakwood Products|OChem|ORST SMALL MOLECULE SCREENING CENTER|Paczesny and Yang Labs, IUPUI and University of Michigan|Parchem|PATENTSCOPE (WIPO)|PDSP|Phion Ltd|Pi Chemicals|Probes & Drugs portal|Protein Data Bank in Europe (PDBe)|Prous Science Drugs of the Future|PubChem Reference Collection|R&D Chemicals|Race Chemical|RR Scientific|Santa Cruz Biotechnology, Inc.|SCRIPDB|Selleck Chemicals|SHANDONG OCTAGON CHEMICALS LIMITED|Shanghai Titan Scientific|Sigma-Aldrich|Sinfoo Biotech|Small Molecule Screening Facility, UW Madison|Smolecule|Soto Lab, Mitchell Center for Alzheimers Disease and Related Brain Disorders, UT Medical School Houston|Southern Research Institute|Springer Nature|Starshine Chemical|SureChEMBL|SynHet - Synthetic Heterocycles|Syntree|TargetMol|TCI (Tokyo Chemical Industry)|THE BioTek|The Cambridge Structural Database|The Scripps Research Institute Molecular Screening Center|Therapeutic Target Database (TTD)|Thermo Fisher Scientific|Thieme Chemistry|Thomson Pharma|TimTec|Tocris Bioscience|Tox21|ToxPlanet|Tractus|UCLA Molecular Screening Shared Resource|UCSC Chemical Screening Center|University of Iowa High-Throughput Screening Core (UIHTS)|University of Kansas High Throughput Screening Laboratory|University of Pittsburgh Molecular Library Screening Center|Veeprho|Vitas-M Laboratory|VladaChem|VWR, Part of Avantor|Wikidata|WikiPathways|Wiley|Win-Win Chemical|Wubei-Biochem|Wutech|xPharm: The Comprehensive Pharmacology Reference|Yick-Vic Chemicals & Pharmaceuticals (HK) Ltd.|Yuhao Chemical|ZeroPM - Zero Pollution of Persistent, Mobile Substances|ZINC|Zjartschem|Zoeller Lab, School of Medicine, Boston University
Ferulic Acid;COC1=C(C=CC(=C1)/C=C/C(=O)O)O;001Chemical|10X CHEM|1st Scientific|3WAY PHARM INC|4C Pharma Scientific Inc|A&J Pharmtech CO., LTD.|A2B Chem|AA BLOCKS|AAA Chemistry|Aaron Chemicals LLC|AbaChemScene|ABBLIS Chemicals|abcr GmbH|Abe Lab, University of Texas MD Anderson Cancer Center|ABI Chem|AbMole Bioscience|AbovChem LLC|Acadechem|Accel Scientific|Accela ChemBio Inc.|Ace Therapeutics|Achemo Scientific Limited|Achemtek|Acmec Biochemical|Acorn PharmaTech Product List|Activate Scientific|Adooq BioScience|AEchem Scientific Corp., USA|AgroIntelBioScan.com|AHH Chemical co.,ltd|AK Scientific, Inc. (AKSCI)|AKos Consulting & Solutions|Aladdin Scientific|Alfa Chemistry|Alichem|Alinda Chemical Trade Company Ltd|Amadis Chemical|Ambeed|Ambinter|AN PharmaTech|ApexBio Technology|Apexmol|AppChem|Ark Pharma Scientific Limited|AstaTech, Inc.|Aurora Fine Chemicals LLC|Aurum Pharmatech LLC|AvaChem Scientific|BenchChem|BerrChemical|Bic Biotech|BindingDB|BioAustralis Fine Chemicals|BioChemPartner|BioCyc|Biological Magnetic Resonance Data Bank (BMRB)|Biopurify Phytochemicals|Biorbyt|Biosynth|BLD Pharm|BOC Sciences|Broad Institute|Buhrlage Lab, Dana-Farber Cancer Institute and Novartis Institutes for BioMedical Research (Cambridge, Mass)|Burnham Center for Chemical Genomics|CATO Research Chemicals Inc.|CCSbase|CD Formulation|Center for Chemical Genomics, University of Michigan|Changzhou Highassay Chemical Co., Ltd|ChEBI|Chem-Space.com Database|ChemBank|Chembase.cn|ChEMBL|ChemExper Chemical Directory|ChemFaces|Chemical Carcinogenesis Research Information System (CCRIS)|chemical genetic matrix|ChemIDplus|Chemieliva Pharmaceutical Co., Ltd|ChemMol|ChemoSapiens|ChemShuttle|ChemSpider|Chen Lab, School of Medicine, Emory University|Collaborative Drug Discovery, Inc.|Combi-Blocks|Crystallography Open Database (COD)|CSNpharm|CymitQuimica|Davey Lab, Department of Microbiology, NEIDL, Boston University|Day Biochem|DC Chemicals|Debye Scientific Co., Ltd|DiscoveryGate|DrugBank|DTP/NCI|ECI Group, LCSB, University of Luxembourg|Egon Willighagen, Department of Bioinformatics - BiGCaT, Maastricht University|eMolecules|Emory University Molecular Libraries Screening Center|Enamine|eNovation Chemicals|EPA DSSTox|EPA Substance Registry Services|FDA Global Substance Registration System (GSRS)|Finetech Industry Limited|Fisher Drug Discovery Resource Center|Fluorochem|Founder Pharma|Glentham Life Sciences Ltd.|Glixx Labs Inc|Golm Metabolome Database (GMD), Max Planck Institute of Molecular Plant Physiology|Google Patents|Gulick Lab, Department of Structural Biology, University at Buffalo|Hangzhou APIChem Technology|Hangzhou Trylead Chemical Technology|Human Metabolome Database (HMDB)|IBM|ICCB-Longwood Screening Facility, Harvard Medical School|iChemical Technology USA Inc|InvivoChem|ISpharm|IUPAC Digitized pKa Dataset|J&H Chemical Co.,ltd|Japan Chemical Substance Dictionary (Nikkaji)|KEGG|Key Organics/BIONET|LabNetwork, a WuXi AppTec Company|labseeker|Lan Pharmatech|LeadScope|LGC Standards|LKT Labs|MassBank of North America (MoNA)|Matrix Scientific|Mcule|MedChemexpress MCE|Metabolomics Workbench|MLSMR|Molepedia|MolGenie|Molport|MuseChem|National Center for Advancing Translational Sciences (NCATS)|Nature Science Technologies Ltd|NCBI Structure|NextBio|NextMove Software|NIAID ChemDB|NIH/NCATS RNAi|NIST Chemistry WebBook|NIST Mass Spectrometry Data Center|NMRShiftDB|NORMAN Suspect List Exchange|NovoSeek|Oakwood Products|OChem|ORST SMALL MOLECULE SCREENING CENTER|OtavaChemicals|Paragos|Parchem|PATENTSCOPE (WIPO)|Pharmacore Co., Limited|Phion Ltd|Pi Chemicals|Probes & Drugs portal|Protein Data Bank in Europe (PDBe)|Prous Science Drugs of the Future|PubChem Reference Collection|R&D Chemicals|Race Chemical|Rare Chemicals GmbH, Germany|RR Scientific|Santa Cruz Biotechnology, Inc.|SCRIPDB|Selleck Chemicals|Shanghai Titan Scientific|Sigma-Aldrich|Sinfoo Biotech|Small Molecule Screening Facility, UW Madison|SMID|Smolecule|Springer Nature|Starshine Chemical|SureChEMBL|SynHet - Synthetic Heterocycles|Syntech Labs|Syntree|TargetMol|TCI (Tokyo Chemical Industry)|THE BioTek|The Scripps Research Institute Molecular Screening Center|Therapeutic Target Database (TTD)|Thermo Fisher Scientific|Thieme Chemistry|Thomson Pharma|Thoreauchem|TimTec|ToxPlanet|Tractus|TripleBond|UCSC Chemical Screening Center|University of Iowa High-Throughput Screening Core (UIHTS)|University of Kansas High Throughput Screening Laboratory|VanderVen Lab, College of Veterinary Medicine, Cornell University|Vitas-M Laboratory|VladaChem|VWR, Part of Avantor|Wikidata|WikiPathways|Wiley|Wilshire Technologies|Win-Win Chemical|Wubei-Biochem|Wutech|Yick-Vic Chemicals & Pharmaceuticals (HK) Ltd.|Yuhao Chemical|ZeroPM - Zero Pollution of Persistent, Mobile Substances|ZINC
Nicotinamide;C1=CC(=CN=C1)C(=O)N;001Chemical|10X CHEM|3WAY PHARM INC|A&J Pharmtech CO., LTD.|A2B Chem|AA BLOCKS|AAA Chemistry|Aaron Chemicals LLC|AbaChemScene|ABBLIS Chemicals|abcr GmbH|Abe Lab, University of Texas MD Anderson Cancer Center|ABI Chem|AbMole Bioscience|AbovChem LLC|Acadechem|Accel Scientific|Accela ChemBio Inc.|Achemica|Achemo Scientific Limited|Achemtek|Acmec Biochemical|AHH Chemical co.,ltd|AiFChem, an XtalPi Company|AK Scientific, Inc. (AKSCI)|AKos Consulting & Solutions|Aladdin Scientific|Alfa Chemistry|Alichem|Amadis Chemical|Ambeed|Ambinter|AN PharmaTech|Angel Pharmatech Ltd.|Angene Chemical|Anward|ApexBio Technology|Apexmol|AppChem|AstaTech, Inc.|Aurora Fine Chemicals LLC|Aurum Pharmatech LLC|AvaChem Scientific|Baker Lab, Chemistry Department, The University of North Carolina at Chapel Hill|BenchChem|Bic Biotech|BIND|BindingDB|BioChemPartner|Biocore|BioCrick|BioCyc|Biological Magnetic Resonance Data Bank (BMRB)|Biorbyt|Biosynth|BLD Pharm|BOC Sciences|Boerchem|Broad Institute|Burnham Center for Chemical Genomics|C. David Weaver Laboratory, Vanderbilt University|CAPOT|Carcinogenic Potency Database (CPDB)|CATO Research Chemicals Inc.|CCSbase|Center for Chemical Genomics, University of Michigan|ChEBI|Chem-Impex|Chem-Space.com Database|ChemBank|Chembase.cn|ChEMBL|ChemDB|ChemExper Chemical Directory|ChemFaces|Chemhere|Chemical Carcinogenesis Research Information System (CCRIS)|chemical genetic matrix|Chemical Synthesis Database|ChemIDplus|Chemieliva Pharmaceutical Co., Ltd|Cheminformatics Friedrich-Schiller-University Jena|ChemMol|ChemoSapiens|ChemSpider|ChemTik|China MainChem Co., Ltd|Chung Lab, Department of Pediatrics, Emory University|Clearsynth|Collaborative Drug Discovery, Inc.|Combi-Blocks|Cooke Chemical Co., Ltd|Crystallography Open Database (COD)|CSNpharm|CymitQuimica|Davey Lab, Department of Microbiology, NEIDL, Boston University|DC Chemicals|Debye Scientific Co., Ltd|DiscoveryGate|DrugBank|DrugCentral|DTP/NCI|ECI Group, LCSB, University of Luxembourg|Egon Willighagen, Department of Bioinformatics - BiGCaT, Maastricht University|EMD Biosciences|EMD Millipore|eMolecules|Enamine|eNovation Chemicals|EPA DSSTox|EPA Substance Registry Services|EvitaChem|FDA Global Substance Registration System (GSRS)|Finetech Industry Limited|Fisher Drug Discovery Resource Center|Fluorochem|Founder Pharma|Genetic Toxicology Data Bank (GENE-TOX)|Glentham Life Sciences Ltd.|Golm Metabolome Database (GMD), Max Planck Institute of Molecular Plant Physiology|Google Patents|Gulick Lab, Department of Structural Biology, University at Buffalo|Hairui Chemical|Horrigan Lab, Baylor College of Medicine|Human Metabolome Database (HMDB)|Hunan Huateng Pharmaceutical Co., Ltd.|IBM|ICCB-Longwood Screening Facility, Harvard Medical School|iChemical Technology USA Inc|Innovapharm|InvivoChem|ISpharm|IUPAC Digitized pKa Dataset|J&H Chemical Co.,ltd|Japan Chemical Substance Dictionary (Nikkaji)|KEGG|Key Organics/BIONET|King Scientific|LabNetwork, a WuXi AppTec Company|labseeker|Lan Pharmatech|LeadScope|LEAPCHEM|LGC Standards|Life Chemicals|MassBank Europe|MassBank of North America (MoNA)|Matrix Scientific|Mcule|MedChemexpress MCE|Metabolomics Workbench|Milbrandt Lab, Department of Genetics, Washington University School of Medicine|Milwaukee Institute for Drug Discovery|MLSMR|MolCore|Molepedia|MolGenie|Molport|MP Biomedicals|MuseChem|National Center for Advancing Translational Sciences (NCATS)|Nature Chemical Biology|NCBI Structure|NewCan Biotech|NextBio|NextMove Software|NIAID ChemDB|NIH Clinical Collection|NIH/NCATS RNAi|NIST Chemistry WebBook|NIST Mass Spectrometry Data Center|NMRShiftDB|NORMAN Suspect List Exchange|NovoSeek|Oakwood Products|Parchem|PATENTSCOPE (WIPO)|Phion Ltd|Pi Chemicals|Probes & Drugs portal|Protein Data Bank in Europe (PDBe)|Prous Science Drugs of the Future|PubChem Reference Collection|Public Access to Neuroactive & Anticonvulsant Chemical Evaluations (PANAChE)|Race Chemical|RR Scientific|Santa Cruz Biotechnology, Inc.|SCRIPDB|Selleck Chemicals|Shanghai Institute of Organic Chemistry|Shanghai Titan Scientific|Sigma-Aldrich|Sinfoo Biotech|SLING Consortium|Small Molecule Screening Facility, UW Madison|SMID|Smolecule|Southern Research Institute|Specs|Springer Nature|SpringerMaterials|Starshine Chemical|Structural Genomics Consortium|SureChEMBL|Synblock Inc|SynHet - Synthetic Heterocycles|Syntree|TargetMol|TCI (Tokyo Chemical Industry)|THE BioTek|The Scripps Research Institute Molecular Screening Center|Thermo Fisher Scientific|Thieme Chemistry|Thomson Pharma|Thoreauchem|TimTec|Tocris Bioscience|Tox21|ToxPlanet|Tractus|UCSC Chemical Screening Center|University of Iowa High-Throughput Screening Core (UIHTS)|University of Kansas High Throughput Screening Laboratory|Veeprho|Vesino Industrial Co., Ltd|Vitas-M Laboratory|VladaChem|VWR, Part of Avantor|West Coast Metabolomics Center-UC Davis|Wikidata|WikiPathways|Wiley|Win-Win Chemical|Wubei-Biochem|Wutech|Yick-Vic Chemicals & Pharmaceuticals (HK) Ltd.|Yuhao Chemical|ZeroPM - Zero Pollution of Persistent, Mobile Substances|ZINC
Vanillin;COC1=C(C=CC(=C1)C=O)O;001Chemical|10X CHEM|3WAY PHARM INC|A&J Pharmtech CO., LTD.|A2B Chem|AA BLOCKS|Aaron Chemicals LLC|AbaChemScene|ABBLIS Chemicals|abcr GmbH|ABI Chem|Acadechem|Accel Scientific|Aceschem Inc|Achemica|Achemo Scientific Limited|Acorn PharmaTech Product List|Activate Scientific|AHH Chemical co.,ltd|AK Scientific, Inc. (AKSCI)|AKos Consulting & Solutions|Aladdin Scientific|Alfa Chemistry|Amadis Chemical|Ambeed|Ambinter|AN PharmaTech|Angene Chemical|Anward|ApexBio Technology|Apexmol|AppChem|Ark Pharm, Inc.|AstaTech, Inc.|Aurora Fine Chemicals LLC|Aurum Pharmatech LLC|Baker Lab, Chemistry Department, The University of North Carolina at Chapel Hill|BenchChem|BePharm Ltd.|BerrChemical|Bic Biotech|BIDD|BindingDB|BioChemPartner|Biocore|BioCrick|BioCyc|Biological Magnetic Resonance Data Bank (BMRB)|Biorbyt|Biosynth|BLD Pharm|BOC Sciences|Broad Institute|BroadPharm|Cangzhou Enke Pharma Tech Co.,Ltd.|CAPOT|CATO Research Chemicals Inc.|CCSbase|Center for Chemical Genomics, University of Michigan|Changzhou Highassay Chemical Co., Ltd|ChEBI|Chem-Impex|Chem-Space.com Database|ChemBank|Chembase.cn|ChEMBL|ChemDB|ChemDiv|ChemExper Chemical Directory|ChemFaces|Chemical Carcinogenesis Research Information System (CCRIS)|Chemical Synthesis Database|ChemIDplus|Chemieliva Pharmaceutical Co., Ltd|Cheminformatics Friedrich-Schiller-University Jena|ChemMol|ChemoSapiens|ChemShuttle|ChemSpider|ChemTik|China MainChem Co., Ltd|Clearsynth|Collaborative Drug Discovery, Inc.|Combi-Blocks|Cooke Chemical Co., Ltd|Crystallography Open Database (COD)|CSNpharm|CymitQuimica|Davey Lab, Department of Microbiology, NEIDL, Boston University|DC Chemicals|Debye Scientific Co., Ltd|DiscoveryGate|DTP/NCI|EAWAG Biocatalysis/Biodegradation Database|ECI Group, LCSB, University of Luxembourg|Egon Willighagen, Department of Bioinformatics - BiGCaT, Maastricht University|eMolecules|Enamine|eNovation Chemicals|enviPath|EPA DSSTox|EPA Substance Registry Services|FDA Global Substance Registration System (GSRS)|Finetech Industry Limited|Fisher Chemical|Fluorochem|Fondchemical Limited|Founder Pharma|Genetic Toxicology Data Bank (GENE-TOX)|Glentham Life Sciences Ltd.|Google Patents|Hairui Chemical|Hangzhou APIChem Technology|Human Metabolome Database (HMDB)|Hunan Chemfish Pharmaceutical Co., Ltd.|Hunan Huateng Pharmaceutical Co., Ltd.|IBM|ICCB-Longwood Screening Facility, Harvard Medical School|iChemical Technology USA Inc|Innovapharm|InvivoChem|ISpharm|IUPAC Digitized pKa Dataset|IUPHAR/BPS Guide to PHARMACOLOGY|J&H Chemical Co.,ltd|Japan Chemical Substance Dictionary (Nikkaji)|KEGG|Key Organics/BIONET|King Scientific|LabNetwork, a WuXi AppTec Company|labseeker|LeadScope|LGC Standards|Life Chemicals|MassBank Europe|MassBank of North America (MoNA)|Matrix Scientific|Mcule|MedChemexpress MCE|Metabolomics Workbench|MLSMR|MolCore|Molecule Market|Molepedia|MolGenie|Molport|MP Biomedicals|MuseChem|National Center for Advancing Translational Sciences (NCATS)|Nature Chemical Biology|NCBI Structure|NextBio|NextMove Software|NIAID ChemDB|NIST Chemistry WebBook|NIST Mass Spectrometry Data Center|NMRShiftDB|NORMAN Suspect List Exchange|NovoSeek|Oakwood Products|OtavaChemicals|OXCHEM CORPORATION|Parchem|PATENTSCOPE (WIPO)|Phion Ltd|Pi Chemicals|Probes & Drugs portal|Protein Data Bank in Europe (PDBe)|PubChem Reference Collection|Qingdao Wanyuan Mountain Biotech Co.,Ltd|R&D Chemicals|RR Scientific|Santa Cruz Biotechnology, Inc.|SCRIPDB|Selleck Chemicals|Shanghai Titan Scientific|Sigma-Aldrich|Sinfoo Biotech|Sinofi Ingredients|SLING Consortium|Smolecule|Specs|Springer Nature|SpringerMaterials|Starshine Chemical|Structural Genomics Consortium|SureChEMBL|SynHet - Synthetic Heterocycles|Syntree|TargetMol|TCI (Tokyo Chemical Industry)|THE BioTek|Therapeutic Target Database (TTD)|Thermo Fisher Scientific|Thieme Chemistry|Thomson Pharma|Thoreauchem|TimTec|Tox21|ToxPlanet|Tractus|UCSC Chemical Screening Center|University of Kansas High Throughput Screening Laboratory|Veeprho|Vitas-M Laboratory|VladaChem|VWR, Part of Avantor|Wikidata|Wiley|Win-Win Chemical|Wubei-Biochem|Wuhan Atomole Chemicals Co., Ltd.|Wutech|Yick-Vic Chemicals & Pharmaceuticals (HK) Ltd.|Yuhao Chemical|ZeroPM - Zero Pollution of Persistent, Mobile Substances|ZINC|Zjartschem
N-isopropyl-N'-phenyl-p-phenylenediamine;CC(C)NC1=CC=C(C=C1)NC2=CC=CC=C2;001Chemical|10X CHEM|A&J Pharmtech CO., LTD.|A2B Chem|AA BLOCKS|AAA Chemistry|Aaron Chemicals LLC|AbaChemScene|abcr GmbH|ABI Chem|Acadechem|Accel Scientific|Achemica|Achemo Scientific Limited|Achemtek|Acmec Biochemical|AgroIntelBioScan.com|AiFChem, an XtalPi Company|AK Scientific, Inc. (AKSCI)|AKos Consulting & Solutions|Aladdin Scientific|Alfa Chemistry|Alichem|Alinda Chemical Trade Company Ltd|Amadis Chemical|Ambeed|Ambinter|AN PharmaTech|Angene Chemical|AppChem|AstaTech, Inc.|Aurum Pharmatech LLC|Baker Lab, Chemistry Department, The University of North Carolina at Chapel Hill|BenchChem|BePharm Ltd.|Biorbyt|BLD Pharm|BOC Sciences|CATO Research Chemicals Inc.|ChEBI|Chem-Space.com Database|ChemBank|Chembase.cn|ChEMBL|ChemDB|Chemical Carcinogenesis Research Information System (CCRIS)|Chemical Synthesis Database|ChemIDplus|Chemieliva Pharmaceutical Co., Ltd|Cheminformatics Friedrich-Schiller-University Jena|ChemMol|ChemoSapiens|ChemSpider|Clearsynth|Collaborative Drug Discovery, Inc.|Combi-Blocks|Cooke Chemical Co., Ltd|CymitQuimica|DiscoveryGate|DrugBank|DTP/NCI|Egon Willighagen, Department of Bioinformatics - BiGCaT, Maastricht University|eMolecules|Enamine|eNovation Chemicals|EPA DSSTox|EPA Substance Registry Services|FDA Global Substance Registration System (GSRS)|Finetech Industry Limited|Fluorochem|Google Patents|Hairui Chemical|Hunan Chemfish Pharmaceutical Co., Ltd.|IBM|ICCB-Longwood Screening Facility, Harvard Medical School|iChemical Technology USA Inc|Immune Epitope Database (IEDB)|ISpharm|J&H Chemical Co.,ltd|Jamson Pharmachem Technology|Japan Chemical Substance Dictionary (Nikkaji)|Key Organics/BIONET|King Scientific|LabNetwork, a WuXi AppTec Company|Lan Pharmatech|LeadScope|LGC Standards|MassBank Europe|MassBank of North America (MoNA)|Matrix Scientific|Mcule|Metabolomics Workbench|MLSMR|MolCore|Molecule Market|MolGenie|Molport|MuseChem|National Center for Advancing Translational Sciences (NCATS)|NextBio|NIST Chemistry WebBook|NIST Mass Spectrometry Data Center|NMRShiftDB|NORMAN Suspect List Exchange|NovoSeek|Oakwood Products|OXCHEM CORPORATION|Parchem|PATENTSCOPE (WIPO)|Probes & Drugs portal|PubChem Reference Collection|RR Scientific|Santa Cruz Biotechnology, Inc.|SCRIPDB|Shanghai Titan Scientific|Sigma-Aldrich|Sinfoo Biotech|Small Molecule Screening Facility, UW Madison|Smolecule|Springer Nature|Starshine Chemical|SureChEMBL|SynHet - Synthetic Heterocycles|Syntree|TargetMol|TCI (Tokyo Chemical Industry)|THE BioTek|Thermo Fisher Scientific|Thieme Chemistry|Thomson Pharma|TimTec|Tox21|ToxPlanet|Tractus|VWR, Part of Avantor|Wikidata|Win-Win Chemical|Wubei-Biochem|Wutech|Yick-Vic Chemicals & Pharmaceuticals (HK) Ltd.|Yuhao Chemical|ZeroPM - Zero Pollution of Persistent, Mobile Substances|ZINC
Hydroquinone;C1=CC(=CC=C1O)O;001Chemical|10X CHEM|3WAY PHARM INC|A2B Chem|AA BLOCKS|AAA Chemistry|Aaron Chemicals LLC|AbaChemScene|ABBLIS Chemicals|abcr GmbH|Abe Lab, University of Texas MD Anderson Cancer Center|ABI Chem|AbMole Bioscience|AbovChem LLC|Acadechem|Accel Scientific|Aceschem Inc|Achemica|Achemtek|Acmec Biochemical|Acorn PharmaTech Product List|AHH Chemical co.,ltd|AiFChem, an XtalPi Company|AK Scientific, Inc. (AKSCI)|AKos Consulting & Solutions|Aladdin Scientific|Alfa Chemistry|Amadis Chemical|Ambeed|Ambinter|AmicBase - Antimicrobial Activities|AN PharmaTech|Angene Chemical|Anward|Apexmol|AppChem|Aromsyn catalogue|AstaTech, Inc.|Aurora Fine Chemicals LLC|Aurum Pharmatech LLC|Baker Lab, Chemistry Department, The University of North Carolina at Chapel Hill|BenchChem|Bic Biotech|BIDD|BindingDB|BioCyc|Biological Magnetic Resonance Data Bank (BMRB)|Biorbyt|Biosynth|BLD Pharm|BOC Sciences|Boerchem|Broad Institute|BroadPharm|Burek Lab, Department of Anaesthesiology, Intensive Care, Emergency and Pain Med, University Hospital Wuerzburg|Burnham Center for Chemical Genomics|Cangzhou Enke Pharma Tech Co.,Ltd.|CAPOT|Carcinogenic Potency Database (CPDB)|CATO Research Chemicals Inc.|CCSbase|CD Formulation|Center for Chemical Genomics, University of Michigan|Changzhou Highassay Chemical Co., Ltd|ChEBI|Chem-Impex|Chem-Space.com Database|ChemBank|Chembase.cn|ChEMBL|ChemDB|Chemenu Inc.|ChemExper Chemical Directory|ChemFaces|Chemhere|Chemical Carcinogenesis Research Information System (CCRIS)|chemical genetic matrix|Chemical Synthesis Database|ChemIDplus|Chemieliva Pharmaceutical Co., Ltd|Cheminformatics Friedrich-Schiller-University Jena|ChemMol|ChemoSapiens|ChemSpider|ChemTik|Chen Lab, School of Medicine, Emory University|Circadian Research, Kay Laboratory, University of California at San Diego (UCSD)|Clearsynth|Clinivex|Collaborative Drug Discovery, Inc.|Combi-Blocks|Comparative Toxicogenomics Database (CTD)|Cooke Chemical Co., Ltd|Crystallography Open Database (COD)|CymitQuimica|Davey Lab, Department of Microbiology, NEIDL, Boston University|DC Chemicals|Debye Scientific Co., Ltd|DempoChem|DiscoveryGate|DrugBank|DrugCentral|DTP/NCI|EAWAG Biocatalysis/Biodegradation Database|ECI Group, LCSB, University of Luxembourg|Egon Willighagen, Department of Bioinformatics - BiGCaT, Maastricht University|Elsa Biotechnology|eMolecules|Emory University Molecular Libraries Screening Center|Enamine|eNovation Chemicals|enviPath|EPA DSSTox|EPA Substance Registry Services|EvitaChem|FDA Global Substance Registration System (GSRS)|Finetech Industry Limited|Fisher Chemical|Fisher Drug Discovery Resource Center|Fluorochem|Genetic Toxicology Data Bank (GENE-TOX)|Glentham Life Sciences Ltd.|Golm Metabolome Database (GMD), Max Planck Institute of Molecular Plant Physiology|Google Patents|Gulick Lab, Department of Structural Biology, University at Buffalo|Hairui Chemical|Hefei Hirisun Pharmatech Co., Ltd|Human Metabolome Database (HMDB)|IBM|ICCB-Longwood Screening Facility, Harvard Medical School|iChemical Technology USA Inc|Immune Epitope Database (IEDB)|Innovapharm|InvivoChem|ISpharm|IUPAC Digitized pKa Dataset|J&H Chemical Co.,ltd|Japan Chemical Substance Dictionary (Nikkaji)|KEGG|Key Organics/BIONET|King Scientific|Kingston Chemistry|LabNetwork, a WuXi AppTec Company|labseeker|Lan Pharmatech|LeadScope|LEAPCHEM|LGC Standards|Life Chemicals|MassBank Europe|MassBank of North America (MoNA)|Mcule|MedChemexpress MCE|Metabolomics Workbench|Milbrandt Lab, Department of Genetics, Washington University School of Medicine|Milwaukee Institute for Drug Discovery|MLSMR|MolCore|Molecule Market|Molepedia|MolGenie|Molport|MP Biomedicals|MuseChem|National Center for Advancing Translational Sciences (NCATS)|Nature Chemistry|NCBI Structure|NextBio|NextMove Software|NIAID ChemDB|NIST Chemistry WebBook|NIST Mass Spectrometry Data Center|NMRShiftDB|NORMAN Suspect List Exchange|NovoSeek|Oakwood Products|ORST SMALL MOLECULE SCREENING CENTER|OtavaChemicals|Paczesny and Yang Labs, IUPUI and University of Michigan|Parchem|PATENTSCOPE (WIPO)|Phion Ltd|Probes & Drugs portal|Protein Data Bank in Europe (PDBe)|PubChem Reference Collection|RR Scientific|Santa Cruz Biotechnology, Inc.|SCRIPDB|Selleck Chemicals|Shandong Benrite New Chemical Materials Co.,Ltd|Shanghai Institute of Organic Chemistry|Shanghai Titan Scientific|Shangyu Catsyn Co., Ltd.|Sigma-Aldrich|Sinfoo Biotech|SLING Consortium|Small Molecule Screening Facility, UW Madison|Smolecule|Southern Research Institute|Springer Nature|SpringerMaterials|Starshine Chemical|Strem Chemicals, Inc.|SureChEMBL|SynHet - Synthetic Heterocycles|SynQuest Laboratories|Syntree|TCI (Tokyo Chemical Industry)|THE BioTek|The Scripps Research Institute Molecular Screening Center|Therapeutic Target Database (TTD)|Thermo Fisher Scientific|Thieme Chemistry|Thomson Pharma|Thoreauchem|TimTec|Tox21|ToxPlanet|Tractus|University of Iowa High-Throughput Screening Core (UIHTS)|University of Kansas High Throughput Screening Laboratory|University of Pittsburgh Molecular Library Screening Center|Veeprho|Vitas-M Laboratory|VladaChem|VWR, Part of Avantor|Wikidata|WikiPathways|Wiley|Win-Win Chemical|Wubei-Biochem|Wutech|Yick-Vic Chemicals & Pharmaceuticals (HK) Ltd.|Yuhao Chemical|ZeroPM - Zero Pollution of Persistent, Mobile Substances|ZINC|Zjartschem|Zoeller Lab, School of Medicine, Boston University
Propyl Gallate;CCCOC(=O)C1=CC(=C(C(=C1)O)O)O;001Chemical|10X CHEM|3WAY PHARM INC|A&J Pharmtech CO., LTD.|A2B Chem|AA BLOCKS|Aaron Chemicals LLC|AbaChemScene|abcr GmbH|ABI Chem|Acadechem|Accel Scientific|Accela ChemBio Inc.|Achemica|Achemo Scientific Limited|Achemtek|Acorn PharmaTech Product List|Activate Scientific|AHH Chemical co.,ltd|AK Scientific, Inc. (AKSCI)|AKos Consulting & Solutions|Aladdin Scientific|Alfa Chemistry|Amadis Chemical|Ambeed|AN PharmaTech|Anward|AppChem|Aribo Reagent|Ark Pharm, Inc.|AstaTech, Inc.|Aurora Fine Chemicals LLC|Aurum Pharmatech LLC|Baker Lab, Chemistry Department, The University of North Carolina at Chapel Hill|BenchChem|BePharm Ltd.|Bic Biotech|BIDD|BindingDB|BioChemPartner|BioCrick|BioCyc|Biopharma PEG Scientific Inc|Biopurify Phytochemicals|Biorbyt|Biosynth|BLD Pharm|BOC Sciences|Cangzhou Enke Pharma Tech Co.,Ltd.|CAPOT|Carcinogenic Potency Database (CPDB)|CATO Research Chemicals Inc.|CD Formulation|Center for Chemical Genomics, University of Michigan|ChEBI|Chem-Space.com Database|ChemBank|Chembase.cn|ChEMBL|ChemBridge|ChemDB|ChemExper Chemical Directory|ChemFaces|Chemhere|Chemical Carcinogenesis Research Information System (CCRIS)|ChemIDplus|Chemieliva Pharmaceutical Co., Ltd|Cheminformatics Friedrich-Schiller-University Jena|ChemMol|ChemoSapiens|ChemSpider|ChemTik|Clearsynth|Collaborative Drug Discovery, Inc.|Comparative Toxicogenomics Database (CTD)|Cooke Chemical Co., Ltd|Crystallography Open Database (COD)|CSNpharm|CymitQuimica|DC Chemicals|Debye Scientific Co., Ltd|DiscoveryGate|DrugBank|DTP/NCI|Egon Willighagen, Department of Bioinformatics - BiGCaT, Maastricht University|eMolecules|Emory University Molecular Libraries Screening Center|eNovation Chemicals|EPA DSSTox|EPA Substance Registry Services|FDA Global Substance Registration System (GSRS)|Finetech Industry Limited|Fluorochem|Founder Pharma|Genetic Toxicology Data Bank (GENE-TOX)|Glentham Life Sciences Ltd.|Golm Metabolome Database (GMD), Max Planck Institute of Molecular Plant Physiology|Google Patents|Hairui Chemical|Hangzhou APIChem Technology|Human Metabolome Database (HMDB)|IBM|ICCB-Longwood Screening Facility, Harvard Medical School|iChemical Technology USA Inc|InvivoChem|ISpharm|J&H Chemical Co.,ltd|Japan Chemical Substance Dictionary (Nikkaji)|KEGG|Key Organics/BIONET|King Scientific|LabNetwork, a WuXi AppTec Company|labseeker|LeadScope|LGC Standards|MassBank Europe|MassBank of North America (MoNA)|Matrix Scientific|Mcule|MedChemexpress MCE|Metabolomics Workbench|MolCore|Molepedia|MolGenie|Molport|MP Biomedicals|MuseChem|National Center for Advancing Translational Sciences (NCATS)|NextBio|NextMove Software|NIAID ChemDB|NIST Chemistry WebBook|NIST Mass Spectrometry Data Center|NMRShiftDB|NORMAN Suspect List Exchange|NovoSeek|Oakwood Products|OXCHEM CORPORATION|Parchem|PATENTSCOPE (WIPO)|Phion Ltd|Probes & Drugs portal|PubChem Reference Collection|RR Scientific|Santa Cruz Biotechnology, Inc.|SCRIPDB|Selleck Chemicals|Shanghai Titan Scientific|Sigma-Aldrich|Sinfoo Biotech|Smolecule|Springer Nature|Starshine Chemical|SureChEMBL|SynHet - Synthetic Heterocycles|Syntree|TargetMol|TCI (Tokyo Chemical Industry)|THE BioTek|The Scripps Research Institute Molecular Screening Center|Thermo Fisher Scientific|Thieme Chemistry|Thomson Pharma|Thoreauchem|TimTec|Tox21|ToxPlanet|Tractus|TripleBond|University of Kansas High Throughput Screening Laboratory|Veeprho|VladaChem|Wikidata|Wiley|Wubei-Biochem|Yick-Vic Chemicals & Pharmaceuticals (HK) Ltd.|Yuhao Chemical|ZeroPM - Zero Pollution of Persistent, Mobile Substances|ZINC|Zjartschem
Ethoxyquin;CCOC1=CC2=C(C=C1)NC(C=C2C)(C)C;001Chemical|10X CHEM|3WAY PHARM INC|A&J Pharmtech CO., LTD.|A2B Chem|AA BLOCKS|Aaron Chemicals LLC|AbaChemScene|abcr GmbH|Abe Lab, University of Texas MD Anderson Cancer Center|ABI Chem|Acadechem|Accela ChemBio Inc.|Achemica|Achemtek|Acmec Biochemical|AHH Chemical co.,ltd|AK Scientific, Inc. (AKSCI)|AKos Consulting & Solutions|Aladdin Scientific|Alfa Chemistry|Alichem|Amadis Chemical|Ambinter|AN PharmaTech|Angene Chemical|AppChem|Ark Pharm, Inc.|AstaTech, Inc.|Aurora Fine Chemicals LLC|Baker Lab, Chemistry Department, The University of North Carolina at Chapel Hill|BenchChem|BePharm Ltd.|Bic Biotech|BIDD|Biocore|Biorbyt|Biosynth|BLD Pharm|BOC Sciences|Boerchem|Broad Institute|Carcinogenic Potency Database (CPDB)|CATO Research Chemicals Inc.|CCSbase|CD Formulation|Center for Chemical Genomics, University of Michigan|ChEBI|Chem-Impex|Chem-Space.com Database|ChemBank|Chembase.cn|ChEMBL|ChemBlock|ChemDB|ChemDiv|Chemenu Inc.|Chemical Carcinogenesis Research Information System (CCRIS)|chemical genetic matrix|ChemIDplus|Chemieliva Pharmaceutical Co., Ltd|Cheminformatics Friedrich-Schiller-University Jena|ChemMol|ChemoSapiens|ChemSpider|ChemTik|Chen Lab, School of Medicine, Emory University|Clinivex|Collaborative Drug Discovery, Inc.|Combi-Blocks|Comparative Toxicogenomics Database (CTD)|Cooke Chemical Co., Ltd|CymitQuimica|Davey Lab, Department of Microbiology, NEIDL, Boston University|DC Chemicals|Debye Scientific Co., Ltd|DiscoveryGate|DTP/NCI|Egon Willighagen, Department of Bioinformatics - BiGCaT, Maastricht University|eInhibitors|eMolecules|Emory University Molecular Libraries Screening Center|Enamine|EPA DSSTox|EPA Substance Registry Services|FDA Global Substance Registration System (GSRS)|Finetech Industry Limited|Fisher Drug Discovery Resource Center|Founder Pharma|Fredberg Lab, Harvard T.H. Chan School of Public Health|Genetic Toxicology Data Bank (GENE-TOX)|Golm Metabolome Database (GMD), Max Planck Institute of Molecular Plant Physiology|Google Patents|Hairui Chemical|Hangzhou APIChem Technology|Human Metabolome Database (HMDB)|IBM|ICCB-Longwood Screening Facility, Harvard Medical School|iChemical Technology USA Inc|J&H Chemical Co.,ltd|Japan Chemical Substance Dictionary (Nikkaji)|Key Organics/BIONET|King Scientific|LeadScope|LGC Standards|MassBank Europe|MassBank of North America (MoNA)|Mcule|MedChemexpress MCE|Metabolomics Workbench|MLSMR|MolCore|Molepedia|MolGenie|Molport|MP Biomedicals|MuseChem|National Center for Advancing Translational Sciences (NCATS)|NextBio|NextMove Software|NIAID ChemDB|NINDS Approved Drug Screening Program|NIST Mass Spectrometry Data Center|NORMAN Suspect List Exchange|NovoSeek|Oakwood Products|ORST SMALL MOLECULE SCREENING CENTER|OXCHEM CORPORATION|Parchem|PATENTSCOPE (WIPO)|PDSP|Probes & Drugs portal|PubChem Reference Collection|RR Scientific|Santa Cruz Biotechnology, Inc.|SCRIPDB|Selleck Chemicals|Sigma-Aldrich|Sinfoo Biotech|Small Molecule Screening Facility, UW Madison|Smolecule|Southern Research Institute|Springer Nature|Starshine Chemical|SureChEMBL|SynHet - Synthetic Heterocycles|Syntree|TargetMol|TCI (Tokyo Chemical Industry)|Tetrahedron Scientific Inc|THE BioTek|The Scripps Research Institute Molecular Screening Center|Thomson Pharma|Thoreauchem|TimTec|Tox21|ToxPlanet|Tractus|UCLA Molecular Screening Shared Resource|University of Kansas High Throughput Screening Laboratory|Vitas-M Laboratory|Wikidata|Wiley|Wubei-Biochem|Yick-Vic Chemicals & Pharmaceuticals (HK) Ltd.|Yuhao Chemical|ZeroPM - Zero Pollution of Persistent, Mobile Substances|ZINC
Beta-Carotene;CC1=C(C(CCC1)(C)C)/C=C/C(=C/C=C/C(=C/C=C/C=C(/C=C/C=C(/C=C/C2=C(CCCC2(C)C)C)\C)\C)/C)/C;001Chemical|10X CHEM|3WAY PHARM INC|A2B Chem|AA BLOCKS|AAA Chemistry|Aaron Chemicals LLC|AbaChemScene|ABBLIS Chemicals|abcr GmbH|Abe Lab, University of Texas MD Anderson Cancer Center|ABI Chem|AbMole Bioscience|Accela ChemBio Inc.|Achemtek|Acmec Biochemical|Acorn PharmaTech Product List|Adooq BioScience|AEchem Scientific Corp., USA|AHH Chemical co.,ltd|AiFChem, an XtalPi Company|AK Scientific, Inc. (AKSCI)|AKos Consulting & Solutions|Aladdin Scientific|Alfa Chemistry|Amadis Chemical|Ambeed|AN PharmaTech|ApexBio Technology|AppChem|AstaTech, Inc.|Aurora Fine Chemicals LLC|AvaChem Scientific|BenchChem|BIDD|BindingDB|BioCyc|Biological Magnetic Resonance Data Bank (BMRB)|Biopurify Phytochemicals|Biorbyt|Biosynth|BLD Pharm|BOC Sciences|Boerchem|Broad Institute|Burnham Center for Chemical Genomics|Carcinogenic Potency Database (CPDB)|CATO Research Chemicals Inc.|CD Formulation|Center for Chemical Genomics, University of Michigan|Changzhou Highassay Chemical Co., Ltd|ChEBI|Chem-Space.com Database|ChemBank|Chembase.cn|ChEMBL|ChemExper Chemical Directory|ChemFaces|Chemical Carcinogenesis Research Information System (CCRIS)|chemical genetic matrix|ChemIDplus|Chemieliva Pharmaceutical Co., Ltd|ChemMol|ChemoSapiens|ChemShuttle|ChemSpider|Chen Lab, School of Medicine, Emory University|China MainChem Co., Ltd|Clearsynth|Clinivex|Collaborative Drug Discovery, Inc.|Comparative Toxicogenomics Database (CTD)|CSNpharm|CymitQuimica|Davey Lab, Department of Microbiology, NEIDL, Boston University|DC Chemicals|DiscoveryGate|DrugBank|DrugCentral|DTP/NCI|ECI Group, LCSB, University of Luxembourg|Egon Willighagen, Department of Bioinformatics - BiGCaT, Maastricht University|eMolecules|Enamine|eNovation Chemicals|EPA DSSTox|EPA Substance Registry Services|FDA Global Substance Registration System (GSRS)|Finetech Industry Limited|Fisher Drug Discovery Resource Center|Fluorochem|Genetic Toxicology Data Bank (GENE-TOX)|Glixx Labs Inc|Golm Metabolome Database (GMD), Max Planck Institute of Molecular Plant Physiology|Google Patents|Gulick Lab, Department of Structural Biology, University at Buffalo|Guri Giaever, Pharmaceutical Sciences, University of British Columbia|Hangzhou APIChem Technology|Human Metabolome Database (HMDB)|ICCB-Longwood Screening Facility, Harvard Medical School|iChemical Technology USA Inc|Innovapharm|InvivoChem|ISpharm|J&H Chemical Co.,ltd|Japan Chemical Substance Dictionary (Nikkaji)|KEGG|Key Organics/BIONET|LabNetwork, a WuXi AppTec Company|labseeker|LeadScope|LGC Standards|LIPID MAPS|LKT Labs|MassBank Europe|MassBank of North America (MoNA)|Mcule|MedChemexpress MCE|Metabolomics Workbench|Milbrandt Lab, Department of Genetics, Washington University School of Medicine|MLSMR|MolGenie|Molport|MTDP|MuseChem|National Center for Advancing Translational Sciences (NCATS)|Nature Chemical Biology|NCBI Structure|NextBio|NextMove Software|NIAID ChemDB|NIH/NCATS RNAi|NINDS Approved Drug Screening Program|NIST Chemistry WebBook|NIST Mass Spectrometry Data Center|NORMAN Suspect List Exchange|NovoSeek|Oakwood Products|ORST SMALL MOLECULE SCREENING CENTER|Parchem|PATENTSCOPE (WIPO)|Phion Ltd|Pi Chemicals|Probes & Drugs portal|Protein Data Bank in Europe (PDBe)|PubChem Reference Collection|R&D Chemicals|Race Chemical|RR Scientific|Santa Cruz Biotechnology, Inc.|SCRIPDB|Selleck Chemicals|Shanghai Titan Scientific|Sigma-Aldrich|Sinofi Ingredients|SLING Consortium|Small Molecule Screening Facility, UW Madison|SMID|Smolecule|Southern Research Institute|Springer Nature|SpringerMaterials|Starshine Chemical|SureChEMBL|TargetMol|TCI (Tokyo Chemical Industry)|THE BioTek|The Scripps Research Institute Molecular Screening Center|Therapeutic Target Database (TTD)|Thermo Fisher Scientific|Thieme Chemistry|Thomson Pharma|TimTec|Tox21|ToxPlanet|TripleBond|UCSC Chemical Screening Center|University of Iowa High-Throughput Screening Core (UIHTS)|University of Kansas High Throughput Screening Laboratory|VladaChem|VWR, Part of Avantor|Wikidata|WikiPathways|Wiley|Wilshire Technologies|xPharm: The Comprehensive Pharmacology Reference|Yick-Vic Chemicals & Pharmaceuticals (HK) Ltd.|Yuhao Chemical|ZeroPM - Zero Pollution of Persistent, Mobile Substances|ZINC
4-Methoxyphenol;COC1=CC=C(C=C1)O;001Chemical|10X CHEM|1st Scientific|3WAY PHARM INC|A&J Pharmtech CO., LTD.|A2B Chem|AA BLOCKS|AAA Chemistry|Aaron Chemicals LLC|AbaChemScene|ABBLIS Chemicals|abcr GmbH|ABI Chem|AbMole Bioscience|Acadechem|Accel Scientific|Accela ChemBio Inc.|Aceschem Inc|Achemica|Achemo Scientific Limited|Achemtek|Acmec Biochemical|Activate Scientific|AHH Chemical co.,ltd|AiFChem, an XtalPi Company|AK Scientific, Inc. (AKSCI)|AKos Consulting & Solutions|Aladdin Scientific|Alfa Chemistry|Alichem|Allbio Pharm Co., Ltd|Amadis Chemical|Ambeed|Ambinter|AN PharmaTech|Angene Chemical|Anward|ApexBio Technology|Apexmol|Ark Pharm, Inc.|Aromalake Chemical|Aromsyn catalogue|AstaTech, Inc.|Aurora Fine Chemicals LLC|Aurum Pharmatech LLC|AZEPINE|Baker Lab, Chemistry Department, The University of North Carolina at Chapel Hill|Beilstein Journals|BenchChem|BePharm Ltd.|BerrChemical|Bic Biotech|BindingDB|Biocore|BioCrick|Biorbyt|Biosynth|BLD Pharm|BOC Sciences|Broad Institute|BroadPharm|Burnham Center for Chemical Genomics|Cangzhou Enke Pharma Tech Co.,Ltd.|CAPOT|Carcinogenic Potency Database (CPDB)|CATO Research Chemicals Inc.|CD Formulation|Center for Chemical Genomics, University of Michigan|ChEBI|Chem-Impex|Chem-Space.com Database|ChemBank|Chembase.cn|ChEMBL|ChemDB|ChemExper Chemical Directory|Chemical Carcinogenesis Research Information System (CCRIS)|Chemical Synthesis Database|ChemIDplus|Chemieliva Pharmaceutical Co., Ltd|Cheminformatics Friedrich-Schiller-University Jena|ChemMol|ChemoSapiens|ChemSpider|ChemTik|Clearsynth|Collaborative Drug Discovery, Inc.|Combi-Blocks|Comparative Toxicogenomics Database (CTD)|Cooke Chemical Co., Ltd|Crystallography Open Database (COD)|CSNpharm|CymitQuimica|DAOGE BIOPHARMA|Davey Lab, Department of Microbiology, NEIDL, Boston University|DC Chemicals|Debye Scientific Co., Ltd|DiscoveryGate|DrugBank|DrugCentral|DSL Chemicals|DTP/NCI|ECI Group, LCSB, University of Luxembourg|Egon Willighagen, Department of Bioinformatics - BiGCaT, Maastricht University|eMolecules|Enamine|eNovation Chemicals|EPA DSSTox|EPA Substance Registry Services|EvitaChem|FDA Global Substance Registration System (GSRS)|Finetech Industry Limited|Fisher Drug Discovery Resource Center|Fluorochem|Founder Pharma|Genetic Toxicology Data Bank (GENE-TOX)|Glentham Life Sciences Ltd.|Google Patents|Hairui Chemical|Hangzhou APIChem Technology|Hangzhou Trylead Chemical Technology|Hefei Hirisun Pharmatech Co., Ltd|Human Metabolome Database (HMDB)|IBM|ICCB-Longwood Screening Facility, Harvard Medical School|iChemical Technology USA Inc|ISpharm|IUPAC Digitized pKa Dataset|IUPHAR/BPS Guide to PHARMACOLOGY|J&H Chemical Co.,ltd|Jamson Pharmachem Technology|Japan Chemical Substance Dictionary (Nikkaji)|KEGG|Key Organics/BIONET|King Scientific|LabNetwork, a WuXi AppTec Company|labseeker|Lan Pharmatech|LeadScope|LEAPCHEM|LGC Standards|Life Chemicals|MassBank Europe|MassBank of North America (MoNA)|Matrix Scientific|Mcule|MedChemexpress MCE|Metabolomics Workbench|Milbrandt Lab, Department of Genetics, Washington University School of Medicine|MLSMR|MolCore|Moldb|Molepedia|MolGenie|Molport|MP Biomedicals|MTDP|MuseChem|National Center for Advancing Translational Sciences (NCATS)|Nature Chemistry|Nature Synthesis|NCBI Structure|NextBio|NextMove Software|NIST Chemistry WebBook|NIST Mass Spectrometry Data Center|NMRShiftDB|NORMAN Suspect List Exchange|NovoSeek|Oakwood Products|OtavaChemicals|OXCHEM CORPORATION|Parchem|PATENTSCOPE (WIPO)|Phion Ltd|Pi Chemicals|Probes & Drugs portal|Protein Data Bank in Europe (PDBe)|PubChem Reference Collection|Race Chemical|RR Scientific|Santa Cruz Biotechnology, Inc.|SCRIPDB|Selleck Chemicals|Shandong Benrite New Chemical Materials Co.,Ltd|Shanghai Titan Scientific|Sigma-Aldrich|Sinfoo Biotech|SLING Consortium|Small Molecule Screening Facility, UW Madison|Smolecule|Southern Research Institute|SpiroChem|Springer Nature|SpringerMaterials|Starshine Chemical|SureChEMBL|Synblock Inc|SynHet - Synthetic Heterocycles|SynQuest Laboratories|Syntree|TargetMol|TCI (Tokyo Chemical Industry)|THE BioTek|The Scripps Research Institute Molecular Screening Center|Thermo Fisher Scientific|Thieme Chemistry|Thomson Pharma|Thoreauchem|TimTec|Tox21|ToxPlanet|Tractus|UCSC Chemical Screening Center|University of Iowa High-Throughput Screening Core (UIHTS)|University of Kansas High Throughput Screening Laboratory|Veeprho|Vitas-M Laboratory|VladaChem|VWR, Part of Avantor|Wikidata|Wiley|Win-Win Chemical|Wubei-Biochem|Wutech|Yick-Vic Chemicals & Pharmaceuticals (HK) Ltd.|Yuhao Chemical|ZeroPM - Zero Pollution of Persistent, Mobile Substances|ZINC|Zjartschem
Fisetin;C1=CC(=C(C=C1C2=C(C(=O)C3=C(O2)C=C(C=C3)O)O)O)O;001Chemical|10X CHEM|1st Scientific|A&J Pharmtech CO., LTD.|A2B Chem|AA BLOCKS|Aaron Chemicals LLC|AbaChemScene|abcr GmbH|Abe Lab, University of Texas MD Anderson Cancer Center|ABI Chem|AbMole Bioscience|Acadechem|Accel Scientific|Accela ChemBio Inc.|Achemo Scientific Limited|Achemtek|Acmec Biochemical|Acorn PharmaTech Product List|ACT Chemical|Activate Scientific|Adooq BioScience|AHH Chemical co.,ltd|AiFChem, an XtalPi Company|AK Scientific, Inc. (AKSCI)|AKos Consulting & Solutions|Aladdin Scientific|Alfa Chemistry|Alichem|Amadis Chemical|Ambeed|Ambinter|AN PharmaTech|Angel Pharmatech Ltd.|Angene Chemical|Anward|ApexBio Technology|AppChem|Ark Pharm, Inc.|AstaTech, Inc.|Aurora Fine Chemicals LLC|AvaChem Scientific|BenchChem|BePharm Ltd.|Bic Biotech|BIDD|BindingDB|Biocore|BioCrick|BioCyc|Biopurify Phytochemicals|Biorbyt|Biosynth|BLD Pharm|BOC Sciences|Broad Institute|Burnham Center for Chemical Genomics|CATO Research Chemicals Inc.|CCSbase|Center for Chemical Genomics, University of Michigan|ChEBI|Chem-Impex|Chem-Space.com Database|ChemBank|Chembase.cn|ChEMBL|ChemDB|Chemenu Inc.|ChemExper Chemical Directory|ChemFaces|Chemical Carcinogenesis Research Information System (CCRIS)|chemical genetic matrix|Chemical Probes Portal|ChemIDplus|Chemieliva Pharmaceutical Co., Ltd|Cheminformatics Friedrich-Schiller-University Jena|ChemMol|Chemodex Ltd.|ChemoSapiens|ChemShuttle|ChemSpider|ChemTik|Chen Lab, School of Medicine, Emory University|Collaborative Drug Discovery, Inc.|Combi-Blocks|Cooke Chemical Co., Ltd|Crystallography Open Database (COD)|CSNpharm|CymitQuimica|DAOGE BIOPHARMA|Davey Lab, Department of Microbiology, NEIDL, Boston University|DC Chemicals|Debye Scientific Co., Ltd|DiscoveryGate|DrugBank|DTP/NCI|Egon Willighagen, Department of Bioinformatics - BiGCaT, Maastricht University|eMolecules|Emory University Molecular Libraries Screening Center|eNovation Chemicals|EPA DSSTox|EPA Substance Registry Services|FDA Global Substance Registration System (GSRS)|Finetech Industry Limited|Fisher Drug Discovery Resource Center|Fluorochem|Founder Pharma|Genome Instability in Tumors (B420) group, DKFZ|Glentham Life Sciences Ltd.|Google Patents|Gulick Lab, Department of Structural Biology, University at Buffalo|Guri Giaever, Pharmaceutical Sciences, University of British Columbia|Hairui Chemical|Hangzhou APIChem Technology|Hangzhou Trylead Chemical Technology|IBM|ICCB-Longwood Screening Facility, Harvard Medical School|InvivoChem|ISpharm|IUPHAR/BPS Guide to PHARMACOLOGY|J&H Chemical Co.,ltd|Japan Chemical Substance Dictionary (Nikkaji)|KEGG|Keith Lab, Institute of Cancer Science, University of Glasgow|Key Organics/BIONET|King Scientific|LabNetwork, a WuXi AppTec Company|labseeker|Lan Pharmatech|LeadScope|LEAPCHEM|LGC Standards|LIPID MAPS|MassBank Europe|MassBank of North America (MoNA)|Mcule|MedChemexpress MCE|Metabolomics Workbench|MLSMR|MolCore|Molecule Market|Molepedia|MolGenie|Molport|MTDP|MuseChem|National Center for Advancing Translational Sciences (NCATS)|Nature Science Technologies Ltd|NCBI Structure|NextBio|NextMove Software|NIAID ChemDB|NIH/NCATS RNAi|NIST Mass Spectrometry Data Center|NMRShiftDB|NORMAN Suspect List Exchange|NovoSeek|Oakwood Products|OChem|ORST SMALL MOLECULE SCREENING CENTER|OXCHEM CORPORATION|PATENTSCOPE (WIPO)|Probes & Drugs portal|Protein Data Bank in Europe (PDBe)|Prous Science Drugs of the Future|PubChem Reference Collection|R&D Chemicals|Race Chemical|RR Scientific|Santa Cruz Biotechnology, Inc.|SCRIPDB|Selleck Chemicals|SGCOxCompounds|Shanghai Institute of Organic Chemistry|Shanghai Mathcon Pharmaceutical Co.,LTD.|Shanghai Titan Scientific|Sigma-Aldrich|Sinfoo Biotech|Small Molecule Screening Facility, UW Madison|SMID|Smolecule|Springer Nature|Starshine Chemical|SureChEMBL|SynHet - Synthetic Heterocycles|Synthonix, Inc.|Syntree|TargetMol|TCI (Tokyo Chemical Industry)|THE BioTek|The Scripps Research Institute Molecular Screening Center|Therapeutic Target Database (TTD)|Thermo Fisher Scientific|Thomson Pharma|Thoreauchem|TimTec|Tocris Bioscience|ToxPlanet|Tractus|TripleBond|UCSC Chemical Screening Center|University of Iowa High-Throughput Screening Core (UIHTS)|University of Kansas High Throughput Screening Laboratory|Vitas-M Laboratory|VWR, Part of Avantor|Wikidata|Wilshire Technologies|Win-Win Chemical|Wubei-Biochem|Yick-Vic Chemicals & Pharmaceuticals (HK) Ltd.|Yuhao Chemical|ZeroPM - Zero Pollution of Persistent, Mobile Substances|ZINC
Caffeic Acid;C1=CC(=C(C=C1/C=C/C(=O)O)O)O;001Chemical|10X CHEM|1st Scientific|3WAY PHARM INC|4C Pharma Scientific Inc|A&J Pharmtech CO., LTD.|A2B Chem|AA BLOCKS|Aaron Chemicals LLC|AbaChemScene|ABBLIS Chemicals|abcr GmbH|Abe Lab, University of Texas MD Anderson Cancer Center|ABI Chem|AbMole Bioscience|Accela ChemBio Inc.|Achemo Scientific Limited|Achemtek|Acmec Biochemical|Acorn PharmaTech Product List|Adooq BioScience|AgroIntelBioScan.com|AHH Chemical co.,ltd|AK Scientific, Inc. (AKSCI)|AKos Consulting & Solutions|Aladdin Scientific|Alfa Chemistry|Allbio Pharm Co., Ltd|Amadis Chemical|Ambeed|Ambinter|AN PharmaTech|ApexBio Technology|Apexmol|AppChem|Ark Pharma Scientific Limited|Aronis|Assembly Blocks Pvt. Ltd.|AstaTech, Inc.|Aurora Fine Chemicals LLC|Aurum Pharmatech LLC|AvaChem Scientific|BenchChem|BePharm Ltd.|Bic Biotech|BIDD|BindingDB|BioAustralis Fine Chemicals|BioChemPartner|BioCyc|Biopharma PEG Scientific Inc|Biopurify Phytochemicals|Biorbyt|Biosynth|BLD Pharm|BOC Sciences|Broad Institute|BroadPharm|Burek Lab, Department of Anaesthesiology, Intensive Care, Emergency and Pain Med, University Hospital Wuerzburg|Burnham Center for Chemical Genomics|C. David Weaver Laboratory, Vanderbilt University|Calbiochem|CATO Research Chemicals Inc.|CCSbase|CD Formulation|Center for Chemical Genomics, University of Michigan|ChEBI|Chem-Space.com Database|Chembase.cn|ChEMBL|ChemDiv|Chemenu Inc.|ChemExper Chemical Directory|ChemFaces|Chemical Carcinogenesis Research Information System (CCRIS)|chemical genetic matrix|ChemIDplus|Chemieliva Pharmaceutical Co., Ltd|ChemMol|Chemodex Ltd.|ChemoSapiens|ChemShuttle|ChemSpider|Chen Lab, School of Medicine, Emory University|Chung Lab, Department of Pediatrics, Emory University|Circadian Research, Kay Laboratory, University of California at San Diego (UCSD)|Collaborative Drug Discovery, Inc.|Combi-Blocks|Comparative Toxicogenomics Database (CTD)|Crystallography Open Database (COD)|CSNpharm|CymitQuimica|Davey Lab, Department of Microbiology, NEIDL, Boston University|DC Chemicals|Debye Scientific Co., Ltd|DiscoveryGate|DrugBank|DTP/NCI|Egon Willighagen, Department of Bioinformatics - BiGCaT, Maastricht University|EMD Millipore|eMolecules|Emory University Molecular Libraries Screening Center|Enamine|eNovation Chemicals|EPA DSSTox|EPA Substance Registry Services|FDA Global Substance Registration System (GSRS)|Finetech Industry Limited|Fisher Drug Discovery Resource Center|Fluorochem|Fondchemical Limited|Founder Pharma|Fredberg Lab, Harvard T.H. Chan School of Public Health|Genetic Toxicology Data Bank (GENE-TOX)|Glentham Life Sciences Ltd.|Golm Metabolome Database (GMD), Max Planck Institute of Molecular Plant Physiology|Google Patents|Gulick Lab, Department of Structural Biology, University at Buffalo|Hangzhou APIChem Technology|Human Metabolome Database (HMDB)|IBM|ICCB-Longwood Screening Facility, Harvard Medical School|iChemical Technology USA Inc|ISpharm|IUPHAR/BPS Guide to PHARMACOLOGY|J&H Chemical Co.,ltd|Japan Chemical Substance Dictionary (Nikkaji)|KEGG|Key Organics/BIONET|LabNetwork, a WuXi AppTec Company|labseeker|LeadScope|LGC Standards|Life Chemicals|MassBank Europe|MassBank of North America (MoNA)|Matrix Scientific|Mcule|MedChemexpress MCE|Metabolomics Workbench|Milwaukee Institute for Drug Discovery|MLSMR|Molepedia|MolGenie|Molport|MuseChem|National Center for Advancing Translational Sciences (NCATS)|Nature Chemical Biology|Nature Science Technologies Ltd|NCBI Structure|NextBio|NextMove Software|NIAID ChemDB|NIH/NCATS RNAi|NIST Chemistry WebBook|NIST Mass Spectrometry Data Center|NMRShiftDB|NORMAN Suspect List Exchange|Novartis Institutes for BioMedical Research|NovoSeek|Oakwood Products|OChem|ORST SMALL MOLECULE SCREENING CENTER|OXCHEM CORPORATION|Paczesny and Yang Labs, IUPUI and University of Michigan|Parchem|PATENTSCOPE (WIPO)|Probes & Drugs portal|Protein Data Bank in Europe (PDBe)|Prous Science Drugs of the Future|PubChem Reference Collection|R&D Chemicals|Rare Chemicals GmbH, Germany|RR Scientific|Santa Cruz Biotechnology, Inc.|SCRIPDB|Selleck Chemicals|Shanghai Tauto Biotech Co., Ltd|Shanghai Titan Scientific|Sigma-Aldrich|Small Molecule Screening Facility, UW Madison|SMID|Smolecule|Southern Research Institute|Specs|Springer Nature|Starshine Chemical|SureChEMBL|SynHet - Synthetic Heterocycles|SynQuest Laboratories|Syntree|TargetMol|TCI (Tokyo Chemical Industry)|THE BioTek|The Scripps Research Institute Molecular Screening Center|Therapeutic Target Database (TTD)|Thieme Chemistry|Thomson Pharma|TimTec|Tox21|ToxPlanet|Tractus|UCSC Chemical Screening Center|University of Iowa High-Throughput Screening Core (UIHTS)|University of Kansas High Throughput Screening Laboratory|University of Pittsburgh Molecular Library Screening Center|Vitas-M Laboratory|VladaChem|VWR, Part of Avantor|Wikidata|WikiPathways|Wiley|Wilshire Technologies|Win-Win Chemical|Wutech|Yick-Vic Chemicals & Pharmaceuticals (HK) Ltd.|Yuhao Chemical|ZeroPM - Zero Pollution of Persistent, Mobile Substances|ZINC|Zoeller Lab, School of Medicine, Boston University
Crocin;C/C(=C\C=C\C=C(\C=C\C=C(\C(=O)O[C@@H]1O[C@@H]([C@H]([C@@H]([C@H]1O)O)O)CO[C@@H]2O[C@@H]([C@H]([C@@H]([C@H]2O)O)O)CO)/C)/C)/C=C/C=C(/C(=O)O[C@@H]3O[C@@H]([C@H]([C@@H]([C@H]3O)O)O)CO[C@@H]4O[C@@H]([C@H]([C@@H]([C@H]4O)O)O)CO)\C;001Chemical|AA BLOCKS|Aaron Chemicals LLC|AbaChemScene|ABI Chem|AbMole Bioscience|Achemtek|Acmec Biochemical|Acorn PharmaTech Product List|AiFChem, an XtalPi Company|AKos Consulting & Solutions|Aladdin Scientific|Alfa Chemistry|Amadis Chemical|ApexBio Technology|AstaTech, Inc.|AvaChem Scientific|BenchChem|BindingDB|BioCyc|Biopurify Phytochemicals|Biorbyt|Biosynth|BLD Pharm|BOC Sciences|Carcinogenic Potency Database (CPDB)|CATO Research Chemicals Inc.|CD Formulation|ChEBI|Chem-Space.com Database|Chembase.cn|ChEMBL|ChemFaces|Chemical Carcinogenesis Research Information System (CCRIS)|ChemIDplus|Chemieliva Pharmaceutical Co., Ltd|Cheminformatics Friedrich-Schiller-University Jena|ChemSpider|Collaborative Drug Discovery, Inc.|Combi-Blocks|Comparative Toxicogenomics Database (CTD)|CSNpharm|CymitQuimica|DC Chemicals|Debye Scientific Co., Ltd|DiscoveryGate|DrugBank|Egon Willighagen, Department of Bioinformatics - BiGCaT, Maastricht University|eMolecules|eNovation Chemicals|EPA DSSTox|FDA Global Substance Registration System (GSRS)|Finetech Industry Limited|Google Patents|Hunan Chemfish Pharmaceutical Co., Ltd.|ICCB-Longwood Screening Facility, Harvard Medical School|iChemical Technology USA Inc|ISpharm|J&H Chemical Co.,ltd|Japan Chemical Substance Dictionary (Nikkaji)|KEGG|Key Organics/BIONET|LabNetwork, a WuXi AppTec Company|LeadScope|LGC Standards|MassBank of North America (MoNA)|Mcule|MedChemexpress MCE|Metabolomics Workbench|MolGenie|Molport|MuseChem|National Center for Advancing Translational Sciences (NCATS)|NextBio|NovoSeek|Oakwood Products|Probes & Drugs portal|PubChem Reference Collection|R&D Chemicals|RR Scientific|Santa Cruz Biotechnology, Inc.|SCRIPDB|Selleck Chemicals|Shanghai Titan Scientific|Smolecule|Starshine Chemical|SureChEMBL|THE BioTek|Tox21|ToxPlanet|VladaChem|Wikidata|Yick-Vic Chemicals & Pharmaceuticals (HK) Ltd.|ZeroPM - Zero Pollution of Persistent, Mobile Substances|ZINC
L-Tartaric acid;[C@@H]([C@H](C(=O)O)O)(C(=O)O)O;001Chemical|10X CHEM|1st Scientific|3A SpeedChemical Inc|3WAY PHARM INC|A&J Pharmtech CO., LTD.|A1 BioChem Labs|A2B Chem|A2Z Chemical|AA BLOCKS|AAA Chemistry|Aaron Chemicals LLC|AbaChemScene|ABBLIS Chemicals|abcr GmbH|Abe Lab, University of Texas MD Anderson Cancer Center|ABI Chem|AbMole Bioscience|AbovChem LLC|Acadechem|ACBlock-Lab|Accel Scientific|Accela ChemBio Inc.|Ace Therapeutics|Acemol|Aceschem Inc|Acesobio|Achemo Scientific Limited|Achemtek|Acmec Biochemical|Acorn PharmaTech Product List|ACT Chemical|Activate Scientific|Active Biopharma|Adooq BioScience|AEchem Scientific Corp., USA|AHH Chemical co.,ltd|AiFChem, an XtalPi Company|AK Scientific, Inc. (AKSCI)|AKos Consulting & Solutions|Aladdin Scientific|Alfa Chemistry|Alichem|Allbio Pharm Co., Ltd|Alsachim|Amadis Chemical|Ambeed|Ambinter|AN PharmaTech|Angel Pharmatech Ltd.|Angene Chemical|Anward|AOBIOUS INC|ApexBio Technology|Apexmol|AppChem|Aribo Reagent|Ark Pharm, Inc.|Assembly Blocks Pvt. Ltd.|AstaTech, Inc.|Aurora Fine Chemicals LLC|Aurum Pharmatech LLC|AvaChem Scientific|Axon Medchem|Baker Lab, Chemistry Department, The University of North Carolina at Chapel Hill|Bangyong Technology  Co., Ltd.|BenchChem|BePharm Ltd.|BerrChemical|Bic Biotech|BindingDB|BioChemPartner|BioCrick|BioCyc|Biorbyt|Biosynce Pharmatech|Biosynth|BLD Pharm|BOC Sciences|Boerchem|Broad Institute|BroadPharm|Burek Lab, Department of Anaesthesiology, Intensive Care, Emergency and Pain Med, University Hospital Wuerzburg|Burnham Center for Chemical Genomics|Cangzhou Enke Pharma Tech Co.,Ltd.|Carcinogenic Potency Database (CPDB)|CATO Research Chemicals Inc.|CCSbase|CD Formulation|Center for Chemical Genomics, University of Michigan|ChangChem|Changzhou Highassay Chemical Co., Ltd|ChEBI|Chem-Space.com Database|ChemBank|Chembase.cn|ChEMBL|Chemenu Inc.|ChemExper Chemical Directory|ChemFaces|ChemFish Tokyo Co., Ltd.|Chemhere|Chemical Carcinogenesis Research Information System (CCRIS)|ChemIDplus|Chemieliva Pharmaceutical Co., Ltd|Cheminformatics Friedrich-Schiller-University Jena|ChemMol|Chemodex Ltd.|ChemoSapiens|ChemShuttle|ChemSpider|ChemTik|Chen Lab, School of Medicine, Emory University|China MainChem Co., Ltd|Chiralblock Biosciences|Chung Lab, Department of Pediatrics, Emory University|Circadian Research, Kay Laboratory, University of California at San Diego (UCSD)|Clearsynth|Clinivex|Collaborative Drug Discovery, Inc.|Combi-Blocks|Comparative Toxicogenomics Database (CTD)|Creative Biolabs|Crystallography Open Database (COD)|CSNpharm|Cure First|CymitQuimica|DAOGE BIOPHARMA|Davey Lab, Department of Microbiology, NEIDL, Boston University|Day Biochem|DC Chemicals|Debye Scientific Co., Ltd|DempoChem|DiscoveryGate|DrugBank|DrugCentral|DSL Chemicals|DTP/NCI|ECI Group, LCSB, University of Luxembourg|Egon Willighagen, Department of Bioinformatics - BiGCaT, Maastricht University|eInhibitors|Elsa Biotechnology|eMolecules|Emory University Molecular Libraries Screening Center|Enamine|eNovation Chemicals|EPA DSSTox|EPA Substance Registry Services|EvitaChem|Excenen Pharmatech|FDA Global Substance Registration System (GSRS)|Finetech Industry Limited|Fisher Chemical|Fluorochem|Fondchemical Limited|ForeChem|Founder Pharma|Fredberg Lab, Harvard T.H. Chan School of Public Health|Genetic Toxicology Data Bank (GENE-TOX)|GFS Chemicals|GlaxoSmithKline (GSK)|Glentham Life Sciences Ltd.|Glixx Labs Inc|GlyTouCan Project|Golm Metabolome Database (GMD), Max Planck Institute of Molecular Plant Physiology|Google Patents|Gregory J. Crowther|Gulick Lab, Department of Structural Biology, University at Buffalo|Hangzhou APIChem Technology|Hefei Hirisun Pharmatech Co., Ltd|Hello Bio|Human Metabolome Database (HMDB)|Hunan Chemfish Pharmaceutical Co., Ltd.|Hunan Huateng Pharmaceutical Co., Ltd.|IBM|ICCB-Longwood Screening Facility, Harvard Medical School|iChemical Technology USA Inc|Inhibitor 2|Innovapharm|InvivoChem|ISpharm|J&H Chemical Co.,ltd|Japan Chemical Substance Dictionary (Nikkaji)|KCS Online|KEGG|Key Organics/BIONET|King Scientific|Kingston Chemistry|LabNetwork, a WuXi AppTec Company|labseeker|Lan Pharmatech|LeadScope|LGC Standards|Life Chemicals|Macsen Labs|MassBank of North America (MoNA)|Matrix Scientific|Mcule|MedChemexpress MCE|Metabolomics Workbench|Midas Pharma GmbH|Milbrandt Lab, Department of Genetics, Washington University School of Medicine|Milwaukee Institute for Drug Discovery|MLSMR|MolCore|Molecular Libraries Program, Specialized Chemistry Center, University of Kansas|Molecule Market|Molepedia|MolGenie|Molport|MTDP|MuseChem|Nanjing SerPharm|Nantong Baihua Bio-Pharmaceutical Co., Ltd|National Center for Advancing Translational Sciences (NCATS)|Nature Chemical Biology|NCBI Structure|NewCan Biotech|NextBio|NextMove Software|NIAID ChemDB|NIST Mass Spectrometry Data Center|NORMAN Suspect List Exchange|NovoSeek|Oakwood Products|OChem|OXCHEM CORPORATION|Paczesny and Yang Labs, IUPUI and University of Michigan|Parchem|PATENTSCOPE (WIPO)|Petrascheck Lab, The Scripps Reserach Institute, Department of  Molecular Medicine|Pharmacore Co., Limited|PharmaSynth|Phion Ltd|Pi Chemicals|Probes & Drugs portal|Protein Data Bank in Europe (PDBe)|Prous Science Drugs of the Future|PubChem Reference Collection|Race Chemical|RESOLUTE - Research Empowerment on Solute Carriers|RR Scientific|Santa Cruz Biotechnology, Inc.|SCRIPDB|Selleck Chemicals|Shandong Benrite New Chemical Materials Co.,Ltd|Shanghai Institute of Organic Chemistry|Shanghai Tauto Biotech Co., Ltd|Shanghai Titan Scientific|Shangyu Catsyn Co., Ltd.|Sigma-Aldrich|Sinfoo Biotech|SLING Consortium|Small Molecule Screening Facility, UW Madison|SMID|Smolecule|SpiroChem|Springer Nature|Starshine Chemical|Sun-shine Chemical|SureChEMBL|SynHet - Synthetic Heterocycles|SynQuest Laboratories|Syntech Labs|Synthonix, Inc.|Syntree|TargetMol|TCI (Tokyo Chemical Industry)|Tenova Pharmaceuticals Inc|Tetrahedron Scientific Inc|THE BioTek|The Scripps Research Institute Molecular Screening Center|Therapeutic Target Database (TTD)|Thermo Fisher Scientific|Thieme Chemistry|Thomson Pharma|Thoreauchem|TimTec|Tocris Bioscience|Tox21|ToxPlanet|Tractus|TripleBond|U-M Center for Drug Repurposing|Uchem Meditech|UCSC Chemical Screening Center|University of Iowa High-Throughput Screening Core (UIHTS)|University of Kansas High Throughput Screening Laboratory|University of Pittsburgh Molecular Library Screening Center|Veeprho|VladaChem|VWR, Part of Avantor|Wikidata|Wiley|Win-Win Chemical|Wolves R&D chemical|Wubei-Biochem|Wutech|Yick-Vic Chemicals & Pharmaceuticals (HK) Ltd.|Yuhao Chemical|ZeroPM - Zero Pollution of Persistent, Mobile Substances|ZINC
N,N'-Diphenyl-P-Phenylenediamine;C1=CC=C(C=C1)NC2=CC=C(C=C2)NC3=CC=CC=C3;001Chemical|10X CHEM|3WAY PHARM INC|A&J Pharmtech CO., LTD.|A2B Chem|AA BLOCKS|AAA Chemistry|Aaron Chemicals LLC|AbaChemScene|abcr GmbH|ABI Chem|Acadechem|Accel Scientific|Accela ChemBio Inc.|Achemica|Achemo Scientific Limited|Acmec Biochemical|Activate Scientific|AHH Chemical co.,ltd|AK Scientific, Inc. (AKSCI)|AKos Consulting & Solutions|Aladdin Scientific|Alfa Chemistry|Alichem|Amadis Chemical|Ambeed|AN PharmaTech|Angene Chemical|Anward|Apexmol|AppChem|Ark Pharm, Inc.|AstaTech, Inc.|Aurum Pharmatech LLC|BenchChem|BePharm Ltd.|BerrChemical|Bic Biotech|Biorbyt|Biosynth|BLD Pharm|BOC Sciences|Carcinogenic Potency Database (CPDB)|CATO Research Chemicals Inc.|ChEBI|Chem-Space.com Database|Chembase.cn|ChEMBL|ChemDB|ChemExper Chemical Directory|Chemical Carcinogenesis Research Information System (CCRIS)|ChemIDplus|Chemieliva Pharmaceutical Co., Ltd|Cheminformatics Friedrich-Schiller-University Jena|ChemMol|ChemoSapiens|ChemShuttle|ChemSpider|ChemTik|Clearsynth|Collaborative Drug Discovery, Inc.|Combi-Blocks|Comparative Toxicogenomics Database (CTD)|Crystallography Open Database (COD)|CymitQuimica|DC Chemicals|Debye Scientific Co., Ltd|DiscoveryGate|DSL Chemicals|DTP/NCI|Egon Willighagen, Department of Bioinformatics - BiGCaT, Maastricht University|eMolecules|eNovation Chemicals|EPA DSSTox|EPA Substance Registry Services|FDA Global Substance Registration System (GSRS)|Finetech Industry Limited|Founder Pharma|Glentham Life Sciences Ltd.|Google Patents|Human Metabolome Database (HMDB)|IBM|ICCB-Longwood Screening Facility, Harvard Medical School|ISpharm|J&H Chemical Co.,ltd|Japan Chemical Substance Dictionary (Nikkaji)|KEGG|Key Organics/BIONET|King Scientific|LabNetwork, a WuXi AppTec Company|LeadScope|LEAPCHEM|LGC Standards|MassBank Europe|Matrix Scientific|Mcule|MLSMR|MolCore|Molecule Market|Molepedia|MolGenie|Molport|MP Biomedicals|National Center for Advancing Translational Sciences (NCATS)|NextBio|NextMove Software|NIST Chemistry WebBook|NIST Mass Spectrometry Data Center|NORMAN Suspect List Exchange|NovoSeek|Oakwood Products|OXCHEM CORPORATION|Parchem|PATENTSCOPE (WIPO)|Phion Ltd|Pi Chemicals|Probes & Drugs portal|PubChem Reference Collection|RR Scientific|Santa Cruz Biotechnology, Inc.|SCRIPDB|Sigma-Aldrich|Sinfoo Biotech|Small Molecule Screening Facility, UW Madison|Smolecule|Springer Nature|SpringerMaterials|Starshine Chemical|SureChEMBL|SynHet - Synthetic Heterocycles|Syntree|Tanyunchem|TargetMol|TCI (Tokyo Chemical Industry)|THE BioTek|The Cambridge Structural Database|Thermo Fisher Scientific|Thieme Chemistry|Thomson Pharma|Thoreauchem|TimTec|Tox21|ToxPlanet|Tractus|VladaChem|Wikidata|Win-Win Chemical|Wubei-Biochem|Yick-Vic Chemicals & Pharmaceuticals (HK) Ltd.|Yuhao Chemical|ZeroPM - Zero Pollution of Persistent, Mobile Substances|ZINC
Morin;C1=CC(=C(C=C1O)O)C2=C(C(=O)C3=C(C=C(C=C3O2)O)O)O;001Chemical|10X CHEM|3WAY PHARM INC|4C Pharma Scientific Inc|A&J Pharmtech CO., LTD.|A2B Chem|AA BLOCKS|Aaron Chemicals LLC|AbaChemScene|ABBLIS Chemicals|abcr GmbH|Abe Lab, University of Texas MD Anderson Cancer Center|ABI Chem|AbMole Bioscience|Accel Scientific|Accela ChemBio Inc.|Ace Therapeutics|Achemtek|Acmec Biochemical|Acorn PharmaTech Product List|Adooq BioScience|AEchem Scientific Corp., USA|AHH Chemical co.,ltd|AiFChem, an XtalPi Company|AK Scientific, Inc. (AKSCI)|AKos Consulting & Solutions|Aladdin Scientific|Alfa Chemistry|Amadis Chemical|Ambeed|Ambinter|AN PharmaTech|Angel Pharmatech Ltd.|Angene Chemical|Anward|ApexBio Technology|AppChem|Aribo Reagent|AstaTech, Inc.|Aurora Fine Chemicals LLC|Aurum Pharmatech LLC|AvaChem Scientific|Baker Lab, Chemistry Department, The University of North Carolina at Chapel Hill|BenchChem|BePharm Ltd.|Bic Biotech|BIDD|BindingDB|BioCrick|BioCyc|Biopurify Phytochemicals|Biorbyt|Biosynth|BLD Pharm|BOC Sciences|Boerchem|Broad Institute|Burek Lab, Department of Anaesthesiology, Intensive Care, Emergency and Pain Med, University Hospital Wuerzburg|Burnham Center for Chemical Genomics|CATO Research Chemicals Inc.|CCSbase|Center for Chemical Genomics, University of Michigan|ChEBI|Chem-Impex|Chem-Space.com Database|ChemBank|Chembase.cn|ChEMBL|ChemDB|ChemDiv|ChemExper Chemical Directory|ChemFaces|ChemFish Tokyo Co., Ltd.|Chemical Carcinogenesis Research Information System (CCRIS)|chemical genetic matrix|ChemIDplus|Chemieliva Pharmaceutical Co., Ltd|Cheminformatics Friedrich-Schiller-University Jena|ChemMol|ChemoSapiens|ChemProbes|ChemShuttle|ChemSpider|ChemTik|Chen Lab, School of Medicine, Emory University|Circadian Research, Kay Laboratory, University of California at San Diego (UCSD)|Collaborative Drug Discovery, Inc.|Combi-Blocks|Cooke Chemical Co., Ltd|CymitQuimica|Davey Lab, Department of Microbiology, NEIDL, Boston University|DC Chemicals|Debye Scientific Co., Ltd|DempoChem|DiscoveryGate|DTP/NCI|Egon Willighagen, Department of Bioinformatics - BiGCaT, Maastricht University|eMolecules|Emory University Molecular Libraries Screening Center|Enamine|eNovation Chemicals|EPA DSSTox|EPA Substance Registry Services|FDA Global Substance Registration System (GSRS)|Finetech Industry Limited|Fisher Drug Discovery Resource Center|Fluorochem|Founder Pharma|Glixx Labs Inc|Golm Metabolome Database (GMD), Max Planck Institute of Molecular Plant Physiology|Google Patents|Gulick Lab, Department of Structural Biology, University at Buffalo|Guri Giaever, Pharmaceutical Sciences, University of British Columbia|Hairui Chemical|Hangzhou APIChem Technology|Human Metabolome Database (HMDB)|Hunan Chemfish Pharmaceutical Co., Ltd.|Hunan Huateng Pharmaceutical Co., Ltd.|IBM|ICCB-Longwood Screening Facility, Harvard Medical School|iChemical Technology USA Inc|Innovapharm|InvivoChem|ISpharm|IUPHAR/BPS Guide to PHARMACOLOGY|J&H Chemical Co.,ltd|Japan Chemical Substance Dictionary (Nikkaji)|KEGG|Keith Lab, Institute of Cancer Science, University of Glasgow|Key Organics/BIONET|King Scientific|LabNetwork, a WuXi AppTec Company|labseeker|LeadScope|LGC Standards|LIPID MAPS|MassBank Europe|MassBank of North America (MoNA)|Matrix Scientific|Mcule|MedChemexpress MCE|Meiler Lab, Vanderbilt University|Metabolomics Workbench|Milwaukee Institute for Drug Discovery|MLSMR|MolCore|Molecule Market|Molepedia|MolGenie|Molport|MP Biomedicals|MTDP|MuseChem|National Center for Advancing Translational Sciences (NCATS)|Nature Chemical Biology|NCBI Structure|NextBio|NIAID ChemDB|NIH/NCATS RNAi|NINDS Approved Drug Screening Program|NIST Mass Spectrometry Data Center|NORMAN Suspect List Exchange|NovoSeek|Oakwood Products|ORST SMALL MOLECULE SCREENING CENTER|OXCHEM CORPORATION|Paczesny and Yang Labs, IUPUI and University of Michigan|PATENTSCOPE (WIPO)|Pi Chemicals|Probes & Drugs portal|Protein Data Bank in Europe (PDBe)|PubChem Reference Collection|R&D Chemicals|Race Chemical|RR Scientific|Santa Cruz Biotechnology, Inc.|SCRIPDB|Selleck Chemicals|Shanghai Titan Scientific|Sigma-Aldrich|Small Molecule Screening Facility, UW Madison|Smolecule|Specs|Springer Nature|Starshine Chemical|SureChEMBL|SynHet - Synthetic Heterocycles|Syntree|TargetMol|TCI (Tokyo Chemical Industry)|THE BioTek|The Scripps Research Institute Molecular Screening Center|Therapeutic Target Database (TTD)|Thermo Fisher Scientific|Thomson Pharma|TimTec|Tox21|ToxPlanet|Tractus|UCSC Chemical Screening Center|University of Iowa High-Throughput Screening Core (UIHTS)|University of Kansas High Throughput Screening Laboratory|University of Pittsburgh Molecular Library Screening Center|Vitas-M Laboratory|VladaChem|Wikidata|Wiley|Win-Win Chemical|Wubei-Biochem|Yick-Vic Chemicals & Pharmaceuticals (HK) Ltd.|Yuhao Chemical|ZeroPM - Zero Pollution of Persistent, Mobile Substances|ZINC|Zoeller Lab, School of Medicine, Boston University
Lycopene;CC(=CCC/C(=C/C=C/C(=C/C=C/C(=C/C=C/C=C(/C=C/C=C(/C=C/C=C(/CCC=C(C)C)\C)\C)\C)/C)/C)/C)C;001Chemical|10X CHEM|3WAY PHARM INC|A2B Chem|AA BLOCKS|Aaron Chemicals LLC|AbaChemScene|abcr GmbH|ABI Chem|AbMole Bioscience|Accela ChemBio Inc.|Achemtek|Acmec Biochemical|Acorn PharmaTech Product List|ACT Chemical|Activate Scientific|AEchem Scientific Corp., USA|AHH Chemical co.,ltd|AiFChem, an XtalPi Company|AK Scientific, Inc. (AKSCI)|AKos Consulting & Solutions|Aladdin Scientific|Alfa Chemistry|Amadis Chemical|Ambeed|AN PharmaTech|AOBIOUS INC|ApexBio Technology|AppChem|Aribo Reagent|Assembly Blocks Pvt. Ltd.|AstaTech, Inc.|Aurora Fine Chemicals LLC|AvaChem Scientific|B&C Chemical|BenchChem|BioCyc|Biopurify Phytochemicals|BLD Pharm|BOC Sciences|Broad Institute|Burnham Center for Chemical Genomics|CATO Research Chemicals Inc.|CD Formulation|ChangChem|ChEBI|Chem-Space.com Database|ChemBank|Chembase.cn|ChEMBL|ChemFaces|Chemical Carcinogenesis Research Information System (CCRIS)|ChemIDplus|Chemieliva Pharmaceutical Co., Ltd|ChemMol|Chemodex Ltd.|ChemoSapiens|ChemSpider|Clinivex|Collaborative Drug Discovery, Inc.|Comparative Toxicogenomics Database (CTD)|CSNpharm|CymitQuimica|Davey Lab, Department of Microbiology, NEIDL, Boston University|DempoChem|DiscoveryGate|DrugBank|DrugCentral|Egon Willighagen, Department of Bioinformatics - BiGCaT, Maastricht University|eMolecules|eNovation Chemicals|EPA DSSTox|EPA Substance Registry Services|FDA Global Substance Registration System (GSRS)|Finetech Industry Limited|Glentham Life Sciences Ltd.|Glixx Labs Inc|Google Patents|Hangzhou APIChem Technology|Hangzhou Trylead Chemical Technology|Human Metabolome Database (HMDB)|IBM|iChemical Technology USA Inc|InvivoChem|J&H Chemical Co.,ltd|Japan Chemical Substance Dictionary (Nikkaji)|KEGG|Key Organics/BIONET|LabNetwork, a WuXi AppTec Company|labseeker|LeadScope|LGC Standards|LIPID MAPS|MassBank of North America (MoNA)|Mcule|MedChemexpress MCE|Metabolomics Workbench|MolGenie|Molport|MTDP|MuseChem|National Center for Advancing Translational Sciences (NCATS)|Nature Science Technologies Ltd|NCBI Structure|NextBio|NextMove Software|NIST Mass Spectrometry Data Center|NORMAN Suspect List Exchange|NovoSeek|OChem|Parchem|PATENTSCOPE (WIPO)|Phion Ltd|Planta Analytica, Inc.|Probes & Drugs portal|Protein Data Bank in Europe (PDBe)|PubChem Reference Collection|R&D Chemicals|Santa Cruz Biotechnology, Inc.|SCRIPDB|Selleck Chemicals|Shanghai Titan Scientific|Sigma-Aldrich|SLING Consortium|Small Molecule Screening Facility, UW Madison|SMID|Smolecule|Springer Nature|Starshine Chemical|SureChEMBL|TargetMol|TCI (Tokyo Chemical Industry)|THE BioTek|Thieme Chemistry|Thomson Pharma|Tox21|ToxPlanet|Tractus|Wikidata|WikiPathways|Wiley|Wilshire Technologies|Wolves R&D chemical|Yick-Vic Chemicals & Pharmaceuticals (HK) Ltd.|Yuhao Chemical|ZeroPM - Zero Pollution of Persistent, Mobile Substances|ZINC
Alpha-Ionone;CC1=CCCC(C1/C=C/C(=O)C)(C)C;001Chemical|10X CHEM|1st Scientific|3WAY PHARM INC|A2B Chem|AA BLOCKS|Aaron Chemicals LLC|AbaChemScene|abcr GmbH|ABI Chem|Acadechem|Accel Scientific|Accela ChemBio Inc.|Achemtek|Acmec Biochemical|AHH Chemical co.,ltd|AiFChem, an XtalPi Company|AK Scientific, Inc. (AKSCI)|AKos Consulting & Solutions|Aladdin Scientific|Alfa Chemistry|Alichem|Amadis Chemical|Ambeed|AppChem|AstaTech, Inc.|Baker Lab, Chemistry Department, The University of North Carolina at Chapel Hill|BenchChem|BePharm Ltd.|Bic Biotech|Biorbyt|Biosynth|BLD Pharm|BOC Sciences|CATO Research Chemicals Inc.|ChEBI|Chem-Space.com Database|Chembase.cn|ChEMBL|Chemenu Inc.|ChemFaces|ChemIDplus|Chemieliva Pharmaceutical Co., Ltd|ChemoSapiens|ChemSpider|Clearsynth|Collaborative Drug Discovery, Inc.|Combi-Blocks|Comparative Toxicogenomics Database (CTD)|CymitQuimica|DC Chemicals|DiscoveryGate|DTP/NCI|Egon Willighagen, Department of Bioinformatics - BiGCaT, Maastricht University|eMolecules|Enamine|eNovation Chemicals|EPA DSSTox|EPA Substance Registry Services|EvitaChem|FDA Global Substance Registration System (GSRS)|Finetech Industry Limited|Fluorochem|Glentham Life Sciences Ltd.|Google Patents|Human Metabolome Database (HMDB)|IBM|ISpharm|J&H Chemical Co.,ltd|Japan Chemical Substance Dictionary (Nikkaji)|KEGG|Key Organics/BIONET|LabNetwork, a WuXi AppTec Company|Lan Pharmatech|LeadScope|LGC Standards|MassBank of North America (MoNA)|Matrix Scientific|Mcule|MedChemexpress MCE|Metabolomics Workbench|MolGenie|Molport|MTDP|MuseChem|National Center for Advancing Translational Sciences (NCATS)|NextBio|NextMove Software|NIST Chemistry WebBook|NIST Mass Spectrometry Data Center|NORMAN Suspect List Exchange|NovoSeek|Oakwood Products|OXCHEM CORPORATION|Parchem|PATENTSCOPE (WIPO)|Phion Ltd|Probes & Drugs portal|PubChem Reference Collection|R&D Chemicals|RR Scientific|Santa Cruz Biotechnology, Inc.|SCRIPDB|Sigma-Aldrich|Sinfoo Biotech|Smolecule|Springer Nature|Starshine Chemical|SureChEMBL|SynHet - Synthetic Heterocycles|Syntree|TargetMol|TCI (Tokyo Chemical Industry)|THE BioTek|Thermo Fisher Scientific|Thieme Chemistry|Thomson Pharma|TimTec|Tox21|ToxPlanet|Tractus|Vitas-M Laboratory|VladaChem|VWR, Part of Avantor|Wikidata|Wubei-Biochem|Yick-Vic Chemicals & Pharmaceuticals (HK) Ltd.|Yuhao Chemical|ZeroPM - Zero Pollution of Persistent, Mobile Substances
Crocetin;C/C(=C\C=C\C=C(\C=C\C=C(\C(=O)O)/C)/C)/C=C/C=C(/C(=O)O)\C;001Chemical|10X CHEM|3WAY PHARM INC|A&J Pharmtech CO., LTD.|A2B Chem|AA BLOCKS|AAA Chemistry|Aaron Chemicals LLC|AbaChemScene|abcr GmbH|ABI Chem|AbMole Bioscience|Ace Therapeutics|Achemtek|Acmec Biochemical|Acorn PharmaTech Product List|AiFChem, an XtalPi Company|AKos Consulting & Solutions|Aladdin Scientific|Alfa Chemistry|Amadis Chemical|Ambeed|Ambinter|AppChem|AstaTech, Inc.|AvaChem Scientific|BenchChem|Bic Biotech|BindingDB|BioCrick|BioCyc|Biopurify Phytochemicals|Biorbyt|Biosynth|BLD Pharm|BOC Sciences|CATO Research Chemicals Inc.|ChEBI|Chem-Space.com Database|Chembase.cn|ChEMBL|ChemFaces|Chemical Carcinogenesis Research Information System (CCRIS)|ChemIDplus|Chemieliva Pharmaceutical Co., Ltd|ChemoSapiens|ChemSpider|Collaborative Drug Discovery, Inc.|Combi-Blocks|Comparative Toxicogenomics Database (CTD)|CSNpharm|CymitQuimica|Davey Lab, Department of Microbiology, NEIDL, Boston University|DC Chemicals|Debye Scientific Co., Ltd|DiscoveryGate|DrugBank|DTP/NCI|Egon Willighagen, Department of Bioinformatics - BiGCaT, Maastricht University|eMolecules|eNovation Chemicals|EPA DSSTox|EvitaChem|FDA Global Substance Registration System (GSRS)|Finetech Industry Limited|Glentham Life Sciences Ltd.|Google Patents|Hangzhou APIChem Technology|Human Metabolome Database (HMDB)|iChemical Technology USA Inc|InvivoChem|J&H Chemical Co.,ltd|Japan Chemical Substance Dictionary (Nikkaji)|KEGG|Key Organics/BIONET|LabNetwork, a WuXi AppTec Company|labseeker|LeadScope|LGC Standards|LIPID MAPS|MassBank of North America (MoNA)|Mcule|MedChemexpress MCE|Metabolomics Workbench|Molepedia|MolGenie|Molport|MuseChem|NextBio|NIAID ChemDB|NovoSeek|PATENTSCOPE (WIPO)|Probes & Drugs portal|PubChem Reference Collection|R&D Chemicals|RR Scientific|SCRIPDB|Shanghai Titan Scientific|Smolecule|Springer Nature|Starshine Chemical|SureChEMBL|SynHet - Synthetic Heterocycles|TargetMol|THE BioTek|Therapeutic Target Database (TTD)|Thomson Pharma|ToxPlanet|Wikidata|ZINC
Alpha-Carotene;CC1=C(C(CCC1)(C)C)/C=C/C(=C/C=C/C(=C/C=C/C=C(\C)/C=C/C=C(\C)/C=C/[C@H]2C(=CCCC2(C)C)C)/C)/C;3WAY PHARM INC|AA BLOCKS|Aaron Chemicals LLC|AbaChemScene|ABI Chem|Achemtek|Acmec Biochemical|Acorn PharmaTech Product List|AHH Chemical co.,ltd|AKos Consulting & Solutions|Alfa Chemistry|Amadis Chemical|AstaTech, Inc.|Aurora Fine Chemicals LLC|AvaChem Scientific|BenchChem|BioCyc|Biorbyt|Biosynth|BOC Sciences|CATO Research Chemicals Inc.|ChEBI|Chembase.cn|Chemical Carcinogenesis Research Information System (CCRIS)|ChemIDplus|Chemieliva Pharmaceutical Co., Ltd|Cheminformatics Friedrich-Schiller-University Jena|ChemMol|ChemoSapiens|ChemSpider|Collaborative Drug Discovery, Inc.|Comparative Toxicogenomics Database (CTD)|CymitQuimica|DiscoveryGate|Egon Willighagen, Department of Bioinformatics - BiGCaT, Maastricht University|eMolecules|eNovation Chemicals|EPA DSSTox|FDA Global Substance Registration System (GSRS)|Finetech Industry Limited|Google Patents|Human Metabolome Database (HMDB)|iChemical Technology USA Inc|InvivoChem|J&H Chemical Co.,ltd|Japan Chemical Substance Dictionary (Nikkaji)|LabNetwork, a WuXi AppTec Company|LGC Standards|LIPID MAPS|Mcule|MedChemexpress MCE|Metabolomics Workbench|MolGenie|Molport|MuseChem|NCBI Structure|NextBio|NORMAN Suspect List Exchange|NovoSeek|OChem|PATENTSCOPE (WIPO)|Probes & Drugs portal|PubChem Reference Collection|SCRIPDB|Sigma-Aldrich|Smolecule|Springer Nature|SureChEMBL|TargetMol|THE BioTek|Thomson Pharma|ToxPlanet|Wikidata|Yick-Vic Chemicals & Pharmaceuticals (HK) Ltd.|ZeroPM - Zero Pollution of Persistent, Mobile Substances|ZINC
Ethyl Ferulate;CCOC(=O)/C=C/C1=CC(=C(C=C1)O)OC;001Chemical|10X CHEM|3WAY PHARM INC|A&J Pharmtech CO., LTD.|AA BLOCKS|AAA Chemistry|Aaron Chemicals LLC|AbaChemScene|abcr GmbH|ABI Chem|AbMole Bioscience|Accel Scientific|Aceschem Inc|Achemtek|Acmec Biochemical|Acorn PharmaTech Product List|Adooq BioScience|AHH Chemical co.,ltd|AKos Consulting & Solutions|Aladdin Scientific|Alfa Chemistry|Alichem|Amadis Chemical|Ambeed|Ambinter|ApexBio Technology|AppChem|Ark Pharma Scientific Limited|Aromalake Chemical|Assembly Blocks Pvt. Ltd.|AstaTech, Inc.|Aurum Pharmatech LLC|BenchChem|BerrChemical|Bic Biotech|BindingDB|BioChemPartner|BioCyc|Biopurify Phytochemicals|Biorbyt|Biosynth|BLD Pharm|BOC Sciences|Boerchem|CATO Research Chemicals Inc.|Center for Chemical Genomics, University of Michigan|Changzhou Highassay Chemical Co., Ltd|Chem-Space.com Database|Chembase.cn|ChEMBL|ChemExper Chemical Directory|ChemFaces|ChemIDplus|Chemieliva Pharmaceutical Co., Ltd|ChemMol|ChemoSapiens|ChemShuttle|ChemSpider|Combi-Blocks|Comparative Toxicogenomics Database (CTD)|CSNpharm|CymitQuimica|DC Chemicals|DiscoveryGate|DrugBank|DTP/NCI|Egon Willighagen, Department of Bioinformatics - BiGCaT, Maastricht University|eMolecules|Enamine|eNovation Chemicals|FDA Global Substance Registration System (GSRS)|Finetech Industry Limited|Fluorochem|Founder Pharma|Glentham Life Sciences Ltd.|Google Patents|Hangzhou APIChem Technology|IBM|ICCB-Longwood Screening Facility, Harvard Medical School|InvivoChem|ISpharm|J&H Chemical Co.,ltd|Jamson Pharmachem Technology|Japan Chemical Substance Dictionary (Nikkaji)|Key Organics/BIONET|LabNetwork, a WuXi AppTec Company|Matrix Scientific|Mcule|MedChemexpress MCE|Molepedia|MolGenie|Molport|MuseChem|National Center for Advancing Translational Sciences (NCATS)|NCBI Structure|NextBio|NextMove Software|NIAID ChemDB|NIST Mass Spectrometry Data Center|NORMAN Suspect List Exchange|NovoSeek|Oakwood Products|OChem|PATENTSCOPE (WIPO)|Pharmacore Co., Limited|Phion Ltd|Pi Chemicals|Probes & Drugs portal|Protein Data Bank in Europe (PDBe)|PubChem Reference Collection|R&D Chemicals|Rare Chemicals GmbH, Germany|Santa Cruz Biotechnology, Inc.|SCRIPDB|Selleck Chemicals|Shanghai Titan Scientific|Sigma-Aldrich|Smolecule|Springer Nature|Starshine Chemical|SureChEMBL|SynHet - Synthetic Heterocycles|SynQuest Laboratories|Syntree|TargetMol|THE BioTek|Thieme Chemistry|Thomson Pharma|TimTec|ToxPlanet|Tractus|University of Kansas High Throughput Screening Laboratory|VladaChem|Wikidata|Win-Win Chemical|Yick-Vic Chemicals & Pharmaceuticals (HK) Ltd.|Yuhao Chemical|ZeroPM - Zero Pollution of Persistent, Mobile Substances|ZINC
2-Hydroxy-1,2,3-propanetricarboxylic acid hydrate (1:1);C(C(=O)O)C(CC(=O)O)(C(=O)O)O.O;001Chemical|3WAY PHARM INC|A2B Chem|AA BLOCKS|AbaChemScene|abcr GmbH|ABI Chem|Acadechem|Achemica|Achemtek|Acmec Biochemical|AHH Chemical co.,ltd|AK Scientific, Inc. (AKSCI)|AKos Consulting & Solutions|Aladdin Scientific|Alfa Chemistry|Alichem|Amadis Chemical|Angene Chemical|Ark Pharm, Inc.|AstaTech, Inc.|BenchChem|Bic Biotech|BioCrick|BioCyc|Biorbyt|BOC Sciences|Boerchem|Cangzhou Enke Pharma Tech Co.,Ltd.|CATO Research Chemicals Inc.|CD Formulation|Changzhou Highassay Chemical Co., Ltd|ChEBI|Chem-Impex|Chem-Space.com Database|Chembase.cn|ChEMBL|Chemenu Inc.|ChemIDplus|Chemieliva Pharmaceutical Co., Ltd|ChemoSapiens|ChemSpider|ChemTik|Clearsynth|Combi-Blocks|CymitQuimica|DC Chemicals|Debye Scientific Co., Ltd|DiscoveryGate|Egon Willighagen, Department of Bioinformatics - BiGCaT, Maastricht University|Enamine|eNovation Chemicals|EPA DSSTox|EPA Substance Registry Services|FDA Global Substance Registration System (GSRS)|Finetech Industry Limited|Fisher Chemical|Fluorochem|Founder Pharma|Glentham Life Sciences Ltd.|Google Patents|Hairui Chemical|iChemical Technology USA Inc|InvivoChem|ISpharm|J&H Chemical Co.,ltd|KEGG|Key Organics/BIONET|King Scientific|LabNetwork, a WuXi AppTec Company|labseeker|LeadScope|LGC Standards|MedChemexpress MCE|Metabolomics Workbench|MolCore|Molepedia|MolGenie|Molport|MP Biomedicals|MuseChem|NextBio|NextMove Software|NORMAN Suspect List Exchange|NovoSeek|Oakwood Products|PATENTSCOPE (WIPO)|Phion Ltd|Probes & Drugs portal|PubChem Reference Collection|RR Scientific|Santa Cruz Biotechnology, Inc.|Sigma-Aldrich|Sinfoo Biotech|Smolecule|Springer Nature|Starshine Chemical|SureChEMBL|SynHet - Synthetic Heterocycles|SynQuest Laboratories|Syntree|TargetMol|THE BioTek|The Cambridge Structural Database|Thermo Fisher Scientific|Thieme Chemistry|Thomson Pharma|Thoreauchem|TimTec|ToxPlanet|Tractus|Veeprho|VladaChem|VWR, Part of Avantor|Wikidata|Wiley|Win-Win Chemical|Wolves R&D chemical|Wubei-Biochem|Wutech|Yick-Vic Chemicals & Pharmaceuticals (HK) Ltd.|Yuhao Chemical|ZeroPM - Zero Pollution of Persistent, Mobile Substances
6-Methyl-2-ethyl-3-hydroxypyridine hydrochloride;CCC1=C(C=CC(=N1)C)O.Cl;001Chemical|10X CHEM|1st Scientific|3WAY PHARM INC|4C Pharma Scientific Inc|A2B Chem|AA BLOCKS|AAA Chemistry|Aaron Chemicals LLC|AbaChemScene|abcr GmbH|ABI Chem|Acadechem|Accel Scientific|Accela ChemBio Inc.|Aceschem Inc|Achemo Scientific Limited|Acmec Biochemical|Acorn PharmaTech Product List|Activate Scientific|AEchem Scientific Corp., USA|AK Scientific, Inc. (AKSCI)|AKos Consulting & Solutions|Alfa Chemistry|Amadis Chemical|Ambeed|Ampyridine Co.,Ltd|Angene Chemical|Anward|AppChem|Aribo Reagent|Ark Pharm, Inc.|Aronis|Assembly Blocks Pvt. Ltd.|AstaTech, Inc.|Aurora Fine Chemicals LLC|Aurum Pharmatech LLC|BenchChem|BePharm Ltd.|Bic Biotech|BioChemPartner|Biocore|Biosynth|BLD Pharm|BOC Sciences|Cangzhou Enke Pharma Tech Co.,Ltd.|CAPOT|Chem-Space.com Database|Chembase.cn|Chemenu Inc.|ChemIDplus|Chemieliva Pharmaceutical Co., Ltd|ChemMol|ChemoSapiens|ChemSpider|ChemTik|Collaborative Drug Discovery, Inc.|Combi-Blocks|CymitQuimica|Day Biochem|Debye Scientific Co., Ltd|DiscoveryGate|DSL Chemicals|Egon Willighagen, Department of Bioinformatics - BiGCaT, Maastricht University|eMolecules|Enamine|eNovation Chemicals|EPA DSSTox|FDA Global Substance Registration System (GSRS)|Finetech Industry Limited|Fluorochem|Founder Pharma|Google Patents|Hairui Chemical|Hangzhou Trylead Chemical Technology|iChemical Technology USA Inc|Innovapharm|ISpharm|J&H Chemical Co.,ltd|Key Organics/BIONET|King Scientific|LabNetwork, a WuXi AppTec Company|Lan Pharmatech|LeadScope|Matrix Scientific|Mcule|MolCore|Molepedia|Molport|MuseChem|NextBio|NovoSeek|Oakwood Products|OChem|OXCHEM CORPORATION|PATENTSCOPE (WIPO)|Prous Science Drugs of the Future|PubChem Reference Collection|RR Scientific|Sinfoo Biotech|Smolecule|Springer Nature|Starshine Chemical|SureChEMBL|SynHet - Synthetic Heterocycles|Syntree|THE BioTek|Thomson Pharma|Thoreauchem|TimTec|ToxPlanet|Tractus|Vesino Industrial Co., Ltd|Wikidata|Win-Win Chemical|Wubei-Biochem
N-Acetyl-L-Cysteine;CC(=O)N[C@@H](CS)C(=O)O;10X CHEM|A&J Pharmtech CO., LTD.|A2B Chem|AA BLOCKS|AAA Chemistry|Aaron Chemicals LLC|AbaChemScene|ABBLIS Chemicals|abcr GmbH|Abe Lab, University of Texas MD Anderson Cancer Center|ABI Chem|AbMole Bioscience|AbovChem LLC|Acadechem|Accel Scientific|Accela ChemBio Inc.|Ace Therapeutics|Achemo Scientific Limited|Achemtek|Acmec Biochemical|Acorn PharmaTech Product List|Activate Scientific|Adooq BioScience|AHH Chemical co.,ltd|AK Scientific, Inc. (AKSCI)|AKos Consulting & Solutions|Aladdin Scientific|Alfa Chemistry|Alichem|Allbio Pharm Co., Ltd|Amadis Chemical|Ambeed|AN PharmaTech|Angene Chemical|Anward|ApexBio Technology|Apexmol|AppChem|Aribo Reagent|Assembly Blocks Pvt. Ltd.|AstaTech, Inc.|Aurora Fine Chemicals LLC|Aurum Pharmatech LLC|AvaChem Scientific|BenchChem|BePharm Ltd.|BerrChemical|Bic Biotech|BindingDB|BioCrick|BioCyc|Biopharma PEG Scientific Inc|Biorbyt|Biosynth|BLD Pharm|BOC Sciences|Boerchem|Broad Institute|BroadPharm|Burek Lab, Department of Anaesthesiology, Intensive Care, Emergency and Pain Med, University Hospital Wuerzburg|Burnham Center for Chemical Genomics|Calbiochem|Carcinogenic Potency Database (CPDB)|CATO Research Chemicals Inc.|CCSbase|CD Formulation|Center for Chemical Genomics, University of Michigan|ChEBI|Chem-Space.com Database|ChemBank|Chembase.cn|ChEMBL|ChemExper Chemical Directory|ChemFaces|ChemFish Tokyo Co., Ltd.|Chemhere|Chemical Carcinogenesis Research Information System (CCRIS)|chemical genetic matrix|ChemIDplus|Chemieliva Pharmaceutical Co., Ltd|Cheminformatics Friedrich-Schiller-University Jena|ChemMol|ChemoSapiens|ChemShuttle|ChemSpider|ChemTik|Chen Lab, School of Medicine, Emory University|Chung Lab, Department of Pediatrics, Emory University|Circadian Research, Kay Laboratory, University of California at San Diego (UCSD)|Collaborative Drug Discovery, Inc.|Comparative Toxicogenomics Database (CTD)|CreativePeptides|Crystallography Open Database (COD)|CSNpharm|CymitQuimica|Davey Lab, Department of Microbiology, NEIDL, Boston University|DC Chemicals|Debye Scientific Co., Ltd|DempoChem|DiscoveryGate|Drug Induced Liver Injury Rank (DILIrank) Dataset|DrugBank|DrugCentral|DTP/NCI|Egon Willighagen, Department of Bioinformatics - BiGCaT, Maastricht University|EMD Millipore|eMolecules|Emory University Molecular Libraries Screening Center|Enamine|eNovation Chemicals|EPA DSSTox|EvitaChem|FDA Global Substance Registration System (GSRS)|Fisher Chemical|Fisher Drug Discovery Resource Center|Fluorochem|Founder Pharma|Glentham Life Sciences Ltd.|Glixx Labs Inc|Golm Metabolome Database (GMD), Max Planck Institute of Molecular Plant Physiology|Google Patents|Gulick Lab, Department of Structural Biology, University at Buffalo|Hangzhou APIChem Technology|Hangzhou Trylead Chemical Technology|Human Metabolome Database (HMDB)|IBM|ICCB-Longwood Screening Facility, Harvard Medical School|iChemical Technology USA Inc|InvivoChem|ISpharm|IUPAC Digitized pKa Dataset|IUPHAR/BPS Guide to PHARMACOLOGY|J&H Chemical Co.,ltd|Japan Chemical Substance Dictionary (Nikkaji)|KEGG|Key Organics/BIONET|King Scientific|LabNetwork, a WuXi AppTec Company|labseeker|Lan Pharmatech|LeadScope|LGC Standards|Life Chemicals|MassBank of North America (MoNA)|Matrix Scientific|Mcule|MedChemexpress MCE|Metabolomics Workbench|Midas Pharma GmbH|Milbrandt Lab, Department of Genetics, Washington University School of Medicine|Milwaukee Institute for Drug Discovery|MLSMR|Molepedia|MolGenie|Molport|MuseChem|National Center for Advancing Translational Sciences (NCATS)|Nature Chemical Biology|NCBI Structure|NextBio|NextMove Software|NIAID ChemDB|NINDS Approved Drug Screening Program|NIST Mass Spectrometry Data Center|NMRShiftDB|NORMAN Suspect List Exchange|NovoSeek|Oakwood Products|OChem|ORST SMALL MOLECULE SCREENING CENTER|OXCHEM CORPORATION|Paczesny and Yang Labs, IUPUI and University of Michigan|Parchem|PATENTSCOPE (WIPO)|Pi Chemicals|Probes & Drugs portal|Protein Data Bank in Europe (PDBe)|Prous Science Drugs of the Future|PubChem Reference Collection|RR Scientific|Santa Cruz Biotechnology, Inc.|SCRIPDB|Selleck Chemicals|Shanghai Titan Scientific|Sigma-Aldrich|Sinfoo Biotech|SLING Consortium|Small Molecule Screening Facility, UW Madison|Smolecule|Southern Research Institute|Springer Nature|SpringerMaterials|Starshine Chemical|SureChEMBL|SynHet - Synthetic Heterocycles|SynQuest Laboratories|Syntech Labs|Syntree|TargetMol|TCI (Tokyo Chemical Industry)|THE BioTek|The Scripps Research Institute Molecular Screening Center|Therapeutic Target Database (TTD)|Thieme Chemistry|Thomson Pharma|Thoreauchem|TimTec|Tox21|ToxPlanet|Tractus|UCSC Chemical Screening Center|University of Kansas High Throughput Screening Laboratory|University of Pittsburgh Molecular Library Screening Center|Veeprho|VladaChem|VWR, Part of Avantor|Watanabe Chemical Ind.|Wikidata|Wiley|Win-Win Chemical|Wubei-Biochem|Wutech|xPharm: The Comprehensive Pharmacology Reference|Yick-Vic Chemicals & Pharmaceuticals (HK) Ltd.|Yuhao Chemical|ZeroPM - Zero Pollution of Persistent, Mobile Substances|ZINC|Zoeller Lab, School of Medicine, Boston University
Dimethyl Sulfoxide;CS(=O)C;001Chemical|10X CHEM|3WAY PHARM INC|A2B Chem|A2Z Chemical|AA BLOCKS|AAA Chemistry|Aaron Chemicals LLC|AbaChemScene|ABBLIS Chemicals|abcr GmbH|ABI Chem|AbMole Bioscience|AbovChem LLC|Acadechem|Accel Scientific|Achemica|Achemtek|Acmec Biochemical|Acorn PharmaTech Product List|AHH Chemical co.,ltd|AiFChem, an XtalPi Company|AK Scientific, Inc. (AKSCI)|AKos Consulting & Solutions|Aladdin Scientific|AlchemyPharm|Alfa Chemistry|Alichem|Allbio Pharm Co., Ltd|Amadis Chemical|Ambeed|Ambinter|Amfluoro|AN PharmaTech|Angel Pharmatech Ltd.|Angene Chemical|Anward|AOBIOUS INC|ApexBio Technology|Apexmol|AppChem|Ark Pharm, Inc.|AstaTech, Inc.|Aurora Fine Chemicals LLC|Aurum Pharmatech LLC|Baker Lab, Chemistry Department, The University of North Carolina at Chapel Hill|Beilstein Journals|BenchChem|Bic Biotech|BIDD|BIND|BindingDB|BioChemPartner|BioCrick|BioCyc|Biorbyt|Biosynth|BLD Pharm|BOC Sciences|Broad Institute|CAPOT|CATO Research Chemicals Inc.|CD Formulation|Center for Chemical Genomics, University of Michigan|Changzhou Highassay Chemical Co., Ltd|ChEBI|Chem-Impex|Chem-Space.com Database|ChemBank|Chembase.cn|ChEMBL|ChemDB|ChemExper Chemical Directory|Chemical Carcinogenesis Research Information System (CCRIS)|ChemIDplus|Chemieliva Pharmaceutical Co., Ltd|ChemMol|ChemoSapiens|ChemShuttle|ChemSpider|ChemTik|China MainChem Co., Ltd|Clearsynth|Collaborative Drug Discovery, Inc.|Combi-Blocks|Comparative Toxicogenomics Database (CTD)|Cooke Chemical Co., Ltd|Crystallography Open Database (COD)|CSNpharm|CymitQuimica|Davey Lab, Department of Microbiology, NEIDL, Boston University|DC Chemicals|Debye Scientific Co., Ltd|DiscoveryGate|DrugBank|DrugCentral|DTP/NCI|EAWAG Biocatalysis/Biodegradation Database|ECI Group, LCSB, University of Luxembourg|Egon Willighagen, Department of Bioinformatics - BiGCaT, Maastricht University|eMolecules|Enamine|eNovation Chemicals|enviPath|EPA DSSTox|EPA Substance Registry Services|EvitaChem|Excenen Pharmatech|FDA Global Substance Registration System (GSRS)|Finetech Industry Limited|Fisher Chemical|Fluorochem|Fondchemical Limited|Genetic Toxicology Data Bank (GENE-TOX)|Glentham Life Sciences Ltd.|Google Patents|Hairui Chemical|Hangzhou APIChem Technology|Hangzhou Trylead Chemical Technology|Hefei Hirisun Pharmatech Co., Ltd|Hello Bio|Human Metabolome Database (HMDB)|IBM|ICCB-Longwood Screening Facility, Harvard Medical School|iChemical Technology USA Inc|Innovapharm|InvivoChem|ISpharm|IUPAC Digitized pKa Dataset|J&H Chemical Co.,ltd|Japan Chemical Substance Dictionary (Nikkaji)|KEGG|Key Organics/BIONET|King Scientific|Kingston Chemistry|LabNetwork, a WuXi AppTec Company|labseeker|Lan Pharmatech|Lancrix Chemicals|LeadScope|LEAPCHEM|LGC Standards|Life Chemicals|MassBank Europe|MassBank of North America (MoNA)|Mcule|MedChemexpress MCE|Metabolomics Workbench|MLSMR|MolCore|Molecule Market|Molepedia|MolGenie|Molport|MP Biomedicals|MTDP|MuseChem|Nanjing SerPharm|National Center for Advancing Translational Sciences (NCATS)|Nature Chemistry|Nature Synthesis|NCBI Structure|NextBio|NextMove Software|NIAID ChemDB|NIST Chemistry WebBook|NIST Mass Spectrometry Data Center|NMRShiftDB|NORMAN Suspect List Exchange|NovoSeek|Oakwood Products|OChem|Parchem|PATENTSCOPE (WIPO)|Petrascheck Lab, The Scripps Reserach Institute, Department of  Molecular Medicine|Pharmacoinformatics Research Group Wien|Phion Ltd|Pi Chemicals|Probes & Drugs portal|Protein Data Bank in Europe (PDBe)|Prous Science Drugs of the Future|PubChem Reference Collection|Race Chemical|RR Scientific|Santa Cruz Biotechnology, Inc.|SCRIPDB|Selleck Chemicals|Shanghai Titan Scientific|Sigma-Aldrich|Sinfoo Biotech|SLING Consortium|SMID|Smolecule|Southern Research Institute|Springer Nature|SpringerMaterials|Starshine Chemical|Strem Chemicals, Inc.|Sun-shine Chemical|SureChEMBL|SynHet - Synthetic Heterocycles|TargetMol|TCI (Tokyo Chemical Industry)|THE BioTek|The Scripps Research Institute Molecular Screening Center|Therapeutic Target Database (TTD)|Thermo Fisher Scientific|Thieme Chemistry|Thomson Pharma|Thoreauchem|Tocris Bioscience|Tox21|ToxPlanet|Tractus|Veeprho|Vitas-M Laboratory|VladaChem|VWR, Part of Avantor|West Coast Metabolomics Center-UC Davis|Wikidata|Wiley|Win-Win Chemical|Wubei-Biochem|Wutech|Xavier Lab, Infectious Disease and Microbiome Program, Broad Institute of MIT and Harvard|Yick-Vic Chemicals & Pharmaceuticals (HK) Ltd.|Yuhao Chemical|ZeroPM - Zero Pollution of Persistent, Mobile Substances|ZINC|Zjartschem
L-Ascorbic Acid;C([C@@H]([C@@H]1C(=C(C(=O)O1)O)O)O)O;001Chemical|10X CHEM|3WAY PHARM INC|A2B Chem|AA BLOCKS|AAA Chemistry|Aaron Chemicals LLC|AbaChemScene|ABBLIS Chemicals|abcr GmbH|Abe Lab, University of Texas MD Anderson Cancer Center|ABI Chem|AbMole Bioscience|AbovChem LLC|Acadechem|Accel Scientific|Achemo Scientific Limited|Achemtek|Acmec Biochemical|AgroIntelBioScan.com|AHH Chemical co.,ltd|AiFChem, an XtalPi Company|AK Scientific, Inc. (AKSCI)|AKos Consulting & Solutions|Aladdin Scientific|Alfa Chemistry|Alichem|Alinda Chemical Trade Company Ltd|Amadis Chemical|Ambeed|Ambinter|AN PharmaTech|Angene Chemical|Anward|ApexBio Technology|Apexmol|AppChem|Aribo Reagent|Assembly Blocks Pvt. Ltd.|AstaTech, Inc.|Aurora Fine Chemicals LLC|Avantor Inc|Baker Lab, Chemistry Department, The University of North Carolina at Chapel Hill|BenchChem|BePharm Ltd.|BioChemPartner|BioCyc|Biological Magnetic Resonance Data Bank (BMRB)|Biorbyt|Biosynth|BLD Pharm|BOC Sciences|Boerchem|BroadPharm|Carcinogenic Potency Database (CPDB)|CATO Research Chemicals Inc.|CCSbase|CD Formulation|Center for Chemical Genomics, University of Michigan|Changzhou Highassay Chemical Co., Ltd|ChEBI|Chem-Space.com Database|ChemBank|Chembase.cn|ChEMBL|Chemenu Inc.|ChemExper Chemical Directory|ChemFaces|Chemhere|Chemical Carcinogenesis Research Information System (CCRIS)|ChemIDplus|Chemieliva Pharmaceutical Co., Ltd|Cheminformatics Friedrich-Schiller-University Jena|ChemMol|Chemodex Ltd.|ChemoSapiens|ChemSpider|ChemTik|Chen Lab, School of Medicine, Emory University|China MainChem Co., Ltd|Clearsynth|Collaborative Drug Discovery, Inc.|Combi-Blocks|Comparative Toxicogenomics Database (CTD)|Crystallography Open Database (COD)|CSNpharm|CymitQuimica|DC Chemicals|Debye Scientific Co., Ltd|DiscoveryGate|Drug Induced Liver Injury Rank (DILIrank) Dataset|DrugBank|DrugCentral|ECI Group, LCSB, University of Luxembourg|Egon Willighagen, Department of Bioinformatics - BiGCaT, Maastricht University|eMolecules|Enamine|eNovation Chemicals|EPA DSSTox|EPA Substance Registry Services|EvitaChem|FDA Global Substance Registration System (GSRS)|Finetech Industry Limited|Fisher Chemical|Fisher Drug Discovery Resource Center|Fluorochem|Founder Pharma|Genetic Toxicology Data Bank (GENE-TOX)|Glentham Life Sciences Ltd.|GlyTouCan Project|Golm Metabolome Database (GMD), Max Planck Institute of Molecular Plant Physiology|Google Patents|Hangzhou APIChem Technology|Hefei Hirisun Pharmatech Co., Ltd|Hello Bio|Human Metabolome Database (HMDB)|IBM|ICCB-Longwood Screening Facility, Harvard Medical School|iChemical Technology USA Inc|Innovapharm|InvivoChem|ISpharm|IUPAC Digitized pKa Dataset|IUPHAR/BPS Guide to PHARMACOLOGY|J&H Chemical Co.,ltd|Jamson Pharmachem Technology|Japan Chemical Substance Dictionary (Nikkaji)|Karki Laboratory of Innate Immunity and Cell Death, Seoul National University|KEGG|King Scientific|Kingston Chemistry|LabNetwork, a WuXi AppTec Company|labseeker|LeadScope|LGC Standards|Life Chemicals|MassBank of North America (MoNA)|Matrix Scientific|Mcule|MedChemexpress MCE|Metabolomics Workbench|Milbrandt Lab, Department of Genetics, Washington University School of Medicine|MLSMR|Molecule Market|Molepedia|MolGenie|Molport|MuseChem|National Center for Advancing Translational Sciences (NCATS)|Nature Chemical Biology|NCBI Structure|NextBio|NextMove Software|NIAID ChemDB|NORMAN Suspect List Exchange|NovoSeek|Oakwood Products|OChem|OXCHEM CORPORATION|Parchem|PATENTSCOPE (WIPO)|Probes & Drugs portal|Protein Data Bank in Europe (PDBe)|Prous Science Drugs of the Future|PubChem Reference Collection|R&D Chemicals|RESOLUTE - Research Empowerment on Solute Carriers|RR Scientific|Santa Cruz Biotechnology, Inc.|SCRIPDB|Selleck Chemicals|Shanghai Institute of Organic Chemistry|Shanghai Titan Scientific|Sigma-Aldrich|Sinfoo Biotech|Sinofi Ingredients|SLING Consortium|Small Molecule Screening Facility, UW Madison|SMID|Smolecule|Southern Research Institute|Springer Nature|SpringerMaterials|Starshine Chemical|SureChEMBL|SynHet - Synthetic Heterocycles|Syntree|TargetMol|TCI (Tokyo Chemical Industry)|THE BioTek|Therapeutic Target Database (TTD)|Thieme Chemistry|Thomson Pharma|Tocris Bioscience|Tox21|ToxPlanet|Tractus|UCSC Chemical Screening Center|University of Kansas High Throughput Screening Laboratory|Veeprho|VladaChem|VWR, Part of Avantor|Wikidata|WikiPathways|Wiley|Win-Win Chemical|Wubei-Biochem|Wutech|Yick-Vic Chemicals & Pharmaceuticals (HK) Ltd.|Yuhao Chemical|ZeroPM - Zero Pollution of Persistent, Mobile Substances|ZINC
Allopurinol;C1=NNC2=C1C(=O)NC=N2;001Chemical|10X CHEM|1st Scientific|3WAY PHARM INC|4C Pharma Scientific Inc|A&J Pharmtech CO., LTD.|A2B Chem|A2Z Chemical|AA BLOCKS|AbaChemScene|ABBLIS Chemicals|abcr GmbH|Abe Lab, University of Texas MD Anderson Cancer Center|ABI Chem|AbMole Bioscience|AbovChem LLC|Acadechem|Accel Scientific|Achemo Scientific Limited|Achemtek|Acmec Biochemical|ACT Chemical|Activate Scientific|Adooq BioScience|AEchem Scientific Corp., USA|AHH Chemical co.,ltd|AiFChem, an XtalPi Company|AK Scientific, Inc. (AKSCI)|AKos Consulting & Solutions|Aladdin Scientific|Alfa Chemistry|Alichem|Allbio Pharm Co., Ltd|Amadis Chemical|Ambeed|Ambinter|AN PharmaTech|Angene Chemical|Anward|ApexBio Technology|Apexmol|AppChem|Aribo Reagent|Ark Pharm, Inc.|Assembly Blocks Pvt. Ltd.|AstaTech, Inc.|Aurora Fine Chemicals LLC|Aurum Pharmatech LLC|BenchChem|BePharm Ltd.|BerrChemical|Bic Biotech|BIND|BindingDB|BioChemPartner|BioCrick|BioCyc|Biopharma PEG Scientific Inc|Biorbyt|Biosynth|BLD Pharm|BOC Sciences|Boerchem|Broad Institute|Burek Lab, Department of Anaesthesiology, Intensive Care, Emergency and Pain Med, University Hospital Wuerzburg|Burnham Center for Chemical Genomics|C. David Weaver Laboratory, Vanderbilt University|CAPOT|CATO Research Chemicals Inc.|CCSbase|Center for Chemical Genomics, University of Michigan|ChangChem|Changzhou Highassay Chemical Co., Ltd|ChEBI|Chem-Impex|Chem-Space.com Database|ChemBank|Chembase.cn|ChEMBL|ChemDB|Chemenu Inc.|ChemExper Chemical Directory|Chemhere|Chemical Carcinogenesis Research Information System (CCRIS)|chemical genetic matrix|ChemIDplus|Chemieliva Pharmaceutical Co., Ltd|Cheminformatics Friedrich-Schiller-University Jena|ChemMol|ChemoSapiens|ChemShuttle|ChemSpider|ChemTik|Chen Lab, School of Medicine, Emory University|Chung Lab, Department of Pediatrics, Emory University|Circadian Research, Kay Laboratory, University of California at San Diego (UCSD)|Clearsynth|Clinivex|Collaborative Drug Discovery, Inc.|Combi-Blocks|Comparative Toxicogenomics Database (CTD)|Cooke Chemical Co., Ltd|Crystallography Open Database (COD)|CSNpharm|Cure First|CymitQuimica|Davey Lab, Department of Microbiology, NEIDL, Boston University|Day Biochem|DC Chemicals|Debye Scientific Co., Ltd|DiscoveryGate|Drug Induced Liver Injury Rank (DILIrank) Dataset|DrugBank|DrugCentral|DTP/NCI|Egon Willighagen, Department of Bioinformatics - BiGCaT, Maastricht University|Elsa Biotechnology|eMolecules|Emory University Molecular Libraries Screening Center|Enamine|Ennopharm|eNovation Chemicals|EPA DSSTox|EPA Substance Registry Services|EvitaChem|FDA Global Substance Registration System (GSRS)|Finetech Industry Limited|Fisher Drug Discovery Resource Center|Fluorochem|Founder Pharma|Glentham Life Sciences Ltd.|Google Patents|Gulick Lab, Department of Structural Biology, University at Buffalo|Hairui Chemical|Hangzhou APIChem Technology|Horrigan Lab, Baylor College of Medicine|Human Metabolome Database (HMDB)|IBM|ICCB-Longwood Screening Facility, Harvard Medical School|iChemical Technology USA Inc|Innovapharm|InvivoChem|ISpharm|IUPHAR/BPS Guide to PHARMACOLOGY|J&H Chemical Co.,ltd|Jamson Pharmachem Technology|Japan Chemical Substance Dictionary (Nikkaji)|Karki Laboratory of Innate Immunity and Cell Death, Seoul National University|KCS Online|KEGG|Key Organics/BIONET|King Scientific|LabNetwork, a WuXi AppTec Company|labseeker|Lan Pharmatech|LeadScope|LEAPCHEM|LGC Standards|Life Chemicals|LKT Labs|MassBank Europe|MassBank of North America (MoNA)|Matrix Scientific|Mcule|MedChemexpress MCE|Metabolomics Workbench|Milbrandt Lab, Department of Genetics, Washington University School of Medicine|Milwaukee Institute for Drug Discovery|MLSMR|MolCore|Molecule Market|Molepedia|MolGenie|Molport|MP Biomedicals|MuseChem|National Center for Advancing Translational Sciences (NCATS)|Nature Chemical Biology|NCBI Structure|NextBio|NextMove Software|NIAID ChemDB|NIH Clinical Collection|NIH/NCATS RNAi|NINDS Approved Drug Screening Program|NIST Chemistry WebBook|NIST Mass Spectrometry Data Center|NMRShiftDB|NORMAN Suspect List Exchange|NovoSeek|Oakwood Products|OChem|ORST SMALL MOLECULE SCREENING CENTER|OtavaChemicals|OXCHEM CORPORATION|Paczesny and Yang Labs, IUPUI and University of Michigan|PATENTSCOPE (WIPO)|PDSP|Phion Ltd|Pi Chemicals|Probes & Drugs portal|Prous Science Drugs of the Future|PubChem Reference Collection|Race Chemical|RR Scientific|Santa Cruz Biotechnology, Inc.|SCRIPDB|Selleck Chemicals|Shanghai Titan Scientific|Sigma-Aldrich|Sinfoo Biotech|SLING Consortium|Small Molecule Screening Facility, UW Madison|Smolecule|Southern Research Institute|Specs|SpiroChem|Springer Nature|SpringerMaterials|Starshine Chemical|SureChEMBL|Synblock Inc|SynHet - Synthetic Heterocycles|Syntree|TargetMol|TCI (Tokyo Chemical Industry)|THE BioTek|The Scripps Research Institute Molecular Screening Center|Therapeutic Target Database (TTD)|Thermo Fisher Scientific|Thieme Chemistry|Thomson Pharma|Thoreauchem|TimTec|Tox21|ToxPlanet|Tractus|UCSC Chemical Screening Center|University of Iowa High-Throughput Screening Core (UIHTS)|University of Kansas High Throughput Screening Laboratory|University of Pittsburgh Molecular Library Screening Center|Vanderbilt High Throughput Screening Facility|Veeprho|Vitas-M Laboratory|VladaChem|Wikidata|Wiley|Win-Win Chemical|Wubei-Biochem|Wutech|Yick-Vic Chemicals & Pharmaceuticals (HK) Ltd.|Yuhao Chemical|ZeroPM - Zero Pollution of Persistent, Mobile Substances|ZINC|Zoeller Lab, School of Medicine, Boston University
Terephthalic Acid;C1=CC(=CC=C1C(=O)O)C(=O)O;001Chemical|10X CHEM|1st Scientific|3WAY PHARM INC|A&J Pharmtech CO., LTD.|A2B Chem|AA BLOCKS|AAA Chemistry|Aaron Chemicals LLC|AbaChemScene|ABBLIS Chemicals|abcr GmbH|ABI Chem|Acadechem|Accel Scientific|Accela ChemBio Inc.|Aceschem Inc|Achemica|Acmec Biochemical|AHH Chemical co.,ltd|AiFChem, an XtalPi Company|AK Scientific, Inc. (AKSCI)|AKos Consulting & Solutions|Aladdin Scientific|Alfa Chemistry|Alichem|Allbio Pharm Co., Ltd|Amadis Chemical|Ambeed|Ambinter|AN PharmaTech|Anward|AppChem|April Scientific Inc.|Ark Pharm, Inc.|AstaTech, Inc.|Aurora Fine Chemicals LLC|Aurum Pharmatech LLC|Baker Lab, Chemistry Department, The University of North Carolina at Chapel Hill|BenchChem|Bic Biotech|BIDD|BioChemPartner|BioCyc|Biorbyt|Biosynth|BLD Pharm|BOC Sciences|BroadPharm|CAPOT|CATO Research Chemicals Inc.|ChEBI|Chem-Impex|Chem-Space.com Database|ChemBank|Chembase.cn|ChEMBL|ChemDB|Chemenu Inc.|ChemExper Chemical Directory|ChemFish Tokyo Co., Ltd.|Chemical Carcinogenesis Research Information System (CCRIS)|Chemical Synthesis Database|ChemIDplus|Chemieliva Pharmaceutical Co., Ltd|Cheminformatics Friedrich-Schiller-University Jena|ChemMol|ChemoSapiens|ChemSpider|ChemTik|Clearsynth|Collaborative Drug Discovery, Inc.|Combi-Blocks|Cooke Chemical Co., Ltd|Crystallography Open Database (COD)|CSNpharm|CymitQuimica|DiscoveryGate|DTP/NCI|EAWAG Biocatalysis/Biodegradation Database|ECI Group, LCSB, University of Luxembourg|Egon Willighagen, Department of Bioinformatics - BiGCaT, Maastricht University|eMolecules|Enamine|eNovation Chemicals|enviPath|EPA DSSTox|EPA Substance Registry Services|ET Co.,Ltd.|EvitaChem|FDA Global Substance Registration System (GSRS)|Finetech Industry Limited|Fluorochem|Founder Pharma|Genetic Toxicology Data Bank (GENE-TOX)|Glentham Life Sciences Ltd.|Google Patents|Hairui Chemical|Hangzhou APIChem Technology|Human Metabolome Database (HMDB)|Hunan Chemfish Pharmaceutical Co., Ltd.|IBM|ICCB-Longwood Screening Facility, Harvard Medical School|iChemical Technology USA Inc|Innovapharm|InvivoChem|ISpharm|IUPAC Digitized pKa Dataset|J&H Chemical Co.,ltd|Japan Chemical Substance Dictionary (Nikkaji)|KEGG|Key Organics/BIONET|King Scientific|Kingston Chemistry|LabNetwork, a WuXi AppTec Company|labseeker|Lan Pharmatech|LeadScope|LEAPCHEM|LGC Standards|MassBank Europe|MassBank of North America (MoNA)|Mcule|MedChemexpress MCE|Metabolomics Workbench|MolCore|Molecule Market|Molepedia|MolGenie|Molport|MP Biomedicals|MuseChem|National Center for Advancing Translational Sciences (NCATS)|Nature Chemical Biology|Nature Chemistry|NCBI Structure|NextBio|NextMove Software|NIAID ChemDB|NIST Chemistry WebBook|NIST Mass Spectrometry Data Center|NMRShiftDB|NORMAN Suspect List Exchange|NovoSeek|Oakwood Products|Parchem|PATENTSCOPE (WIPO)|PoLyInfo|Probes & Drugs portal|Protein Data Bank in Europe (PDBe)|PubChem Reference Collection|Rare Chemicals GmbH, Germany|Rosewachem|RR Scientific|Santa Cruz Biotechnology, Inc.|SCRIPDB|Selleck Chemicals|Shanghai Titan Scientific|Sigma-Aldrich|Sinfoo Biotech|SLING Consortium|Smolecule|Specs|Springer Nature|Starshine Chemical|SureChEMBL|SynHet - Synthetic Heterocycles|Syntree|TargetMol|TCI (Tokyo Chemical Industry)|THE BioTek|Thermo Fisher Scientific|Thieme Chemistry|Thomson Pharma|Thoreauchem|TimTec|Tox21|ToxPlanet|Tractus|University of Kansas High Throughput Screening Laboratory|Vitas-M Laboratory|VladaChem|Wikidata|Wiley|Win-Win Chemical|Wolves R&D chemical|Wubei-Biochem|Yick-Vic Chemicals & Pharmaceuticals (HK) Ltd.|Yuhao Chemical|ZeroPM - Zero Pollution of Persistent, Mobile Substances|ZINC|Zjartschem
alpha Lipoic acid;C1CSSC1CCCCC(=O)O;001Chemical|10X CHEM|3WAY PHARM INC|A2B Chem|AA BLOCKS|AAA Chemistry|Aaron Chemicals LLC|AbaChemScene|abcr GmbH|ABI Chem|AbMole Bioscience|AbovChem LLC|Acadechem|Accel Scientific|Accela ChemBio Inc.|Aceschem Inc|Achemica|Achemo Scientific Limited|Achemtek|Acmec Biochemical|Acorn PharmaTech Product List|ACT Chemical|Activate Scientific|AgroIntelBioScan.com|AHH Chemical co.,ltd|AiFChem, an XtalPi Company|AK Scientific, Inc. (AKSCI)|AKos Consulting & Solutions|Aladdin Scientific|Alfa Chemistry|Alichem|Alinda Chemical Trade Company Ltd|Alsachim|Amadis Chemical|Ambeed|Ambinter|AN PharmaTech|Apexmol|AppChem|Aribo Reagent|Ark Pharm, Inc.|Aromalake Chemical|Assembly Blocks Pvt. Ltd.|AstaTech, Inc.|Aurora Fine Chemicals LLC|Aurum Pharmatech LLC|Avantor Inc|Axispharm|Baker Lab, Chemistry Department, The University of North Carolina at Chapel Hill|BenchChem|BePharm Ltd.|BerrChemical|Bic Biotech|BindingDB|BioChemPartner|BioCrick|Biological Magnetic Resonance Data Bank (BMRB)|Biopharma PEG Scientific Inc|Biorbyt|Biosynth|BLD Pharm|BOC Sciences|Broad Institute|BroadPharm|Burek Lab, Department of Anaesthesiology, Intensive Care, Emergency and Pain Med, University Hospital Wuerzburg|Burnham Center for Chemical Genomics|C. David Weaver Laboratory, Vanderbilt University|Calbiochem|Cangzhou Enke Pharma Tech Co.,Ltd.|CAPOT|CATO Research Chemicals Inc.|CCSbase|Center for Chemical Genomics, University of Michigan|Changzhou Highassay Chemical Co., Ltd|ChEBI|Chem-Impex|Chem-Space.com Database|ChemBank|Chembase.cn|ChEMBL|ChemDB|Chemenu Inc.|ChemExper Chemical Directory|chemical genetic matrix|Chemical Synthesis Database|ChemIDplus|Chemieliva Pharmaceutical Co., Ltd|Cheminformatics Friedrich-Schiller-University Jena|ChemMol|ChemoSapiens|ChemShuttle|ChemSpider|ChemTik|Chen Lab, School of Medicine, Emory University|Chiralblock Biosciences|Clearsynth|Clinivex|Collaborative Drug Discovery, Inc.|Combi-Blocks|Cooke Chemical Co., Ltd|CSNpharm|CymitQuimica|DC Chemicals|Debye Scientific Co., Ltd|DiscoveryGate|DrugCentral|DSL Chemicals|DTP/NCI|Egon Willighagen, Department of Bioinformatics - BiGCaT, Maastricht University|EMD Millipore|eMolecules|Emory University Molecular Libraries Screening Center|Enamine|eNovation Chemicals|EPA DSSTox|EPA Substance Registry Services|EvitaChem|FDA Global Substance Registration System (GSRS)|Finetech Industry Limited|Fisher Drug Discovery Resource Center|Fluorochem|Founder Pharma|Glentham Life Sciences Ltd.|Glixx Labs Inc|Google Patents|Gulick Lab, Department of Structural Biology, University at Buffalo|Hairui Chemical|Hangzhou APIChem Technology|Human Metabolome Database (HMDB)|IBM|ICCB-Longwood Screening Facility, Harvard Medical School|iChemical Technology USA Inc|Immune Epitope Database (IEDB)|InvivoChem|ISpharm|J&H Chemical Co.,ltd|Jamson Pharmachem Technology|Japan Chemical Substance Dictionary (Nikkaji)|KEGG|Keith Lab, Institute of Cancer Science, University of Glasgow|Key Organics/BIONET|King Scientific|LabNetwork, a WuXi AppTec Company|labseeker|LeadScope|LEAPCHEM|LGC Standards|Life Chemicals|MassBank Europe|MassBank of North America (MoNA)|Matrix Scientific|Mcule|MedChemexpress MCE|Milbrandt Lab, Department of Genetics, Washington University School of Medicine|MLSMR|MolCore|Moldb|Molecule Market|Molepedia|MolGenie|Molport|MP Biomedicals|MuseChem|National Center for Advancing Translational Sciences (NCATS)|NextBio|NextMove Software|NIAID ChemDB|NINDS Approved Drug Screening Program|NIST Chemistry WebBook|NIST Mass Spectrometry Data Center|NORMAN Suspect List Exchange|NovoSeek|Oakwood Products|OChem|ORST SMALL MOLECULE SCREENING CENTER|OXCHEM CORPORATION|Parchem|PATENTSCOPE (WIPO)|Phion Ltd|Pi Chemicals|Probes & Drugs portal|Prous Science Drugs of the Future|PubChem Reference Collection|RR Scientific|Santa Cruz Biotechnology, Inc.|SCRIPDB|Selleck Chemicals|Shanghai Titan Scientific|Sigma-Aldrich|Sinfoo Biotech|SLING Consortium|Small Molecule Screening Facility, UW Madison|Smolecule|Southern Research Institute|Springer Nature|Starshine Chemical|SureChEMBL|Synblock Inc|SynHet - Synthetic Heterocycles|Syntree|TargetMol|TCI (Tokyo Chemical Industry)|THE BioTek|The Scripps Research Institute Molecular Screening Center|Therapeutic Target Database (TTD)|Thermo Fisher Scientific|Thieme Chemistry|Thomson Pharma|Thoreauchem|TimTec|Tocris Bioscience|Tox21|ToxPlanet|Tractus|University of Iowa High-Throughput Screening Core (UIHTS)|University of Kansas High Throughput Screening Laboratory|Veeprho|Vitas-M Laboratory|VladaChem|VWR, Part of Avantor|Wikidata|WikiPathways|Wiley|Win-Win Chemical|Wolves R&D chemical|Wubei-Biochem|Wutech|Yick-Vic Chemicals & Pharmaceuticals (HK) Ltd.|Yuhao Chemical|ZeroPM - Zero Pollution of Persistent, Mobile Substances|Zjartschem
P-Coumaric Acid;C1=CC(=CC=C1/C=C/C(=O)O)O;001Chemical|10X CHEM|3WAY PHARM INC|4C Pharma Scientific Inc|A&J Pharmtech CO., LTD.|A2B Chem|AA BLOCKS|AAA Chemistry|Aaron Chemicals LLC|AbaChemScene|abcr GmbH|ABI Chem|AbMole Bioscience|Acadechem|Accel Scientific|Accela ChemBio Inc.|Achemo Scientific Limited|Achemtek|Acorn PharmaTech Product List|Adooq BioScience|AEchem Scientific Corp., USA|AHH Chemical co.,ltd|AiFChem, an XtalPi Company|AK Scientific, Inc. (AKSCI)|AKos Consulting & Solutions|Aladdin Scientific|Alfa Chemistry|Alichem|Allbio Pharm Co., Ltd|Amadis Chemical|Ambeed|Ambinter|AN PharmaTech|ApexBio Technology|Apexmol|AppChem|Ark Pharma Scientific Limited|Aromalake Chemical|Aromsyn catalogue|AstaTech, Inc.|Aurora Fine Chemicals LLC|Aurum Pharmatech LLC|Beilstein Journals|BenchChem|BePharm Ltd.|BerrChemical|Bic Biotech|BindingDB|BioAustralis Fine Chemicals|BioChemPartner|BioCyc|Biological Magnetic Resonance Data Bank (BMRB)|Biopurify Phytochemicals|Biorbyt|Biosynth|BLD Pharm|BOC Sciences|Broad Institute|BroadPharm|Buhrlage Lab, Dana-Farber Cancer Institute and Novartis Institutes for BioMedical Research (Cambridge, Mass)|CATO Research Chemicals Inc.|CCSbase|Center for Chemical Genomics, University of Michigan|Changzhou Highassay Chemical Co., Ltd|ChEBI|Chem-Space.com Database|Chembase.cn|ChEMBL|ChemExper Chemical Directory|ChemFaces|ChemIDplus|Chemieliva Pharmaceutical Co., Ltd|ChemMol|Chemodex Ltd.|ChemoSapiens|ChemShuttle|ChemSpider|Collaborative Drug Discovery, Inc.|Combi-Blocks|Comparative Toxicogenomics Database (CTD)|Crystallography Open Database (COD)|CSNpharm|CymitQuimica|Davey Lab, Department of Microbiology, NEIDL, Boston University|Day Biochem|DC Chemicals|DiscoveryGate|DrugBank|DTP/NCI|Egon Willighagen, Department of Bioinformatics - BiGCaT, Maastricht University|eMolecules|Enamine|eNovation Chemicals|EPA DSSTox|EPA Substance Registry Services|FDA Global Substance Registration System (GSRS)|Finetech Industry Limited|Fluorochem|Founder Pharma|Glentham Life Sciences Ltd.|Golm Metabolome Database (GMD), Max Planck Institute of Molecular Plant Physiology|Google Patents|Hangzhou APIChem Technology|Hangzhou Trylead Chemical Technology|Human Metabolome Database (HMDB)|IBM|ICCB-Longwood Screening Facility, Harvard Medical School|iChemical Technology USA Inc|Innovapharm|ISpharm|IUPAC Digitized pKa Dataset|IUPHAR/BPS Guide to PHARMACOLOGY|J&H Chemical Co.,ltd|Japan Chemical Substance Dictionary (Nikkaji)|KCS Online|KEGG|Key Organics/BIONET|LabNetwork, a WuXi AppTec Company|labseeker|Lan Pharmatech|LeadScope|LGC Standards|Life Chemicals|MassBank Europe|MassBank of North America (MoNA)|Matrix Scientific|Mcule|MedChemexpress MCE|Metabolomics Workbench|MLSMR|Molepedia|MolGenie|MolMall|Molport|MuseChem|National Center for Advancing Translational Sciences (NCATS)|Nature Chemical Biology|Nature Chemistry|Nature Science Technologies Ltd|NCBI Structure|NextBio|NextMove Software|NIAID ChemDB|NIST Chemistry WebBook|NIST Mass Spectrometry Data Center|NMRShiftDB|NORMAN Suspect List Exchange|NovoSeek|Oakwood Products|OChem|OXCHEM CORPORATION|Parchem|PATENTSCOPE (WIPO)|Phion Ltd|Pi Chemicals|Probes & Drugs portal|Protein Data Bank in Europe (PDBe)|Prous Science Drugs of the Future|PubChem Reference Collection|R&D Chemicals|Rare Chemicals GmbH, Germany|Santa Cruz Biotechnology, Inc.|SCRIPDB|Selleck Chemicals|Shanghai Institute of Organic Chemistry|Shanghai Titan Scientific|Sigma-Aldrich|Sinfoo Biotech|Small Molecule Screening Facility, UW Madison|SMID|Smolecule|Specs|Springer Nature|SpringerMaterials|Starshine Chemical|SureChEMBL|SynHet - Synthetic Heterocycles|Syntree|TargetMol|TCI (Tokyo Chemical Industry)|THE BioTek|Therapeutic Target Database (TTD)|Thieme Chemistry|Thomson Pharma|Thoreauchem|TimTec|ToxPlanet|Tractus|University of Kansas High Throughput Screening Laboratory|Vitas-M Laboratory|VladaChem|Wikidata|Wiley|Win-Win Chemical|Wubei-Biochem|Wutech|Yick-Vic Chemicals & Pharmaceuticals (HK) Ltd.|Yuhao Chemical|ZeroPM - Zero Pollution of Persistent, Mobile Substances|ZINC
Glutathione;C(CC(=O)N[C@@H](CS)C(=O)NCC(=O)O)[C@@H](C(=O)O)N;001Chemical|10X CHEM|A&J Pharmtech CO., LTD.|A2B Chem|AA BLOCKS|AAA Chemistry|Aaron Chemicals LLC|AbaChemScene|ABBLIS Chemicals|abcr GmbH|Abe Lab, University of Texas MD Anderson Cancer Center|ABI Chem|Accel Scientific|Accela ChemBio Inc.|Achemtek|Acmec Biochemical|Acorn PharmaTech Product List|Activate Scientific|Adooq BioScience|AEchem Scientific Corp., USA|AiFChem, an XtalPi Company|AKos Consulting & Solutions|Aladdin Scientific|Alfa Chemistry|Amadis Chemical|Ambeed|Ambinter|Anward|ApexBio Technology|AppChem|Aribo Reagent|AstaTech, Inc.|Aurum Pharmatech LLC|AvaChem Scientific|BenchChem|BePharm Ltd.|Bic Biotech|BIND|BindingDB|BioCrick|BioCyc|Biological Magnetic Resonance Data Bank (BMRB)|Biorbyt|Biosynth|BLD Pharm|BOC Sciences|Boerchem|Broad Institute|Burnham Center for Chemical Genomics|CATO Research Chemicals Inc.|CCSbase|CD Formulation|Center for Chemical Genomics, University of Michigan|Changzhou Highassay Chemical Co., Ltd|ChEBI|Chem-Space.com Database|ChemBank|Chembase.cn|ChEMBL|ChemExper Chemical Directory|ChemFaces|Chemical Carcinogenesis Research Information System (CCRIS)|chemical genetic matrix|ChemIDplus|Chemieliva Pharmaceutical Co., Ltd|Cheminformatics Friedrich-Schiller-University Jena|ChemMol|Chemodex Ltd.|ChemoSapiens|ChemSpider|ChemTik|Chen Lab, School of Medicine, Emory University|China MainChem Co., Ltd|Chiralblock Biosciences|Clinivex|Collaborative Drug Discovery, Inc.|Combi-Blocks|Comparative Toxicogenomics Database (CTD)|CreativePeptides|Crystallography Open Database (COD)|CSNpharm|CymitQuimica|Davey Lab, Department of Microbiology, NEIDL, Boston University|Debye Scientific Co., Ltd|DempoChem|DiscoveryGate|DrugBank|DrugCentral|DTP/NCI|ECI Group, LCSB, University of Luxembourg|Egon Willighagen, Department of Bioinformatics - BiGCaT, Maastricht University|Elsa Biotechnology|eMolecules|Emory University Molecular Libraries Screening Center|Enamine|eNovation Chemicals|EPA DSSTox|EvitaChem|FDA Global Substance Registration System (GSRS)|Fisher Drug Discovery Resource Center|Fluorochem|Founder Pharma|Genetic Toxicology Data Bank (GENE-TOX)|Glixx Labs Inc|Google Patents|Gulick Lab, Department of Structural Biology, University at Buffalo|Human Metabolome Database (HMDB)|IBM|ICCB-Longwood Screening Facility, Harvard Medical School|iChemical Technology USA Inc|Innovapharm|InvivoChem|IUPHAR/BPS Guide to PHARMACOLOGY|J&H Chemical Co.,ltd|Japan Chemical Substance Dictionary (Nikkaji)|KEGG|Key Organics/BIONET|King Scientific|LabNetwork, a WuXi AppTec Company|labseeker|Lan Pharmatech|LeadScope|LGC Standards|MassBank of North America (MoNA)|Matrix Scientific|Mcule|MedChemexpress MCE|Metabolomics Workbench|Milbrandt Lab, Department of Genetics, Washington University School of Medicine|MLSMR|Molecule Market|Molepedia|MolGenie|Molport|MuseChem|Nature Chemical Biology|Nature Chemistry|NCBI Structure|NextBio|NextMove Software|NIAID ChemDB|NINDS Approved Drug Screening Program|NIST Mass Spectrometry Data Center|NORMAN Suspect List Exchange|NovoSeek|Oakwood Products|OChem|ORST SMALL MOLECULE SCREENING CENTER|OXCHEM CORPORATION|Parchem|PATENTSCOPE (WIPO)|Probes & Drugs portal|Protein Data Bank in Europe (PDBe)|PubChem Reference Collection|RR Scientific|Santa Cruz Biotechnology, Inc.|SCRIPDB|Selleck Chemicals|SHANDONG OCTAGON CHEMICALS LIMITED|Shanghai Institute of Organic Chemistry|Shanghai Titan Scientific|Sigma-Aldrich|Small Molecule Screening Facility, UW Madison|SMID|Smolecule|Southern Research Institute|Springer Nature|Starshine Chemical|SureChEMBL|SynHet - Synthetic Heterocycles|Syntree|TargetMol|TCI (Tokyo Chemical Industry)|THE BioTek|The Scripps Research Institute Molecular Screening Center|Therapeutic Target Database (TTD)|Thieme Chemistry|Thomson Pharma|Thoreauchem|TimTec|Tocris Bioscience|Tox21|ToxPlanet|Uchem Meditech|University of Iowa High-Throughput Screening Core (UIHTS)|VladaChem|VWR, Part of Avantor|Wikidata|WikiPathways|Wiley|Wilshire Technologies|Win-Win Chemical|Wubei-Biochem|Wutech|Yick-Vic Chemicals & Pharmaceuticals (HK) Ltd.|Yuhao Chemical|ZeroPM - Zero Pollution of Persistent, Mobile Substances|ZINC
Citric Acid;C(C(=O)O)C(CC(=O)O)(C(=O)O)O;001Chemical|10X CHEM|1st Scientific|3WAY PHARM INC|4C Pharma Scientific Inc|A&J Pharmtech CO., LTD.|A2B Chem|A2Z Chemical|AA BLOCKS|AAA Chemistry|Aaron Chemicals LLC|AbaChemScene|ABBLIS Chemicals|abcr GmbH|Abe Lab, University of Texas MD Anderson Cancer Center|ABI Chem|AbMole Bioscience|AbovChem LLC|Acadechem|Accel Scientific|Accela ChemBio Inc.|Ace Therapeutics|Aceschem Inc|Achemica|Achemo Scientific Limited|Achemtek|Acmec Biochemical|Acorn PharmaTech Product List|Activate Scientific|Adooq BioScience|AEchem Scientific Corp., USA|AgroIntelBioScan.com|AHH Chemical co.,ltd|AiFChem, an XtalPi Company|AK Scientific, Inc. (AKSCI)|AKos Consulting & Solutions|Aladdin Scientific|AlchemyPharm|Alfa Chemistry|Alichem|Allbio Pharm Co., Ltd|Alomone Labs|Alsachim|Amadis Chemical|Ambeed|Ambinter|AmicBase - Antimicrobial Activities|AN PharmaTech|Angel Pharmatech Ltd.|Angene Chemical|Anward|AOBIOUS INC|ApexBio Technology|Apexmol|AppChem|Aribo Reagent|Ark Pharm, Inc.|Ark Pharma Scientific Limited|Aromalake Chemical|Aronis|Assembly Blocks Pvt. Ltd.|AstaTech, Inc.|Aurora Fine Chemicals LLC|Aurum Pharmatech LLC|AvaChem Scientific|Avantor Inc|Axon Medchem|Baker Lab, Chemistry Department, The University of North Carolina at Chapel Hill|BenchChem|BePharm Ltd.|BerrChemical|Bic Biotech|BIND|BindingDB|BioChemPartner|Biocore|BioCrick|BioCyc|Biological Magnetic Resonance Data Bank (BMRB)|Biopharma PEG Scientific Inc|Biorbyt|Biosynth|BLD Pharm|BOC Sciences|Boerchem|Broad Institute|BroadPharm|Burek Lab, Department of Anaesthesiology, Intensive Care, Emergency and Pain Med, University Hospital Wuerzburg|Burnham Center for Chemical Genomics|Calbiochem|Cangzhou Enke Pharma Tech Co.,Ltd.|CAPOT|Carcinogenic Potency Database (CPDB)|CATO Research Chemicals Inc.|CCSbase|CD Formulation|Center for Chemical Genomics, University of Michigan|Changzhou Highassay Chemical Co., Ltd|ChEBI|Chem-Impex|Chem-Space.com Database|ChemBank|Chembase.cn|ChEMBL|ChemBridge|ChemDB|Chemenu Inc.|ChemExper Chemical Directory|ChemFaces|ChemFish Tokyo Co., Ltd.|Chemical Carcinogenesis Research Information System (CCRIS)|chemical genetic matrix|ChemIDplus|Chemieliva Pharmaceutical Co., Ltd|Cheminformatics Friedrich-Schiller-University Jena|ChemMol|Chemodex Ltd.|ChemoSapiens|ChemShuttle|ChemSpider|ChemTik|Chen Lab, School of Medicine, Emory University|Chung Lab, Department of Pediatrics, Emory University|Circadian Research, Kay Laboratory, University of California at San Diego (UCSD)|Clearsynth|Clinivex|Collaborative Drug Discovery, Inc.|Combi-Blocks|Comparative Toxicogenomics Database (CTD)|Cooke Chemical Co., Ltd|Crystallography Open Database (COD)|CSNpharm|Cure First|CymitQuimica|DAOGE BIOPHARMA|Davey Lab, Department of Microbiology, NEIDL, Boston University|DC Chemicals|Debye Scientific Co., Ltd|DempoChem|DiRusso Lab, Biochemistry Department, University of Nebraska|DiscoveryGate|DrugBank|DrugCentral|DTP/NCI|ECI Group, LCSB, University of Luxembourg|Egon Willighagen, Department of Bioinformatics - BiGCaT, Maastricht University|Elsa Biotechnology|EMD Millipore|eMolecules|Emory University Molecular Libraries Screening Center|Enamine|eNovation Chemicals|EPA DSSTox|EPA Substance Registry Services|EvitaChem|Excenen Pharmatech|FDA Global Substance Registration System (GSRS)|Finetech Industry Limited|Fisher Chemical|Fisher Drug Discovery Resource Center|Fluorochem|Fondchemical Limited|Founder Pharma|Fredberg Lab, Harvard T.H. Chan School of Public Health|Genetic Toxicology Data Bank (GENE-TOX)|GFS Chemicals|GlaxoSmithKline (GSK)|Glentham Life Sciences Ltd.|Glixx Labs Inc|Golm Metabolome Database (GMD), Max Planck Institute of Molecular Plant Physiology|Google Patents|Gregory J. Crowther|Gulick Lab, Department of Structural Biology, University at Buffalo|Guri Giaever, Pharmaceutical Sciences, University of British Columbia|Hairui Chemical|Hangzhou APIChem Technology|Hangzhou Trylead Chemical Technology|Hefei Hirisun Pharmatech Co., Ltd|Hello Bio|Horrigan Lab, Baylor College of Medicine|Human Metabolome Database (HMDB)|Hunan Chemfish Pharmaceutical Co., Ltd.|Hunan Huateng Pharmaceutical Co., Ltd.|IBM|ICCB-Longwood Screening Facility, Harvard Medical School|iChemical Technology USA Inc|Inhibitor 2|Innovapharm|InvivoChem|ISpharm|IUPAC Digitized pKa Dataset|IUPHAR/BPS Guide to PHARMACOLOGY|J&H Chemical Co.,ltd|J&W PharmLab|Jamson Pharmachem Technology|Japan Chemical Substance Dictionary (Nikkaji)|Karki Laboratory of Innate Immunity and Cell Death, Seoul National University|KCS Online|KEGG|Key Organics/BIONET|King Scientific|Kingston Chemistry|LabNetwork, a WuXi AppTec Company|labseeker|Lan Pharmatech|Lancrix Chemicals|LeadScope|LEAPCHEM|LGC Standards|Life Chemicals|MassBank Europe|MassBank of North America (MoNA)|Matrix Scientific|Mcule|MedChemexpress MCE|Meiler Lab, Vanderbilt University|Metabolomics Workbench|Midas Pharma GmbH|Milbrandt Lab, Department of Genetics, Washington University School of Medicine|Milwaukee Institute for Drug Discovery|MLSMR|MolCore|Moldb|Molecular Imaging Database (MOLI)|Molecule Market|Molepedia|MolGenie|MolMall|Molport|MP Biomedicals|MTDP|MuseChem|Nanjing SerPharm|National Center for Advancing Translational Sciences (NCATS)|Nature Chemical Biology|Nature Chemistry|NCBI Structure|NextBio|NextMove Software|NIAID ChemDB|NIH Clinical Collection|NIH/NCATS RNAi|NINDS Approved Drug Screening Program|NIST Chemistry WebBook|NIST Mass Spectrometry Data Center|NMRShiftDB|NORMAN Suspect List Exchange|NovoSeek|Oakwood Products|OChem|ORST SMALL MOLECULE SCREENING CENTER|OtavaChemicals|OXCHEM CORPORATION|Paczesny and Yang Labs, IUPUI and University of Michigan|Paragos|Parchem|PATENTSCOPE (WIPO)|PDSP|Petrascheck Lab, The Scripps Reserach Institute, Department of  Molecular Medicine|Pharmacore Co., Limited|Phion Ltd|Pi Chemicals|Probes & Drugs portal|Protein Data Bank in Europe (PDBe)|Prous Science Drugs of the Future|PubChem Reference Collection|R&D Chemicals|Race Chemical|RR Scientific|Santa Cruz Biotechnology, Inc.|Santagata Laboratory - Brigham and Women's Hospital and Harvard Medical School|SCRIPDB|Selleck Chemicals|Shandong Benrite New Chemical Materials Co.,Ltd|SHANDONG OCTAGON CHEMICALS LIMITED|Shanghai Institute of Organic Chemistry|Shanghai Send Pharmaceutical Technology Co., Ltd|Shanghai Titan Scientific|Sigma-Aldrich|Sinfoo Biotech|SLING Consortium|Small Molecule Screening Facility, UW Madison|SMID|Smolecule|Soto Lab, Mitchell Center for Alzheimers Disease and Related Brain Disorders, UT Medical School Houston|Southern Research Institute|Specs|Springer Nature|Starshine Chemical|Strem Chemicals, Inc.|Structural Genomics Consortium|SureChEMBL|Synblock Inc|SynHet - Synthetic Heterocycles|SynQuest Laboratories|Syntech Labs|Syntharise Chemical|Synthonix, Inc.|Syntree|Tanyunchem|TargetMol|TCI (Tokyo Chemical Industry)|Tenova Pharmaceuticals Inc|THE BioTek|The Cambridge Structural Database|The Scripps Research Institute Molecular Screening Center|Therapeutic Target Database (TTD)|Thermo Fisher Scientific|Thieme Chemistry|Thomson Pharma|Thoreauchem|TimTec|Tocris Bioscience|Tox21|ToxPlanet|Tractus|TripleBond|U-M Center for Drug Repurposing|Uchem Meditech|UCLA Molecular Screening Shared Resource|UCSC Chemical Screening Center|University of Iowa High-Throughput Screening Core (UIHTS)|University of Kansas High Throughput Screening Laboratory|University of Pittsburgh Molecular Library Screening Center|Van Aroma|Veeprho|Vesino Industrial Co., Ltd|Vitas-M Laboratory|VladaChem|VWR, Part of Avantor|West Coast Metabolomics Center-UC Davis|Wikidata|WikiPathways|Wiley|Win-Win Chemical|Wolves R&D chemical|Wubei-Biochem|Wutech|xPharm: The Comprehensive Pharmacology Reference|Yick-Vic Chemicals & Pharmaceuticals (HK) Ltd.|Yuhao Chemical|ZeroPM - Zero Pollution of Persistent, Mobile Substances|ZINC
Bisphenol A;CC(C)(C1=CC=C(C=C1)O)C2=CC=C(C=C2)O;001Chemical|10X CHEM|3WAY PHARM INC|A&J Pharmtech CO., LTD.|A2B Chem|AA BLOCKS|AAA Chemistry|Aaron Chemicals LLC|AbaChemScene|abcr GmbH|ABI Chem|AbMole Bioscience|Acadechem|Accel Scientific|Accela ChemBio Inc.|Aceschem Inc|Achemica|Achemo Scientific Limited|Achemtek|Acmec Biochemical|AiFChem, an XtalPi Company|AK Scientific, Inc. (AKSCI)|AKos Consulting & Solutions|Aladdin Scientific|Alfa Chemistry|Alichem|Allbio Pharm Co., Ltd|Amadis Chemical|Ambeed|Ambinter|AN PharmaTech|Angene Chemical|Anward|Apexmol|AppChem|Ark Pharm, Inc.|AstaTech, Inc.|Aurora Fine Chemicals LLC|Aurum Pharmatech LLC|Baker Lab, Chemistry Department, The University of North Carolina at Chapel Hill|BenchChem|BePharm Ltd.|Bic Biotech|BIDD|BindingDB|Biocore|BioCyc|Biorbyt|Biosynth|BLD Pharm|BOC Sciences|Broad Institute|CAPOT|Carcinogenic Potency Database (CPDB)|CATO Research Chemicals Inc.|CCSbase|Center for Chemical Genomics, University of Michigan|ChEBI|Chem-Space.com Database|ChemBank|Chembase.cn|ChEMBL|ChemDB|ChemDiv|Chemenu Inc.|ChemExper Chemical Directory|Chemical Carcinogenesis Research Information System (CCRIS)|Chemical Synthesis Database|ChemIDplus|Chemieliva Pharmaceutical Co., Ltd|Cheminformatics Friedrich-Schiller-University Jena|ChemMol|ChemoSapiens|ChemProbes|ChemSpider|ChemTik|Clearsynth|Clinivex|Collaborative Drug Discovery, Inc.|Combi-Blocks|Cooke Chemical Co., Ltd|Crystallography Open Database (COD)|CymitQuimica|Davey Lab, Department of Microbiology, NEIDL, Boston University|DC Chemicals|Debye Scientific Co., Ltd|DiscoveryGate|DrugBank|DTP/NCI|EAWAG Biocatalysis/Biodegradation Database|ECI Group, LCSB, University of Luxembourg|Egon Willighagen, Department of Bioinformatics - BiGCaT, Maastricht University|Elsa Biotechnology|eMolecules|Enamine|eNovation Chemicals|enviPath|EPA DSSTox|EPA Substance Registry Services|EvitaChem|FDA Global Substance Registration System (GSRS)|Finetech Industry Limited|Fisher Drug Discovery Resource Center|Fluorochem|Founder Pharma|Genetic Toxicology Data Bank (GENE-TOX)|Glentham Life Sciences Ltd.|Google Patents|Hairui Chemical|Human Metabolome Database (HMDB)|Hunan Chemfish Pharmaceutical Co., Ltd.|IBM|ICCB-Longwood Screening Facility, Harvard Medical School|iChemical Technology USA Inc|Innovapharm|ISpharm|IUPHAR/BPS Guide to PHARMACOLOGY|J&H Chemical Co.,ltd|Japan Chemical Substance Dictionary (Nikkaji)|KCS Online|KEGG|Key Organics/BIONET|King Scientific|LabNetwork, a WuXi AppTec Company|labseeker|LeadScope|LEAPCHEM|LGC Standards|Life Chemicals|MassBank Europe|MassBank of North America (MoNA)|Mcule|MedChemexpress MCE|Metabolomics Workbench|MLSMR|MolCore|Moldb|Molecular Libraries Program, Specialized Chemistry Center, University of Kansas|Molecule Market|MolGenie|Molport|MP Biomedicals|MuseChem|National Center for Advancing Translational Sciences (NCATS)|NCBI Structure|NextBio|NextMove Software|NIST Chemistry WebBook|NIST Mass Spectrometry Data Center|NMRShiftDB|NORMAN Suspect List Exchange|NovoSeek|Oakwood Products|OtavaChemicals|OXCHEM CORPORATION|Parchem|PATENTSCOPE (WIPO)|Pi Chemicals|Probes & Drugs portal|Protein Data Bank in Europe (PDBe)|Prous Science Drugs of the Future|PubChem Reference Collection|RR Scientific|Santa Cruz Biotechnology, Inc.|SCRIPDB|Selleck Chemicals|Shanghai Institute of Organic Chemistry|Shanghai Titan Scientific|Sigma-Aldrich|Sinfoo Biotech|Small Molecule Screening Facility, UW Madison|Smolecule|Specs|Springer Nature|SpringerMaterials|Starshine Chemical|SureChEMBL|SynHet - Synthetic Heterocycles|Synthonix, Inc.|Syntree|TargetMol|TCI (Tokyo Chemical Industry)|THE BioTek|The Scripps Research Institute Molecular Screening Center|Therapeutic Target Database (TTD)|Thermo Fisher Scientific|Thieme Chemistry|Thomson Pharma|Thoreauchem|TimTec|Tox21|ToxPlanet|Tractus|University of Iowa High-Throughput Screening Core (UIHTS)|University of Kansas High Throughput Screening Laboratory|UPCMLD|Vitas-M Laboratory|VladaChem|VWR, Part of Avantor|Wikidata|Wiley|Win-Win Chemical|Wubei-Biochem|xPharm: The Comprehensive Pharmacology Reference|Yick-Vic Chemicals & Pharmaceuticals (HK) Ltd.|Yuhao Chemical|ZeroPM - Zero Pollution of Persistent, Mobile Substances|ZINC
Hydroxytyrosol;C1=CC(=C(C=C1CCO)O)O;001Chemical|10X CHEM|3WAY PHARM INC|4C Pharma Scientific Inc|A&J Pharmtech CO., LTD.|A2B Chem|AA BLOCKS|Aaron Chemicals LLC|AbaChemScene|ABBLIS Chemicals|abcr GmbH|ABI Chem|AbMole Bioscience|Acadechem|Accel Scientific|Accela ChemBio Inc.|Aceschem Inc|Achemica|Achemo Scientific Limited|Achemtek|Acmec Biochemical|Acorn PharmaTech Product List|Activate Scientific|AEchem Scientific Corp., USA|AgroIntelBioScan.com|AHH Chemical co.,ltd|AiFChem, an XtalPi Company|AK Scientific, Inc. (AKSCI)|AKos Consulting & Solutions|Aladdin Scientific|Alfa Chemistry|Alichem|Amadis Chemical|Ambeed|AN PharmaTech|Angel Pharmatech Ltd.|Angene Chemical|Anward|ApexBio Technology|Apexmol|AppChem|Aribo Reagent|Ark Pharm, Inc.|Ark Pharma Scientific Limited|Assembly Blocks Pvt. Ltd.|AstaTech, Inc.|Aurora Fine Chemicals LLC|AvaChem Scientific|BenchChem|BePharm Ltd.|Bic Biotech|BindingDB|BioChemPartner|BioCrick|BioCyc|Biopurify Phytochemicals|Biorbyt|Biosynth|BLD Pharm|BOC Sciences|Broad Institute|CAPOT|CATO Research Chemicals Inc.|Center for Chemical Genomics, University of Michigan|ChangChem|ChEBI|Chem-Impex|Chem-Space.com Database|Chembase.cn|ChEMBL|Chemenu Inc.|ChemFaces|ChemFish Tokyo Co., Ltd.|ChemIDplus|Chemieliva Pharmaceutical Co., Ltd|Cheminformatics Friedrich-Schiller-University Jena|ChemMol|Chemodex Ltd.|ChemoSapiens|ChemShuttle|ChemSpider|ChemTik|Combi-Blocks|Comparative Toxicogenomics Database (CTD)|Cooke Chemical Co., Ltd|CSNpharm|CymitQuimica|DC Chemicals|Debye Scientific Co., Ltd|DiscoveryGate|DrugBank|DSL Chemicals|Egon Willighagen, Department of Bioinformatics - BiGCaT, Maastricht University|Elsa Biotechnology|eMolecules|Enamine|eNovation Chemicals|EPA DSSTox|FDA Global Substance Registration System (GSRS)|Finetech Industry Limited|Fluorochem|Founder Pharma|Glentham Life Sciences Ltd.|Google Patents|Hairui Chemical|Hangzhou APIChem Technology|Hefei Hirisun Pharmatech Co., Ltd|Human Metabolome Database (HMDB)|Hunan Chemfish Pharmaceutical Co., Ltd.|IBM|iChemical Technology USA Inc|InvivoChem|ISpharm|J&H Chemical Co.,ltd|Japan Chemical Substance Dictionary (Nikkaji)|Key Organics/BIONET|King Scientific|LabNetwork, a WuXi AppTec Company|labseeker|Lan Pharmatech|LeadScope|LGC Standards|MassBank of North America (MoNA)|Matrix Scientific|Mcule|MedChemexpress MCE|Metabolomics Workbench|MolCore|Molecule Market|Molepedia|MolGenie|Molport|MuseChem|Nature Science Technologies Ltd|NCBI Structure|NextBio|NextMove Software|Nextpeptide|NIAID ChemDB|NMRShiftDB|NORMAN Suspect List Exchange|NovoSeek|Oakwood Products|OChem|OXCHEM CORPORATION|Paragos|PATENTSCOPE (WIPO)|Pi Chemicals|Probes & Drugs portal|Protein Data Bank in Europe (PDBe)|Prous Science Drugs of the Future|PubChem Reference Collection|Qingdao Wanyuan Mountain Biotech Co.,Ltd|R&D Chemicals|Race Chemical|RR Scientific|Santa Cruz Biotechnology, Inc.|SCRIPDB|Selleck Chemicals|Shanghai Titan Scientific|Sigma-Aldrich|Sinfoo Biotech|Smolecule|Springer Nature|Starshine Chemical|SureChEMBL|SynHet - Synthetic Heterocycles|Syntree|TargetMol|TCI (Tokyo Chemical Industry)|THE BioTek|Thieme Chemistry|Thomson Pharma|Thoreauchem|TimTec|ToxPlanet|Tractus|University of Kansas High Throughput Screening Laboratory|VladaChem|Wikidata|Wiley|Wubei-Biochem|Yick-Vic Chemicals & Pharmaceuticals (HK) Ltd.|Yuhao Chemical|ZeroPM - Zero Pollution of Persistent, Mobile Substances|ZINC
Mci-186;CC1=NN(C(=O)C1)C2=CC=CC=C2;001Chemical|10X CHEM|3WAY PHARM INC|4C Pharma Scientific Inc|A&J Pharmtech CO., LTD.|A2B Chem|AA BLOCKS|AAA Chemistry|Aaron Chemicals LLC|AbaChemScene|ABBLIS Chemicals|abcr GmbH|ABI Chem|AbMole Bioscience|AbovChem LLC|Acadechem|Accel Scientific|Accela ChemBio Inc.|Achemo Scientific Limited|Achemtek|Acorn PharmaTech Product List|ACT Chemical|Adooq BioScience|AHH Chemical co.,ltd|AKos Consulting & Solutions|Aladdin Scientific|Alfa Chemistry|Amadis Chemical|Ambeed|Ambinter|AN PharmaTech|Angene Chemical|ApexBio Technology|Apexmol|AppChem|Ark Pharm, Inc.|Ark Pharma Scientific Limited|AstaTech, Inc.|Aurora Fine Chemicals LLC|Aurum Pharmatech LLC|AvaChem Scientific|Baker Lab, Chemistry Department, The University of North Carolina at Chapel Hill|BenchChem|BePharm Ltd.|Bic Biotech|BindingDB|BioChemPartner|BioCrick|Biorbyt|Biosynth|BLD Pharm|BOC Sciences|Boerchem|Broad Institute|Burnham Center for Chemical Genomics|Calbiochem|CAPOT|Carcinogenic Potency Database (CPDB)|CATO Research Chemicals Inc.|CD Formulation|Center for Chemical Genomics, University of Michigan|Changzhou Highassay Chemical Co., Ltd|ChEBI|Chem-Impex|Chem-Space.com Database|ChemBank|Chembase.cn|ChEMBL|ChemDB|ChemDiv|Chemenu Inc.|ChemExper Chemical Directory|Chemical Carcinogenesis Research Information System (CCRIS)|chemical genetic matrix|ChemIDplus|Chemieliva Pharmaceutical Co., Ltd|Cheminformatics Friedrich-Schiller-University Jena|ChemMol|ChemoSapiens|ChemShuttle|ChemSpider|ChemTik|Chen Lab, School of Medicine, Emory University|Chung Lab, Department of Pediatrics, Emory University|Clearsynth|Clinivex|Collaborative Drug Discovery, Inc.|Combi-Blocks|Comparative Toxicogenomics Database (CTD)|Cooke Chemical Co., Ltd|CSNpharm|CymitQuimica|DC Chemicals|Debye Scientific Co., Ltd|DiscoveryGate|DrugBank|DrugCentral|DTP/NCI|Egon Willighagen, Department of Bioinformatics - BiGCaT, Maastricht University|EMD Millipore|eMolecules|Emory University Molecular Libraries Screening Center|Enamine|eNovation Chemicals|EPA DSSTox|EPA Substance Registry Services|FDA Global Substance Registration System (GSRS)|Finetech Industry Limited|Fluorochem|Founder Pharma|Genetic Toxicology Data Bank (GENE-TOX)|Glentham Life Sciences Ltd.|Glixx Labs Inc|Google Patents|Gulick Lab, Department of Structural Biology, University at Buffalo|Hangzhou APIChem Technology|HDH Pharma|Human Metabolome Database (HMDB)|IBM|ICCB-Longwood Screening Facility, Harvard Medical School|iChemical Technology USA Inc|Inhibitor 2|Innovapharm|ISpharm|IUPAC Digitized pKa Dataset|IUPHAR/BPS Guide to PHARMACOLOGY|Japan Chemical Substance Dictionary (Nikkaji)|KEGG|Key Organics/BIONET|King Scientific|LabNetwork, a WuXi AppTec Company|labseeker|Lan Pharmatech|LeadScope|LGC Standards|Life Chemicals|MassBank of North America (MoNA)|Matrix Scientific|Mcule|MedChemexpress MCE|Metabolomics Workbench|Milbrandt Lab, Department of Genetics, Washington University School of Medicine|MLSMR|MolCore|Molepedia|MolGenie|Molport|MP Biomedicals|MuseChem|National Center for Advancing Translational Sciences (NCATS)|NCBI Structure|NextBio|NextMove Software|NIAID ChemDB|NIH/NCATS RNAi|NINDS Approved Drug Screening Program|NIST Chemistry WebBook|NIST Mass Spectrometry Data Center|NMRShiftDB|NORMAN Suspect List Exchange|NovoSeek|Oakwood Products|ORST SMALL MOLECULE SCREENING CENTER|OtavaChemicals|OXCHEM CORPORATION|PATENTSCOPE (WIPO)|Phion Ltd|Pi Chemicals|Probes & Drugs portal|Protein Data Bank in Europe (PDBe)|Prous Science Drugs of the Future|PubChem Reference Collection|Rare Chemicals GmbH, Germany|RR Scientific|Santa Cruz Biotechnology, Inc.|SCRIPDB|Selleck Chemicals|Shanghai Titan Scientific|Sigma-Aldrich|Sinfoo Biotech|Small Molecule Screening Facility, UW Madison|Smolecule|Soto Lab, Mitchell Center for Alzheimers Disease and Related Brain Disorders, UT Medical School Houston|Southern Research Institute|Specs|Springer Nature|Starshine Chemical|SureChEMBL|Synblock Inc|SynHet - Synthetic Heterocycles|Syntree|TargetMol|TCI (Tokyo Chemical Industry)|THE BioTek|The Scripps Research Institute Molecular Screening Center|Therapeutic Target Database (TTD)|Thermo Fisher Scientific|Thieme Chemistry|Thomson Pharma|TimTec|Tocris Bioscience|Tox21|ToxPlanet|Tractus|U-M Center for Drug Repurposing|UCSC Chemical Screening Center|University of Iowa High-Throughput Screening Core (UIHTS)|University of Kansas High Throughput Screening Laboratory|Veeprho|Vitas-M Laboratory|VladaChem|VWR, Part of Avantor|WashU High Throughput Screening Center|Wikidata|Wiley|Win-Win Chemical|Wubei-Biochem|Wutech|Yick-Vic Chemicals & Pharmaceuticals (HK) Ltd.|Yuhao Chemical|ZeroPM - Zero Pollution of Persistent, Mobile Substances|ZINC
Sesamol;C1OC2=C(O1)C=C(C=C2)O;001Chemical|10X CHEM|3WAY PHARM INC|A&J Pharmtech CO., LTD.|A2B Chem|AA BLOCKS|Aaron Chemicals LLC|AbaChemScene|ABBLIS Chemicals|abcr GmbH|ABI Chem|AbMole Bioscience|Acadechem|Accel Scientific|Accela ChemBio Inc.|Achemo Scientific Limited|Achemtek|Acorn PharmaTech Product List|Activate Scientific|AEchem Scientific Corp., USA|AHH Chemical co.,ltd|AiFChem, an XtalPi Company|AK Scientific, Inc. (AKSCI)|AKos Consulting & Solutions|Aladdin Scientific|Alfa Chemistry|Allbio Pharm Co., Ltd|Amadis Chemical|Ambeed|Ambinter|AN PharmaTech|Anward|AppChem|Aribo Reagent|AstaTech, Inc.|Aurora Fine Chemicals LLC|Aurum Pharmatech LLC|AvaChem Scientific|BenchChem|BindingDB|BioChemPartner|BioCrick|Biopurify Phytochemicals|Biorbyt|Biosynth|BLD Pharm|BOC Sciences|Burnham Center for Chemical Genomics|CAPOT|Carcinogenic Potency Database (CPDB)|CATO Research Chemicals Inc.|CD Formulation|Center for Chemical Genomics, University of Michigan|Changzhou Highassay Chemical Co., Ltd|ChEBI|Chem-Impex|Chem-Space.com Database|ChemBank|Chembase.cn|ChEMBL|ChemDB|ChemExper Chemical Directory|ChemFaces|Chemical Carcinogenesis Research Information System (CCRIS)|Chemical Synthesis Database|ChemIDplus|Chemieliva Pharmaceutical Co., Ltd|Cheminformatics Friedrich-Schiller-University Jena|ChemMol|ChemoSapiens|ChemSpider|ChemTik|Clearsynth|Collaborative Drug Discovery, Inc.|Combi-Blocks|Comparative Toxicogenomics Database (CTD)|Cooke Chemical Co., Ltd|CSNpharm|CymitQuimica|DC Chemicals|Debye Scientific Co., Ltd|DiscoveryGate|DTP/NCI|Egon Willighagen, Department of Bioinformatics - BiGCaT, Maastricht University|eMolecules|Enamine|eNovation Chemicals|EPA DSSTox|EPA Substance Registry Services|FDA Global Substance Registration System (GSRS)|Finetech Industry Limited|Fluorochem|Glentham Life Sciences Ltd.|Google Patents|Hairui Chemical|Hangzhou APIChem Technology|Hangzhou Trylead Chemical Technology|Human Metabolome Database (HMDB)|IBM|iChemical Technology USA Inc|InvivoChem|ISpharm|J&H Chemical Co.,ltd|Japan Chemical Substance Dictionary (Nikkaji)|KEGG|Key Organics/BIONET|King Scientific|LabNetwork, a WuXi AppTec Company|labseeker|LeadScope|LEAPCHEM|LGC Standards|Life Chemicals|Matrix Scientific|Mcule|MedChemexpress MCE|Metabolomics Workbench|MolCore|Molecule Market|Molepedia|MolGenie|Molport|MP Biomedicals|MuseChem|National Center for Advancing Translational Sciences (NCATS)|Nature Chemistry|NCBI Structure|NextBio|NextMove Software|NIST Chemistry WebBook|NIST Mass Spectrometry Data Center|NMRShiftDB|NORMAN Suspect List Exchange|NovoSeek|Oakwood Products|OChem|OtavaChemicals|Parchem|PATENTSCOPE (WIPO)|Phion Ltd|Pi Chemicals|Probes & Drugs portal|Protein Data Bank in Europe (PDBe)|PubChem Reference Collection|RR Scientific|Santa Cruz Biotechnology, Inc.|SCRIPDB|Selleck Chemicals|Shanghai Institute of Organic Chemistry|Shanghai Titan Scientific|Sigma-Aldrich|Sinfoo Biotech|Smolecule|Springer Nature|Starshine Chemical|SureChEMBL|SynQuest Laboratories|TargetMol|TCI (Tokyo Chemical Industry)|THE BioTek|The Scripps Research Institute Molecular Screening Center|Thermo Fisher Scientific|Thieme Chemistry|Thomson Pharma|TimTec|Tox21|ToxPlanet|Tractus|University of Kansas High Throughput Screening Laboratory|Veeprho|Vitas-M Laboratory|VladaChem|VWR, Part of Avantor|Wikidata|Wiley|Win-Win Chemical|Wolves R&D chemical|Wubei-Biochem|Wutech|Yick-Vic Chemicals & Pharmaceuticals (HK) Ltd.|Yuhao Chemical|ZeroPM - Zero Pollution of Persistent, Mobile Substances|ZINC
Idebenone;CC1=C(C(=O)C(=C(C1=O)OC)OC)CCCCCCCCCCO;001Chemical|10X CHEM|A2B Chem|AA BLOCKS|Aaron Chemicals LLC|AbaChemScene|ABBLIS Chemicals|abcr GmbH|ABI Chem|AbovChem LLC|Accel Scientific|Accela ChemBio Inc.|Achemtek|Acmec Biochemical|Acorn PharmaTech Product List|Activate Scientific|Adooq BioScience|AEchem Scientific Corp., USA|AgroIntelBioScan.com|AHH Chemical co.,ltd|AiFChem, an XtalPi Company|AK Scientific, Inc. (AKSCI)|AKos Consulting & Solutions|Aladdin Scientific|AlchemyPharm|Alfa Chemistry|Alinda Chemical Trade Company Ltd|Ambeed|AN PharmaTech|ApexBio Technology|AppChem|Aribo Reagent|Ark Pharm, Inc.|Assembly Blocks Pvt. Ltd.|AstaTech, Inc.|Aurora Fine Chemicals LLC|Aurum Pharmatech LLC|AvaChem Scientific|BePharm Ltd.|Bic Biotech|BindingDB|BioChemPartner|Biocore|BioCrick|Biopharma PEG Scientific Inc|Biorbyt|Biosynth|BLD Pharm|BOC Sciences|Boerchem|Boone Lab, Chemical Genomics, University of Toronto|Broad Institute|Burnham Center for Chemical Genomics|C. David Weaver Laboratory, Vanderbilt University|CAPOT|CATO Research Chemicals Inc.|CCSbase|Center for Chemical Genomics, University of Michigan|Changzhou Highassay Chemical Co., Ltd|ChEBI|Chem-Space.com Database|Chembase.cn|ChEMBL|ChemDB|chemical genetic matrix|ChemIDplus|Chemieliva Pharmaceutical Co., Ltd|Cheminformatics Friedrich-Schiller-University Jena|ChemMol|ChemoSapiens|ChemShuttle|ChemSpider|ChemTik|Clearsynth|Clinivex|Collaborative Drug Discovery, Inc.|Combi-Blocks|Comparative Toxicogenomics Database (CTD)|Cooke Chemical Co., Ltd|CSNpharm|CymitQuimica|Davey Lab, Department of Microbiology, NEIDL, Boston University|DC Chemicals|Debye Scientific Co., Ltd|DiscoveryGate|DrugCentral|DTP/NCI|Egon Willighagen, Department of Bioinformatics - BiGCaT, Maastricht University|eMolecules|Enamine|eNovation Chemicals|EPA DSSTox|FDA Global Substance Registration System (GSRS)|Finetech Industry Limited|Fisher Drug Discovery Resource Center|Glentham Life Sciences Ltd.|Glixx Labs Inc|Google Patents|Guri Giaever, Pharmaceutical Sciences, University of British Columbia|Hairui Chemical|Hangzhou APIChem Technology|Horrigan Lab, Baylor College of Medicine|Human Metabolome Database (HMDB)|Hunan Huateng Pharmaceutical Co., Ltd.|IBM|ICCB-Longwood Screening Facility, Harvard Medical School|iChemical Technology USA Inc|ISpharm|J&H Chemical Co.,ltd|Japan Chemical Substance Dictionary (Nikkaji)|KEGG|Key Organics/BIONET|King Scientific|LabNetwork, a WuXi AppTec Company|labseeker|Lan Pharmatech|LeadScope|LEAPCHEM|LGC Standards|MassBank of North America (MoNA)|Matrix Scientific|Mcule|MedChemexpress MCE|Metabolomics Workbench|Milbrandt Lab, Department of Genetics, Washington University School of Medicine|Milwaukee Institute for Drug Discovery|MLSMR|MolCore|Moldb|Molepedia|MolGenie|Molport|MuseChem|National Center for Advancing Translational Sciences (NCATS)|NextBio|NextMove Software|NIH Clinical Collection|NIH/NCATS RNAi|NIST Mass Spectrometry Data Center|NORMAN Suspect List Exchange|Novartis Institutes for BioMedical Research|NovoSeek|Oakwood Products|OChem|OXCHEM CORPORATION|Parchem|PATENTSCOPE (WIPO)|Pi Chemicals|Probes & Drugs portal|Prous Science Drugs of the Future|PubChem Reference Collection|Race Chemical|RR Scientific|Santa Cruz Biotechnology, Inc.|SCRIPDB|Selleck Chemicals|Shanghai Titan Scientific|Sigma-Aldrich|Small Molecule Screening Facility, UW Madison|Southern Research Institute|Springer Nature|Starshine Chemical|SureChEMBL|Synblock Inc|SynHet - Synthetic Heterocycles|Syntree|TargetMol|TCI (Tokyo Chemical Industry)|The Scripps Research Institute Molecular Screening Center|Therapeutic Target Database (TTD)|Thieme Chemistry|Thomson Pharma|Tocris Bioscience|Tox21|ToxPlanet|UCSC Chemical Screening Center|University of Iowa High-Throughput Screening Core (UIHTS)|University of Kansas High Throughput Screening Laboratory|Vitas-M Laboratory|VWR, Part of Avantor|Wikidata|Wiley|Wilshire Technologies|Win-Win Chemical|Yick-Vic Chemicals & Pharmaceuticals (HK) Ltd.|Yuhao Chemical|ZINC|Zoeller Lab, School of Medicine, Boston University
Allicin;C=CCSS(=O)CC=C;001Chemical|10X CHEM|3A SpeedChemical Inc|3WAY PHARM INC|A2B Chem|AA BLOCKS|Aaron Chemicals LLC|AbaChemScene|abcr GmbH|ABI Chem|AbMole Bioscience|Acadechem|Accel Scientific|Acorn PharmaTech Product List|AHH Chemical co.,ltd|AiFChem, an XtalPi Company|AK Scientific, Inc. (AKSCI)|AKos Consulting & Solutions|Aladdin Scientific|Alfa Chemistry|Amadis Chemical|Ambeed|Ambinter|AN PharmaTech|Angene Chemical|AppChem|Aribo Reagent|AstaTech, Inc.|Aurora Fine Chemicals LLC|Aurum Pharmatech LLC|BenchChem|Bic Biotech|BindingDB|BioChemPartner|BioCrick|BioCyc|Biopurify Phytochemicals|Biorbyt|Biosynth|BLD Pharm|BOC Sciences|Broad Institute|CAPOT|CATO Research Chemicals Inc.|Center for Chemical Genomics, University of Michigan|ChEBI|Chem-Space.com Database|Chembase.cn|ChEMBL|ChemDB|Chemenu Inc.|ChemFaces|Chemical Carcinogenesis Research Information System (CCRIS)|Chemical Synthesis Database|ChemIDplus|Chemieliva Pharmaceutical Co., Ltd|Cheminformatics Friedrich-Schiller-University Jena|ChemMol|ChemoSapiens|ChemSpider|ChemTik|Clearsynth|Comparative Toxicogenomics Database (CTD)|Cooke Chemical Co., Ltd|CSNpharm|CymitQuimica|DC Chemicals|Debye Scientific Co., Ltd|DiscoveryGate|DrugBank|DTP/NCI|Egon Willighagen, Department of Bioinformatics - BiGCaT, Maastricht University|eMolecules|Enamine|eNovation Chemicals|EPA DSSTox|EPA Substance Registry Services|FDA Global Substance Registration System (GSRS)|Finetech Industry Limited|Google Patents|Hairui Chemical|Hangzhou APIChem Technology|Human Metabolome Database (HMDB)|IBM|iChemical Technology USA Inc|ISpharm|IUPHAR/BPS Guide to PHARMACOLOGY|J&H Chemical Co.,ltd|Japan Chemical Substance Dictionary (Nikkaji)|KEGG|Key Organics/BIONET|LabNetwork, a WuXi AppTec Company|LeadScope|LKT Labs|MassBank Europe|MassBank of North America (MoNA)|Mcule|MedChemexpress MCE|Metabolomics Workbench|MolCore|Molecule Market|MolGenie|Molport|MuseChem|NextBio|NextMove Software|NIAID ChemDB|NORMAN Suspect List Exchange|NovoSeek|Oakwood Products|OChem|PATENTSCOPE (WIPO)|Planta Analytica, Inc.|Probes & Drugs portal|Prous Science Drugs of the Future|PubChem Reference Collection|RR Scientific|Santa Cruz Biotechnology, Inc.|SCRIPDB|Selleck Chemicals|Shanghai Titan Scientific|Sigma-Aldrich|Sinfoo Biotech|Smolecule|Springer Nature|Starshine Chemical|SureChEMBL|SynHet - Synthetic Heterocycles|TargetMol|THE BioTek|Therapeutic Target Database (TTD)|Thieme Chemistry|Thomson Pharma|Thoreauchem|ToxPlanet|University of Kansas High Throughput Screening Laboratory|Veeprho|VladaChem|Wikidata|Wiley|Wubei-Biochem|Wutech|Yick-Vic Chemicals & Pharmaceuticals (HK) Ltd.|Yuhao Chemical|ZeroPM - Zero Pollution of Persistent, Mobile Substances
Vitamin E;CC1=C(C2=C(CC[C@@](O2)(C)CCC[C@H](C)CCC[C@H](C)CCCC(C)C)C(=C1O)C)C;001Chemical|10X CHEM|3WAY PHARM INC|A&J Pharmtech CO., LTD.|A2B Chem|AA BLOCKS|Aaron Chemicals LLC|AbaChemScene|abcr GmbH|ABI Chem|AbMole Bioscience|Accel Scientific|Accela ChemBio Inc.|Achemtek|AHH Chemical co.,ltd|AiFChem, an XtalPi Company|AK Scientific, Inc. (AKSCI)|AKos Consulting & Solutions|Aladdin Scientific|Alfa Chemistry|Alichem|Amadis Chemical|Ambeed|Ambinter|AN PharmaTech|AppChem|AstaTech, Inc.|Aurora Fine Chemicals LLC|BenchChem|BePharm Ltd.|Bic Biotech|BIDD|BindingDB|BioCyc|Biological Magnetic Resonance Data Bank (BMRB)|Biorbyt|Biosynth|BLD Pharm|BOC Sciences|Broad Institute|CATO Research Chemicals Inc.|CCSbase|CD Formulation|Changzhou Highassay Chemical Co., Ltd|ChEBI|Chem-Space.com Database|ChemBank|Chembase.cn|ChEMBL|ChemExper Chemical Directory|ChemFaces|Chemical Carcinogenesis Research Information System (CCRIS)|ChemIDplus|Chemieliva Pharmaceutical Co., Ltd|Cheminformatics Friedrich-Schiller-University Jena|ChemMol|ChemoSapiens|ChemSpider|Chen Lab, School of Medicine, Emory University|Clearsynth|Clinivex|Collaborative Drug Discovery, Inc.|Combi-Blocks|Comparative Toxicogenomics Database (CTD)|CSNpharm|CymitQuimica|Davey Lab, Department of Microbiology, NEIDL, Boston University|DC Chemicals|DempoChem|DiscoveryGate|Drug Induced Liver Injury Rank (DILIrank) Dataset|DrugBank|DrugCentral|ECI Group, LCSB, University of Luxembourg|Egon Willighagen, Department of Bioinformatics - BiGCaT, Maastricht University|eMolecules|Enamine|eNovation Chemicals|EPA DSSTox|EvitaChem|FDA Global Substance Registration System (GSRS)|Finetech Industry Limited|Fisher Drug Discovery Resource Center|Fluorochem|Founder Pharma|Genetic Toxicology Data Bank (GENE-TOX)|Glentham Life Sciences Ltd.|Golm Metabolome Database (GMD), Max Planck Institute of Molecular Plant Physiology|Google Patents|Human Metabolome Database (HMDB)|Hunan Huateng Pharmaceutical Co., Ltd.|IBM|ICCB-Longwood Screening Facility, Harvard Medical School|iChemical Technology USA Inc|Innovapharm|InvivoChem|ISpharm|J&H Chemical Co.,ltd|Jamson Pharmachem Technology|Japan Chemical Substance Dictionary (Nikkaji)|KEGG|Keith Lab, Institute of Cancer Science, University of Glasgow|Key Organics/BIONET|LabNetwork, a WuXi AppTec Company|labseeker|Lan Pharmatech|LeadScope|LGC Standards|LIPID MAPS|MassBank of North America (MoNA)|Matrix Scientific|Mcule|MedChemexpress MCE|Metabolomics Workbench|Midas Pharma GmbH|Milbrandt Lab, Department of Genetics, Washington University School of Medicine|MLSMR|Molepedia|MolGenie|MolMall|Molport|MuseChem|National Center for Advancing Translational Sciences (NCATS)|Nature Chemical Biology|Nature Chemistry|NCBI Structure|NextBio|NextMove Software|NIAID ChemDB|NIST Mass Spectrometry Data Center|NORMAN Suspect List Exchange|NovoSeek|Oakwood Products|OXCHEM CORPORATION|Parchem|PATENTSCOPE (WIPO)|PDSP|Phion Ltd|Probes & Drugs portal|Protein Data Bank in Europe (PDBe)|Prous Science Drugs of the Future|PubChem Reference Collection|RR Scientific|Santa Cruz Biotechnology, Inc.|SCRIPDB|Shanghai Titan Scientific|Sigma-Aldrich|Small Molecule Screening Facility, UW Madison|SMID|Smolecule|Southern Research Institute|Springer Nature|SpringerMaterials|Starshine Chemical|SureChEMBL|SynHet - Synthetic Heterocycles|TargetMol|TCI (Tokyo Chemical Industry)|THE BioTek|Thermo Fisher Scientific|Thieme Chemistry|Thomson Pharma|TimTec|Tox21|ToxPlanet|Tractus|VladaChem|VWR, Part of Avantor|West Coast Metabolomics Center-UC Davis|Wikidata|Wiley|Win-Win Chemical|Wubei-Biochem|Yick-Vic Chemicals & Pharmaceuticals (HK) Ltd.|Yuhao Chemical|ZeroPM - Zero Pollution of Persistent, Mobile Substances|ZINC
Coenzyme Q10;CC1=C(C(=O)C(=C(C1=O)OC)OC)C/C=C(\C)/CC/C=C(\C)/CC/C=C(\C)/CC/C=C(\C)/CC/C=C(\C)/CC/C=C(\C)/CC/C=C(\C)/CC/C=C(\C)/CC/C=C(\C)/CCC=C(C)C;001Chemical|10X CHEM|3WAY PHARM INC|A2B Chem|AA BLOCKS|AAA Chemistry|Aaron Chemicals LLC|AbaChemScene|ABBLIS Chemicals|abcr GmbH|ABI Chem|AbMole Bioscience|Accel Scientific|Accela ChemBio Inc.|Achemtek|Acmec Biochemical|Acorn PharmaTech Product List|Adooq BioScience|AHH Chemical co.,ltd|AiFChem, an XtalPi Company|AK Scientific, Inc. (AKSCI)|AKos Consulting & Solutions|Aladdin Scientific|Alfa Chemistry|Amadis Chemical|Ambeed|AN PharmaTech|ApexBio Technology|AppChem|Aribo Reagent|AstaTech, Inc.|Aurum Pharmatech LLC|BenchChem|BioCyc|Biorbyt|Biosynth|BLD Pharm|BOC Sciences|Broad Institute|CCSbase|CD Formulation|Changzhou Highassay Chemical Co., Ltd|ChEBI|Chem-Space.com Database|Chembase.cn|ChEMBL|Chemical Carcinogenesis Research Information System (CCRIS)|ChemIDplus|Chemieliva Pharmaceutical Co., Ltd|ChemMol|Chemodex Ltd.|ChemoSapiens|ChemShuttle|ChemSpider|Chen Lab, School of Medicine, Emory University|Clearsynth|Clinivex|Collaborative Drug Discovery, Inc.|Combi-Blocks|CSNpharm|CymitQuimica|Davey Lab, Department of Microbiology, NEIDL, Boston University|DiscoveryGate|DrugBank|DrugCentral|DTP/NCI|Egon Willighagen, Department of Bioinformatics - BiGCaT, Maastricht University|eMolecules|Enamine|eNovation Chemicals|EPA DSSTox|Excenen Pharmatech|FDA Global Substance Registration System (GSRS)|Finetech Industry Limited|Glixx Labs Inc|Google Patents|Hangzhou APIChem Technology|Hangzhou Trylead Chemical Technology|Human Metabolome Database (HMDB)|iChemical Technology USA Inc|InvivoChem|ISpharm|Japan Chemical Substance Dictionary (Nikkaji)|KEGG|Key Organics/BIONET|LabNetwork, a WuXi AppTec Company|LeadScope|LGC Standards|LIPID MAPS|MassBank Europe|MassBank of North America (MoNA)|Mcule|MedChemexpress MCE|Metabolomics Workbench|MLSMR|MolGenie|Molport|MuseChem|National Center for Advancing Translational Sciences (NCATS)|Nature Science Technologies Ltd|NextBio|NextMove Software|NIH Clinical Collection|NIH/NCATS RNAi|NIST Mass Spectrometry Data Center|NORMAN Suspect List Exchange|NovoSeek|Oakwood Products|OChem|Parchem|PATENTSCOPE (WIPO)|Pharmacore Co., Limited|Phion Ltd|Pi Chemicals|Probes & Drugs portal|Protein Data Bank in Europe (PDBe)|Prous Science Drugs of the Future|PubChem Reference Collection|Race Chemical|Santa Cruz Biotechnology, Inc.|Santagata Laboratory - Brigham and Women's Hospital and Harvard Medical School|Selleck Chemicals|SHANDONG OCTAGON CHEMICALS LIMITED|Shanghai Titan Scientific|Sigma-Aldrich|SMID|Smolecule|Springer Nature|Starshine Chemical|SureChEMBL|Syntech Labs|TargetMol|TCI (Tokyo Chemical Industry)|THE BioTek|Therapeutic Target Database (TTD)|Thermo Fisher Scientific|Thieme Chemistry|Thomson Pharma|TimTec|Tocris Bioscience|Tox21|ToxPlanet|VladaChem|VWR, Part of Avantor|Wikidata|WikiPathways|Wiley|Win-Win Chemical|Wuhan Atomole Chemicals Co., Ltd.|Yick-Vic Chemicals & Pharmaceuticals (HK) Ltd.|Yuhao Chemical|ZeroPM - Zero Pollution of Persistent, Mobile Substances|ZINC
Pramipexole;CCCN[C@H]1CCC2=C(C1)SC(=N2)N;001Chemical|10X CHEM|1st Scientific|A&J Pharmtech CO., LTD.|A2B Chem|AA BLOCKS|AAA Chemistry|Aaron Chemicals LLC|AbaChemScene|ABBLIS Chemicals|abcr GmbH|ABI Chem|AbMole Bioscience|AbovChem LLC|Acadechem|Accel Scientific|Accela ChemBio Inc.|Acesobio|Achemo Scientific Limited|Achemtek|Acorn PharmaTech Product List|Activate Scientific|Adooq BioScience|AEchem Scientific Corp., USA|AHH Chemical co.,ltd|AiFChem, an XtalPi Company|AK Scientific, Inc. (AKSCI)|AKos Consulting & Solutions|Aladdin Scientific|Alfa Chemistry|Allbio Pharm Co., Ltd|Amadis Chemical|Ambeed|Ambinter|AN PharmaTech|Angene Chemical|Anward|ApexBio Technology|Apexmol|AppChem|Aribo Reagent|Assembly Blocks Pvt. Ltd.|AstaTech, Inc.|Aurora Fine Chemicals LLC|Aurum Pharmatech LLC|AvaChem Scientific|Baker Lab, Chemistry Department, The University of North Carolina at Chapel Hill|BenchChem|BePharm Ltd.|Bic Biotech|BIDD|BindingDB|BioCrick|Biorbyt|Biosynth|BLD Pharm|BOC Sciences|Boerchem|Broad Institute|Burek Lab, Department of Anaesthesiology, Intensive Care, Emergency and Pain Med, University Hospital Wuerzburg|C. David Weaver Laboratory, Vanderbilt University|Cangzhou Enke Pharma Tech Co.,Ltd.|CATO Research Chemicals Inc.|Center for Chemical Genomics, University of Michigan|Changzhou Highassay Chemical Co., Ltd|ChEBI|Chem-Space.com Database|ChemBank|Chembase.cn|ChEMBL|Chemenu Inc.|ChemFaces|ChemFish Tokyo Co., Ltd.|ChemIDplus|Chemieliva Pharmaceutical Co., Ltd|Cheminformatics Friedrich-Schiller-University Jena|ChemMol|ChemoSapiens|ChemShuttle|ChemSpider|ChemTik|Clearsynth|Clinivex|Collaborative Drug Discovery, Inc.|Combi-Blocks|Comparative Toxicogenomics Database (CTD)|CSNpharm|CymitQuimica|Davey Lab, Department of Microbiology, NEIDL, Boston University|DC Chemicals|Debye Scientific Co., Ltd|DiscoveryGate|Drug Induced Liver Injury Rank (DILIrank) Dataset|DrugBank|DrugCentral|DTP/NCI|Egon Willighagen, Department of Bioinformatics - BiGCaT, Maastricht University|Elsa Biotechnology|EMD Millipore|eMolecules|Enamine|eNovation Chemicals|EPA DSSTox|Excenen Pharmatech|FDA Global Substance Registration System (GSRS)|Finetech Industry Limited|Fisher Drug Discovery Resource Center|Fluorochem|ForeChem|Founder Pharma|Glentham Life Sciences Ltd.|Glixx Labs Inc|Google Patents|Hangzhou APIChem Technology|Hello Bio|Horrigan Lab, Baylor College of Medicine|Human Metabolome Database (HMDB)|Hunan Chemfish Pharmaceutical Co., Ltd.|IBM|ICCB-Longwood Screening Facility, Harvard Medical School|iChemical Technology USA Inc|Innovapharm|InvivoChem|ISpharm|IUPHAR/BPS Guide to PHARMACOLOGY|J&H Chemical Co.,ltd|Japan Chemical Substance Dictionary (Nikkaji)|KEGG|Key Organics/BIONET|King Scientific|LabNetwork, a WuXi AppTec Company|labseeker|Lan Pharmatech|LeadScope|LGC Standards|MassBank of North America (MoNA)|Matrix Scientific|Mcule|MedChemexpress MCE|Metabolomics Workbench|Midas Pharma GmbH|Milwaukee Institute for Drug Discovery|MLSMR|Molecule Market|Molepedia|MolGenie|Molport|MuseChem|National Center for Advancing Translational Sciences (NCATS)|Nature Chemistry|NextBio|NextMove Software|NIH Clinical Collection|NIH/NCATS RNAi|NORMAN Suspect List Exchange|Novartis Institutes for BioMedical Research|NovoSeek|Oakwood Products|OChem|OXCHEM CORPORATION|Parchem|PATENTSCOPE (WIPO)|Pi Chemicals|Probes & Drugs portal|Protein Data Bank in Europe (PDBe)|Prous Science Drugs of the Future|PubChem Reference Collection|Race Chemical|RR Scientific|Santa Cruz Biotechnology, Inc.|SCRIPDB|Selleck Chemicals|Shanghai Titan Scientific|Sigma-Aldrich|Sinfoo Biotech|Small Molecule Screening Facility, UW Madison|Smolecule|Southern Research Institute|Springer Nature|Starshine Chemical|SureChEMBL|SynHet - Synthetic Heterocycles|Syntree|TargetMol|TCI (Tokyo Chemical Industry)|THE BioTek|The Scripps Research Institute Molecular Screening Center|Therapeutic Target Database (TTD)|Thieme Chemistry|Thomson Pharma|Thoreauchem|Tocris Bioscience|Tox21|ToxPlanet|Tractus|UCSC Chemical Screening Center|University of Iowa High-Throughput Screening Core (UIHTS)|University of Kansas High Throughput Screening Laboratory|Veeprho|VladaChem|VWR, Part of Avantor|Wikidata|Wiley|Win-Win Chemical|Wubei-Biochem|xPharm: The Comprehensive Pharmacology Reference|Yick-Vic Chemicals & Pharmaceuticals (HK) Ltd.|Yuhao Chemical|ZeroPM - Zero Pollution of Persistent, Mobile Substances|ZINC|Zoeller Lab, School of Medicine, Boston University
Retinoic Acid;CC1=C(C(CCC1)(C)C)/C=C/C(=C/C=C/C(=C/C(=O)O)/C)/C;001Chemical|10X CHEM|A&J Pharmtech CO., LTD.|A2B Chem|AA BLOCKS|Aaron Chemicals LLC|AbaChemScene|ABBLIS Chemicals|abcr GmbH|Abe Lab, University of Texas MD Anderson Cancer Center|ABI Chem|AbMole Bioscience|AbovChem LLC|Accela ChemBio Inc.|Aceschem Inc|Achemtek|ACT Chemical|Activate Scientific|Adooq BioScience|AgroIntelBioScan.com|AiFChem, an XtalPi Company|AK Scientific, Inc. (AKSCI)|AKos Consulting & Solutions|Aladdin Scientific|Alfa Chemistry|Alsachim|Amadis Chemical|Ambeed|Ambinter|AN PharmaTech|AppChem|Aribo Reagent|Aronis|AstaTech, Inc.|Aurum Pharmatech LLC|AvaChem Scientific|Axon Medchem|Baker Lab, Chemistry Department, The University of North Carolina at Chapel Hill|BenchChem|BerrChemical|Bic Biotech|BIDD|BIND|BindingDB|BioChemPartner|BioCyc|Biological Magnetic Resonance Data Bank (BMRB)|Biorbyt|Biosynth|BLD Pharm|BOC Sciences|Boerchem|Boone Lab, Chemical Genomics, University of Toronto|Broad Institute|BroadPharm|Burek Lab, Department of Anaesthesiology, Intensive Care, Emergency and Pain Med, University Hospital Wuerzburg|Burnham Center for Chemical Genomics|C. David Weaver Laboratory, Vanderbilt University|Calbiochem|Carcinogenic Potency Database (CPDB)|CATO Research Chemicals Inc.|CCSbase|CEGChem|Center for Chemical Genomics, University of Michigan|Changzhou Highassay Chemical Co., Ltd|ChEBI|Chem-Space.com Database|ChemBank|ChEMBL|ChemExper Chemical Directory|ChemFaces|Chemical Carcinogenesis Research Information System (CCRIS)|chemical genetic matrix|ChemIDplus|Chemieliva Pharmaceutical Co., Ltd|ChemMol|ChemoSapiens|ChemShuttle|ChemSpider|Chen Lab, School of Medicine, Emory University|Chung Lab, Department of Pediatrics, Emory University|Circadian Research, Kay Laboratory, University of California at San Diego (UCSD)|Clinivex|Collaborative Drug Discovery, Inc.|Combi-Blocks|Comparative Toxicogenomics Database (CTD)|CSNpharm|Cure First|CymitQuimica|Davey Lab, Department of Microbiology, NEIDL, Boston University|DiscoveryGate|Drug Induced Liver Injury Rank (DILIrank) Dataset|DrugBank|DrugCentral|DTP/NCI|ECI Group, LCSB, University of Luxembourg|Egon Willighagen, Department of Bioinformatics - BiGCaT, Maastricht University|Elsa Biotechnology|EMD Millipore|eMolecules|Emory University Molecular Libraries Screening Center|Enamine|eNovation Chemicals|EPA DSSTox|EvitaChem|FDA Global Substance Registration System (GSRS)|Finetech Industry Limited|Fisher Drug Discovery Resource Center|Fluorochem|Founder Pharma|Fredberg Lab, Harvard T.H. Chan School of Public Health|Genetic Toxicology Data Bank (GENE-TOX)|Glentham Life Sciences Ltd.|GLIDA, GPCR-Ligand Database|Glixx Labs Inc|Google Patents|Gulick Lab, Department of Structural Biology, University at Buffalo|Guri Giaever, Pharmaceutical Sciences, University of British Columbia|Hangzhou APIChem Technology|Horrigan Lab, Baylor College of Medicine|Human Metabolome Database (HMDB)|Hunan Huateng Pharmaceutical Co., Ltd.|IBM|ICCB-Longwood Screening Facility, Harvard Medical School|iChemical Technology USA Inc|InvivoChem|ISpharm|IUPHAR/BPS Guide to PHARMACOLOGY|J&H Chemical Co.,ltd|Japan Chemical Substance Dictionary (Nikkaji)|KEGG|Key Organics/BIONET|LabNetwork, a WuXi AppTec Company|labseeker|LeadScope|LGC Standards|LIPID MAPS|MassBank Europe|MassBank of North America (MoNA)|Matrix Scientific|Mcule|MedChemexpress MCE|Metabolomics Workbench|Midas Pharma GmbH|Milbrandt Lab, Department of Genetics, Washington University School of Medicine|Milwaukee Institute for Drug Discovery|MLSMR|Molepedia|MolGenie|Molport|MuseChem|National Center for Advancing Translational Sciences (NCATS)|Nature Chemical Biology|NCBI Structure|NextBio|NextMove Software|NIAID ChemDB|NIH Clinical Collection|NIH/NCATS RNAi|NINDS Approved Drug Screening Program|NIST Mass Spectrometry Data Center|NORMAN Suspect List Exchange|Novartis Institutes for BioMedical Research|NovoSeek|Oakwood Products|OChem|ORST SMALL MOLECULE SCREENING CENTER|Paczesny and Yang Labs, IUPUI and University of Michigan|Parchem|PATENTSCOPE (WIPO)|PDSP|Phion Ltd|Pi Chemicals|Probes & Drugs portal|Protein Data Bank in Europe (PDBe)|Prous Science Drugs of the Future|PubChem Reference Collection|Race Chemical|RR Scientific|Santa Cruz Biotechnology, Inc.|Sarchem Laboratories, Inc.|SCRIPDB|Selleck Chemicals|Shanghai Institute of Organic Chemistry|Shanghai Titan Scientific|Sigma-Aldrich|SLING Consortium|Small Molecule Screening Facility, UW Madison|SMID|Smolecule|Soto Lab, Mitchell Center for Alzheimers Disease and Related Brain Disorders, UT Medical School Houston|Southern Research Institute|Springer Nature|SpringerMaterials|SRMLSC|Starshine Chemical|SureChEMBL|Syntech Labs|Syntree|TargetMol|TCI (Tokyo Chemical Industry)|THE BioTek|The Cambridge Structural Database|The Scripps Research Institute Molecular Screening Center|Therapeutic Target Database (TTD)|Thieme Chemistry|Thomson Pharma|Thoreauchem|TimTec|Tocris Bioscience|Tox21|ToxPlanet|UCLA Molecular Screening Shared Resource|UCSC Chemical Screening Center|University of Iowa High-Throughput Screening Core (UIHTS)|University of Kansas High Throughput Screening Laboratory|University of Pittsburgh Molecular Library Screening Center|Veeprho|VladaChem|VWR, Part of Avantor|WashU High Throughput Screening Center|Wikidata|WikiPathways|Wiley|Win-Win Chemical|Wubei-Biochem|Wutech|xPharm: The Comprehensive Pharmacology Reference|Yick-Vic Chemicals & Pharmaceuticals (HK) Ltd.|Yuhao Chemical|ZeroPM - Zero Pollution of Persistent, Mobile Substances|ZINC|Zoeller Lab, School of Medicine, Boston University
Lutein A;CC1=C(C(C[C@@H](C1)O)(C)C)/C=C/C(=C/C=C/C(=C/C=C/C=C(\C)/C=C/C=C(\C)/C=C/[C@H]2C(=C[C@@H](CC2(C)C)O)C)/C)/C;001Chemical|10X CHEM|1st Scientific|A2B Chem|AA BLOCKS|Aaron Chemicals LLC|AbaChemScene|ABI Chem|AbMole Bioscience|Achemtek|Acorn PharmaTech Product List|AK Scientific, Inc. (AKSCI)|AKos Consulting & Solutions|Aladdin Scientific|Alfa Chemistry|Amadis Chemical|Ambeed|Ambinter|AppChem|Aribo Reagent|AstaTech, Inc.|Aurora Fine Chemicals LLC|AvaChem Scientific|BenchChem|BioCyc|Biopurify Phytochemicals|Biorbyt|Biosynth|BLD Pharm|BOC Sciences|Broad Institute|CATO Research Chemicals Inc.|CD Formulation|Center for Chemical Genomics, University of Michigan|ChEBI|Chem-Space.com Database|ChemBank|Chembase.cn|ChEMBL|ChemFaces|ChemIDplus|Chemieliva Pharmaceutical Co., Ltd|Cheminformatics Friedrich-Schiller-University Jena|ChemoSapiens|ChemShuttle|ChemSpider|Clinivex|Collaborative Drug Discovery, Inc.|Combi-Blocks|CSNpharm|CymitQuimica|Davey Lab, Department of Microbiology, NEIDL, Boston University|DC Chemicals|Debye Scientific Co., Ltd|DiscoveryGate|DrugBank|DrugCentral|Egon Willighagen, Department of Bioinformatics - BiGCaT, Maastricht University|eMolecules|eNovation Chemicals|EPA DSSTox|FDA Global Substance Registration System (GSRS)|Finetech Industry Limited|Golm Metabolome Database (GMD), Max Planck Institute of Molecular Plant Physiology|Google Patents|Human Metabolome Database (HMDB)|Hunan Huateng Pharmaceutical Co., Ltd.|ICCB-Longwood Screening Facility, Harvard Medical School|iChemical Technology USA Inc|InvivoChem|IUPHAR/BPS Guide to PHARMACOLOGY|J&H Chemical Co.,ltd|Japan Chemical Substance Dictionary (Nikkaji)|KCS Online|KEGG|Key Organics/BIONET|LabNetwork, a WuXi AppTec Company|LGC Standards|LIPID MAPS|MassBank of North America (MoNA)|Mcule|MedChemexpress MCE|Metabolomics Workbench|MolGenie|Molport|MTDP|Nature Chemical Biology|Nature Science Technologies Ltd|NCBI Structure|NextBio|NextMove Software|NIST Mass Spectrometry Data Center|NORMAN Suspect List Exchange|NovoSeek|Oakwood Products|Parchem|PATENTSCOPE (WIPO)|Phion Ltd|Probes & Drugs portal|PubChem Reference Collection|R&D Chemicals|Rare Chemicals GmbH, Germany|RR Scientific|Santa Cruz Biotechnology, Inc.|SCRIPDB|Selleck Chemicals|Shanghai Titan Scientific|Sigma-Aldrich|Springer Nature|Starshine Chemical|SureChEMBL|TargetMol|Thieme Chemistry|Thomson Pharma|Tox21|ToxPlanet|Vitas-M Laboratory|VladaChem|Wikidata|Wong's Lab, Department of Immunology, School of Medical Sciences, Health Campus, Universiti Sains Malaysia|Yick-Vic Chemicals & Pharmaceuticals (HK) Ltd.|ZeroPM - Zero Pollution of Persistent, Mobile Substances|ZINC
Baicalein;C1=CC=C(C=C1)C2=CC(=O)C3=C(O2)C=C(C(=C3O)O)O;001Chemical|10X CHEM|A2B Chem|AA BLOCKS|Aaron Chemicals LLC|AbaChemScene|abcr GmbH|Abe Lab, University of Texas MD Anderson Cancer Center|ABI Chem|AbMole Bioscience|Acadechem|Accel Scientific|Accela ChemBio Inc.|Achemo Scientific Limited|Achemtek|Acmec Biochemical|Acorn PharmaTech Product List|Adooq BioScience|AEchem Scientific Corp., USA|AgroIntelBioScan.com|AHH Chemical co.,ltd|AiFChem, an XtalPi Company|AK Scientific, Inc. (AKSCI)|AKos Consulting & Solutions|Aladdin Scientific|Alfa Chemistry|Alinda Chemical Trade Company Ltd|Allbio Pharm Co., Ltd|Amadis Chemical|Ambeed|Ambinter|AN PharmaTech|Angene Chemical|ApexBio Technology|AppChem|Ark Pharm, Inc.|Ark Pharma Scientific Limited|Assembly Blocks Pvt. Ltd.|AstaTech, Inc.|Aurora Fine Chemicals LLC|Aurum Pharmatech LLC|AvaChem Scientific|BenchChem|Bic Biotech|BIDD|BindingDB|BioChemPartner|BioCrick|BioCyc|Biopurify Phytochemicals|Biorbyt|Biosynth|BLD Pharm|BOC Sciences|Broad Institute|Burnham Center for Chemical Genomics|Calbiochem|CAPOT|CATO Research Chemicals Inc.|CCSbase|Center for Chemical Genomics, University of Michigan|ChEBI|Chem-Impex|Chem-Space.com Database|ChemBank|Chembase.cn|ChEMBL|ChemDB|ChemExper Chemical Directory|ChemFaces|chemical genetic matrix|ChemIDplus|Chemieliva Pharmaceutical Co., Ltd|Cheminformatics Friedrich-Schiller-University Jena|ChemMol|ChemoSapiens|ChemProbes|ChemShuttle|ChemSpider|Chen Lab, School of Medicine, Emory University|Clearsynth|Collaborative Drug Discovery, Inc.|Combi-Blocks|Comparative Toxicogenomics Database (CTD)|Cooke Chemical Co., Ltd|Crystallography Open Database (COD)|CSNpharm|CymitQuimica|Davey Lab, Department of Microbiology, NEIDL, Boston University|DC Chemicals|DiscoveryGate|DTP/NCI|Egon Willighagen, Department of Bioinformatics - BiGCaT, Maastricht University|EMD Millipore|eMolecules|Emory University Molecular Libraries Screening Center|Enamine|eNovation Chemicals|EPA DSSTox|Eximed Laboratory|FDA Global Substance Registration System (GSRS)|Finetech Industry Limited|Fisher Drug Discovery Resource Center|Fluorochem|Glentham Life Sciences Ltd.|Google Patents|Gulick Lab, Department of Structural Biology, University at Buffalo|Guri Giaever, Pharmaceutical Sciences, University of British Columbia|Hairui Chemical|Hangzhou APIChem Technology|HDH Pharma|Herbest Bio-Tech|IBM|ICCB-Longwood Screening Facility, Harvard Medical School|Innovapharm|InvivoChem|IUPHAR/BPS Guide to PHARMACOLOGY|J&H Chemical Co.,ltd|Japan Chemical Substance Dictionary (Nikkaji)|KCS Online|KEGG|Key Organics/BIONET|LabNetwork, a WuXi AppTec Company|labseeker|Lan Pharmatech|LeadScope|LEAPCHEM|LGC Standards|LIPID MAPS|MassBank Europe|MassBank of North America (MoNA)|Matrix Scientific|Mcule|MedChemexpress MCE|Metabolomics Workbench|MLSMR|MolCore|Molecule Market|Molepedia|MolGenie|Molport|MP Biomedicals|MTDP|MuseChem|National Center for Advancing Translational Sciences (NCATS)|Nature Chemical Biology|Nature Science Technologies Ltd|NCBI Structure|NextBio|NextMove Software|NIAID ChemDB|NIH/NCATS RNAi|NIST Mass Spectrometry Data Center|NORMAN Suspect List Exchange|NovoSeek|Oakwood Products|OChem|ORST SMALL MOLECULE SCREENING CENTER|OtavaChemicals|PATENTSCOPE (WIPO)|Phion Ltd|Pi Chemicals|Probes & Drugs portal|Protein Data Bank in Europe (PDBe)|Prous Science Drugs of the Future|PubChem Reference Collection|R&D Chemicals|Race Chemical|RR Scientific|Santa Cruz Biotechnology, Inc.|SCRIPDB|Selleck Chemicals|SGCOxCompounds|Shanghai Tauto Biotech Co., Ltd|Shanghai Titan Scientific|Sigma-Aldrich|Sinfoo Biotech|Small Molecule Screening Facility, UW Madison|Smolecule|Soto Lab, Mitchell Center for Alzheimers Disease and Related Brain Disorders, UT Medical School Houston|Specs|Springer Nature|Starshine Chemical|SureChEMBL|SynHet - Synthetic Heterocycles|SynQuest Laboratories|TargetMol|TCI (Tokyo Chemical Industry)|THE BioTek|The Scripps Research Institute Molecular Screening Center|Therapeutic Target Database (TTD)|Thermo Fisher Scientific|Thomson Pharma|TimTec|Tocris Bioscience|ToxPlanet|Uchem Meditech|UCSC Chemical Screening Center|University of Iowa High-Throughput Screening Core (UIHTS)|University of Kansas High Throughput Screening Laboratory|Vitas-M Laboratory|VladaChem|Wikidata|Wilshire Technologies|Wubei-Biochem|Yick-Vic Chemicals & Pharmaceuticals (HK) Ltd.|Yuhao Chemical|ZeroPM - Zero Pollution of Persistent, Mobile Substances|ZINC
Esculetin;C1=CC(=O)OC2=CC(=C(C=C21)O)O;001Chemical|10X CHEM|1st Scientific|3WAY PHARM INC|4C Pharma Scientific Inc|A&J Pharmtech CO., LTD.|A2B Chem|AA BLOCKS|Aaron Chemicals LLC|AbaChemScene|abcr GmbH|Abe Lab, University of Texas MD Anderson Cancer Center|ABI Chem|Acadechem|Accel Scientific|Accela ChemBio Inc.|Achemica|Achemo Scientific Limited|Achemtek|Acmec Biochemical|Acorn PharmaTech Product List|Activate Scientific|Adooq BioScience|AEchem Scientific Corp., USA|AgroIntelBioScan.com|AHH Chemical co.,ltd|AiFChem, an XtalPi Company|AK Scientific, Inc. (AKSCI)|AKos Consulting & Solutions|Aladdin Scientific|Alfa Chemistry|Alinda Chemical Trade Company Ltd|Amadis Chemical|Ambeed|Ambinter|AN PharmaTech|Angene Chemical|Anward|ApexBio Technology|Apexmol|AppChem|Aribo Reagent|Ark Pharm, Inc.|Ark Pharma Scientific Limited|Assembly Blocks Pvt. Ltd.|AstaTech, Inc.|Aurum Pharmatech LLC|AvaChem Scientific|BenchChem|BePharm Ltd.|Bic Biotech|BindingDB|Biocore|BioCrick|BioCyc|Biological Magnetic Resonance Data Bank (BMRB)|Biopurify Phytochemicals|Biorbyt|Biosynth|BLD Pharm|BOC Sciences|Broad Institute|Burnham Center for Chemical Genomics|CAPOT|CATO Research Chemicals Inc.|CCSbase|Center for Chemical Genomics, University of Michigan|ChangChem|ChEBI|Chem-Impex|Chem-Space.com Database|ChemBank|Chembase.cn|ChEMBL|ChemDB|Chemenu Inc.|ChemExper Chemical Directory|ChemFaces|Chemical Carcinogenesis Research Information System (CCRIS)|chemical genetic matrix|ChemIDplus|Chemieliva Pharmaceutical Co., Ltd|Cheminformatics Friedrich-Schiller-University Jena|ChemMol|ChemoSapiens|ChemSpider|ChemTik|Chen Lab, School of Medicine, Emory University|Collaborative Drug Discovery, Inc.|Combi-Blocks|Comparative Toxicogenomics Database (CTD)|Cooke Chemical Co., Ltd|CSNpharm|CymitQuimica|DC Chemicals|Debye Scientific Co., Ltd|DiscoveryGate|DSL Chemicals|DTP/NCI|Egon Willighagen, Department of Bioinformatics - BiGCaT, Maastricht University|eMolecules|Emory University Molecular Libraries Screening Center|eNovation Chemicals|EPA DSSTox|EPA Substance Registry Services|Excenen Pharmatech|FDA Global Substance Registration System (GSRS)|Finetech Industry Limited|Fisher Drug Discovery Resource Center|Fluorochem|Founder Pharma|Fredberg Lab, Harvard T.H. Chan School of Public Health|Glentham Life Sciences Ltd.|Google Patents|Hangzhou APIChem Technology|Herbest Bio-Tech|Human Metabolome Database (HMDB)|IBM|ICCB-Longwood Screening Facility, Harvard Medical School|Innovapharm|InvivoChem|ISpharm|IUPHAR/BPS Guide to PHARMACOLOGY|J&H Chemical Co.,ltd|Jamson Pharmachem Technology|Japan Chemical Substance Dictionary (Nikkaji)|KCS Online|KEGG|Key Organics/BIONET|King Scientific|LabNetwork, a WuXi AppTec Company|labseeker|LeadScope|LEAPCHEM|LGC Standards|MassBank Europe|MassBank of North America (MoNA)|Matrix Scientific|Mcule|MedChemexpress MCE|Metabolomics Workbench|MLSMR|MolCore|Molecular Libraries Program, Specialized Chemistry Center, University of Kansas|Molecule Market|Molepedia|MolGenie|Molport|MP Biomedicals|MTDP|MuseChem|National Center for Advancing Translational Sciences (NCATS)|Nature Chemical Biology|Nature Science Technologies Ltd|NCBI Structure|NextBio|NIAID ChemDB|NIST Chemistry WebBook|NIST Mass Spectrometry Data Center|NMRShiftDB|NORMAN Suspect List Exchange|NovoSeek|Oakwood Products|OChem|ORST SMALL MOLECULE SCREENING CENTER|OXCHEM CORPORATION|Paczesny and Yang Labs, IUPUI and University of Michigan|Parchem|PATENTSCOPE (WIPO)|Phion Ltd|Pi Chemicals|Probes & Drugs portal|Protein Data Bank in Europe (PDBe)|PubChem Reference Collection|R&D Chemicals|RR Scientific|Santa Cruz Biotechnology, Inc.|SCRIPDB|Selleck Chemicals|Shanghai Titan Scientific|Sigma-Aldrich|Sinfoo Biotech|Small Molecule Screening Facility, UW Madison|Smolecule|Southern Research Institute|Specs|Springer Nature|Starshine Chemical|SureChEMBL|SynHet - Synthetic Heterocycles|SynQuest Laboratories|Syntree|TargetMol|TCI (Tokyo Chemical Industry)|Tetrahedron Scientific Inc|THE BioTek|The Scripps Research Institute Molecular Screening Center|Therapeutic Target Database (TTD)|Thermo Fisher Scientific|Thieme Chemistry|Thomson Pharma|TimTec|ToxPlanet|Tractus|TripleBond|Uchem Meditech|UCLA Molecular Screening Shared Resource|University of Iowa High-Throughput Screening Core (UIHTS)|University of Kansas High Throughput Screening Laboratory|Vitas-M Laboratory|VladaChem|VWR, Part of Avantor|Wikidata|Wiley|Wilshire Technologies|Win-Win Chemical|Wolves R&D chemical|Wubei-Biochem|Yick-Vic Chemicals & Pharmaceuticals (HK) Ltd.|Yuhao Chemical|ZeroPM - Zero Pollution of Persistent, Mobile Substances|ZINC|Zoeller Lab, School of Medicine, Boston University
Epigallocatechin Gallate;C1[C@H]([C@H](OC2=CC(=CC(=C21)O)O)C3=CC(=C(C(=C3)O)O)O)OC(=O)C4=CC(=C(C(=C4)O)O)O;001Chemical|10X CHEM|3WAY PHARM INC|A2B Chem|AA BLOCKS|Aaron Chemicals LLC|AbaChemScene|abcr GmbH|Abe Lab, University of Texas MD Anderson Cancer Center|ABI Chem|AbMole Bioscience|AbovChem LLC|Accel Scientific|Accela ChemBio Inc.|Aceschem Inc|Achemo Scientific Limited|Achemtek|Acmec Biochemical|Acorn PharmaTech Product List|Activate Scientific|Adooq BioScience|AEchem Scientific Corp., USA|AHH Chemical co.,ltd|AiFChem, an XtalPi Company|AK Scientific, Inc. (AKSCI)|AKos Consulting & Solutions|Aladdin Scientific|Alfa Chemistry|Amadis Chemical|Ambeed|AN PharmaTech|Angene Chemical|AOBIOUS INC|ApexBio Technology|AppChem|Assembly Blocks Pvt. Ltd.|AstaTech, Inc.|Aurora Fine Chemicals LLC|Aurum Pharmatech LLC|AvaChem Scientific|Baker Lab, Chemistry Department, The University of North Carolina at Chapel Hill|BenchChem|BePharm Ltd.|BindingDB|BioCyc|Biopurify Phytochemicals|Biorbyt|Biosynth|BLD Pharm|BOC Sciences|Broad Institute|BroadPharm|Burnham Center for Chemical Genomics|C. David Weaver Laboratory, Vanderbilt University|Calbiochem|Carcinogenic Potency Database (CPDB)|CATO Research Chemicals Inc.|CCSbase|CD Formulation|Center for Chemical Genomics, University of Michigan|ChEBI|Chem-Space.com Database|ChemBank|Chembase.cn|ChEMBL|ChemFaces|Chemical Carcinogenesis Research Information System (CCRIS)|chemical genetic matrix|Chemical Probes Portal|ChemIDplus|Chemieliva Pharmaceutical Co., Ltd|Cheminformatics Friedrich-Schiller-University Jena|ChemMol|Chemodex Ltd.|ChemoSapiens|ChemProbes|ChemShuttle|ChemSpider|Chen Lab, School of Medicine, Emory University|Clearsynth|Clinivex|Collaborative Drug Discovery, Inc.|Combi-Blocks|Comparative Toxicogenomics Database (CTD)|CSNpharm|Cure First|CymitQuimica|Davey Lab, Department of Microbiology, NEIDL, Boston University|DC Chemicals|DiscoveryGate|DrugBank|Egon Willighagen, Department of Bioinformatics - BiGCaT, Maastricht University|EMD Millipore|eMolecules|Emory University Molecular Libraries Screening Center|eNovation Chemicals|EPA DSSTox|EPA Substance Registry Services|EvitaChem|FDA Global Substance Registration System (GSRS)|Fisher Drug Discovery Resource Center|Fluorochem|Fondchemical Limited|Glentham Life Sciences Ltd.|Glixx Labs Inc|GlyTouCan Project|Google Patents|Gulick Lab, Department of Structural Biology, University at Buffalo|Guri Giaever, Pharmaceutical Sciences, University of British Columbia|Hangzhou APIChem Technology|Herbest Bio-Tech|Human Metabolome Database (HMDB)|IBM|ICCB-Longwood Screening Facility, Harvard Medical School|InvivoChem|ISpharm|IUPHAR/BPS Guide to PHARMACOLOGY|J&H Chemical Co.,ltd|Japan Chemical Substance Dictionary (Nikkaji)|KEGG|Key Organics/BIONET|King Scientific|LabNetwork, a WuXi AppTec Company|labseeker|LeadScope|LGC Standards|LIPID MAPS|MassBank Europe|Mcule|MedChemexpress MCE|Metabolomics Workbench|Milwaukee Institute for Drug Discovery|MLSMR|Molecule Market|MolGenie|Molport|MuseChem|National Center for Advancing Translational Sciences (NCATS)|Nature Chemical Biology|Nature Science Technologies Ltd|NCBI Structure|NextBio|NextMove Software|NIAID ChemDB|NIH Clinical Collection|NIST Mass Spectrometry Data Center|NORMAN Suspect List Exchange|NovoSeek|Oakwood Products|OChem|ORST SMALL MOLECULE SCREENING CENTER|OXCHEM CORPORATION|Paczesny and Yang Labs, IUPUI and University of Michigan|Parchem|PATENTSCOPE (WIPO)|Probes & Drugs portal|Protein Data Bank in Europe (PDBe)|Prous Science Drugs of the Future|PubChem Reference Collection|R&D Chemicals|Santa Cruz Biotechnology, Inc.|Santagata Laboratory - Brigham and Women's Hospital and Harvard Medical School|SCRIPDB|Selleck Chemicals|Shanghai Institute of Organic Chemistry|Shanghai Titan Scientific|Sigma-Aldrich|Small Molecule Screening Facility, UW Madison|Smolecule|Springer Nature|Starshine Chemical|SureChEMBL|SynHet - Synthetic Heterocycles|TargetMol|TCI (Tokyo Chemical Industry)|THE BioTek|The Scripps Research Institute Molecular Screening Center|Therapeutic Target Database (TTD)|Thieme Chemistry|Thomson Pharma|TimTec|Tocris Bioscience|Tox21|ToxPlanet|Uchem Meditech|UCSC Chemical Screening Center|University of Iowa High-Throughput Screening Core (UIHTS)|VladaChem|VWR, Part of Avantor|Wikidata|Wiley|Wilshire Technologies|Win-Win Chemical|Wolves R&D chemical|Yick-Vic Chemicals & Pharmaceuticals (HK) Ltd.|ZeroPM - Zero Pollution of Persistent, Mobile Substances|ZINC
3-Hydroxyanthranilic Acid;C1=CC(=C(C(=C1)O)N)C(=O)O;001Chemical|10X CHEM|3WAY PHARM INC|4C Pharma Scientific Inc|A&J Pharmtech CO., LTD.|A2B Chem|AA BLOCKS|AAA Chemistry|Aaron Chemicals LLC|AbaChemScene|ABBLIS Chemicals|abcr GmbH|ABI Chem|AbMole Bioscience|AbovChem LLC|Accel Scientific|Accela ChemBio Inc.|Aceschem Inc|Achemica|Achemo Scientific Limited|Achemtek|Acmec Biochemical|Activate Scientific|AEchem Scientific Corp., USA|AgroIntelBioScan.com|AHH Chemical co.,ltd|AiFChem, an XtalPi Company|AK Scientific, Inc. (AKSCI)|AKos Consulting & Solutions|Aladdin Scientific|Alfa Chemistry|Alichem|Alinda Chemical Trade Company Ltd|Allbio Pharm Co., Ltd|Amadis Chemical|Ambeed|Angel Pharmatech Ltd.|Angene Chemical|Anward|Apexmol|AppChem|Ark Pharm, Inc.|Ark Pharma Scientific Limited|Assembly Blocks Pvt. Ltd.|AstaTech, Inc.|Aurora Fine Chemicals LLC|Aurum Pharmatech LLC|BenchChem|BePharm Ltd.|BerrChemical|Bic Biotech|Biocore|BioCyc|Biological Magnetic Resonance Data Bank (BMRB)|Biopharma PEG Scientific Inc|Biorbyt|Biosynth|BLD Pharm|BOC Sciences|Broad Institute|CAPOT|Carbott PharmTech Inc.|CATO Research Chemicals Inc.|CCSbase|CD Biosynsis|ChEBI|Chem-Space.com Database|ChemBank|Chembase.cn|ChEMBL|ChemDB|Chemenu Inc.|Chemical Carcinogenesis Research Information System (CCRIS)|ChemIDplus|Chemieliva Pharmaceutical Co., Ltd|Cheminformatics Friedrich-Schiller-University Jena|ChemMol|ChemoSapiens|ChemShuttle|ChemSpider|ChemTik|Collaborative Drug Discovery, Inc.|Combi-Blocks|Comparative Toxicogenomics Database (CTD)|Cooke Chemical Co., Ltd|Crystallography Open Database (COD)|Cyclic PharmaTech|CymitQuimica|Debye Scientific Co., Ltd|DiscoveryGate|DrugBank|DSL Chemicals|DTP/NCI|EAWAG Biocatalysis/Biodegradation Database|ECI Group, LCSB, University of Luxembourg|Egon Willighagen, Department of Bioinformatics - BiGCaT, Maastricht University|eMolecules|Enamine|eNovation Chemicals|enviPath|EPA DSSTox|EPA Substance Registry Services|FDA Global Substance Registration System (GSRS)|Finetech Industry Limited|Fluorochem|Founder Pharma|Glentham Life Sciences Ltd.|Golm Metabolome Database (GMD), Max Planck Institute of Molecular Plant Physiology|Google Patents|Hairui Chemical|Hangzhou APIChem Technology|Human Metabolome Database (HMDB)|IBM|ICCB-Longwood Screening Facility, Harvard Medical School|iChemical Technology USA Inc|InvivoChem|ISpharm|IUPAC Digitized pKa Dataset|J&H Chemical Co.,ltd|Japan Chemical Substance Dictionary (Nikkaji)|KCS Online|KEGG|Key Organics/BIONET|King Scientific|LabNetwork, a WuXi AppTec Company|labseeker|Lan Pharmatech|LeadScope|LEAPCHEM|LGC Standards|MassBank Europe|MassBank of North America (MoNA)|Matrix Scientific|Mcule|MedChemexpress MCE|Metabolomics Workbench|MLSMR|MolCore|Molecule Market|MolGenie|Molport|MP Biomedicals|MuseChem|National Center for Advancing Translational Sciences (NCATS)|NCBI Structure|NextBio|NextMove Software|NIST Chemistry WebBook|NIST Mass Spectrometry Data Center|NMRShiftDB|NORMAN Suspect List Exchange|Novartis Institutes for BioMedical Research|NovoSeek|Oakwood Products|OChem|OXCHEM CORPORATION|PATENTSCOPE (WIPO)|Pi Chemicals|Probes & Drugs portal|Protein Data Bank in Europe (PDBe)|PubChem Reference Collection|RR Scientific|Santa Cruz Biotechnology, Inc.|SCRIPDB|Selleck Chemicals|Shanghai FWD Chemicals Limited|Shanghai Institute of Organic Chemistry|Shanghai Titan Scientific|Sigma-Aldrich|Sinfoo Biotech|SLING Consortium|Small Molecule Screening Facility, UW Madison|SMID|Smolecule|Springer Nature|Starshine Chemical|SureChEMBL|Synblock Inc|SynHet - Synthetic Heterocycles|Synthonix, Inc.|Syntree|TargetMol|TCI (Tokyo Chemical Industry)|THE BioTek|Thermo Fisher Scientific|Thieme Chemistry|Thomson Pharma|Thoreauchem|TimTec|ToxPlanet|Tractus|Vesino Industrial Co., Ltd|Vitas-M Laboratory|Wikidata|WikiPathways|Wiley|Win-Win Chemical|Wubei-Biochem|Yuhao Chemical|ZeroPM - Zero Pollution of Persistent, Mobile Substances|ZINC|Zjartschem|Zoeller Lab, School of Medicine, Boston University
Pterostilbene;COC1=CC(=CC(=C1)/C=C/C2=CC=C(C=C2)O)OC;001Chemical|10X CHEM|3WAY PHARM INC|A&J Pharmtech CO., LTD.|A2B Chem|AA BLOCKS|Aaron Chemicals LLC|AbaChemScene|abcr GmbH|ABI Chem|AbMole Bioscience|Acadechem|Accel Scientific|Accela ChemBio Inc.|Achemtek|Acorn PharmaTech Product List|ACT Chemical|Activate Scientific|Adooq BioScience|AEchem Scientific Corp., USA|AgroIntelBioScan.com|AHH Chemical co.,ltd|AiFChem, an XtalPi Company|AK Scientific, Inc. (AKSCI)|AKos Consulting & Solutions|Aladdin Scientific|Alfa Chemistry|Alinda Chemical Trade Company Ltd|Amadis Chemical|Ambeed|AN PharmaTech|ApexBio Technology|Apexmol|AppChem|Assembly Blocks Pvt. Ltd.|AstaTech, Inc.|Aurora Fine Chemicals LLC|Aurum Pharmatech LLC|AvaChem Scientific|BenchChem|BerrChemical|Bic Biotech|BindingDB|BioChemPartner|BioCyc|Biopurify Phytochemicals|Biorbyt|Biosynth|BLD Pharm|BOC Sciences|Broad Institute|Burnham Center for Chemical Genomics|C. David Weaver Laboratory, Vanderbilt University|Calbiochem|CATO Research Chemicals Inc.|Center for Chemical Genomics, University of Michigan|ChEBI|Chem-Space.com Database|ChemBank|Chembase.cn|ChEMBL|ChemFaces|Chemhere|ChemIDplus|Chemieliva Pharmaceutical Co., Ltd|ChemMol|Chemodex Ltd.|ChemoSapiens|ChemShuttle|ChemSpider|Collaborative Drug Discovery, Inc.|Combi-Blocks|Comparative Toxicogenomics Database (CTD)|Crystallography Open Database (COD)|CSNpharm|CymitQuimica|Davey Lab, Department of Microbiology, NEIDL, Boston University|DC Chemicals|DiscoveryGate|DTP/NCI|EDASA Scientific|Egon Willighagen, Department of Bioinformatics - BiGCaT, Maastricht University|Elsa Biotechnology|EMD Millipore|eMolecules|Enamine|eNovation Chemicals|EPA DSSTox|EPA Substance Registry Services|FDA Global Substance Registration System (GSRS)|Finetech Industry Limited|Fisher Drug Discovery Resource Center|Fluorochem|Founder Pharma|Glentham Life Sciences Ltd.|Google Patents|Guri Giaever, Pharmaceutical Sciences, University of British Columbia|Hangzhou APIChem Technology|Horrigan Lab, Baylor College of Medicine|Human Metabolome Database (HMDB)|IBM|ICCB-Longwood Screening Facility, Harvard Medical School|iChemical Technology USA Inc|ISpharm|IUPHAR/BPS Guide to PHARMACOLOGY|J&H Chemical Co.,ltd|Japan Chemical Substance Dictionary (Nikkaji)|KEGG|Key Organics/BIONET|LabNetwork, a WuXi AppTec Company|labseeker|LGC Standards|LIPID MAPS|MassBank Europe|MassBank of North America (MoNA)|Matrix Scientific|Mcule|MedChemexpress MCE|Metabolomics Workbench|Milwaukee Institute for Drug Discovery|MLSMR|Molepedia|MolGenie|Molport|MuseChem|National Center for Advancing Translational Sciences (NCATS)|Nature Science Technologies Ltd|NCBI Structure|NextBio|NextMove Software|NIAID ChemDB|NIH Clinical Collection|NIST Mass Spectrometry Data Center|NORMAN Suspect List Exchange|NovoSeek|Oakwood Products|OChem|Parchem|PATENTSCOPE (WIPO)|Pi Chemicals|Probes & Drugs portal|Protein Data Bank in Europe (PDBe)|Prous Science Drugs of the Future|PubChem Reference Collection|RR Scientific|Santa Cruz Biotechnology, Inc.|SCRIPDB|Selleck Chemicals|Shanghai Titan Scientific|Sigma-Aldrich|Sinfoo Biotech|Small Molecule Screening Facility, UW Madison|Smolecule|Springer Nature|Starshine Chemical|SureChEMBL|SynHet - Synthetic Heterocycles|Syntree|TargetMol|TCI (Tokyo Chemical Industry)|THE BioTek|Therapeutic Target Database (TTD)|Thieme Chemistry|Thomson Pharma|ToxPlanet|Tractus|University of Kansas High Throughput Screening Laboratory|VladaChem|Wikidata|Wiley|Wilshire Technologies|Win-Win Chemical|Wubei-Biochem|Wutech|Yick-Vic Chemicals & Pharmaceuticals (HK) Ltd.|Yuhao Chemical|ZINC|Zoeller Lab, School of Medicine, Boston University
Diosmin;C[C@H]1[C@@H]([C@H]([C@H]([C@@H](O1)OC[C@@H]2[C@H]([C@@H]([C@H]([C@@H](O2)OC3=CC(=C4C(=C3)OC(=CC4=O)C5=CC(=C(C=C5)OC)O)O)O)O)O)O)O)O;001Chemical|10X CHEM|3WAY PHARM INC|A2B Chem|AA BLOCKS|Aaron Chemicals LLC|abcr GmbH|Abe Lab, University of Texas MD Anderson Cancer Center|ABI Chem|AbMole Bioscience|Accel Scientific|Accela ChemBio Inc.|Achemtek|Acmec Biochemical|Acorn PharmaTech Product List|ACT Chemical|AHH Chemical co.,ltd|AK Scientific, Inc. (AKSCI)|AKos Consulting & Solutions|Aladdin Scientific|Alfa Chemistry|Amadis Chemical|Ambeed|Ambinter|AN PharmaTech|AppChem|Assembly Blocks Pvt. Ltd.|AstaTech, Inc.|Aurora Fine Chemicals LLC|AvaChem Scientific|BenchChem|BindingDB|BioChemPartner|Biopurify Phytochemicals|Biorbyt|Biosynth|BLD Pharm|BOC Sciences|Broad Institute|BroadPharm|CATO Research Chemicals Inc.|CCSbase|Center for Chemical Genomics, University of Michigan|Changzhou Highassay Chemical Co., Ltd|ChEBI|Chem-Space.com Database|ChemBank|Chembase.cn|ChEMBL|ChemFaces|Chemical Carcinogenesis Research Information System (CCRIS)|ChemIDplus|Chemieliva Pharmaceutical Co., Ltd|Cheminformatics Friedrich-Schiller-University Jena|ChemMol|ChemoSapiens|ChemSpider|Chen Lab, School of Medicine, Emory University|China MainChem Co., Ltd|Clinivex|Collaborative Drug Discovery, Inc.|Combi-Blocks|CSNpharm|CymitQuimica|Davey Lab, Department of Microbiology, NEIDL, Boston University|DC Chemicals|DiscoveryGate|DrugBank|DrugCentral|Egon Willighagen, Department of Bioinformatics - BiGCaT, Maastricht University|eMolecules|Enamine|eNovation Chemicals|EPA DSSTox|EvitaChem|FDA Global Substance Registration System (GSRS)|Finetech Industry Limited|Glentham Life Sciences Ltd.|Glixx Labs Inc|Google Patents|IBM|ICCB-Longwood Screening Facility, Harvard Medical School|iChemical Technology USA Inc|Inhibitor 2|InvivoChem|Japan Chemical Substance Dictionary (Nikkaji)|KEGG|Key Organics/BIONET|King Scientific|LabNetwork, a WuXi AppTec Company|labseeker|Lan Pharmatech|LeadScope|LGC Standards|LKT Labs|Mcule|MedChemexpress MCE|Metabolomics Workbench|Milbrandt Lab, Department of Genetics, Washington University School of Medicine|MLSMR|Molecule Market|Molepedia|MolGenie|Molport|Nature Science Technologies Ltd|NextBio|NextMove Software|NIAID ChemDB|NIH/NCATS RNAi|NIST Mass Spectrometry Data Center|NORMAN Suspect List Exchange|Novartis Institutes for BioMedical Research|NovoSeek|Oakwood Products|OChem|Parchem|PATENTSCOPE (WIPO)|Phion Ltd|Probes & Drugs portal|PubChem Reference Collection|R&D Chemicals|Race Chemical|RR Scientific|Santa Cruz Biotechnology, Inc.|SCRIPDB|Selleck Chemicals|Shanghai Titan Scientific|Sigma-Aldrich|Small Molecule Screening Facility, UW Madison|Smolecule|Springer Nature|Starshine Chemical|SureChEMBL|TargetMol|THE BioTek|The Scripps Research Institute Molecular Screening Center|Thomson Pharma|Tox21|ToxPlanet|TripleBond|University of Kansas High Throughput Screening Laboratory|VladaChem|VWR, Part of Avantor|Wikidata|Wilshire Technologies|Win-Win Chemical|Yick-Vic Chemicals & Pharmaceuticals (HK) Ltd.|ZeroPM - Zero Pollution of Persistent, Mobile Substances|ZINC
Abietic Acid;CC(C)C1=CC2=CC[C@@H]3[C@@]([C@H]2CC1)(CCC[C@@]3(C)C(=O)O)C;001Chemical|10X CHEM|3WAY PHARM INC|A&J Pharmtech CO., LTD.|A2B Chem|AA BLOCKS|AAA Chemistry|Aaron Chemicals LLC|abcr GmbH|Abe Lab, University of Texas MD Anderson Cancer Center|ABI Chem|Accel Scientific|Accela ChemBio Inc.|Achemtek|Acmec Biochemical|Acorn PharmaTech Product List|AKos Consulting & Solutions|Aladdin Scientific|Alfa Chemistry|Amadis Chemical|Ambinter|Anward|AppChem|AstaTech, Inc.|Aurora Fine Chemicals LLC|Baker Lab, Chemistry Department, The University of North Carolina at Chapel Hill|BenchChem|BindingDB|BioChemPartner|BioCyc|Biosynth|BOC Sciences|CATO Research Chemicals Inc.|Center for Chemical Genomics, University of Michigan|ChEBI|Chem-Space.com Database|ChemBank|Chembase.cn|ChEMBL|ChemExper Chemical Directory|ChemFaces|Chemical Carcinogenesis Research Information System (CCRIS)|ChemIDplus|Chemieliva Pharmaceutical Co., Ltd|Cheminformatics Friedrich-Schiller-University Jena|ChemMol|ChemoSapiens|ChemSpider|ChemTik|Chen Lab, School of Medicine, Emory University|China MainChem Co., Ltd|Collaborative Drug Discovery, Inc.|CymitQuimica|DC Chemicals|Debye Scientific Co., Ltd|DiscoveryGate|DTP/NCI|Egon Willighagen, Department of Bioinformatics - BiGCaT, Maastricht University|eMolecules|Enamine|eNovation Chemicals|EPA DSSTox|EPA Substance Registry Services|EvitaChem|FDA Global Substance Registration System (GSRS)|Finetech Industry Limited|Fluorochem|Glentham Life Sciences Ltd.|Golm Metabolome Database (GMD), Max Planck Institute of Molecular Plant Physiology|Google Patents|IBM|iChemical Technology USA Inc|InvivoChem|IUPAC Digitized pKa Dataset|J&H Chemical Co.,ltd|Japan Chemical Substance Dictionary (Nikkaji)|Karki Laboratory of Innate Immunity and Cell Death, Seoul National University|KEGG|Key Organics/BIONET|LabNetwork, a WuXi AppTec Company|LeadScope|LGC Standards|Life Chemicals|LIPID MAPS|MassBank Europe|MassBank of North America (MoNA)|Matrix Scientific|Mcule|Metabolomics Workbench|Molecule Market|MolGenie|Molport|MTDP|MuseChem|National Center for Advancing Translational Sciences (NCATS)|NCBI Structure|NextBio|NextMove Software|NMRShiftDB|NORMAN Suspect List Exchange|Novartis Institutes for BioMedical Research|NovoSeek|Parchem|PATENTSCOPE (WIPO)|Probes & Drugs portal|Protein Data Bank in Europe (PDBe)|PubChem Reference Collection|R&D Chemicals|RR Scientific|Santa Cruz Biotechnology, Inc.|SCRIPDB|Selleck Chemicals|Shanghai Titan Scientific|Sigma-Aldrich|Smolecule|Springer Nature|SpringerMaterials|Starshine Chemical|SureChEMBL|Syntree|TCI (Tokyo Chemical Industry)|THE BioTek|Therapeutic Target Database (TTD)|Thermo Fisher Scientific|Thieme Chemistry|Thomson Pharma|Tox21|ToxPlanet|Tractus|VladaChem|VWR, Part of Avantor|Wikidata|Win-Win Chemical|Wolves R&D chemical|Wutech|Yick-Vic Chemicals & Pharmaceuticals (HK) Ltd.|Yuhao Chemical|ZeroPM - Zero Pollution of Persistent, Mobile Substances|ZINC
Acetovanillone;CC(=O)C1=CC(=C(C=C1)O)OC;001Chemical|10X CHEM|3WAY PHARM INC|4C Pharma Scientific Inc|A&J Pharmtech CO., LTD.|A2B Chem|AA BLOCKS|AAA Chemistry|Aaron Chemicals LLC|AbaChemScene|ABBLIS Chemicals|abcr GmbH|ABI Chem|AbMole Bioscience|AbovChem LLC|Acadechem|Accel Scientific|Aceschem Inc|Achemica|Achemo Scientific Limited|Achemtek|Acmec Biochemical|Acorn PharmaTech Product List|Activate Scientific|Adooq BioScience|AEchem Scientific Corp., USA|AgroIntelBioScan.com|AHH Chemical co.,ltd|AiFChem, an XtalPi Company|AK Scientific, Inc. (AKSCI)|AKos Consulting & Solutions|Aladdin Scientific|Alfa Chemistry|Alichem|Allbio Pharm Co., Ltd|Amadis Chemical|Ambeed|AN PharmaTech|Angene Chemical|Anward|ApexBio Technology|Apexmol|AppChem|Ark Pharm, Inc.|Ark Pharma Scientific Limited|Aromsyn catalogue|AstaTech, Inc.|Aurora Fine Chemicals LLC|Aurum Pharmatech LLC|AvaChem Scientific|BenchChem|BePharm Ltd.|Bic Biotech|BioCrick|Biological Magnetic Resonance Data Bank (BMRB)|Biopurify Phytochemicals|Biorbyt|Biosynth|BLD Pharm|BOC Sciences|Broad Institute|Calbiochem|Cangzhou Enke Pharma Tech Co.,Ltd.|CAPOT|CATO Research Chemicals Inc.|Center for Chemical Genomics, University of Michigan|Changzhou Highassay Chemical Co., Ltd|ChEBI|Chem-Impex|Chem-Space.com Database|Chembase.cn|ChEMBL|ChemDB|ChemExper Chemical Directory|ChemFaces|ChemFish Tokyo Co., Ltd.|Chemical Carcinogenesis Research Information System (CCRIS)|Chemical Synthesis Database|ChemIDplus|Chemieliva Pharmaceutical Co., Ltd|Cheminformatics Friedrich-Schiller-University Jena|ChemMol|ChemoSapiens|ChemShuttle|ChemSpider|ChemTik|Clearsynth|Clinivex|Collaborative Drug Discovery, Inc.|Combi-Blocks|Comparative Toxicogenomics Database (CTD)|Cooke Chemical Co., Ltd|CoreSyn|Crystallography Open Database (COD)|CSNpharm|CymitQuimica|Davey Lab, Department of Microbiology, NEIDL, Boston University|Day Biochem|DC Chemicals|DiscoveryGate|DrugBank|DSL Chemicals|DTP/NCI|Egon Willighagen, Department of Bioinformatics - BiGCaT, Maastricht University|Elsa Biotechnology|EMD Millipore|eMolecules|Enamine|eNovation Chemicals|EPA DSSTox|EPA Substance Registry Services|FDA Global Substance Registration System (GSRS)|Finetech Industry Limited|Fisher Drug Discovery Resource Center|Fluorochem|Founder Pharma|Frinton Laboratories|Google Patents|Hairui Chemical|Hangzhou APIChem Technology|Hefei Hirisun Pharmatech Co., Ltd|Human Metabolome Database (HMDB)|Hunan Chemfish Pharmaceutical Co., Ltd.|Hunan Huateng Pharmaceutical Co., Ltd.|IBM|ICCB-Longwood Screening Facility, Harvard Medical School|Innovapharm|InvivoChem|ISpharm|J&H Chemical Co.,ltd|Japan Chemical Substance Dictionary (Nikkaji)|Karki Laboratory of Innate Immunity and Cell Death, Seoul National University|KEGG|Key Organics/BIONET|King Scientific|LabNetwork, a WuXi AppTec Company|labseeker|Lan Pharmatech|LeadScope|LGC Standards|Life Chemicals|Matrix Scientific|Mcule|MedChemexpress MCE|Metabolomics Workbench|MLSMR|MolCore|Moldb|Molecule Market|Molepedia|MolGenie|Molport|MP Biomedicals|MuseChem|National Center for Advancing Translational Sciences (NCATS)|Nature Chemical Biology|NCBI Structure|NextBio|NextMove Software|NIAID ChemDB|NIST Chemistry WebBook|NIST Mass Spectrometry Data Center|NMRShiftDB|NORMAN Suspect List Exchange|Novartis Institutes for BioMedical Research|NovoSeek|Oakwood Products|OXCHEM CORPORATION|Parchem|PATENTSCOPE (WIPO)|Pi Chemicals|Probes & Drugs portal|Protein Data Bank in Europe (PDBe)|Prous Science Drugs of the Future|PubChem Reference Collection|R&D Chemicals|RR Scientific|Santa Cruz Biotechnology, Inc.|SCRIPDB|Selleck Chemicals|Shanghai Titan Scientific|Sigma-Aldrich|Sinfoo Biotech|SLING Consortium|Small Molecule Screening Facility, UW Madison|Smolecule|Specs|Springer Nature|Starshine Chemical|SureChEMBL|SynHet - Synthetic Heterocycles|Syntree|TargetMol|TCI (Tokyo Chemical Industry)|THE BioTek|Thermo Fisher Scientific|Thieme Chemistry|Thomson Pharma|Thoreauchem|TimTec|Tocris Bioscience|ToxPlanet|Tractus|UCSC Chemical Screening Center|University of Kansas High Throughput Screening Laboratory|Vitas-M Laboratory|VladaChem|Wikidata|Wiley|Win-Win Chemical|Wubei-Biochem|Wutech|Yick-Vic Chemicals & Pharmaceuticals (HK) Ltd.|Yuhao Chemical|ZeroPM - Zero Pollution of Persistent, Mobile Substances|ZINC
Astaxanthin;CC1=C(C(C[C@@H](C1=O)O)(C)C)/C=C/C(=C/C=C/C(=C/C=C/C=C(/C=C/C=C(/C=C/C2=C(C(=O)[C@H](CC2(C)C)O)C)\C)\C)/C)/C;001Chemical|10X CHEM|3WAY PHARM INC|A2B Chem|AA BLOCKS|Aaron Chemicals LLC|AbaChemScene|abcr GmbH|Abe Lab, University of Texas MD Anderson Cancer Center|ABI Chem|Accela ChemBio Inc.|Achemtek|Acmec Biochemical|Acorn PharmaTech Product List|Activate Scientific|AHH Chemical co.,ltd|AiFChem, an XtalPi Company|AKos Consulting & Solutions|Aladdin Scientific|Alfa Chemistry|Amadis Chemical|Ambeed|AppChem|AstaTech, Inc.|AvaChem Scientific|BenchChem|BioChemPartner|BioCyc|Biorbyt|BLD Pharm|BOC Sciences|Boerchem|Broad Institute|CATO Research Chemicals Inc.|CD Formulation|Center for Chemical Genomics, University of Michigan|ChEBI|Chem-Space.com Database|Chembase.cn|ChEMBL|ChemExper Chemical Directory|ChemFaces|Chemical Carcinogenesis Research Information System (CCRIS)|ChemIDplus|Chemieliva Pharmaceutical Co., Ltd|Cheminformatics Friedrich-Schiller-University Jena|ChemMol|ChemoSapiens|ChemSpider|Chen Lab, School of Medicine, Emory University|Clearsynth|Collaborative Drug Discovery, Inc.|Combi-Blocks|CSNpharm|CymitQuimica|Davey Lab, Department of Microbiology, NEIDL, Boston University|DC Chemicals|DempoChem|DiscoveryGate|DrugBank|Egon Willighagen, Department of Bioinformatics - BiGCaT, Maastricht University|eMolecules|eNovation Chemicals|EPA DSSTox|FDA Global Substance Registration System (GSRS)|Glentham Life Sciences Ltd.|Google Patents|Gulick Lab, Department of Structural Biology, University at Buffalo|Hangzhou APIChem Technology|Human Metabolome Database (HMDB)|IBM|ICCB-Longwood Screening Facility, Harvard Medical School|iChemical Technology USA Inc|InvivoChem|ISpharm|J&H Chemical Co.,ltd|Japan Chemical Substance Dictionary (Nikkaji)|KEGG|Key Organics/BIONET|LabNetwork, a WuXi AppTec Company|labseeker|LGC Standards|LIPID MAPS|MassBank of North America (MoNA)|Mcule|MedChemexpress MCE|Metabolomics Workbench|MolGenie|Molport|MuseChem|Nature Science Technologies Ltd|NextBio|NextMove Software|NIST Mass Spectrometry Data Center|NORMAN Suspect List Exchange|Oakwood Products|OChem|Parchem|PATENTSCOPE (WIPO)|Phion Ltd|Probes & Drugs portal|Protein Data Bank in Europe (PDBe)|PubChem Reference Collection|Race Chemical|SCRIPDB|Selleck Chemicals|Shanghai Titan Scientific|Sigma-Aldrich|SMID|Smolecule|Springer Nature|Starshine Chemical|SureChEMBL|TargetMol|THE BioTek|Thomson Pharma|ToxPlanet|TripleBond|Wikidata|WikiPathways|Win-Win Chemical|Wubei-Biochem|Yick-Vic Chemicals & Pharmaceuticals (HK) Ltd.|Yuhao Chemical|ZeroPM - Zero Pollution of Persistent, Mobile Substances|ZINC
S-Adenosylmethionine;C[S+](CC[C@@H](C(=O)[O-])N)C[C@@H]1[C@H]([C@H]([C@@H](O1)N2C=NC3=C(N=CN=C32)N)O)O;10X CHEM|3WAY PHARM INC|A2B Chem|AA BLOCKS|Aaron Chemicals LLC|AbaChemScene|ABI Chem|AbMole Bioscience|AbovChem LLC|Accel Scientific|Accela ChemBio Inc.|Activate Scientific|AEchem Scientific Corp., USA|AHH Chemical co.,ltd|AiFChem, an XtalPi Company|AKos Consulting & Solutions|Aladdin Scientific|Alfa Chemistry|Amadis Chemical|Ambeed|AN PharmaTech|AppChem|Aribo Reagent|AstaTech, Inc.|BenchChem|BIND|BindingDB|Biorbyt|Biosynth|BLD Pharm|BOC Sciences|Boerchem|CATO Research Chemicals Inc.|CCSbase|Center for Chemical Genomics, University of Michigan|Changzhou Highassay Chemical Co., Ltd|ChEBI|Chem-Space.com Database|Chembase.cn|ChEMBL|ChemFaces|Chemical Carcinogenesis Research Information System (CCRIS)|ChemIDplus|Chemieliva Pharmaceutical Co., Ltd|Cheminformatics Friedrich-Schiller-University Jena|ChemMol|Chemodex Ltd.|ChemoSapiens|ChemSpider|Clearsynth|Combi-Blocks|Comparative Toxicogenomics Database (CTD)|CSNpharm|CymitQuimica|DC Chemicals|Debye Scientific Co., Ltd|DiscoveryGate|DrugBank|DrugCentral|ECI Group, LCSB, University of Luxembourg|Egon Willighagen, Department of Bioinformatics - BiGCaT, Maastricht University|Elsa Biotechnology|eMolecules|Enamine|eNovation Chemicals|EPA DSSTox|EvitaChem|FDA Global Substance Registration System (GSRS)|Google Patents|Hangzhou APIChem Technology|InvivoChem|J&H Chemical Co.,ltd|KEGG|Key Organics/BIONET|LabNetwork, a WuXi AppTec Company|LeadScope|MassBank of North America (MoNA)|Mcule|MedChemexpress MCE|Molepedia|MolGenie|Molport|MuseChem|National Center for Advancing Translational Sciences (NCATS)|Nature Chemical Biology|NewCan Biotech|NextBio|NextMove Software|NIAID ChemDB|NORMAN Suspect List Exchange|NovoSeek|PATENTSCOPE (WIPO)|Probes & Drugs portal|Protein Data Bank in Europe (PDBe)|Prous Science Drugs of the Future|PubChem Reference Collection|Santa Cruz Biotechnology, Inc.|Shanghai Titan Scientific|SMID|Springer Nature|Starshine Chemical|SureChEMBL|TargetMol|Therapeutic Target Database (TTD)|Thomson Pharma|ToxPlanet|Tractus|Wikidata|WikiPathways|Win-Win Chemical|Wubei-Biochem|Yick-Vic Chemicals & Pharmaceuticals (HK) Ltd.|Yuhao Chemical|ZeroPM - Zero Pollution of Persistent, Mobile Substances
Phytate;C1(C(C(C(C(C1OP(=O)(O)O)OP(=O)(O)O)OP(=O)(O)O)OP(=O)(O)O)OP(=O)(O)O)OP(=O)(O)O;001Chemical|10X CHEM|1st Scientific|3WAY PHARM INC|A2B Chem|AA BLOCKS|AAA Chemistry|Aaron Chemicals LLC|AbaChemScene|abcr GmbH|ABI Chem|AbMole Bioscience|Acadechem|Accel Scientific|Accela ChemBio Inc.|Achemtek|Acmec Biochemical|Acorn PharmaTech Product List|Activate Scientific|Adooq BioScience|AEchem Scientific Corp., USA|AgroIntelBioScan.com|AHH Chemical co.,ltd|AiFChem, an XtalPi Company|AK Scientific, Inc. (AKSCI)|AKos Consulting & Solutions|Aladdin Scientific|Alfa Chemistry|Alichem|Amadis Chemical|Ambeed|Ambinter|AN PharmaTech|Angene Chemical|ApexBio Technology|AppChem|Aribo Reagent|Ark Pharm, Inc.|Assembly Blocks Pvt. Ltd.|AstaTech, Inc.|Aurora Fine Chemicals LLC|Aurum Pharmatech LLC|AvaChem Scientific|BenchChem|BePharm Ltd.|BIND|Biocore|BioCrick|BioCyc|Biopurify Phytochemicals|Biorbyt|Biosynth|BLD Pharm|BOC Sciences|Broad Institute|Calbiochem|CAPOT|CATO Research Chemicals Inc.|CCSbase|CD Formulation|Center for Chemical Genomics, University of Michigan|ChEBI|Chem-Impex|Chem-Space.com Database|ChemBank|Chembase.cn|ChEMBL|ChemDB|Chemenu Inc.|ChemExper Chemical Directory|ChemFaces|Chemical Carcinogenesis Research Information System (CCRIS)|ChemIDplus|Chemieliva Pharmaceutical Co., Ltd|Cheminformatics Friedrich-Schiller-University Jena|ChemMol|ChemoSapiens|ChemSpider|ChemTik|Clearsynth|Collaborative Drug Discovery, Inc.|Combi-Blocks|Cooke Chemical Co., Ltd|CSNpharm|CymitQuimica|Davey Lab, Department of Microbiology, NEIDL, Boston University|DC Chemicals|Debye Scientific Co., Ltd|DiscoveryGate|DrugBank|DrugCentral|DTP/NCI|ECI Group, LCSB, University of Luxembourg|Egon Willighagen, Department of Bioinformatics - BiGCaT, Maastricht University|Elsa Biotechnology|EMD Millipore|eMolecules|Enamine|eNovation Chemicals|EPA DSSTox|EPA Substance Registry Services|EvitaChem|FDA Global Substance Registration System (GSRS)|Finetech Industry Limited|Fluorochem|Founder Pharma|Glentham Life Sciences Ltd.|Google Patents|Hairui Chemical|Hangzhou APIChem Technology|Human Metabolome Database (HMDB)|Hunan Huateng Pharmaceutical Co., Ltd.|IBM|iChemical Technology USA Inc|Immune Epitope Database (IEDB)|InvivoChem|ISpharm|J&H Chemical Co.,ltd|Jamson Pharmachem Technology|Japan Chemical Substance Dictionary (Nikkaji)|KEGG|Key Organics/BIONET|King Scientific|Kingston Chemistry|labseeker|LeadScope|LEAPCHEM|LGC Standards|MassBank of North America (MoNA)|Matrix Scientific|Mcule|MedChemexpress MCE|Metabolomics Workbench|MolCore|Molecule Market|Molepedia|MolGenie|Molport|MP Biomedicals|MTDP|MuseChem|National Center for Advancing Translational Sciences (NCATS)|Nature Chemical Biology|NCBI Structure|NextBio|NextMove Software|NIAID ChemDB|NIST Mass Spectrometry Data Center|NORMAN Suspect List Exchange|NovoSeek|Nutritional Improvement of Crops, International Centre for Genetic Engineering and Biotechnology (ICGEB) - New Delhi|Oakwood Products|OChem|OXCHEM CORPORATION|Parchem|PATENTSCOPE (WIPO)|Pi Chemicals|Probes & Drugs portal|Protein Data Bank in Europe (PDBe)|PubChem Reference Collection|RR Scientific|Santa Cruz Biotechnology, Inc.|SCRIPDB|Selleck Chemicals|Shanghai Institute of Organic Chemistry|Shanghai Titan Scientific|Sigma-Aldrich|SMID|Smolecule|Springer Nature|Starshine Chemical|SureChEMBL|Syntree|TargetMol|TCI (Tokyo Chemical Industry)|THE BioTek|The Scripps Research Institute Molecular Screening Center|Therapeutic Target Database (TTD)|Thermo Fisher Scientific|Thomson Pharma|ToxPlanet|University of Kansas High Throughput Screening Laboratory|Vesino Industrial Co., Ltd|VladaChem|Wikidata|WikiPathways|Wilshire Technologies|Win-Win Chemical|Wubei-Biochem|Wutech|Yick-Vic Chemicals & Pharmaceuticals (HK) Ltd.|Yuhao Chemical|ZeroPM - Zero Pollution of Persistent, Mobile Substances|ZINC
Nobiletin;COC1=C(C=C(C=C1)C2=CC(=O)C3=C(O2)C(=C(C(=C3OC)OC)OC)OC)OC;001Chemical|10X CHEM|3WAY PHARM INC|A2B Chem|AA BLOCKS|AAA Chemistry|Aaron Chemicals LLC|AbaChemScene|abcr GmbH|Abe Lab, University of Texas MD Anderson Cancer Center|ABI Chem|AbMole Bioscience|AbovChem LLC|Accel Scientific|Achemo Scientific Limited|Achemtek|Acmec Biochemical|Acorn PharmaTech Product List|Activate Scientific|Adooq BioScience|AEchem Scientific Corp., USA|AHH Chemical co.,ltd|AK Scientific, Inc. (AKSCI)|AKos Consulting & Solutions|Alfa Chemistry|Amadis Chemical|Ambeed|Ambinter|AN PharmaTech|Angel Pharmatech Ltd.|Anward|ApexBio Technology|AppChem|Ark Pharm, Inc.|Ark Pharma Scientific Limited|AstaTech, Inc.|Aurora Fine Chemicals LLC|AvaChem Scientific|BenchChem|BindingDB|BioCrick|Biopurify Phytochemicals|Biorbyt|Biosynth|BLD Pharm|BOC Sciences|Boerchem|Boone Lab, Chemical Genomics, University of Toronto|Broad Institute|Burnham Center for Chemical Genomics|C. David Weaver Laboratory, Vanderbilt University|CATO Research Chemicals Inc.|CCSbase|Center for Chemical Genomics, University of Michigan|ChEBI|Chem-Impex|Chem-Space.com Database|ChemBank|Chembase.cn|ChEMBL|ChemDB|ChemFaces|Chemical Carcinogenesis Research Information System (CCRIS)|chemical genetic matrix|ChemIDplus|Chemieliva Pharmaceutical Co., Ltd|Cheminformatics Friedrich-Schiller-University Jena|ChemMol|ChemoSapiens|ChemShuttle|ChemSpider|ChemTik|Chen Lab, School of Medicine, Emory University|Clearsynth|Collaborative Drug Discovery, Inc.|Combi-Blocks|Comparative Toxicogenomics Database (CTD)|Cooke Chemical Co., Ltd|Crystallography Open Database (COD)|CSNpharm|CymitQuimica|Davey Lab, Department of Microbiology, NEIDL, Boston University|DC Chemicals|Debye Scientific Co., Ltd|DiscoveryGate|DTP/NCI|Egon Willighagen, Department of Bioinformatics - BiGCaT, Maastricht University|eMolecules|Emory University Molecular Libraries Screening Center|eNovation Chemicals|EPA DSSTox|FDA Global Substance Registration System (GSRS)|Finetech Industry Limited|Fisher Drug Discovery Resource Center|Glentham Life Sciences Ltd.|Google Patents|Gulick Lab, Department of Structural Biology, University at Buffalo|Guri Giaever, Pharmaceutical Sciences, University of British Columbia|Hairui Chemical|Hangzhou APIChem Technology|Horrigan Lab, Baylor College of Medicine|Human Metabolome Database (HMDB)|IBM|ICCB-Longwood Screening Facility, Harvard Medical School|iChemical Technology USA Inc|InvivoChem|ISpharm|IUPHAR/BPS Guide to PHARMACOLOGY|J&H Chemical Co.,ltd|Japan Chemical Substance Dictionary (Nikkaji)|KEGG|Key Organics/BIONET|LabNetwork, a WuXi AppTec Company|labseeker|LeadScope|LGC Standards|LIPID MAPS|MassBank of North America (MoNA)|Mcule|MedChemexpress MCE|Metabolomics Workbench|Milwaukee Institute for Drug Discovery|MLSMR|MolCore|Molecule Market|Molepedia|MolGenie|Molport|MuseChem|National Center for Advancing Translational Sciences (NCATS)|Nature Science Technologies Ltd|NextBio|NextMove Software|NIAID ChemDB|NIH Clinical Collection|NIST Chemistry WebBook|NIST Mass Spectrometry Data Center|NORMAN Suspect List Exchange|NovoSeek|Oakwood Products|ORST SMALL MOLECULE SCREENING CENTER|PATENTSCOPE (WIPO)|Pi Chemicals|Probes & Drugs portal|PubChem Reference Collection|Race Chemical|RR Scientific|Santa Cruz Biotechnology, Inc.|SCRIPDB|Selleck Chemicals|Shanghai Titan Scientific|Sigma-Aldrich|Small Molecule Screening Facility, UW Madison|Smolecule|Specs|Springer Nature|Starshine Chemical|SureChEMBL|SynHet - Synthetic Heterocycles|Syntech Labs|TargetMol|TCI (Tokyo Chemical Industry)|THE BioTek|The Scripps Research Institute Molecular Screening Center|Thieme Chemistry|Thomson Pharma|ToxPlanet|Tractus|TripleBond|UCSC Chemical Screening Center|University of Iowa High-Throughput Screening Core (UIHTS)|University of Kansas High Throughput Screening Laboratory|Vitas-M Laboratory|Wikidata|Wubei-Biochem|Yick-Vic Chemicals & Pharmaceuticals (HK) Ltd.|ZINC
Acitretin;CC1=CC(=C(C(=C1/C=C/C(=C/C=C/C(=C/C(=O)O)/C)/C)C)C)OC;001Chemical|10X CHEM|3WAY PHARM INC|A2B Chem|AA BLOCKS|Aaron Chemicals LLC|AbaChemScene|ABBLIS Chemicals|abcr GmbH|ABI Chem|AbMole Bioscience|AbovChem LLC|Accel Scientific|Accela ChemBio Inc.|Achemo Scientific Limited|Achemtek|Acmec Biochemical|Acorn PharmaTech Product List|Activate Scientific|Active Biopharma|Adooq BioScience|AHH Chemical co.,ltd|AK Scientific, Inc. (AKSCI)|AKos Consulting & Solutions|Aladdin Scientific|Alfa Chemistry|Alsachim|Amadis Chemical|Ambeed|Ambinter|AN PharmaTech|ApexBio Technology|AppChem|Assembly Blocks Pvt. Ltd.|AstaTech, Inc.|Aurora Fine Chemicals LLC|AvaChem Scientific|BenchChem|BIDD|BindingDB|BioChemPartner|BioCrick|Biorbyt|Biosynth|BLD Pharm|BOC Sciences|Boerchem|Broad Institute|C. David Weaver Laboratory, Vanderbilt University|CATO Research Chemicals Inc.|Center for Chemical Genomics, University of Michigan|Changzhou Highassay Chemical Co., Ltd|ChEBI|Chem-Space.com Database|ChemBank|Chembase.cn|ChEMBL|ChemFaces|Chemical Carcinogenesis Research Information System (CCRIS)|ChemIDplus|Chemieliva Pharmaceutical Co., Ltd|ChemMol|ChemoSapiens|ChemShuttle|ChemSpider|Clinivex|Collaborative Drug Discovery, Inc.|CSNpharm|CymitQuimica|Davey Lab, Department of Microbiology, NEIDL, Boston University|Debye Scientific Co., Ltd|DiscoveryGate|Drug Induced Liver Injury Rank (DILIrank) Dataset|DrugBank|DrugCentral|Egon Willighagen, Department of Bioinformatics - BiGCaT, Maastricht University|eMolecules|Enamine|eNovation Chemicals|EPA DSSTox|FDA Global Substance Registration System (GSRS)|Finetech Industry Limited|Fisher Drug Discovery Resource Center|Fluorochem|Glentham Life Sciences Ltd.|Glixx Labs Inc|Google Patents|Hangzhou APIChem Technology|Hefei Hirisun Pharmatech Co., Ltd|Horrigan Lab, Baylor College of Medicine|Human Metabolome Database (HMDB)|IBM|ICCB-Longwood Screening Facility, Harvard Medical School|InvivoChem|IUPHAR/BPS Guide to PHARMACOLOGY|J&H Chemical Co.,ltd|Japan Chemical Substance Dictionary (Nikkaji)|KEGG|Key Organics/BIONET|LabNetwork, a WuXi AppTec Company|labseeker|LeadScope|LGC Standards|MassBank of North America (MoNA)|Mcule|MedChemexpress MCE|Midas Pharma GmbH|Milwaukee Institute for Drug Discovery|MLSMR|Molepedia|MolGenie|Molport|MuseChem|National Center for Advancing Translational Sciences (NCATS)|NextBio|NextMove Software|NIAID ChemDB|NIH Clinical Collection|NIH/NCATS RNAi|NIST Mass Spectrometry Data Center|NORMAN Suspect List Exchange|NovoSeek|OChem|PATENTSCOPE (WIPO)|Phion Ltd|Pi Chemicals|Probes & Drugs portal|Prous Science Drugs of the Future|PubChem Reference Collection|Race Chemical|RR Scientific|Santa Cruz Biotechnology, Inc.|SCRIPDB|Selleck Chemicals|Shanghai Titan Scientific|Sigma-Aldrich|Small Molecule Screening Facility, UW Madison|Smolecule|Southern Research Institute|Springer Nature|Starshine Chemical|SureChEMBL|SynHet - Synthetic Heterocycles|TargetMol|TCI (Tokyo Chemical Industry)|THE BioTek|The Scripps Research Institute Molecular Screening Center|Therapeutic Target Database (TTD)|Thieme Chemistry|Thomson Pharma|Tox21|ToxPlanet|UCSC Chemical Screening Center|University of Kansas High Throughput Screening Laboratory|Vitas-M Laboratory|Wikidata|Wiley|Win-Win Chemical|Wutech|Yick-Vic Chemicals & Pharmaceuticals (HK) Ltd.|Yuhao Chemical|ZeroPM - Zero Pollution of Persistent, Mobile Substances|ZINC
Tert-Butylhydroquinone;CC(C)(C)C1=C(C=CC(=C1)O)O;001Chemical|10X CHEM|3WAY PHARM INC|A&J Pharmtech CO., LTD.|A2B Chem|AA BLOCKS|Aaron Chemicals LLC|AbaChemScene|abcr GmbH|ABI Chem|AbMole Bioscience|AbovChem LLC|Acadechem|Accel Scientific|Accela ChemBio Inc.|Achemica|Achemo Scientific Limited|Achemtek|Activate Scientific|AHH Chemical co.,ltd|AiFChem, an XtalPi Company|AK Scientific, Inc. (AKSCI)|AKos Consulting & Solutions|Aladdin Scientific|Alfa Chemistry|Alichem|Amadis Chemical|Ambeed|Ambinter|AN PharmaTech|Angene Chemical|Anward|AppChem|Aribo Reagent|Ark Pharm, Inc.|AstaTech, Inc.|Aurora Fine Chemicals LLC|Aurum Pharmatech LLC|Baker Lab, Chemistry Department, The University of North Carolina at Chapel Hill|BenchChem|BePharm Ltd.|Bic Biotech|BindingDB|Biocore|Biorbyt|Biosynth|BLD Pharm|BOC Sciences|Boerchem|Broad Institute|CAPOT|Carcinogenic Potency Database (CPDB)|Career Henan Chemical Co|CATO Research Chemicals Inc.|Center for Chemical Genomics, University of Michigan|ChEBI|Chem-Space.com Database|ChemBank|Chembase.cn|ChEMBL|ChemDB|ChemExper Chemical Directory|Chemical Carcinogenesis Research Information System (CCRIS)|ChemIDplus|Chemieliva Pharmaceutical Co., Ltd|Cheminformatics Friedrich-Schiller-University Jena|ChemMol|ChemoSapiens|ChemSpider|ChemTik|China MainChem Co., Ltd|Clearsynth|Collaborative Drug Discovery, Inc.|Combi-Blocks|Comparative Toxicogenomics Database (CTD)|Cooke Chemical Co., Ltd|Crystallography Open Database (COD)|CSNpharm|CymitQuimica|DC Chemicals|Debye Scientific Co., Ltd|DiscoveryGate|DrugBank|DTP/NCI|Egon Willighagen, Department of Bioinformatics - BiGCaT, Maastricht University|eInhibitors|Elsa Biotechnology|eMolecules|Emory University Molecular Libraries Screening Center|Enamine|eNovation Chemicals|EPA DSSTox|EPA Substance Registry Services|FDA Global Substance Registration System (GSRS)|Finetech Industry Limited|Fluorochem|Fondchemical Limited|Founder Pharma|Glentham Life Sciences Ltd.|Google Patents|Hairui Chemical|Hangzhou APIChem Technology|Human Metabolome Database (HMDB)|IBM|iChemical Technology USA Inc|ISpharm|J&H Chemical Co.,ltd|Jamson Pharmachem Technology|Japan Chemical Substance Dictionary (Nikkaji)|Key Organics/BIONET|King Scientific|LabNetwork, a WuXi AppTec Company|LeadScope|LEAPCHEM|LGC Standards|Life Chemicals|MassBank of North America (MoNA)|Matrix Scientific|Mcule|MedChemexpress MCE|Metabolomics Workbench|MLSMR|MolCore|Molecular Libraries Program, Specialized Chemistry Center, University of Kansas|Molepedia|MolGenie|Molport|MTDP|MuseChem|National Center for Advancing Translational Sciences (NCATS)|NCBI Structure|NextBio|NextMove Software|NIST Chemistry WebBook|NIST Mass Spectrometry Data Center|NORMAN Suspect List Exchange|NovoSeek|Oakwood Products|OXCHEM CORPORATION|Parchem|PATENTSCOPE (WIPO)|PDSP|Phion Ltd|Pi Chemicals|Probes & Drugs portal|Protein Data Bank in Europe (PDBe)|PubChem Reference Collection|RR Scientific|Santa Cruz Biotechnology, Inc.|SCRIPDB|Selleck Chemicals|Shanghai Titan Scientific|Sigma-Aldrich|Sinfoo Biotech|Sinofi Ingredients|Smolecule|Springer Nature|Starshine Chemical|SureChEMBL|SynHet - Synthetic Heterocycles|Syntree|TargetMol|TCI (Tokyo Chemical Industry)|THE BioTek|Therapeutic Target Database (TTD)|Thermo Fisher Scientific|Thieme Chemistry|Thomson Pharma|Thoreauchem|TimTec|Tox21|ToxPlanet|Tractus|U-M Center for Drug Repurposing|University of Kansas High Throughput Screening Laboratory|Vitas-M Laboratory|VladaChem|VWR, Part of Avantor|Wikidata|Wiley|Win-Win Chemical|Wubei-Biochem|Wutech|xPharm: The Comprehensive Pharmacology Reference|Yick-Vic Chemicals & Pharmaceuticals (HK) Ltd.|Yuhao Chemical|ZeroPM - Zero Pollution of Persistent, Mobile Substances|ZINC
Bilirubin;CC1=C(NC(=C1CCC(=O)O)CC2=C(C(=C(N2)/C=C\3/C(=C(C(=O)N3)C)C=C)C)CCC(=O)O)/C=C\4/C(=C(C(=O)N4)C=C)C;001Chemical|A2B Chem|AA BLOCKS|Aaron Chemicals LLC|AbaChemScene|abcr GmbH|Abe Lab, University of Texas MD Anderson Cancer Center|ABI Chem|AbMole Bioscience|Accel Scientific|Accela ChemBio Inc.|Achemtek|Acmec Biochemical|Acorn PharmaTech Product List|Activate Scientific|AEchem Scientific Corp., USA|AgroIntelBioScan.com|AHH Chemical co.,ltd|AKos Consulting & Solutions|Aladdin Scientific|Alfa Chemistry|Alinda Chemical Trade Company Ltd|Amadis Chemical|Ambeed|Ambinter|Aribo Reagent|AstaTech, Inc.|Aurora Fine Chemicals LLC|BenchChem|BindingDB|BioChemPartner|BioCyc|Biological Magnetic Resonance Data Bank (BMRB)|Biorbyt|Biosynth|BLD Pharm|BOC Sciences|Burnham Center for Chemical Genomics|CATO Research Chemicals Inc.|CCSbase|Center for Chemical Genomics, University of Michigan|ChEBI|Chem-Space.com Database|ChemBank|Chembase.cn|ChEMBL|ChemFaces|Chemical Carcinogenesis Research Information System (CCRIS)|chemical genetic matrix|ChemIDplus|Chemieliva Pharmaceutical Co., Ltd|ChemMol|ChemoSapiens|ChemSpider|Chen Lab, School of Medicine, Emory University|Clearsynth|Clinivex|Collaborative Drug Discovery, Inc.|Combi-Blocks|Comparative Toxicogenomics Database (CTD)|CSNpharm|CymitQuimica|DC Chemicals|DiscoveryGate|ECI Group, LCSB, University of Luxembourg|Egon Willighagen, Department of Bioinformatics - BiGCaT, Maastricht University|eMolecules|Emory University Molecular Libraries Screening Center|eNovation Chemicals|EPA DSSTox|EvitaChem|FDA Global Substance Registration System (GSRS)|Finetech Industry Limited|Fisher Drug Discovery Resource Center|Fluorochem|Genetic Toxicology Data Bank (GENE-TOX)|Glentham Life Sciences Ltd.|Google Patents|Gulick Lab, Department of Structural Biology, University at Buffalo|Hangzhou APIChem Technology|Hangzhou Trylead Chemical Technology|Human Metabolome Database (HMDB)|iChemical Technology USA Inc|InvivoChem|ISpharm|IUPHAR/BPS Guide to PHARMACOLOGY|J&H Chemical Co.,ltd|Japan Chemical Substance Dictionary (Nikkaji)|KEGG|LabNetwork, a WuXi AppTec Company|labseeker|LeadScope|LGC Standards|MassBank Europe|MassBank of North America (MoNA)|Matrix Scientific|Mcule|MedChemexpress MCE|Metabolomics Workbench|MolGenie|Molport|MuseChem|National Center for Advancing Translational Sciences (NCATS)|Nature Science Technologies Ltd|NCBI Structure|NextBio|NextMove Software|NIST Mass Spectrometry Data Center|NORMAN Suspect List Exchange|NovoSeek|OChem|ORST SMALL MOLECULE SCREENING CENTER|Parchem|PATENTSCOPE (WIPO)|Phion Ltd|Pi Chemicals|Probes & Drugs portal|Protein Data Bank in Europe (PDBe)|PubChem Reference Collection|RR Scientific|Santa Cruz Biotechnology, Inc.|SCRIPDB|Selleck Chemicals|SGCOxCompounds|Shanghai Titan Scientific|Sigma-Aldrich|SLING Consortium|Small Molecule Screening Facility, UW Madison|Smolecule|Springer Nature|Starshine Chemical|SureChEMBL|Syntech Labs|TargetMol|TCI (Tokyo Chemical Industry)|THE BioTek|The Scripps Research Institute Molecular Screening Center|Therapeutic Target Database (TTD)|Thieme Chemistry|Thomson Pharma|ToxPlanet|University of Iowa High-Throughput Screening Core (UIHTS)|University of Kansas High Throughput Screening Laboratory|Vesino Industrial Co., Ltd|Vitas-M Laboratory|VladaChem|VWR, Part of Avantor|West Coast Metabolomics Center-UC Davis|Wikidata|WikiPathways|Wiley|Win-Win Chemical|Yick-Vic Chemicals & Pharmaceuticals (HK) Ltd.|Yuhao Chemical|ZeroPM - Zero Pollution of Persistent, Mobile Substances|ZINC
Rosmarinic Acid;C1=CC(=C(C=C1C[C@H](C(=O)O)OC(=O)/C=C/C2=CC(=C(C=C2)O)O)O)O;001Chemical|10X CHEM|3WAY PHARM INC|A&J Pharmtech CO., LTD.|A2B Chem|AA BLOCKS|Aaron Chemicals LLC|AbaChemScene|abcr GmbH|Abe Lab, University of Texas MD Anderson Cancer Center|ABI Chem|AbMole Bioscience|AbovChem LLC|Accel Scientific|Accela ChemBio Inc.|Achemtek|Acorn PharmaTech Product List|AEchem Scientific Corp., USA|AHH Chemical co.,ltd|AiFChem, an XtalPi Company|AK Scientific, Inc. (AKSCI)|AKos Consulting & Solutions|Aladdin Scientific|Alfa Chemistry|Amadis Chemical|Ambeed|AN PharmaTech|ApexBio Technology|AppChem|Aribo Reagent|AstaTech, Inc.|Aurora Fine Chemicals LLC|AvaChem Scientific|BenchChem|BindingDB|BioCyc|Biological Magnetic Resonance Data Bank (BMRB)|Biopurify Phytochemicals|Biorbyt|Biosynth|BLD Pharm|BOC Sciences|Broad Institute|CATO Research Chemicals Inc.|CCSbase|Center for Chemical Genomics, University of Michigan|ChEBI|Chem-Space.com Database|ChemBank|Chembase.cn|ChEMBL|Chemenu Inc.|ChemFaces|ChemFish Tokyo Co., Ltd.|Chemical Carcinogenesis Research Information System (CCRIS)|ChemIDplus|Chemieliva Pharmaceutical Co., Ltd|Cheminformatics Friedrich-Schiller-University Jena|ChemMol|ChemoSapiens|ChemShuttle|ChemSpider|Chen Lab, School of Medicine, Emory University|Collaborative Drug Discovery, Inc.|Combi-Blocks|Comparative Toxicogenomics Database (CTD)|CSNpharm|CymitQuimica|Davey Lab, Department of Microbiology, NEIDL, Boston University|DC Chemicals|DiscoveryGate|Egon Willighagen, Department of Bioinformatics - BiGCaT, Maastricht University|eMolecules|Enamine|eNovation Chemicals|EPA DSSTox|EvitaChem|FDA Global Substance Registration System (GSRS)|Finetech Industry Limited|Glentham Life Sciences Ltd.|Golm Metabolome Database (GMD), Max Planck Institute of Molecular Plant Physiology|Google Patents|Gulick Lab, Department of Structural Biology, University at Buffalo|Hangzhou APIChem Technology|Herbest Bio-Tech|Human Metabolome Database (HMDB)|Hunan Chemfish Pharmaceutical Co., Ltd.|ICCB-Longwood Screening Facility, Harvard Medical School|iChemical Technology USA Inc|Innovapharm|InvivoChem|ISpharm|J&H Chemical Co.,ltd|Japan Chemical Substance Dictionary (Nikkaji)|KEGG|Key Organics/BIONET|LabNetwork, a WuXi AppTec Company|labseeker|Lancrix Chemicals|LeadScope|LGC Standards|Life Chemicals|MassBank Europe|MassBank of North America (MoNA)|Mcule|MedChemexpress MCE|Metabolomics Workbench|MLSMR|MolGenie|Molport|MuseChem|National Center for Advancing Translational Sciences (NCATS)|Nature Science Technologies Ltd|NCBI Structure|NextBio|NextMove Software|NIAID ChemDB|NORMAN Suspect List Exchange|Novartis Institutes for BioMedical Research|NovoSeek|OChem|Paczesny and Yang Labs, IUPUI and University of Michigan|Parchem|PATENTSCOPE (WIPO)|Phion Ltd|Pi Chemicals|Probes & Drugs portal|Protein Data Bank in Europe (PDBe)|Prous Science Drugs of the Future|PubChem Reference Collection|R&D Chemicals|Race Chemical|Santa Cruz Biotechnology, Inc.|SCRIPDB|Selleck Chemicals|Shanghai Titan Scientific|Sigma-Aldrich|Smolecule|Springer Nature|SpringerMaterials|Starshine Chemical|SureChEMBL|SynHet - Synthetic Heterocycles|TargetMol|THE BioTek|The Scripps Research Institute Molecular Screening Center|Therapeutic Target Database (TTD)|Thomson Pharma|Tocris Bioscience|ToxPlanet|VladaChem|Wikidata|Yick-Vic Chemicals & Pharmaceuticals (HK) Ltd.|Yuhao Chemical|ZeroPM - Zero Pollution of Persistent, Mobile Substances|ZINC
delta-Gluconolactone;C([C@@H]1[C@H]([C@@H]([C@H](C(=O)O1)O)O)O)O;001Chemical|10X CHEM|3WAY PHARM INC|A&J Pharmtech CO., LTD.|A2B Chem|AA BLOCKS|AAA Chemistry|Aaron Chemicals LLC|AbaChemScene|abcr GmbH|Abe Lab, University of Texas MD Anderson Cancer Center|ABI Chem|AbMole Bioscience|Accel Scientific|Achemtek|Acmec Biochemical|Activate Scientific|AHH Chemical co.,ltd|AiFChem, an XtalPi Company|AKos Consulting & Solutions|Aladdin Scientific|Alfa Chemistry|Alichem|Amadis Chemical|Ambeed|AN PharmaTech|AppChem|AstaTech, Inc.|Aurora Fine Chemicals LLC|Aurum Pharmatech LLC|BenchChem|BePharm Ltd.|Bic Biotech|BindingDB|BioCyc|Biological Magnetic Resonance Data Bank (BMRB)|Biorbyt|BLD Pharm|BOC Sciences|Boerchem|CATO Research Chemicals Inc.|CCSbase|ChEBI|Chem-Space.com Database|Chembase.cn|ChEMBL|Chemenu Inc.|ChemIDplus|Chemieliva Pharmaceutical Co., Ltd|Cheminformatics Friedrich-Schiller-University Jena|ChemMol|ChemoSapiens|ChemSpider|Chen Lab, School of Medicine, Emory University|China MainChem Co., Ltd|Collaborative Drug Discovery, Inc.|Combi-Blocks|CSNpharm|CymitQuimica|DiscoveryGate|DrugBank|DrugCentral|Egon Willighagen, Department of Bioinformatics - BiGCaT, Maastricht University|Elsa Biotechnology|eMolecules|Enamine|EPA DSSTox|EPA Substance Registry Services|FDA Global Substance Registration System (GSRS)|Fluorochem|Founder Pharma|Glentham Life Sciences Ltd.|GlyTouCan Project|Golm Metabolome Database (GMD), Max Planck Institute of Molecular Plant Physiology|Google Patents|Hangzhou APIChem Technology|Human Metabolome Database (HMDB)|IBM|ICCB-Longwood Screening Facility, Harvard Medical School|iChemical Technology USA Inc|InvivoChem|J&H Chemical Co.,ltd|Japan Chemical Substance Dictionary (Nikkaji)|KEGG|Key Organics/BIONET|King Scientific|LabNetwork, a WuXi AppTec Company|labseeker|LeadScope|LGC Standards|MassBank of North America (MoNA)|Matrix Scientific|Mcule|MedChemexpress MCE|Metabolomics Workbench|Milbrandt Lab, Department of Genetics, Washington University School of Medicine|MLSMR|Molepedia|MolGenie|Molport|MuseChem|Nature Chemical Biology|NCBI Structure|NextBio|NextMove Software|NIAID ChemDB|NORMAN Suspect List Exchange|NovoSeek|Oakwood Products|OXCHEM CORPORATION|PATENTSCOPE (WIPO)|Probes & Drugs portal|Protein Data Bank in Europe (PDBe)|PubChem Reference Collection|Race Chemical|RR Scientific|Santa Cruz Biotechnology, Inc.|SCRIPDB|Shanghai Titan Scientific|Sigma-Aldrich|Sinofi Ingredients|SLING Consortium|Small Molecule Screening Facility, UW Madison|SMID|Smolecule|Springer Nature|SpringerMaterials|SureChEMBL|SynHet - Synthetic Heterocycles|Syntree|TargetMol|TCI (Tokyo Chemical Industry)|THE BioTek|Therapeutic Target Database (TTD)|Thieme Chemistry|Thomson Pharma|Thoreauchem|Tox21|ToxPlanet|VladaChem|Wikidata|WikiPathways|Win-Win Chemical|Wutech|Yick-Vic Chemicals & Pharmaceuticals (HK) Ltd.|Yuhao Chemical|ZeroPM - Zero Pollution of Persistent, Mobile Substances|ZINC
Sapropterin;C[C@@H]([C@@H]([C@H]1CNC2=C(N1)C(=O)NC(=N2)N)O)O;001Chemical|10X CHEM|3WAY PHARM INC|A&J Pharmtech CO., LTD.|A2B Chem|AbaChemScene|abcr GmbH|ABI Chem|AbovChem LLC|Accel Scientific|Ace Therapeutics|Activate Scientific|AHH Chemical co.,ltd|AiFChem, an XtalPi Company|AK Scientific, Inc. (AKSCI)|AKos Consulting & Solutions|Aladdin Scientific|Alfa Chemistry|Amadis Chemical|Ambeed|Ambinter|AN PharmaTech|Angene Chemical|Anward|AppChem|AstaTech, Inc.|Aurora Fine Chemicals LLC|AvaChem Scientific|BenchChem|BePharm Ltd.|BindingDB|BioChemPartner|BioCyc|Biological Magnetic Resonance Data Bank (BMRB)|Biorbyt|Biosynth|BLD Pharm|BOC Sciences|Broad Institute|ChEBI|Chem-Space.com Database|ChemBank|Chembase.cn|ChEMBL|ChemExper Chemical Directory|ChemIDplus|Chemieliva Pharmaceutical Co., Ltd|Cheminformatics Friedrich-Schiller-University Jena|ChemMol|ChemoSapiens|ChemSpider|ChemTik|Clinivex|Collaborative Drug Discovery, Inc.|Combi-Blocks|CSNpharm|CymitQuimica|Davey Lab, Department of Microbiology, NEIDL, Boston University|Debye Scientific Co., Ltd|DempoChem|DiscoveryGate|DrugBank|DrugCentral|Egon Willighagen, Department of Bioinformatics - BiGCaT, Maastricht University|eMolecules|Enamine|eNovation Chemicals|EPA DSSTox|EvitaChem|Excenen Pharmatech|FDA Global Substance Registration System (GSRS)|Founder Pharma|Glentham Life Sciences Ltd.|Glixx Labs Inc|GlyTouCan Project|Golm Metabolome Database (GMD), Max Planck Institute of Molecular Plant Physiology|Google Patents|Hangzhou APIChem Technology|Human Metabolome Database (HMDB)|IBM|ICCB-Longwood Screening Facility, Harvard Medical School|iChemical Technology USA Inc|IUPHAR/BPS Guide to PHARMACOLOGY|J&H Chemical Co.,ltd|Japan Chemical Substance Dictionary (Nikkaji)|KEGG|Key Organics/BIONET|King Scientific|LabNetwork, a WuXi AppTec Company|LGC Standards|MassBank of North America (MoNA)|Matrix Scientific|Mcule|MedChemexpress MCE|Metabolomics Workbench|MLSMR|Molecule Market|Molepedia|MolGenie|Molport|MuseChem|National Center for Advancing Translational Sciences (NCATS)|Nature Chemical Biology|NCBI Structure|NextBio|NextMove Software|NIST Mass Spectrometry Data Center|NORMAN Suspect List Exchange|Novartis Institutes for BioMedical Research|NovoSeek|OChem|OXCHEM CORPORATION|PATENTSCOPE (WIPO)|Pi Chemicals|Probes & Drugs portal|Protein Data Bank in Europe (PDBe)|Prous Science Drugs of the Future|PubChem Reference Collection|Race Chemical|RR Scientific|Santa Cruz Biotechnology, Inc.|SCRIPDB|Selleck Chemicals|Shanghai Titan Scientific|Sigma-Aldrich|Small Molecule Screening Facility, UW Madison|SMID|Smolecule|Springer Nature|Starshine Chemical|SureChEMBL|SynHet - Synthetic Heterocycles|TargetMol|THE BioTek|Therapeutic Target Database (TTD)|Thieme Chemistry|Thomson Pharma|Thoreauchem|Tox21|ToxPlanet|Veeprho|VladaChem|Wikidata|Wiley|Win-Win Chemical|Wubei-Biochem|Yuhao Chemical|ZeroPM - Zero Pollution of Persistent, Mobile Substances|ZINC
Zeaxanthin;CC1=C(C(C[C@@H](C1)O)(C)C)/C=C/C(=C/C=C/C(=C/C=C/C=C(/C=C/C=C(/C=C/C2=C(C[C@H](CC2(C)C)O)C)\C)\C)/C)/C;001Chemical|10X CHEM|1st Scientific|3WAY PHARM INC|A2B Chem|AA BLOCKS|Aaron Chemicals LLC|AbaChemScene|abcr GmbH|ABI Chem|Achemtek|Acorn PharmaTech Product List|ACT Chemical|Activate Scientific|AHH Chemical co.,ltd|AiFChem, an XtalPi Company|AK Scientific, Inc. (AKSCI)|AKos Consulting & Solutions|Aladdin Scientific|Alfa Chemistry|Amadis Chemical|Ambeed|Ambinter|AN PharmaTech|AppChem|AstaTech, Inc.|Aurora Fine Chemicals LLC|AvaChem Scientific|BenchChem|BePharm Ltd.|BioCyc|Biorbyt|Biosynth|BLD Pharm|BOC Sciences|CATO Research Chemicals Inc.|ChEBI|Chem-Space.com Database|Chembase.cn|ChEMBL|ChemFaces|ChemIDplus|Chemieliva Pharmaceutical Co., Ltd|Cheminformatics Friedrich-Schiller-University Jena|ChemMol|ChemoSapiens|ChemSpider|Clinivex|Collaborative Drug Discovery, Inc.|Combi-Blocks|Comparative Toxicogenomics Database (CTD)|CSNpharm|CymitQuimica|DiscoveryGate|DrugBank|DTP/NCI|Egon Willighagen, Department of Bioinformatics - BiGCaT, Maastricht University|eMolecules|Enamine|eNovation Chemicals|EPA DSSTox|FDA Global Substance Registration System (GSRS)|Glentham Life Sciences Ltd.|Golm Metabolome Database (GMD), Max Planck Institute of Molecular Plant Physiology|Google Patents|Human Metabolome Database (HMDB)|InvivoChem|IUPHAR/BPS Guide to PHARMACOLOGY|J&H Chemical Co.,ltd|Japan Chemical Substance Dictionary (Nikkaji)|KEGG|Key Organics/BIONET|LabNetwork, a WuXi AppTec Company|LeadScope|LGC Standards|LIPID MAPS|MassBank of North America (MoNA)|Mcule|MedChemexpress MCE|Metabolomics Workbench|MolGenie|Molport|MuseChem|Nature Chemical Biology|Nature Science Technologies Ltd|NCBI Structure|NextBio|NextMove Software|NIST Mass Spectrometry Data Center|NORMAN Suspect List Exchange|NovoSeek|OChem|Parchem|PATENTSCOPE (WIPO)|Planta Analytica, Inc.|Probes & Drugs portal|PubChem Reference Collection|R&D Chemicals|Race Chemical|Santa Cruz Biotechnology, Inc.|SCRIPDB|Shanghai Titan Scientific|Sigma-Aldrich|Smolecule|Springer Nature|Starshine Chemical|SureChEMBL|TargetMol|THE BioTek|Thieme Chemistry|Thomson Pharma|Tox21|ToxPlanet|Wikidata|WikiPathways|Yick-Vic Chemicals & Pharmaceuticals (HK) Ltd.|ZeroPM - Zero Pollution of Persistent, Mobile Substances|ZINC
N,N'-Dimethylthiourea;CNC(=S)NC;001Chemical|10X CHEM|3WAY PHARM INC|A&J Pharmtech CO., LTD.|A2B Chem|AA BLOCKS|Aaron Chemicals LLC|AbaChemScene|ABBLIS Chemicals|abcr GmbH|ABI Chem|AbMole Bioscience|Acadechem|Accel Scientific|Accela ChemBio Inc.|Achemica|Achemtek|Acmec Biochemical|Acorn PharmaTech Product List|AHH Chemical co.,ltd|AiFChem, an XtalPi Company|AK Scientific, Inc. (AKSCI)|AKos Consulting & Solutions|Aladdin Scientific|Alfa Chemistry|Alichem|Amadis Chemical|Ambeed|AN PharmaTech|Angene Chemical|Anward|AppChem|AstaTech, Inc.|Aurora Fine Chemicals LLC|Aurum Pharmatech LLC|Baker Lab, Chemistry Department, The University of North Carolina at Chapel Hill|BenchChem|Bic Biotech|BindingDB|Biorbyt|Biosynth|BLD Pharm|BOC Sciences|CATO Research Chemicals Inc.|Chem-Space.com Database|Chembase.cn|ChEMBL|ChemDB|Chemenu Inc.|ChemExper Chemical Directory|ChemIDplus|Chemieliva Pharmaceutical Co., Ltd|Cheminformatics Friedrich-Schiller-University Jena|ChemMol|ChemoSapiens|Chemotion|ChemShuttle|ChemSpider|ChemTik|Combi-Blocks|Comparative Toxicogenomics Database (CTD)|Cooke Chemical Co., Ltd|Crystallography Open Database (COD)|CymitQuimica|DC Chemicals|Debye Scientific Co., Ltd|DiscoveryGate|DTP/NCI|Egon Willighagen, Department of Bioinformatics - BiGCaT, Maastricht University|eMolecules|Enamine|eNovation Chemicals|enviPath|EPA DSSTox|EPA Substance Registry Services|FDA Global Substance Registration System (GSRS)|Finetech Industry Limited|Fluorochem|Glentham Life Sciences Ltd.|Google Patents|Hairui Chemical|Human Metabolome Database (HMDB)|IBM|ICCB-Longwood Screening Facility, Harvard Medical School|iChemical Technology USA Inc|InvivoChem|ISpharm|J&H Chemical Co.,ltd|Japan Chemical Substance Dictionary (Nikkaji)|Key Organics/BIONET|King Scientific|LabNetwork, a WuXi AppTec Company|LeadScope|LEAPCHEM|LGC Standards|Life Chemicals|MassBank Europe|Matrix Scientific|Mcule|MedChemexpress MCE|MolCore|MolGenie|Molport|MP Biomedicals|MuseChem|NextBio|NextMove Software|NIAID ChemDB|NIST Chemistry WebBook|NIST Mass Spectrometry Data Center|NMRShiftDB|NORMAN Suspect List Exchange|NovoSeek|Oakwood Products|PATENTSCOPE (WIPO)|Probes & Drugs portal|PubChem Reference Collection|Race Chemical|RR Scientific|Santa Cruz Biotechnology, Inc.|SCRIPDB|Shanghai Titan Scientific|Sigma-Aldrich|Sinfoo Biotech|Smolecule|Springer Nature|SpringerMaterials|Starshine Chemical|SureChEMBL|SynHet - Synthetic Heterocycles|TargetMol|TCI (Tokyo Chemical Industry)|THE BioTek|Thermo Fisher Scientific|Thieme Chemistry|Thomson Pharma|TimTec|Tox21|ToxPlanet|Tractus|VladaChem|VWR, Part of Avantor|Watec Laboratories|Wikidata|Wiley|Wubei-Biochem|Yick-Vic Chemicals & Pharmaceuticals (HK) Ltd.|Yuhao Chemical|ZeroPM - Zero Pollution of Persistent, Mobile Substances|ZINC
Verbascoside;C[C@H]1[C@@H]([C@H]([C@H]([C@@H](O1)O[C@@H]2[C@H]([C@@H](O[C@@H]([C@H]2OC(=O)/C=C/C3=CC(=C(C=C3)O)O)CO)OCCC4=CC(=C(C=C4)O)O)O)O)O)O;10X CHEM|3WAY PHARM INC|A2B Chem|AA BLOCKS|Aaron Chemicals LLC|AbaChemScene|abcr GmbH|ABI Chem|AbMole Bioscience|AbovChem LLC|Accel Scientific|Achemtek|Acorn PharmaTech Product List|Activate Scientific|AEchem Scientific Corp., USA|AK Scientific, Inc. (AKSCI)|AKos Consulting & Solutions|Aladdin Scientific|Alfa Chemistry|Amadis Chemical|Ambeed|ApexBio Technology|AppChem|AstaTech, Inc.|Aurora Fine Chemicals LLC|AvaChem Scientific|BindingDB|BioCyc|Biopurify Phytochemicals|Biorbyt|Biosynth|BLD Pharm|BOC Sciences|Broad Institute|CATO Research Chemicals Inc.|Center for Chemical Genomics, University of Michigan|ChEBI|Chem-Space.com Database|Chembase.cn|ChEMBL|ChemFaces|ChemIDplus|Chemieliva Pharmaceutical Co., Ltd|Cheminformatics Friedrich-Schiller-University Jena|ChemoSapiens|ChemSpider|Combi-Blocks|Comparative Toxicogenomics Database (CTD)|CSNpharm|CymitQuimica|Davey Lab, Department of Microbiology, NEIDL, Boston University|DiscoveryGate|DrugBank|Egon Willighagen, Department of Bioinformatics - BiGCaT, Maastricht University|Elsa Biotechnology|eMolecules|eNovation Chemicals|EPA DSSTox|FDA Global Substance Registration System (GSRS)|Finetech Industry Limited|Glixx Labs Inc|Google Patents|Herbest Bio-Tech|ICCB-Longwood Screening Facility, Harvard Medical School|iChemical Technology USA Inc|InvivoChem|ISpharm|IUPHAR/BPS Guide to PHARMACOLOGY|J&H Chemical Co.,ltd|Japan Chemical Substance Dictionary (Nikkaji)|KEGG|Key Organics/BIONET|LabNetwork, a WuXi AppTec Company|LeadScope|LGC Standards|MassBank of North America (MoNA)|Mcule|MedChemexpress MCE|Metabolomics Workbench|MLSMR|MolGenie|Molport|MuseChem|National Center for Advancing Translational Sciences (NCATS)|NextBio|NIAID ChemDB|NIST Mass Spectrometry Data Center|NORMAN Suspect List Exchange|NovoSeek|Oakwood Products|OChem|PATENTSCOPE (WIPO)|Planta Analytica, Inc.|Probes & Drugs portal|PubChem Reference Collection|R&D Chemicals|Race Chemical|Santa Cruz Biotechnology, Inc.|Selleck Chemicals|Shanghai Titan Scientific|Sigma-Aldrich|Small Molecule Screening Facility, UW Madison|Springer Nature|SureChEMBL|TargetMol|Therapeutic Target Database (TTD)|Thomson Pharma|ToxPlanet|VladaChem|Wikidata|Win-Win Chemical|Yick-Vic Chemicals & Pharmaceuticals (HK) Ltd.|ZeroPM - Zero Pollution of Persistent, Mobile Substances|ZINC
Uric Acid;C12=C(NC(=O)N1)NC(=O)NC2=O;001Chemical|10X CHEM|3WAY PHARM INC|A&J Pharmtech CO., LTD.|A2B Chem|AA BLOCKS|AAA Chemistry|AbaChemScene|abcr GmbH|ABI Chem|AbMole Bioscience|Acadechem|Accel Scientific|Accela ChemBio Inc.|Achemica|Acorn PharmaTech Product List|AEchem Scientific Corp., USA|AgroIntelBioScan.com|AHH Chemical co.,ltd|AiFChem, an XtalPi Company|AK Scientific, Inc. (AKSCI)|AKos Consulting & Solutions|Aladdin Scientific|Alfa Chemistry|Alichem|Amadis Chemical|Ambeed|Ambinter|AN PharmaTech|Angene Chemical|Anward|Apexmol|AppChem|Aribo Reagent|Aronis|AstaTech, Inc.|Aurora Fine Chemicals LLC|Aurum Pharmatech LLC|Baker Lab, Chemistry Department, The University of North Carolina at Chapel Hill|BenchChem|BePharm Ltd.|BIND|BindingDB|BioChemPartner|BioCyc|Biological Magnetic Resonance Data Bank (BMRB)|Biorbyt|Biosynth|BLD Pharm|BOC Sciences|Broad Institute|Burnham Center for Chemical Genomics|CATO Research Chemicals Inc.|CCSbase|Center for Chemical Genomics, University of Michigan|ChEBI|Chem-Impex|Chem-Space.com Database|Chembase.cn|ChEMBL|ChemDB|Chemenu Inc.|ChemExper Chemical Directory|ChemIDplus|Chemieliva Pharmaceutical Co., Ltd|Cheminformatics Friedrich-Schiller-University Jena|ChemMol|ChemoSapiens|ChemSpider|ChemTik|Clearsynth|Collaborative Drug Discovery, Inc.|Combi-Blocks|Cooke Chemical Co., Ltd|Crystallography Open Database (COD)|CSNpharm|CymitQuimica|Davey Lab, Department of Microbiology, NEIDL, Boston University|DC Chemicals|Debye Scientific Co., Ltd|DiscoveryGate|DrugBank|DTP/NCI|ECI Group, LCSB, University of Luxembourg|Egon Willighagen, Department of Bioinformatics - BiGCaT, Maastricht University|eMolecules|Enamine|eNovation Chemicals|EPA DSSTox|EPA Substance Registry Services|EvitaChem|FDA Global Substance Registration System (GSRS)|Finetech Industry Limited|Fluorochem|Founder Pharma|Glentham Life Sciences Ltd.|Golm Metabolome Database (GMD), Max Planck Institute of Molecular Plant Physiology|Google Patents|Hairui Chemical|Hello Bio|Human Metabolome Database (HMDB)|Hunan Huateng Pharmaceutical Co., Ltd.|IBM|ICCB-Longwood Screening Facility, Harvard Medical School|iChemical Technology USA Inc|ISpharm|IUPHAR/BPS Guide to PHARMACOLOGY|J&H Chemical Co.,ltd|Japan Chemical Substance Dictionary (Nikkaji)|KEGG|Key Organics/BIONET|King Scientific|LabNetwork, a WuXi AppTec Company|LeadScope|LEAPCHEM|LGC Standards|MassBank Europe|MassBank of North America (MoNA)|Mcule|MedChemexpress MCE|Metabolomics Workbench|MolCore|Molecule Market|Molepedia|MolGenie|Molport|MP Biomedicals|MuseChem|National Center for Advancing Translational Sciences (NCATS)|Nature Chemical Biology|NCBI Structure|NextBio|NextMove Software|NIAID ChemDB|NIST Chemistry WebBook|NIST Mass Spectrometry Data Center|NMRShiftDB|NORMAN Suspect List Exchange|NovoSeek|Oakwood Products|OXCHEM CORPORATION|PATENTSCOPE (WIPO)|Phion Ltd|Probes & Drugs portal|Protein Data Bank in Europe (PDBe)|PubChem Reference Collection|RESOLUTE - Research Empowerment on Solute Carriers|RR Scientific|Santa Cruz Biotechnology, Inc.|SCRIPDB|Selleck Chemicals|Shanghai Institute of Organic Chemistry|Shanghai Titan Scientific|Sigma-Aldrich|Sinfoo Biotech|SLING Consortium|SMID|Smolecule|Springer Nature|SpringerMaterials|Starshine Chemical|SureChEMBL|SynHet - Synthetic Heterocycles|TCI (Tokyo Chemical Industry)|THE BioTek|The Scripps Research Institute Molecular Screening Center|Therapeutic Target Database (TTD)|Thermo Fisher Scientific|Thieme Chemistry|Thomson Pharma|Thoreauchem|TimTec|Tox21|ToxPlanet|Vitas-M Laboratory|VladaChem|VWR, Part of Avantor|West Coast Metabolomics Center-UC Davis|Wikidata|WikiPathways|Wiley|Wubei-Biochem|Yick-Vic Chemicals & Pharmaceuticals (HK) Ltd.|Yuhao Chemical|ZeroPM - Zero Pollution of Persistent, Mobile Substances|ZINC
Ascorbyl Palmitate;CCCCCCCCCCCCCCCC(=O)OC[C@@H]([C@@H]1C(=C(C(=O)O1)O)O)O;001Chemical|10X CHEM|3WAY PHARM INC|A2B Chem|AA BLOCKS|Aaron Chemicals LLC|AbaChemScene|abcr GmbH|ABI Chem|AbovChem LLC|Achemtek|Acmec Biochemical|Adooq BioScience|AiFChem, an XtalPi Company|AK Scientific, Inc. (AKSCI)|AKos Consulting & Solutions|Aladdin Scientific|Alfa Chemistry|Amadis Chemical|Ambeed|ApexBio Technology|AppChem|AstaTech, Inc.|Aurum Pharmatech LLC|Baker Lab, Chemistry Department, The University of North Carolina at Chapel Hill|BenchChem|BePharm Ltd.|Bic Biotech|BindingDB|BioCrick|Biorbyt|Biosynth|BLD Pharm|BOC Sciences|CATO Research Chemicals Inc.|CCSbase|CD Formulation|Center for Chemical Genomics, University of Michigan|Changzhou Highassay Chemical Co., Ltd|ChEBI|Chem-Space.com Database|Chembase.cn|ChEMBL|Chemical Carcinogenesis Research Information System (CCRIS)|ChemIDplus|Chemieliva Pharmaceutical Co., Ltd|Cheminformatics Friedrich-Schiller-University Jena|ChemoSapiens|ChemShuttle|ChemSpider|China MainChem Co., Ltd|Combi-Blocks|CSNpharm|CymitQuimica|DC Chemicals|Egon Willighagen, Department of Bioinformatics - BiGCaT, Maastricht University|eMolecules|EPA DSSTox|FDA Global Substance Registration System (GSRS)|Fluorochem|Founder Pharma|Glentham Life Sciences Ltd.|Google Patents|Hangzhou Trylead Chemical Technology|ICCB-Longwood Screening Facility, Harvard Medical School|iChemical Technology USA Inc|Inhibitor 2|InvivoChem|J&H Chemical Co.,ltd|Japan Chemical Substance Dictionary (Nikkaji)|KEGG|Key Organics/BIONET|King Scientific|LabNetwork, a WuXi AppTec Company|LGC Standards|Matrix Scientific|Mcule|MedChemexpress MCE|Milbrandt Lab, Department of Genetics, Washington University School of Medicine|MolGenie|Molport|MuseChem|NextBio|NextMove Software|NORMAN Suspect List Exchange|NovoSeek|Oakwood Products|OXCHEM CORPORATION|PATENTSCOPE (WIPO)|Probes & Drugs portal|PubChem Reference Collection|Santa Cruz Biotechnology, Inc.|Selleck Chemicals|Sigma-Aldrich|Smolecule|Springer Nature|Starshine Chemical|SureChEMBL|SynHet - Synthetic Heterocycles|Syntree|TargetMol|TCI (Tokyo Chemical Industry)|THE BioTek|Thomson Pharma|Thoreauchem|TimTec|Tox21|ToxPlanet|UCSC Chemical Screening Center|VladaChem|VWR, Part of Avantor|Wikidata|Win-Win Chemical|Yick-Vic Chemicals & Pharmaceuticals (HK) Ltd.|ZeroPM - Zero Pollution of Persistent, Mobile Substances|ZINC
Carnosine;C1=C(NC=N1)C[C@@H](C(=O)O)NC(=O)CCN;001Chemical|10X CHEM|1st Scientific|3WAY PHARM INC|A&J Pharmtech CO., LTD.|A2B Chem|AA BLOCKS|Aaron Chemicals LLC|AbaChemScene|abcr GmbH|Abe Lab, University of Texas MD Anderson Cancer Center|ABI Chem|AbMole Bioscience|Accel Scientific|Accela ChemBio Inc.|Aceschem Inc|Achemtek|Acmec Biochemical|Acorn PharmaTech Product List|AEchem Scientific Corp., USA|AHH Chemical co.,ltd|AiFChem, an XtalPi Company|AK Scientific, Inc. (AKSCI)|AKos Consulting & Solutions|Aladdin Scientific|Alfa Chemistry|Amadis Chemical|Ambeed|Ambinter|Anward|AppChem|AstaTech, Inc.|Aurora Fine Chemicals LLC|Aurum Pharmatech LLC|AvaChem Scientific|BenchChem|BindingDB|BioCyc|Biological Magnetic Resonance Data Bank (BMRB)|Biorbyt|Biosynth|BLD Pharm|BOC Sciences|Boerchem|Burnham Center for Chemical Genomics|CATO Research Chemicals Inc.|CCSbase|CD Formulation|Center for Chemical Genomics, University of Michigan|ChangChem|Changzhou Highassay Chemical Co., Ltd|ChEBI|Chem-Space.com Database|ChemBank|Chembase.cn|ChEMBL|ChemExper Chemical Directory|ChemFaces|Chemical Carcinogenesis Research Information System (CCRIS)|chemical genetic matrix|ChemIDplus|Chemieliva Pharmaceutical Co., Ltd|Cheminformatics Friedrich-Schiller-University Jena|ChemMol|ChemoSapiens|ChemShuttle|ChemSpider|ChemTik|Chen Lab, School of Medicine, Emory University|China MainChem Co., Ltd|Clinivex|Collaborative Drug Discovery, Inc.|Combi-Blocks|Comparative Toxicogenomics Database (CTD)|CreativePeptides|CSNpharm|CymitQuimica|Davey Lab, Department of Microbiology, NEIDL, Boston University|DC Chemicals|DiscoveryGate|DrugBank|Egon Willighagen, Department of Bioinformatics - BiGCaT, Maastricht University|Elsa Biotechnology|eMolecules|Emory University Molecular Libraries Screening Center|Enamine|eNovation Chemicals|EPA DSSTox|EvitaChem|FDA Global Substance Registration System (GSRS)|Finetech Industry Limited|Fisher Drug Discovery Resource Center|Glentham Life Sciences Ltd.|Google Patents|Gulick Lab, Department of Structural Biology, University at Buffalo|Hangzhou APIChem Technology|Human Metabolome Database (HMDB)|IBM|iChemical Technology USA Inc|InvivoChem|IUPHAR/BPS Guide to PHARMACOLOGY|J&H Chemical Co.,ltd|Japan Chemical Substance Dictionary (Nikkaji)|KEGG|Keith Lab, Institute of Cancer Science, University of Glasgow|Key Organics/BIONET|King Scientific|LabNetwork, a WuXi AppTec Company|LGC Standards|MassBank Europe|MassBank of North America (MoNA)|Matrix Scientific|Mcule|MedChemexpress MCE|Metabolomics Workbench|Molecule Market|MolGenie|Molport|MuseChem|National Center for Advancing Translational Sciences (NCATS)|Nature Chemistry|NCBI Structure|NextBio|NextMove Software|NIST Mass Spectrometry Data Center|NORMAN Suspect List Exchange|NovoSeek|Oakwood Products|OChem|ORST SMALL MOLECULE SCREENING CENTER|PATENTSCOPE (WIPO)|Phion Ltd|Pi Chemicals|Probes & Drugs portal|Protein Data Bank in Europe (PDBe)|Prous Science Drugs of the Future|PubChem Reference Collection|Race Chemical|RESOLUTE - Research Empowerment on Solute Carriers|RR Scientific|Santa Cruz Biotechnology, Inc.|SCRIPDB|Selleck Chemicals|Shanghai Titan Scientific|Sigma-Aldrich|Small Molecule Screening Facility, UW Madison|Smolecule|Springer Nature|Starshine Chemical|SureChEMBL|SynHet - Synthetic Heterocycles|Syntech Labs|Syntree|TargetMol|TCI (Tokyo Chemical Industry)|THE BioTek|The Scripps Research Institute Molecular Screening Center|Therapeutic Target Database (TTD)|Thieme Chemistry|Thomson Pharma|TimTec|Tox21|ToxPlanet|Tractus|University of Iowa High-Throughput Screening Core (UIHTS)|Vitas-M Laboratory|VladaChem|VWR, Part of Avantor|Wikidata|WikiPathways|Win-Win Chemical|Wubei-Biochem|Yick-Vic Chemicals & Pharmaceuticals (HK) Ltd.|Yuhao Chemical|ZeroPM - Zero Pollution of Persistent, Mobile Substances|ZINC
Lipoic acid;C1CSS[C@@H]1CCCCC(=O)O;001Chemical|10X CHEM|1st Scientific|3WAY PHARM INC|A&J Pharmtech CO., LTD.|A2B Chem|AA BLOCKS|Aaron Chemicals LLC|AbaChemScene|ABBLIS Chemicals|abcr GmbH|ABI Chem|AbovChem LLC|Acadechem|Accel Scientific|Accela ChemBio Inc.|Aceschem Inc|Achemtek|ACT Chemical|AEchem Scientific Corp., USA|AHH Chemical co.,ltd|AiFChem, an XtalPi Company|AK Scientific, Inc. (AKSCI)|AKos Consulting & Solutions|Aladdin Scientific|Alfa Chemistry|Allbio Pharm Co., Ltd|Amadis Chemical|Ambeed|AN PharmaTech|Angene Chemical|Anward|ApexBio Technology|AppChem|Aribo Reagent|Assembly Blocks Pvt. Ltd.|AstaTech, Inc.|Aurum Pharmatech LLC|BenchChem|BePharm Ltd.|BerrChemical|Bic Biotech|BindingDB|BioCyc|Biorbyt|Biosynce Pharmatech|Biosynth|BLD Pharm|BOC Sciences|Burnham Center for Chemical Genomics|CATO Research Chemicals Inc.|Center for Chemical Genomics, University of Michigan|ChangChem|Changzhou Highassay Chemical Co., Ltd|ChEBI|Chem-Space.com Database|ChemBank|Chembase.cn|ChEMBL|Chemenu Inc.|ChemFaces|chemical genetic matrix|ChemIDplus|Chemieliva Pharmaceutical Co., Ltd|Cheminformatics Friedrich-Schiller-University Jena|ChemMol|ChemoSapiens|ChemShuttle|ChemSpider|ChemTik|Circadian Research, Kay Laboratory, University of California at San Diego (UCSD)|Clearsynth|Clinivex|Collaborative Drug Discovery, Inc.|Combi-Blocks|Crystallography Open Database (COD)|CSNpharm|CymitQuimica|DiscoveryGate|DrugBank|ECI Group, LCSB, University of Luxembourg|Egon Willighagen, Department of Bioinformatics - BiGCaT, Maastricht University|Elsa Biotechnology|eMolecules|Emory University Molecular Libraries Screening Center|Enamine|eNovation Chemicals|EPA DSSTox|EvitaChem|FDA Global Substance Registration System (GSRS)|Finetech Industry Limited|Fisher Drug Discovery Resource Center|Fluorochem|Founder Pharma|Glentham Life Sciences Ltd.|Glixx Labs Inc|Google Patents|Hangzhou APIChem Technology|Hangzhou Trylead Chemical Technology|Human Metabolome Database (HMDB)|IBM|ICCB-Longwood Screening Facility, Harvard Medical School|iChemical Technology USA Inc|Innovapharm|InvivoChem|ISpharm|IUPHAR/BPS Guide to PHARMACOLOGY|J&H Chemical Co.,ltd|Japan Chemical Substance Dictionary (Nikkaji)|KCS Online|KEGG|Key Organics/BIONET|King Scientific|LabNetwork, a WuXi AppTec Company|labseeker|LGC Standards|LIPID MAPS|MassBank of North America (MoNA)|Matrix Scientific|Mcule|MedChemexpress MCE|Metabolomics Workbench|Milwaukee Institute for Drug Discovery|Molecule Market|MolGenie|Molport|MuseChem|National Center for Advancing Translational Sciences (NCATS)|NCBI Structure|NextBio|NextMove Software|NIAID ChemDB|NORMAN Suspect List Exchange|Novartis Institutes for BioMedical Research|NovoSeek|Oakwood Products|OChem|OXCHEM CORPORATION|Paczesny and Yang Labs, IUPUI and University of Michigan|PATENTSCOPE (WIPO)|Probes & Drugs portal|Protein Data Bank in Europe (PDBe)|PubChem Reference Collection|RR Scientific|Santa Cruz Biotechnology, Inc.|SCRIPDB|Selleck Chemicals|Shanghai Titan Scientific|Sigma-Aldrich|Sinfoo Biotech|Small Molecule Screening Facility, UW Madison|SMID|Smolecule|Springer Nature|SpringerMaterials|Starshine Chemical|SureChEMBL|SynHet - Synthetic Heterocycles|Syntree|TargetMol|TCI (Tokyo Chemical Industry)|THE BioTek|The Scripps Research Institute Molecular Screening Center|Therapeutic Target Database (TTD)|Thieme Chemistry|Thomson Pharma|Thoreauchem|Tox21|ToxPlanet|Tractus|University of Kansas High Throughput Screening Laboratory|University of Pittsburgh Molecular Library Screening Center|Veeprho|VladaChem|VWR, Part of Avantor|Wikidata|Wiley|Win-Win Chemical|Wolves R&D chemical|Wubei-Biochem|Yick-Vic Chemicals & Pharmaceuticals (HK) Ltd.|Yuhao Chemical|ZeroPM - Zero Pollution of Persistent, Mobile Substances|ZINC|Zoeller Lab, School of Medicine, Boston University
Indole-3-pyruvic acid;C1=CC=C2C(=C1)C(=CN2)CC(=O)C(=O)O;001Chemical|10X CHEM|3WAY PHARM INC|A&J Pharmtech CO., LTD.|A2B Chem|AA BLOCKS|Aaron Chemicals LLC|AbaChemScene|ABBLIS Chemicals|abcr GmbH|ABI Chem|AbMole Bioscience|Accel Scientific|Accela ChemBio Inc.|Achemo Scientific Limited|AEchem Scientific Corp., USA|AgroIntelBioScan.com|AHH Chemical co.,ltd|AK Scientific, Inc. (AKSCI)|AKos Consulting & Solutions|Aladdin Scientific|Alfa Chemistry|Alichem|Amadis Chemical|Ambeed|Ambinter|AN PharmaTech|Angel Pharmatech Ltd.|Angene Chemical|Anward|AppChem|Aronis|AstaTech, Inc.|Aurora Fine Chemicals LLC|Baker Lab, Chemistry Department, The University of North Carolina at Chapel Hill|BenchChem|BePharm Ltd.|Bic Biotech|Biocore|BioCyc|Biological Magnetic Resonance Data Bank (BMRB)|Biorbyt|Biosynth|BLD Pharm|BOC Sciences|Boerchem|Broad Institute|CAPOT|CATO Research Chemicals Inc.|CCSbase|ChangChem|ChEBI|Chem-Impex|Chem-Space.com Database|Chembase.cn|ChEMBL|ChemDB|Chemenu Inc.|ChemExper Chemical Directory|Chemhere|ChemIDplus|Chemieliva Pharmaceutical Co., Ltd|Cheminformatics Friedrich-Schiller-University Jena|ChemMol|ChemoSapiens|ChemShuttle|ChemSpider|ChemTik|Clearsynth|Collaborative Drug Discovery, Inc.|Combi-Blocks|Comparative Toxicogenomics Database (CTD)|Cooke Chemical Co., Ltd|CymitQuimica|DiscoveryGate|DSL Chemicals|DTP/NCI|Egon Willighagen, Department of Bioinformatics - BiGCaT, Maastricht University|eMolecules|Enamine|eNovation Chemicals|EPA DSSTox|EPA Substance Registry Services|EvitaChem|FDA Global Substance Registration System (GSRS)|Finetech Industry Limited|Fluorochem|Founder Pharma|Glentham Life Sciences Ltd.|Golm Metabolome Database (GMD), Max Planck Institute of Molecular Plant Physiology|Google Patents|Hairui Chemical|Hangzhou APIChem Technology|Human Metabolome Database (HMDB)|IBM|ICCB-Longwood Screening Facility, Harvard Medical School|iChemical Technology USA Inc|InvivoChem|J&H Chemical Co.,ltd|Japan Chemical Substance Dictionary (Nikkaji)|KEGG|Keith Lab, Institute of Cancer Science, University of Glasgow|Key Organics/BIONET|King Scientific|LabNetwork, a WuXi AppTec Company|LeadScope|LEAPCHEM|LGC Standards|Life Chemicals|MassBank Europe|MassBank of North America (MoNA)|Matrix Scientific|Mcule|MedChemexpress MCE|Metabolomics Workbench|MLSMR|MolCore|Molecule Market|Molepedia|MolGenie|Molport|MP Biomedicals|MuseChem|National Center for Advancing Translational Sciences (NCATS)|Nature Chemical Biology|Nature Chemistry|NCBI Structure|NextBio|NextMove Software|NIST Chemistry WebBook|NIST Mass Spectrometry Data Center|NORMAN Suspect List Exchange|NovoSeek|Oakwood Products|OChem|OXCHEM CORPORATION|Parchem|PATENTSCOPE (WIPO)|Phion Ltd|Pi Chemicals|Probes & Drugs portal|Protein Data Bank in Europe (PDBe)|PubChem Reference Collection|RR Scientific|Santa Cruz Biotechnology, Inc.|SCRIPDB|Sigma-Aldrich|Small Molecule Screening Facility, UW Madison|SMID|Smolecule|Springer Nature|Starshine Chemical|Suntto Chemical|SureChEMBL|SynHet - Synthetic Heterocycles|Syntree|TargetMol|THE BioTek|Thieme Chemistry|Thomson Pharma|Thoreauchem|TimTec|Tox21|ToxPlanet|Tractus|Vesino Industrial Co., Ltd|Vitas-M Laboratory|Watec Laboratories|Wikidata|WikiPathways|Win-Win Chemical|Wolves R&D chemical|Wubei-Biochem|Yick-Vic Chemicals & Pharmaceuticals (HK) Ltd.|Yuhao Chemical|ZeroPM - Zero Pollution of Persistent, Mobile Substances|ZINC
Tempo;CC1(CCCC(N1[O])(C)C)C;001Chemical|10X CHEM|AA BLOCKS|Aaron Chemicals LLC|AbaChemScene|ABBLIS Chemicals|abcr GmbH|ABI Chem|AbMole Bioscience|AbovChem LLC|AHH Chemical co.,ltd|AiFChem, an XtalPi Company|AK Scientific, Inc. (AKSCI)|AKos Consulting & Solutions|Aladdin Scientific|Alfa Chemistry|Amadis Chemical|Ambeed|Angene Chemical|Apexmol|AppChem|Ark Pharm, Inc.|Aurum Pharmatech LLC|BenchChem|BLD Pharm|BOC Sciences|BroadPharm|CAPOT|Center for Chemical Genomics, University of Michigan|ChEBI|Chembase.cn|ChEMBL|ChemExper Chemical Directory|Chemical Carcinogenesis Research Information System (CCRIS)|ChemIDplus|Chemieliva Pharmaceutical Co., Ltd|ChemMol|ChemoSapiens|ChemShuttle|ChemSpider|Collaborative Drug Discovery, Inc.|Comparative Toxicogenomics Database (CTD)|CSNpharm|CymitQuimica|DiscoveryGate|eMolecules|Enamine|eNovation Chemicals|FDA Global Substance Registration System (GSRS)|Finetech Industry Limited|Fluorochem|Founder Pharma|Glentham Life Sciences Ltd.|Hairui Chemical|Human Metabolome Database (HMDB)|iChemical Technology USA Inc|J&H Chemical Co.,ltd|Japan Chemical Substance Dictionary (Nikkaji)|King Scientific|LeadScope|Life Chemicals|Matrix Scientific|MedChemexpress MCE|MolCore|Moldb|MolGenie|Molport|NanJing LISKON Biological Technology Co.,ltd|Nature Chemistry|Nature Synthesis|NextBio|NIST Chemistry WebBook|NovoSeek|Oakwood Products|OtavaChemicals|PATENTSCOPE (WIPO)|Pi Chemicals|PubChem Reference Collection|Qingdao Wanyuan Mountain Biotech Co.,Ltd|Santa Cruz Biotechnology, Inc.|SCRIPDB|Sigma-Aldrich|SLING Consortium|Smolecule|Springer Nature|Starshine Chemical|TargetMol|TCI (Tokyo Chemical Industry)|THE BioTek|Thieme Chemistry|Thomson Pharma|TimTec|VladaChem|Wiley|Wolves R&D chemical|Yick-Vic Chemicals & Pharmaceuticals (HK) Ltd.|Yuhao Chemical|ZeroPM - Zero Pollution of Persistent, Mobile Substances
Bathocuproine;CC1=CC(=C2C=CC3=C(C=C(N=C3C2=N1)C)C4=CC=CC=C4)C5=CC=CC=C5;001Chemical|10X CHEM|3WAY PHARM INC|4C Pharma Scientific Inc|A&J Pharmtech CO., LTD.|A2B Chem|AA BLOCKS|Aaron Chemicals LLC|AbaChemScene|abcr GmbH|ABI Chem|Acadechem|Accel Scientific|Accela ChemBio Inc.|Achemo Scientific Limited|Acmec Biochemical|Acorn PharmaTech Product List|Activate Scientific|AHH Chemical co.,ltd|AK Scientific, Inc. (AKSCI)|AKos Consulting & Solutions|Aladdin Scientific|Alfa Chemistry|Alichem|Amadis Chemical|Ambeed|Ambinter|Angene Chemical|Anward|Apexmol|AppChem|April Scientific Inc.|Ark Pharm, Inc.|AstaTech, Inc.|BenchChem|BePharm Ltd.|Bic Biotech|BIDD|BioChemPartner|Biorbyt|Biosynth|BLD Pharm|BOC Sciences|Boronpharm|CAPOT|CEGChem|ChangChem|Chem-Impex|Chem-Space.com Database|ChemBank|Chembase.cn|ChEMBL|ChemDB|Chemenu Inc.|ChemExper Chemical Directory|ChemFish Tokyo Co., Ltd.|ChemIDplus|Chemieliva Pharmaceutical Co., Ltd|ChemMol|ChemoSapiens|Chemotion|ChemShuttle|ChemSpider|ChemTik|Combi-Blocks|Comparative Toxicogenomics Database (CTD)|Cooke Chemical Co., Ltd|Crystallography Open Database (COD)|CymitQuimica|Day Biochem|Debye Scientific Co., Ltd|DiscoveryGate|DSL Chemicals|DTP/NCI|Egon Willighagen, Department of Bioinformatics - BiGCaT, Maastricht University|Elsa Biotechnology|eMolecules|Emory University Molecular Libraries Screening Center|eNovation Chemicals|EPA DSSTox|EPA Substance Registry Services|ET Co.,Ltd.|FDA Global Substance Registration System (GSRS)|Finetech Industry Limited|Fluorochem|Fondchemical Limited|Founder Pharma|Glentham Life Sciences Ltd.|Google Patents|Hairui Chemical|Hangzhou APIChem Technology|Hefei Hirisun Pharmatech Co., Ltd|Human Metabolome Database (HMDB)|Hunan Chemfish Pharmaceutical Co., Ltd.|IBM|iChemical Technology USA Inc|ISpharm|J&H Chemical Co.,ltd|Japan Chemical Substance Dictionary (Nikkaji)|Key Organics/BIONET|King Scientific|LabNetwork, a WuXi AppTec Company|Lan Pharmatech|LeadScope|LEAPCHEM|LGC Standards|Luminescence Technology Corp. (Lumtec)|Matrix Scientific|Mcule|MolCore|Molepedia|MolGenie|Molport|MP Biomedicals|MuseChem|Nature Chemical Biology|NextBio|NextMove Software|NIAID ChemDB|NIST Mass Spectrometry Data Center|NMRShiftDB|NORMAN Suspect List Exchange|NovoSeek|Oakwood Products|OChem|OXCHEM CORPORATION|Parchem|PATENTSCOPE (WIPO)|Phion Ltd|Pi Chemicals|PubChem Reference Collection|Public Access to Neuroactive & Anticonvulsant Chemical Evaluations (PANAChE)|RR Scientific|Santa Cruz Biotechnology, Inc.|SCRIPDB|Sigma-Aldrich|Sinfoo Biotech|SLING Consortium|Smolecule|Springer Nature|Starshine Chemical|SureChEMBL|SynHet - Synthetic Heterocycles|Synthonix, Inc.|Syntree|TargetMol|TCI (Tokyo Chemical Industry)|THE BioTek|Thermo Fisher Scientific|Thieme Chemistry|Thomson Pharma|Thoreauchem|TimTec|ToxPlanet|Tractus|Vesino Industrial Co., Ltd|VladaChem|VWR, Part of Avantor|Wikidata|Wiley|Win-Win Chemical|Wubei-Biochem|Yick-Vic Chemicals & Pharmaceuticals (HK) Ltd.|Yuhao Chemical|ZeroPM - Zero Pollution of Persistent, Mobile Substances|ZINC
Probucol;CC(C)(C)C1=CC(=CC(=C1O)C(C)(C)C)SC(C)(C)SC2=CC(=C(C(=C2)C(C)(C)C)O)C(C)(C)C;001Chemical|10X CHEM|1st Scientific|3WAY PHARM INC|A&J Pharmtech CO., LTD.|A2B Chem|AA BLOCKS|Aaron Chemicals LLC|AbaChemScene|ABBLIS Chemicals|abcr GmbH|Abe Lab, University of Texas MD Anderson Cancer Center|ABI Chem|AbMole Bioscience|AbovChem LLC|Accel Scientific|Achemtek|Adooq BioScience|AHH Chemical co.,ltd|AiFChem, an XtalPi Company|AK Scientific, Inc. (AKSCI)|AKos Consulting & Solutions|Aladdin Scientific|Alfa Chemistry|Amadis Chemical|Ambeed|Ambinter|Angene Chemical|ApexBio Technology|AppChem|Ark Pharm, Inc.|AstaTech, Inc.|Aurora Fine Chemicals LLC|Aurum Pharmatech LLC|AvaChem Scientific|BenchChem|BindingDB|BioChemPartner|Biocore|BioCrick|Biorbyt|Biosynth|BLD Pharm|BOC Sciences|Broad Institute|Burnham Center for Chemical Genomics|CAPOT|CATO Research Chemicals Inc.|CCSbase|Center for Chemical Genomics, University of Michigan|Changzhou Highassay Chemical Co., Ltd|ChEBI|Chem-Impex|Chem-Space.com Database|ChemBank|Chembase.cn|ChEMBL|ChemBlock|ChemBridge|ChemDB|ChemDiv|ChemExper Chemical Directory|Chemical Carcinogenesis Research Information System (CCRIS)|chemical genetic matrix|ChemIDplus|Chemieliva Pharmaceutical Co., Ltd|Cheminformatics Friedrich-Schiller-University Jena|ChemMol|ChemoSapiens|ChemShuttle|ChemSpider|ChemTik|Chen Lab, School of Medicine, Emory University|Chung Lab, Department of Pediatrics, Emory University|Clearsynth|Collaborative Drug Discovery, Inc.|Combi-Blocks|Comparative Toxicogenomics Database (CTD)|Cooke Chemical Co., Ltd|CSNpharm|CymitQuimica|Davey Lab, Department of Microbiology, NEIDL, Boston University|DC Chemicals|Debye Scientific Co., Ltd|DiscoveryGate|DrugBank|DrugCentral|DTP/NCI|Egon Willighagen, Department of Bioinformatics - BiGCaT, Maastricht University|eMolecules|Emory University Molecular Libraries Screening Center|Enamine|eNovation Chemicals|EPA DSSTox|FDA Global Substance Registration System (GSRS)|Finetech Industry Limited|Fisher Drug Discovery Resource Center|Fluorochem|Fredberg Lab, Harvard T.H. Chan School of Public Health|Glentham Life Sciences Ltd.|Glixx Labs Inc|Google Patents|Gulick Lab, Department of Structural Biology, University at Buffalo|Hairui Chemical|Hangzhou APIChem Technology|Human Metabolome Database (HMDB)|IBM|ICCB-Longwood Screening Facility, Harvard Medical School|iChemical Technology USA Inc|InvivoChem|ISpharm|IUPHAR/BPS Guide to PHARMACOLOGY|Japan Chemical Substance Dictionary (Nikkaji)|KEGG|Keith Lab, Institute of Cancer Science, University of Glasgow|Key Organics/BIONET|King Scientific|LabNetwork, a WuXi AppTec Company|labseeker|Lan Pharmatech|LeadScope|LGC Standards|Mcule|MedChemexpress MCE|Metabolomics Workbench|Milbrandt Lab, Department of Genetics, Washington University School of Medicine|MLSMR|MolCore|Moldb|Molecule Market|Molepedia|MolGenie|Molport|MP Biomedicals|MuseChem|National Center for Advancing Translational Sciences (NCATS)|NextBio|NextMove Software|NIAID ChemDB|NIH/NCATS RNAi|NINDS Approved Drug Screening Program|NIST Mass Spectrometry Data Center|NORMAN Suspect List Exchange|Novartis Institutes for BioMedical Research|NovoSeek|Oakwood Products|OChem|ORST SMALL MOLECULE SCREENING CENTER|PATENTSCOPE (WIPO)|PDSP|Probes & Drugs portal|Prous Science Drugs of the Future|PubChem Reference Collection|RR Scientific|Santa Cruz Biotechnology, Inc.|SCRIPDB|Selleck Chemicals|Shanghai Titan Scientific|Sigma-Aldrich|Small Molecule Screening Facility, UW Madison|Smolecule|Soto Lab, Mitchell Center for Alzheimers Disease and Related Brain Disorders, UT Medical School Houston|Southern Research Institute|Springer Nature|Starshine Chemical|SureChEMBL|SynHet - Synthetic Heterocycles|TargetMol|TCI (Tokyo Chemical Industry)|THE BioTek|The Scripps Research Institute Molecular Screening Center|Therapeutic Target Database (TTD)|Thieme Chemistry|Thomson Pharma|TimTec|Tocris Bioscience|Tox21|ToxPlanet|UCLA Molecular Screening Shared Resource|UCSC Chemical Screening Center|University of Iowa High-Throughput Screening Core (UIHTS)|University of Kansas High Throughput Screening Laboratory|Vitas-M Laboratory|VWR, Part of Avantor|Wikidata|xPharm: The Comprehensive Pharmacology Reference|Yick-Vic Chemicals & Pharmaceuticals (HK) Ltd.|Yuhao Chemical|ZeroPM - Zero Pollution of Persistent, Mobile Substances|ZINC
Glabridin;CC1(C=CC2=C(O1)C=CC3=C2OC[C@H](C3)C4=C(C=C(C=C4)O)O)C;001Chemical|10X CHEM|3WAY PHARM INC|A&J Pharmtech CO., LTD.|A2B Chem|AA BLOCKS|Aaron Chemicals LLC|AbaChemScene|abcr GmbH|ABI Chem|AbMole Bioscience|Accel Scientific|Achemtek|Acmec Biochemical|Acorn PharmaTech Product List|Activate Scientific|Adooq BioScience|AEchem Scientific Corp., USA|AHH Chemical co.,ltd|AiFChem, an XtalPi Company|AK Scientific, Inc. (AKSCI)|AKos Consulting & Solutions|Alfa Chemistry|Amadis Chemical|Ambeed|AN PharmaTech|AOBIOUS INC|ApexBio Technology|Apexmol|AppChem|AstaTech, Inc.|Aurora Fine Chemicals LLC|AvaChem Scientific|BenchChem|BePharm Ltd.|Bic Biotech|BIDD|BindingDB|Biopurify Phytochemicals|Biorbyt|Biosynth|BLD Pharm|BOC Sciences|Boerchem|CATO Research Chemicals Inc.|Center for Chemical Genomics, University of Michigan|ChEBI|Chem-Space.com Database|Chembase.cn|ChEMBL|ChemFaces|ChemIDplus|Chemieliva Pharmaceutical Co., Ltd|Cheminformatics Friedrich-Schiller-University Jena|ChemMol|Chemodex Ltd.|ChemoSapiens|ChemShuttle|ChemSpider|Clearsynth|Collaborative Drug Discovery, Inc.|Combi-Blocks|Comparative Toxicogenomics Database (CTD)|Crystallography Open Database (COD)|CSNpharm|CymitQuimica|DC Chemicals|DiscoveryGate|Egon Willighagen, Department of Bioinformatics - BiGCaT, Maastricht University|eMolecules|eNovation Chemicals|EPA DSSTox|EPA Substance Registry Services|FDA Global Substance Registration System (GSRS)|Glentham Life Sciences Ltd.|Glixx Labs Inc|Google Patents|Hangzhou APIChem Technology|IBM|ICCB-Longwood Screening Facility, Harvard Medical School|iChemical Technology USA Inc|InvivoChem|ISpharm|J&H Chemical Co.,ltd|Japan Chemical Substance Dictionary (Nikkaji)|KEGG|Key Organics/BIONET|LabNetwork, a WuXi AppTec Company|Lancrix Chemicals|LeadScope|LGC Standards|LIPID MAPS|MassBank Europe|MassBank of North America (MoNA)|Matrix Scientific|Mcule|MedChemexpress MCE|Metabolomics Workbench|MLSMR|Molecule Market|MolGenie|Molport|MuseChem|National Center for Advancing Translational Sciences (NCATS)|Nature Science Technologies Ltd|NextBio|NIAID ChemDB|NORMAN Suspect List Exchange|NovoSeek|Oakwood Products|OChem|OXCHEM CORPORATION|PATENTSCOPE (WIPO)|Pi Chemicals|Probes & Drugs portal|Protein Data Bank in Europe (PDBe)|PubChem Reference Collection|Qingdao Wanyuan Mountain Biotech Co.,Ltd|Santa Cruz Biotechnology, Inc.|Selleck Chemicals|Shanghai Titan Scientific|Sigma-Aldrich|Small Molecule Screening Facility, UW Madison|Smolecule|Springer Nature|Starshine Chemical|SureChEMBL|SynHet - Synthetic Heterocycles|TargetMol|THE BioTek|Thomson Pharma|ToxPlanet|Vitas-M Laboratory|Wikidata|Win-Win Chemical|Wolves R&D chemical|Wubei-Biochem|Yick-Vic Chemicals & Pharmaceuticals (HK) Ltd.|Yuhao Chemical|ZeroPM - Zero Pollution of Persistent, Mobile Substances|ZINC
N-Acetyl-L-alanine;C[C@@H](C(=O)O)NC(=O)C;001Chemical|10X CHEM|A&J Pharmtech CO., LTD.|A2B Chem|AA BLOCKS|AAA Chemistry|Aaron Chemicals LLC|AbaChemScene|abcr GmbH|ABI Chem|AbovChem LLC|Acadechem|Accel Scientific|Accela ChemBio Inc.|Achemtek|Acmec Biochemical|Acorn PharmaTech Product List|ACT Chemical|Activate Scientific|AEchem Scientific Corp., USA|AHH Chemical co.,ltd|AiFChem, an XtalPi Company|AK Scientific, Inc. (AKSCI)|AKos Consulting & Solutions|Aladdin Scientific|Alichem|Amadis Chemical|Ambeed|Angene Chemical|Anward|ApexBio Technology|Apexmol|AppChem|AstaTech, Inc.|Aurum Pharmatech LLC|BenchChem|BePharm Ltd.|Bic Biotech|BioCyc|Biorbyt|Biosynth|BLD Pharm|BOC Sciences|CATO Research Chemicals Inc.|CCSbase|ChEBI|Chem-Space.com Database|Chembase.cn|ChEMBL|ChemIDplus|Chemieliva Pharmaceutical Co., Ltd|Cheminformatics Friedrich-Schiller-University Jena|ChemMol|ChemoSapiens|ChemSpider|ChemTik|Chiralblock Biosciences|Collaborative Drug Discovery, Inc.|Combi-Blocks|CreativePeptides|Crystallography Open Database (COD)|CSNpharm|CymitQuimica|DiscoveryGate|DrugBank|Egon Willighagen, Department of Bioinformatics - BiGCaT, Maastricht University|Elsa Biotechnology|eMolecules|Enamine|eNovation Chemicals|EPA DSSTox|EvitaChem|FDA Global Substance Registration System (GSRS)|Fluorochem|Founder Pharma|Glentham Life Sciences Ltd.|Golm Metabolome Database (GMD), Max Planck Institute of Molecular Plant Physiology|Google Patents|Hangzhou APIChem Technology|Human Metabolome Database (HMDB)|IBM|iChemical Technology USA Inc|ISpharm|J&H Chemical Co.,ltd|Japan Chemical Substance Dictionary (Nikkaji)|Key Organics/BIONET|King Scientific|LabNetwork, a WuXi AppTec Company|labseeker|Lan Pharmatech|LeadScope|LGC Standards|MassBank Europe|MassBank of North America (MoNA)|Matrix Scientific|Mcule|MedChemexpress MCE|Metabolomics Workbench|Molecule Market|Molepedia|MolGenie|Molport|MuseChem|Nature Chemistry|NCBI Structure|NextBio|NextMove Software|NIST Mass Spectrometry Data Center|NORMAN Suspect List Exchange|NovoSeek|Oakwood Products|OChem|OXCHEM CORPORATION|PATENTSCOPE (WIPO)|Probes & Drugs portal|Protein Data Bank in Europe (PDBe)|PubChem Reference Collection|RR Scientific|Santa Cruz Biotechnology, Inc.|Selleck Chemicals|Shanghai Titan Scientific|Sigma-Aldrich|Sinfoo Biotech|Smolecule|Springer Nature|SpringerMaterials|Starshine Chemical|SureChEMBL|SynHet - Synthetic Heterocycles|Syntree|TargetMol|THE BioTek|Thieme Chemistry|Thomson Pharma|Thoreauchem|ToxPlanet|Tractus|VladaChem|Watanabe Chemical Ind.|Wikidata|Wiley|Win-Win Chemical|Wolves R&D chemical|Wubei-Biochem|Yuhao Chemical|ZeroPM - Zero Pollution of Persistent, Mobile Substances|ZINC
Retinal;CC1=C(C(CCC1)(C)C)/C=C/C(=C/C=C/C(=C/C=O)/C)/C;001Chemical|10X CHEM|A2B Chem|AA BLOCKS|AAA Chemistry|Aaron Chemicals LLC|AbaChemScene|abcr GmbH|ABI Chem|AbMole Bioscience|Accel Scientific|Accela ChemBio Inc.|Achemtek|Acmec Biochemical|AEchem Scientific Corp., USA|AHH Chemical co.,ltd|AK Scientific, Inc. (AKSCI)|AKos Consulting & Solutions|Aladdin Scientific|Amadis Chemical|Ambeed|Apexmol|AppChem|Aribo Reagent|AstaTech, Inc.|BenchChem|BePharm Ltd.|BindingDB|BioChemPartner|BioCyc|Biorbyt|Biosynth|BLD Pharm|BOC Sciences|Broad Institute|CATO Research Chemicals Inc.|CCSbase|ChEBI|Chem-Space.com Database|Chembase.cn|ChEMBL|Chemenu Inc.|ChemExper Chemical Directory|ChemIDplus|Chemieliva Pharmaceutical Co., Ltd|ChemMol|ChemoSapiens|ChemShuttle|ChemSpider|Collaborative Drug Discovery, Inc.|Combi-Blocks|CSNpharm|CymitQuimica|Davey Lab, Department of Microbiology, NEIDL, Boston University|DiscoveryGate|DTP/NCI|ECI Group, LCSB, University of Luxembourg|Egon Willighagen, Department of Bioinformatics - BiGCaT, Maastricht University|eMolecules|Enamine|eNovation Chemicals|EPA DSSTox|EPA Substance Registry Services|FDA Global Substance Registration System (GSRS)|Finetech Industry Limited|Fluorochem|Genetic Toxicology Data Bank (GENE-TOX)|Glentham Life Sciences Ltd.|Google Patents|Human Metabolome Database (HMDB)|IBM|iChemical Technology USA Inc|InvivoChem|IUPHAR/BPS Guide to PHARMACOLOGY|J&H Chemical Co.,ltd|Japan Chemical Substance Dictionary (Nikkaji)|KEGG|Key Organics/BIONET|LabNetwork, a WuXi AppTec Company|labseeker|LeadScope|LGC Standards|LIPID MAPS|MassBank Europe|MassBank of North America (MoNA)|Matrix Scientific|Mcule|MedChemexpress MCE|Metabolomics Workbench|Molepedia|MolGenie|Molport|MuseChem|National Center for Advancing Translational Sciences (NCATS)|Nature Chemical Biology|NCBI Structure|NextBio|NextMove Software|NIAID ChemDB|NIST Chemistry WebBook|NIST Mass Spectrometry Data Center|NMRShiftDB|NORMAN Suspect List Exchange|NovoSeek|Oakwood Products|OXCHEM CORPORATION|PATENTSCOPE (WIPO)|Probes & Drugs portal|Protein Data Bank in Europe (PDBe)|PubChem Reference Collection|RR Scientific|Santa Cruz Biotechnology, Inc.|SCRIPDB|Selleck Chemicals|Shanghai Institute of Organic Chemistry|Shanghai Titan Scientific|Sigma-Aldrich|Smolecule|Springer Nature|SpringerMaterials|Starshine Chemical|SureChEMBL|SynHet - Synthetic Heterocycles|Synthonix, Inc.|TargetMol|THE BioTek|Therapeutic Target Database (TTD)|Thieme Chemistry|Thomson Pharma|Tox21|ToxPlanet|University of Kansas High Throughput Screening Laboratory|VladaChem|VWR, Part of Avantor|Wikidata|Wiley|Win-Win Chemical|Yick-Vic Chemicals & Pharmaceuticals (HK) Ltd.|Yuhao Chemical|ZeroPM - Zero Pollution of Persistent, Mobile Substances|ZINC
(+)-Boldine;CN1CCC2=CC(=C(C3=C2[C@@H]1CC4=CC(=C(C=C43)OC)O)OC)O;001Chemical|10X CHEM|A&J Pharmtech CO., LTD.|A2B Chem|AA BLOCKS|Aaron Chemicals LLC|AbaChemScene|abcr GmbH|Abe Lab, University of Texas MD Anderson Cancer Center|ABI Chem|Accel Scientific|Achemtek|Acmec Biochemical|Acorn PharmaTech Product List|AKos Consulting & Solutions|Aladdin Scientific|Alfa Chemistry|Amadis Chemical|Ambinter|AN PharmaTech|AstaTech, Inc.|Aurora Fine Chemicals LLC|AvaChem Scientific|BenchChem|BindingDB|Biopurify Phytochemicals|Biorbyt|Biosynth|BLD Pharm|BOC Sciences|Broad Institute|CATO Research Chemicals Inc.|CCSbase|Center for Chemical Genomics, University of Michigan|ChEBI|Chem-Space.com Database|ChemBank|Chembase.cn|ChEMBL|ChemFaces|ChemIDplus|Chemieliva Pharmaceutical Co., Ltd|Cheminformatics Friedrich-Schiller-University Jena|ChemMol|ChemoSapiens|ChemShuttle|ChemSpider|Chen Lab, School of Medicine, Emory University|Collaborative Drug Discovery, Inc.|Combi-Blocks|Comparative Toxicogenomics Database (CTD)|Crystallography Open Database (COD)|CymitQuimica|DC Chemicals|DiscoveryGate|Egon Willighagen, Department of Bioinformatics - BiGCaT, Maastricht University|eMolecules|eNovation Chemicals|EPA DSSTox|EPA Substance Registry Services|FDA Global Substance Registration System (GSRS)|Finetech Industry Limited|Fisher Drug Discovery Resource Center|Google Patents|Hangzhou APIChem Technology|IBM|ICCB-Longwood Screening Facility, Harvard Medical School|iChemical Technology USA Inc|InvivoChem|ISpharm|J&H Chemical Co.,ltd|Japan Chemical Substance Dictionary (Nikkaji)|KEGG|Key Organics/BIONET|LabNetwork, a WuXi AppTec Company|LeadScope|LGC Standards|MassBank Europe|MassBank of North America (MoNA)|Mcule|MedChemexpress MCE|Metabolomics Workbench|Midas Pharma GmbH|MLSMR|Molecule Market|MolGenie|Molport|MTDP|MuseChem|National Center for Advancing Translational Sciences (NCATS)|NextBio|NextMove Software|NIAID ChemDB|NIST Mass Spectrometry Data Center|NORMAN Suspect List Exchange|NovoSeek|OChem|PATENTSCOPE (WIPO)|PDSP|Pi Chemicals|Probes & Drugs portal|PubChem Reference Collection|RR Scientific|Santa Cruz Biotechnology, Inc.|SCRIPDB|Selleck Chemicals|Shanghai Titan Scientific|Sigma-Aldrich|Small Molecule Screening Facility, UW Madison|Smolecule|Southern Research Institute|Springer Nature|Starshine Chemical|SureChEMBL|TargetMol|THE BioTek|Thieme Chemistry|Thomson Pharma|ToxPlanet|Wikidata|Yick-Vic Chemicals & Pharmaceuticals (HK) Ltd.|ZeroPM - Zero Pollution of Persistent, Mobile Substances|ZINC
Trolox;CC1=C(C2=C(CCC(O2)(C)C(=O)O)C(=C1O)C)C;001Chemical|10X CHEM|3WAY PHARM INC|A2B Chem|AA BLOCKS|Aaron Chemicals LLC|AbaChemScene|abcr GmbH|ABI Chem|AbMole Bioscience|Acadechem|Accel Scientific|Accela ChemBio Inc.|Achemica|Acmec Biochemical|Activate Scientific|AHH Chemical co.,ltd|AiFChem, an XtalPi Company|AKos Consulting & Solutions|Aladdin Scientific|Alfa Chemistry|Alichem|Amadis Chemical|Ambeed|Angel Pharmatech Ltd.|Anward|AppChem|Aribo Reagent|Ark Pharm, Inc.|AstaTech, Inc.|Aurora Fine Chemicals LLC|AvaChem Scientific|Axon Medchem|BenchChem|BePharm Ltd.|Bic Biotech|BindingDB|BioChemPartner|Biorbyt|Biosynth|BLD Pharm|BOC Sciences|Broad Institute|Calbiochem|CAPOT|CATO Research Chemicals Inc.|CCSbase|Center for Chemical Genomics, University of Michigan|ChEBI|Chem-Impex|Chem-Space.com Database|ChemBank|Chembase.cn|ChEMBL|ChemDB|Chemenu Inc.|ChemExper Chemical Directory|ChemIDplus|Chemieliva Pharmaceutical Co., Ltd|Cheminformatics Friedrich-Schiller-University Jena|ChemMol|ChemoSapiens|ChemShuttle|ChemSpider|ChemTik|Collaborative Drug Discovery, Inc.|Combi-Blocks|Cooke Chemical Co., Ltd|CSNpharm|CymitQuimica|DAOGE BIOPHARMA|DC Chemicals|Debye Scientific Co., Ltd|DempoChem|DiscoveryGate|Egon Willighagen, Department of Bioinformatics - BiGCaT, Maastricht University|EMD Millipore|eMolecules|Enamine|eNovation Chemicals|EPA DSSTox|EPA Substance Registry Services|EvitaChem|FDA Global Substance Registration System (GSRS)|Finetech Industry Limited|Fisher Drug Discovery Resource Center|Fluorochem|Fredberg Lab, Harvard T.H. Chan School of Public Health|Georganics|Glentham Life Sciences Ltd.|Google Patents|Hairui Chemical|Hefei Hirisun Pharmatech Co., Ltd|Human Metabolome Database (HMDB)|IBM|ICCB-Longwood Screening Facility, Harvard Medical School|iChemical Technology USA Inc|ISpharm|J&H Chemical Co.,ltd|Japan Chemical Substance Dictionary (Nikkaji)|Karki Laboratory of Innate Immunity and Cell Death, Seoul National University|Keith Lab, Institute of Cancer Science, University of Glasgow|Key Organics/BIONET|King Scientific|LabNetwork, a WuXi AppTec Company|labseeker|LeadScope|LEAPCHEM|LGC Standards|Matrix Scientific|Mcule|MedChemexpress MCE|Metabolomics Workbench|MLSMR|MolCore|Molecule Market|MolGenie|Molport|MP Biomedicals|MuseChem|National Center for Advancing Translational Sciences (NCATS)|Nature Chemistry|NextBio|NextMove Software|NIAID ChemDB|NIST Mass Spectrometry Data Center|NORMAN Suspect List Exchange|NovoSeek|Oakwood Products|OXCHEM CORPORATION|Parchem|PATENTSCOPE (WIPO)|PDSP|Pi Chemicals|Probes & Drugs portal|PubChem Reference Collection|RR Scientific|Santa Cruz Biotechnology, Inc.|SCRIPDB|Selleck Chemicals|Shanghai Mathcon Pharmaceutical Co.,LTD.|Shanghai Titan Scientific|Sigma-Aldrich|Small Molecule Screening Facility, UW Madison|Smolecule|Southern Research Institute|Springer Nature|SureChEMBL|SynHet - Synthetic Heterocycles|TargetMol|TCI (Tokyo Chemical Industry)|Tetrahedron Scientific Inc|THE BioTek|The Scripps Research Institute Molecular Screening Center|Thermo Fisher Scientific|Thieme Chemistry|Thomson Pharma|Thoreauchem|TimTec|Tocris Bioscience|ToxPlanet|Tractus|UCLA Molecular Screening Shared Resource|University of Iowa High-Throughput Screening Core (UIHTS)|University of Kansas High Throughput Screening Laboratory|Vitas-M Laboratory|VladaChem|VWR, Part of Avantor|Wikidata|Wiley|Wilshire Technologies|Win-Win Chemical|Wubei-Biochem|Yuhao Chemical|ZeroPM - Zero Pollution of Persistent, Mobile Substances
4-tert-Butylcatechol;CC(C)(C)C1=CC(=C(C=C1)O)O;001Chemical|10X CHEM|3WAY PHARM INC|A&J Pharmtech CO., LTD.|A2B Chem|AA BLOCKS|AAA Chemistry|Aaron Chemicals LLC|AbaChemScene|ABBLIS Chemicals|abcr GmbH|ABI Chem|Acadechem|Achemica|Achemtek|ACT Chemical|Advanced Technology & Industrial Co., Ltd.|AHH Chemical co.,ltd|AK Scientific, Inc. (AKSCI)|AKos Consulting & Solutions|Aladdin Scientific|Alfa Chemistry|Alichem|Amadis Chemical|Ambeed|Ambinter|AN PharmaTech|Angene Chemical|Anward|AppChem|Ark Pharm, Inc.|AstaTech, Inc.|Aurora Fine Chemicals LLC|Aurum Pharmatech LLC|Baker Lab, Chemistry Department, The University of North Carolina at Chapel Hill|BenchChem|BePharm Ltd.|Bic Biotech|BIDD|Biosynth|BLD Pharm|BOC Sciences|Boerchem|BroadPharm|CAPOT|CATO Research Chemicals Inc.|Chem-Space.com Database|Chembase.cn|ChEMBL|ChemDB|ChemExper Chemical Directory|Chemical Carcinogenesis Research Information System (CCRIS)|ChemIDplus|Chemieliva Pharmaceutical Co., Ltd|Cheminformatics Friedrich-Schiller-University Jena|ChemMol|ChemoSapiens|ChemSpider|ChemTik|Combi-Blocks|Comparative Toxicogenomics Database (CTD)|Cooke Chemical Co., Ltd|Crystallography Open Database (COD)|CymitQuimica|Debye Scientific Co., Ltd|DiscoveryGate|DSL Chemicals|DTP/NCI|Egon Willighagen, Department of Bioinformatics - BiGCaT, Maastricht University|eMolecules|Enamine|EPA DSSTox|EPA Substance Registry Services|FDA Global Substance Registration System (GSRS)|Finetech Industry Limited|Fluorochem|Founder Pharma|Google Patents|Hairui Chemical|Hangzhou APIChem Technology|Human Metabolome Database (HMDB)|IBM|iChemical Technology USA Inc|ISpharm|J&H Chemical Co.,ltd|Japan Chemical Substance Dictionary (Nikkaji)|Key Organics/BIONET|King Scientific|LabNetwork, a WuXi AppTec Company|labseeker|LeadScope|LEAPCHEM|LGC Standards|Life Chemicals|MassBank Europe|MassBank of North America (MoNA)|Matrix Scientific|Mcule|MLSMR|MolCore|Moldb|Molecule Market|Molepedia|MolGenie|Molport|MP Biomedicals|MuseChem|National Center for Advancing Translational Sciences (NCATS)|NCBI Structure|NextBio|NextMove Software|NIAID ChemDB|NIST Chemistry WebBook|NIST Mass Spectrometry Data Center|NMRShiftDB|NORMAN Suspect List Exchange|NovoSeek|Oakwood Products|OXCHEM CORPORATION|Parchem|PATENTSCOPE (WIPO)|Protein Data Bank in Europe (PDBe)|PubChem Reference Collection|RR Scientific|Santa Cruz Biotechnology, Inc.|SCRIPDB|Shanghai Institute of Organic Chemistry|Sigma-Aldrich|Sinfoo Biotech|Small Molecule Screening Facility, UW Madison|Smolecule|Springer Nature|Starshine Chemical|SureChEMBL|SynHet - Synthetic Heterocycles|Syntree|TCI (Tokyo Chemical Industry)|THE BioTek|Thermo Fisher Scientific|Thieme Chemistry|Thomson Pharma|Thoreauchem|TimTec|Tox21|ToxPlanet|Tractus|Vitas-M Laboratory|VladaChem|VWR, Part of Avantor|Wikidata|Wiley|Win-Win Chemical|Wubei-Biochem|Wutech|Yick-Vic Chemicals & Pharmaceuticals (HK) Ltd.|Yuhao Chemical|ZeroPM - Zero Pollution of Persistent, Mobile Substances|ZINC
Diallyl Sulfide;C=CCSCC=C;10X CHEM|A&J Pharmtech CO., LTD.|A2B Chem|AA BLOCKS|abcr GmbH|Abe Lab, University of Texas MD Anderson Cancer Center|ABI Chem|Acadechem|Achemica|AHH Chemical co.,ltd|AK Scientific, Inc. (AKSCI)|AKos Consulting & Solutions|Aladdin Scientific|Amadis Chemical|AN PharmaTech|Angene Chemical|Anward|AppChem|BenchChem|Bic Biotech|BindingDB|Biorbyt|Biosynth|Burnham Center for Chemical Genomics|CATO Research Chemicals Inc.|Center for Chemical Genomics, University of Michigan|Changzhou Highassay Chemical Co., Ltd|ChEBI|Chem-Space.com Database|ChemBank|Chembase.cn|ChEMBL|ChemDB|ChemExper Chemical Directory|Chemical Carcinogenesis Research Information System (CCRIS)|chemical genetic matrix|ChemIDplus|Chemieliva Pharmaceutical Co., Ltd|Cheminformatics Friedrich-Schiller-University Jena|ChemMol|ChemoSapiens|ChemSpider|ChemTik|Chen Lab, School of Medicine, Emory University|Clearsynth|Combi-Blocks|Crystallography Open Database (COD)|CymitQuimica|Debye Scientific Co., Ltd|DiscoveryGate|DTP/NCI|Egon Willighagen, Department of Bioinformatics - BiGCaT, Maastricht University|eMolecules|Emory University Molecular Libraries Screening Center|Enamine|EPA DSSTox|EPA Substance Registry Services|FDA Global Substance Registration System (GSRS)|Fisher Drug Discovery Resource Center|Glentham Life Sciences Ltd.|Google Patents|Gulick Lab, Department of Structural Biology, University at Buffalo|Hairui Chemical|Human Metabolome Database (HMDB)|IBM|iChemical Technology USA Inc|ISpharm|Japan Chemical Substance Dictionary (Nikkaji)|KEGG|Key Organics/BIONET|King Scientific|LeadScope|LEAPCHEM|MassBank Europe|MassBank of North America (MoNA)|Mcule|Metabolomics Workbench|Molecule Market|Molepedia|MolGenie|Molport|MP Biomedicals|MuseChem|National Center for Advancing Translational Sciences (NCATS)|NextBio|NextMove Software|NIAID ChemDB|NIST Chemistry WebBook|NIST Mass Spectrometry Data Center|NMRShiftDB|NORMAN Suspect List Exchange|NovoSeek|Oakwood Products|ORST SMALL MOLECULE SCREENING CENTER|Parchem|PATENTSCOPE (WIPO)|Pi Chemicals|Probes & Drugs portal|PubChem Reference Collection|RR Scientific|Santa Cruz Biotechnology, Inc.|SCRIPDB|Sigma-Aldrich|Sinfoo Biotech|Smolecule|Springer Nature|SpringerMaterials|Starshine Chemical|SureChEMBL|SynHet - Synthetic Heterocycles|TCI (Tokyo Chemical Industry)|THE BioTek|The Scripps Research Institute Molecular Screening Center|Thermo Fisher Scientific|Thieme Chemistry|Thomson Pharma|TimTec|ToxPlanet|Tractus|University of Iowa High-Throughput Screening Core (UIHTS)|University of Kansas High Throughput Screening Laboratory|Vitas-M Laboratory|VladaChem|VWR, Part of Avantor|Wikidata|Wiley|Wubei-Biochem|Wutech|Yick-Vic Chemicals & Pharmaceuticals (HK) Ltd.|Yuhao Chemical|ZeroPM - Zero Pollution of Persistent, Mobile Substances|ZINC
alpha-Tocopherol succinate;CC1=C(C(=C(C2=C1O[C@](CC2)(C)CCC[C@H](C)CCC[C@H](C)CCCC(C)C)C)OC(=O)CCC(=O)O)C;001Chemical|10X CHEM|3WAY PHARM INC|A2B Chem|AA BLOCKS|Aaron Chemicals LLC|AbaChemScene|abcr GmbH|ABI Chem|AbMole Bioscience|Accel Scientific|Accela ChemBio Inc.|Achemo Scientific Limited|Achemtek|Acmec Biochemical|ACT Chemical|AHH Chemical co.,ltd|AiFChem, an XtalPi Company|AK Scientific, Inc. (AKSCI)|AKos Consulting & Solutions|Aladdin Scientific|Alfa Chemistry|Alichem|Amadis Chemical|Ambeed|AN PharmaTech|AppChem|AstaTech, Inc.|Aurora Fine Chemicals LLC|AvaChem Scientific|BenchChem|Bic Biotech|BindingDB|Biorbyt|BLD Pharm|BOC Sciences|Boerchem|Broad Institute|Burnham Center for Chemical Genomics|Calbiochem|CATO Research Chemicals Inc.|Center for Chemical Genomics, University of Michigan|ChEBI|Chem-Space.com Database|Chembase.cn|ChEMBL|ChemExper Chemical Directory|Chemical Carcinogenesis Research Information System (CCRIS)|ChemIDplus|Chemieliva Pharmaceutical Co., Ltd|Cheminformatics Friedrich-Schiller-University Jena|ChemMol|ChemoSapiens|ChemSpider|ChemTik|Collaborative Drug Discovery, Inc.|Combi-Blocks|Comparative Toxicogenomics Database (CTD)|CymitQuimica|Davey Lab, Department of Microbiology, NEIDL, Boston University|DiscoveryGate|DrugBank|DrugCentral|Egon Willighagen, Department of Bioinformatics - BiGCaT, Maastricht University|EMD Millipore|eMolecules|Enamine|eNovation Chemicals|EPA DSSTox|EvitaChem|FDA Global Substance Registration System (GSRS)|Glentham Life Sciences Ltd.|Google Patents|Hangzhou APIChem Technology|IBM|iChemical Technology USA Inc|InvivoChem|ISpharm|J&H Chemical Co.,ltd|Japan Chemical Substance Dictionary (Nikkaji)|KEGG|Keith Lab, Institute of Cancer Science, University of Glasgow|Key Organics/BIONET|King Scientific|LabNetwork, a WuXi AppTec Company|labseeker|LeadScope|LGC Standards|Mcule|MedChemexpress MCE|Molecule Market|MolGenie|Molport|MuseChem|National Center for Advancing Translational Sciences (NCATS)|NextBio|NextMove Software|NIAID ChemDB|NIST Mass Spectrometry Data Center|NORMAN Suspect List Exchange|NovoSeek|Oakwood Products|OChem|Parchem|PATENTSCOPE (WIPO)|Pi Chemicals|Probes & Drugs portal|PubChem Reference Collection|RR Scientific|Santa Cruz Biotechnology, Inc.|SCRIPDB|Shanghai Titan Scientific|Sigma-Aldrich|Smolecule|Springer Nature|Starshine Chemical|SureChEMBL|SynHet - Synthetic Heterocycles|TCI (Tokyo Chemical Industry)|THE BioTek|The Scripps Research Institute Molecular Screening Center|Thomson Pharma|TimTec|Tox21|ToxPlanet|Tractus|VWR, Part of Avantor|Wikidata|Wiley|Yick-Vic Chemicals & Pharmaceuticals (HK) Ltd.|Yuhao Chemical|ZeroPM - Zero Pollution of Persistent, Mobile Substances|ZINC
L-Selenomethionine;C[Se]CC[C@@H](C(=O)O)N;001Chemical|10X CHEM|3WAY PHARM INC|A2B Chem|AA BLOCKS|AAA Chemistry|Aaron Chemicals LLC|AbaChemScene|abcr GmbH|ABI Chem|AbovChem LLC|Acadechem|Accel Scientific|Acmec Biochemical|Activate Scientific|AEchem Scientific Corp., USA|AiFChem, an XtalPi Company|AK Scientific, Inc. (AKSCI)|AKos Consulting & Solutions|Aladdin Scientific|Alfa Chemistry|Alichem|Allbio Pharm Co., Ltd|Amadis Chemical|Ambeed|AN PharmaTech|Angel Pharmatech Ltd.|Angene Chemical|Anward|Apexmol|AppChem|Assembly Blocks Pvt. Ltd.|AstaTech, Inc.|Aurora Fine Chemicals LLC|Aurum Pharmatech LLC|BenchChem|BePharm Ltd.|Bic Biotech|BioCyc|Biological Magnetic Resonance Data Bank (BMRB)|Biorbyt|Biosynth|BLD Pharm|BOC Sciences|Broad Institute|Calbiochem|CATO Research Chemicals Inc.|CCSbase|Center for Chemical Genomics, University of Michigan|ChangChem|ChEBI|Chem-Space.com Database|Chembase.cn|ChEMBL|Chemenu Inc.|ChemExper Chemical Directory|ChemIDplus|Chemieliva Pharmaceutical Co., Ltd|Cheminformatics Friedrich-Schiller-University Jena|ChemMol|ChemoSapiens|ChemShuttle|ChemSpider|ChemTik|Chiralblock Biosciences|Collaborative Drug Discovery, Inc.|Crystallography Open Database (COD)|CSNpharm|CymitQuimica|Davey Lab, Department of Microbiology, NEIDL, Boston University|DC Chemicals|DempoChem|DiscoveryGate|DrugBank|DrugCentral|DTP/NCI|ECI Group, LCSB, University of Luxembourg|Egon Willighagen, Department of Bioinformatics - BiGCaT, Maastricht University|Elsa Biotechnology|EMD Millipore|eMolecules|eNovation Chemicals|EPA DSSTox|EPA Substance Registry Services|FDA Global Substance Registration System (GSRS)|Fisher Drug Discovery Resource Center|Fluorochem|Fondchemical Limited|Founder Pharma|Glentham Life Sciences Ltd.|Golm Metabolome Database (GMD), Max Planck Institute of Molecular Plant Physiology|Google Patents|Hangzhou APIChem Technology|Human Metabolome Database (HMDB)|ICCB-Longwood Screening Facility, Harvard Medical School|iChemical Technology USA Inc|InvivoChem|ISpharm|J&H Chemical Co.,ltd|Japan Chemical Substance Dictionary (Nikkaji)|KCS Online|KEGG|Kingston Chemistry|LabNetwork, a WuXi AppTec Company|labseeker|LeadScope|LGC Standards|MassBank of North America (MoNA)|Matrix Scientific|Mcule|MedChemexpress MCE|Metabolomics Workbench|Molepedia|MolGenie|Molport|MuseChem|National Center for Advancing Translational Sciences (NCATS)|Nature Chemical Biology|NCBI Structure|NextBio|NextMove Software|NORMAN Suspect List Exchange|NovoSeek|Oakwood Products|OXCHEM CORPORATION|Parchem|PATENTSCOPE (WIPO)|Phion Ltd|Pi Chemicals|Probes & Drugs portal|Protein Data Bank in Europe (PDBe)|PubChem Reference Collection|RR Scientific|Santa Cruz Biotechnology, Inc.|SCRIPDB|Selleck Chemicals|Shanghai Titan Scientific|Sigma-Aldrich|Sinfoo Biotech|SMID|Smolecule|Southern Research Institute|Springer Nature|Starshine Chemical|SureChEMBL|Syntech Labs|Syntree|TargetMol|TCI (Tokyo Chemical Industry)|THE BioTek|The Scripps Research Institute Molecular Screening Center|Thieme Chemistry|Thomson Pharma|Thoreauchem|Tox21|ToxPlanet|Tractus|VladaChem|Wikidata|Wiley|Win-Win Chemical|Wubei-Biochem|Wutech|Yick-Vic Chemicals & Pharmaceuticals (HK) Ltd.|Yuhao Chemical|ZeroPM - Zero Pollution of Persistent, Mobile Substances
Dicarbine;CC1=CC2=C(C=C1)NC3C2CN(CC3)C;001Chemical|10X CHEM|3WAY PHARM INC|A2B Chem|AA BLOCKS|AAA Chemistry|AbaChemScene|abcr GmbH|ABI Chem|Acadechem|Accel Scientific|Ace Therapeutics|Acorn PharmaTech Product List|Activate Scientific|AHH Chemical co.,ltd|AiFChem, an XtalPi Company|AK Scientific, Inc. (AKSCI)|AKos Consulting & Solutions|Alfa Chemistry|Alichem|Amadis Chemical|Ambinter|Angene Chemical|AppChem|ASINEX|AstaTech, Inc.|Aurora Fine Chemicals LLC|BenchChem|BePharm Ltd.|Biocore|Biorbyt|Biosynth|BLD Pharm|BOC Sciences|Broad Institute|CAPOT|Chem-Space.com Database|ChemBank|Chembase.cn|ChEMBL|ChemBlock|ChemBridge|ChemDB|Chemenu Inc.|ChemIDplus|Chemieliva Pharmaceutical Co., Ltd|Cheminformatics Friedrich-Schiller-University Jena|ChemoSapiens|ChemSpider|ChemTik|Clearsynth|Collaborative Drug Discovery, Inc.|Combi-Blocks|Cooke Chemical Co., Ltd|CymitQuimica|Debye Scientific Co., Ltd|DiRusso Lab, Biochemistry Department, University of Nebraska|DiscoveryGate|Egon Willighagen, Department of Bioinformatics - BiGCaT, Maastricht University|eMolecules|Enamine|eNovation Chemicals|EPA DSSTox|FDA Global Substance Registration System (GSRS)|Fisher Drug Discovery Resource Center|Founder Pharma|Google Patents|Hairui Chemical|Human Metabolome Database (HMDB)|IBM|ICCB-Longwood Screening Facility, Harvard Medical School|InvivoChem|J&H Chemical Co.,ltd|Japan Chemical Substance Dictionary (Nikkaji)|KCS Online|LabNetwork, a WuXi AppTec Company|LeadScope|Life Chemicals|Matrix Scientific|Mcule|MedChemexpress MCE|MolCore|Molecule Market|Molepedia|MolGenie|Molport|MuseChem|NextBio|NextMove Software|NIST Mass Spectrometry Data Center|NORMAN Suspect List Exchange|NovoSeek|Oakwood Products|OXCHEM CORPORATION|Paczesny and Yang Labs, IUPUI and University of Michigan|PATENTSCOPE (WIPO)|Probes & Drugs portal|PubChem Reference Collection|RR Scientific|Santa Cruz Biotechnology, Inc.|Small Molecule Screening Facility, UW Madison|Smolecule|Southern Research Institute|Springer Nature|Starshine Chemical|SureChEMBL|SynHet - Synthetic Heterocycles|SynQuest Laboratories|TargetMol|THE BioTek|Thomson Pharma|TimTec|Tox21|ToxPlanet|Tractus|University of Kansas High Throughput Screening Laboratory|Vanderbilt High Throughput Screening Facility|Vitas-M Laboratory|Wikidata|Wolschendorf Lab, School of Medicine, University of Alabama at Birmingham|Wubei-Biochem
D-Methionine;CSCC[C@H](C(=O)O)N;001Chemical|10X CHEM|3WAY PHARM INC|A&J Pharmtech CO., LTD.|A2B Chem|AA BLOCKS|AAA Chemistry|Aaron Chemicals LLC|AbaChemScene|abcr GmbH|ABI Chem|AbMole Bioscience|Acadechem|Accel Scientific|Accela ChemBio Inc.|Achemo Scientific Limited|Acmec Biochemical|Acorn PharmaTech Product List|ACT Chemical|Activate Scientific|AHH Chemical co.,ltd|AiFChem, an XtalPi Company|AK Scientific, Inc. (AKSCI)|AKos Consulting & Solutions|Aladdin Scientific|Alfa Chemistry|Alichem|Amadis Chemical|Ambeed|Anward|ApexBio Technology|Apexmol|AppChem|AstaTech, Inc.|Aurora Fine Chemicals LLC|Aurum Pharmatech LLC|BenchChem|BePharm Ltd.|Bic Biotech|BindingDB|BioCyc|Biological Magnetic Resonance Data Bank (BMRB)|Biorbyt|Biosynth|BLD Pharm|BOC Sciences|CATO Research Chemicals Inc.|CD Formulation|Changzhou Highassay Chemical Co., Ltd|ChEBI|Chem-Space.com Database|Chembase.cn|ChEMBL|Chemhere|ChemIDplus|Chemieliva Pharmaceutical Co., Ltd|Cheminformatics Friedrich-Schiller-University Jena|ChemMol|ChemoSapiens|ChemSpider|ChemTik|Collaborative Drug Discovery, Inc.|Combi-Blocks|CreativePeptides|Crystallography Open Database (COD)|CSNpharm|CymitQuimica|Davey Lab, Department of Microbiology, NEIDL, Boston University|Debye Scientific Co., Ltd|DiscoveryGate|DrugBank|Egon Willighagen, Department of Bioinformatics - BiGCaT, Maastricht University|Elsa Biotechnology|eMolecules|Enamine|eNovation Chemicals|EPA DSSTox|EPA Substance Registry Services|EvitaChem|FDA Global Substance Registration System (GSRS)|Fluorochem|Founder Pharma|Glentham Life Sciences Ltd.|Google Patents|Hangzhou APIChem Technology|Hangzhou Trylead Chemical Technology|IBM|iChemical Technology USA Inc|InvivoChem|ISpharm|J&H Chemical Co.,ltd|Japan Chemical Substance Dictionary (Nikkaji)|KEGG|Key Organics/BIONET|King Scientific|LabNetwork, a WuXi AppTec Company|labseeker|Lan Pharmatech|LGC Standards|Matrix Scientific|Mcule|MedChemexpress MCE|Metabolomics Workbench|Molecule Market|Molepedia|MolGenie|Molport|MuseChem|National Center for Advancing Translational Sciences (NCATS)|NCBI Structure|NextBio|NextMove Software|NIST Chemistry WebBook|NIST Mass Spectrometry Data Center|NORMAN Suspect List Exchange|NovoSeek|Oakwood Products|OChem|OXCHEM CORPORATION|PATENTSCOPE (WIPO)|Phion Ltd|Pi Chemicals|Probes & Drugs portal|Protein Data Bank in Europe (PDBe)|Prous Science Drugs of the Future|PubChem Reference Collection|RR Scientific|Santa Cruz Biotechnology, Inc.|SCRIPDB|Selleck Chemicals|Shanghai Titan Scientific|Sigma-Aldrich|Sinfoo Biotech|SLING Consortium|SMID|Smolecule|Springer Nature|Starshine Chemical|SureChEMBL|SynHet - Synthetic Heterocycles|Syntech Labs|Syntree|TargetMol|TCI (Tokyo Chemical Industry)|THE BioTek|Thieme Chemistry|Thomson Pharma|Thoreauchem|TimTec|ToxPlanet|Tractus|VladaChem|VWR, Part of Avantor|Wikidata|Wiley|Win-Win Chemical|Wolves R&D chemical|Wubei-Biochem|Wutech|Yick-Vic Chemicals & Pharmaceuticals (HK) Ltd.|Yuhao Chemical|ZeroPM - Zero Pollution of Persistent, Mobile Substances|ZINC
3-Hydroxypyridine;C1=CC(=CN=C1)O;001Chemical|10X CHEM|3WAY PHARM INC|A&J Pharmtech CO., LTD.|A2B Chem|AA BLOCKS|AAA Chemistry|Aaron Chemicals LLC|AbaChemScene|ABBLIS Chemicals|abcr GmbH|ABI Chem|Acadechem|Accel Scientific|Achemica|Achemo Scientific Limited|Achemtek|Acmec Biochemical|Acorn PharmaTech Product List|ACT Chemical|AHH Chemical co.,ltd|AiFChem, an XtalPi Company|AK Scientific, Inc. (AKSCI)|AKos Consulting & Solutions|Aladdin Scientific|Alfa Chemistry|Alichem|Amadis Chemical|Ambeed|Ambinter|Ampyridine Co.,Ltd|AN PharmaTech|Angel Pharmatech Ltd.|Angene Chemical|Anward|Apexmol|AppChem|Aribo Reagent|Ark Pharm, Inc.|AstaTech, Inc.|Aurora Fine Chemicals LLC|Aurum Pharmatech LLC|Baker Lab, Chemistry Department, The University of North Carolina at Chapel Hill|BenchChem|BePharm Ltd.|BerrChemical|Bic Biotech|BindingDB|BioChemPartner|Biocore|BioCyc|Biorbyt|BLD Pharm|BOC Sciences|BroadPharm|CAPOT|CATO Research Chemicals Inc.|ChangChem|ChEBI|Chem-Impex|Chem-Space.com Database|Chembase.cn|ChEMBL|ChemDB|Chemenu Inc.|ChemExper Chemical Directory|ChemIDplus|Chemieliva Pharmaceutical Co., Ltd|Cheminformatics Friedrich-Schiller-University Jena|ChemMol|ChemoSapiens|ChemShuttle|ChemSpider|ChemTik|Clearsynth|Collaborative Drug Discovery, Inc.|Combi-Blocks|Cooke Chemical Co., Ltd|Crystallography Open Database (COD)|CymitQuimica|Day Biochem|DC Chemicals|Debye Scientific Co., Ltd|DiscoveryGate|DSL Chemicals|DTP/NCI|ECI Group, LCSB, University of Luxembourg|Egon Willighagen, Department of Bioinformatics - BiGCaT, Maastricht University|eMolecules|Enamine|eNovation Chemicals|EPA DSSTox|EPA Substance Registry Services|EvitaChem|FDA Global Substance Registration System (GSRS)|Finetech Industry Limited|Founder Pharma|Glentham Life Sciences Ltd.|Golm Metabolome Database (GMD), Max Planck Institute of Molecular Plant Physiology|Google Patents|Hairui Chemical|Hangzhou Trylead Chemical Technology|Hunan Huateng Pharmaceutical Co., Ltd.|IBM|ISpharm|IUPAC Digitized pKa Dataset|J&H Chemical Co.,ltd|Japan Chemical Substance Dictionary (Nikkaji)|Key Organics/BIONET|King Scientific|LabNetwork, a WuXi AppTec Company|labseeker|Lan Pharmatech|LeadScope|LEAPCHEM|LGC Standards|Life Chemicals|MassBank Europe|MassBank of North America (MoNA)|Matrix Scientific|Mcule|MedChemexpress MCE|Metabolomics Workbench|MolCore|Molepedia|MolGenie|Molport|MP Biomedicals|MuseChem|Nature Chemistry|NCBI Structure|NextBio|NextMove Software|NIAID ChemDB|NIST Chemistry WebBook|NIST Mass Spectrometry Data Center|NMRShiftDB|NORMAN Suspect List Exchange|NovoSeek|Oakwood Products|OChem|OtavaChemicals|OXCHEM CORPORATION|Parchem|PATENTSCOPE (WIPO)|Phion Ltd|Pi Chemicals|Probes & Drugs portal|Protein Data Bank in Europe (PDBe)|PubChem Reference Collection|R&D Chemicals|Rosewachem|RR Scientific|Santa Cruz Biotechnology, Inc.|SCRIPDB|Shanghai Titan Scientific|Sigma-Aldrich|Sinfoo Biotech|SLING Consortium|Smolecule|Specs|Springer Nature|SpringerMaterials|Starshine Chemical|SureChEMBL|Symb ChemTech|Synblock Inc|SynHet - Synthetic Heterocycles|Syntech Labs|Syntree|TargetMol|TCI (Tokyo Chemical Industry)|THE BioTek|Thermo Fisher Scientific|Thieme Chemistry|Thomson Pharma|Thoreauchem|TimTec|ToxPlanet|Tractus|Vesino Industrial Co., Ltd|Vitas-M Laboratory|VladaChem|VWR, Part of Avantor|Wikidata|Wiley|Win-Win Chemical|Wolves R&D chemical|Wubei-Biochem|Wutech|Yick-Vic Chemicals & Pharmaceuticals (HK) Ltd.|Yuhao Chemical|ZeroPM - Zero Pollution of Persistent, Mobile Substances|ZINC|Zjartschem
Troxerutin;C[C@H]1[C@@H]([C@H]([C@H]([C@@H](O1)OC[C@@H]2[C@H]([C@@H]([C@H]([C@@H](O2)OC3=C(OC4=CC(=CC(=C4C3=O)O)OCCO)C5=CC(=C(C=C5)OCCO)OCCO)O)O)O)O)O)O;001Chemical|3WAY PHARM INC|AA BLOCKS|Aaron Chemicals LLC|AbaChemScene|abcr GmbH|Abe Lab, University of Texas MD Anderson Cancer Center|ABI Chem|AbMole Bioscience|Accela ChemBio Inc.|Achemtek|Acorn PharmaTech Product List|Activate Scientific|AHH Chemical co.,ltd|AK Scientific, Inc. (AKSCI)|AKos Consulting & Solutions|Aladdin Scientific|Alfa Chemistry|Amadis Chemical|Ambeed|Ambinter|AstaTech, Inc.|Aurora Fine Chemicals LLC|AvaChem Scientific|BenchChem|Biorbyt|Biosynth|BLD Pharm|BOC Sciences|Broad Institute|CATO Research Chemicals Inc.|CCSbase|Center for Chemical Genomics, University of Michigan|Changzhou Highassay Chemical Co., Ltd|Chem-Space.com Database|Chembase.cn|ChEMBL|ChemFaces|Chemical Carcinogenesis Research Information System (CCRIS)|ChemIDplus|Chemieliva Pharmaceutical Co., Ltd|Cheminformatics Friedrich-Schiller-University Jena|ChemMol|ChemoSapiens|ChemShuttle|ChemSpider|Chen Lab, School of Medicine, Emory University|Clearsynth|Clinivex|Combi-Blocks|Comparative Toxicogenomics Database (CTD)|CSNpharm|CymitQuimica|Davey Lab, Department of Microbiology, NEIDL, Boston University|DiscoveryGate|DrugBank|DrugCentral|eMolecules|eNovation Chemicals|EPA DSSTox|EvitaChem|FDA Global Substance Registration System (GSRS)|Finetech Industry Limited|Genetic Toxicology Data Bank (GENE-TOX)|Google Patents|Human Metabolome Database (HMDB)|iChemical Technology USA Inc|InvivoChem|J&H Chemical Co.,ltd|Japan Chemical Substance Dictionary (Nikkaji)|KEGG|Key Organics/BIONET|LabNetwork, a WuXi AppTec Company|LeadScope|LGC Standards|Mcule|MedChemexpress MCE|Metabolomics Workbench|Milbrandt Lab, Department of Genetics, Washington University School of Medicine|MolGenie|Molport|MuseChem|NextBio|NIST Mass Spectrometry Data Center|NORMAN Suspect List Exchange|NovoSeek|Oakwood Products|OChem|PATENTSCOPE (WIPO)|Probes & Drugs portal|PubChem Reference Collection|Race Chemical|RR Scientific|Santa Cruz Biotechnology, Inc.|Selleck Chemicals|Shanghai Titan Scientific|Sigma-Aldrich|Springer Nature|Starshine Chemical|SureChEMBL|Syntech Labs|TargetMol|THE BioTek|Thomson Pharma|Tox21|ToxPlanet|VladaChem|VWR, Part of Avantor|Wikidata|Win-Win Chemical|Yick-Vic Chemicals & Pharmaceuticals (HK) Ltd.|ZeroPM - Zero Pollution of Persistent, Mobile Substances|ZINC
Nordihydroguaretic acid;CC(CC1=CC(=C(C=C1)O)O)C(C)CC2=CC(=C(C=C2)O)O;001Chemical|10X CHEM|3WAY PHARM INC|A2B Chem|AA BLOCKS|AAA Chemistry|Aaron Chemicals LLC|AbaChemScene|Abbott Labs|abcr GmbH|ABI Chem|AbovChem LLC|Acadechem|Accel Scientific|Achemica|Achemtek|Acmec Biochemical|Acorn PharmaTech Product List|Activate Scientific|AEchem Scientific Corp., USA|AgroIntelBioScan.com|AHH Chemical co.,ltd|AiFChem, an XtalPi Company|AK Scientific, Inc. (AKSCI)|AKos Consulting & Solutions|Aladdin Scientific|Alfa Chemistry|Alichem|Amadis Chemical|Ambeed|AN PharmaTech|Angel Pharmatech Ltd.|AppChem|Aribo Reagent|AstaTech, Inc.|Aurora Fine Chemicals LLC|Aurum Pharmatech LLC|Baker Lab, Chemistry Department, The University of North Carolina at Chapel Hill|BenchChem|BindingDB|BioChemPartner|BioCyc|Biorbyt|Biosynth|BLD Pharm|BOC Sciences|Boerchem|Broad Institute|Burnham Center for Chemical Genomics|C. David Weaver Laboratory, Vanderbilt University|Calbiochem|CATO Research Chemicals Inc.|Center for Chemical Genomics, University of Michigan|ChEBI|Chem-Impex|Chem-Space.com Database|ChemBank|Chembase.cn|ChEMBL|ChemDB|ChemExper Chemical Directory|ChemFaces|Chemical Carcinogenesis Research Information System (CCRIS)|chemical genetic matrix|ChemIDplus|Chemieliva Pharmaceutical Co., Ltd|Cheminformatics Friedrich-Schiller-University Jena|ChemMol|ChemoSapiens|ChemSpider|ChemTik|Collaborative Drug Discovery, Inc.|Combi-Blocks|Cooke Chemical Co., Ltd|CSNpharm|CymitQuimica|Day Biochem|DiscoveryGate|DTP/NCI|Egon Willighagen, Department of Bioinformatics - BiGCaT, Maastricht University|EMD Millipore|eMolecules|Enamine|eNovation Chemicals|EPA DSSTox|EPA Substance Registry Services|Finetech Industry Limited|Fisher Drug Discovery Resource Center|Glentham Life Sciences Ltd.|Google Patents|Hairui Chemical|Hangzhou APIChem Technology|IBM|ICCB-Longwood Screening Facility, Harvard Medical School|iChemical Technology USA Inc|InvivoChem|ISpharm|IUPHAR/BPS Guide to PHARMACOLOGY|J&H Chemical Co.,ltd|Japan Chemical Substance Dictionary (Nikkaji)|KEGG|Keith Lab, Institute of Cancer Science, University of Glasgow|Key Organics/BIONET|LabNetwork, a WuXi AppTec Company|labseeker|LeadScope|LEAPCHEM|LGC Standards|MassBank Europe|MassBank of North America (MoNA)|Mcule|MedChemexpress MCE|MLSMR|MolCore|Molecule Market|Molepedia|MolGenie|Molport|MP Biomedicals|MuseChem|National Center for Advancing Translational Sciences (NCATS)|NextBio|NextMove Software|NIAID ChemDB|NINDS Approved Drug Screening Program|NIST Chemistry WebBook|NIST Mass Spectrometry Data Center|NMRShiftDB|NORMAN Suspect List Exchange|Novartis Institutes for BioMedical Research|NovoSeek|OChem|PATENTSCOPE (WIPO)|Probes & Drugs portal|PubChem Reference Collection|R&D Chemicals|RR Scientific|Santa Cruz Biotechnology, Inc.|SCRIPDB|Selleck Chemicals|Shanghai Titan Scientific|Sigma-Aldrich|Sinfoo Biotech|Small Molecule Screening Facility, UW Madison|Smolecule|Springer Nature|SureChEMBL|SynHet - Synthetic Heterocycles|TargetMol|TCI (Tokyo Chemical Industry)|THE BioTek|The Scripps Research Institute Molecular Screening Center|Therapeutic Target Database (TTD)|Thermo Fisher Scientific|Thomson Pharma|TimTec|Tox21|ToxPlanet|TripleBond|University of Kansas High Throughput Screening Laboratory|Vitas-M Laboratory|VladaChem|Wikidata|Wilshire Technologies|Win-Win Chemical|Wubei-Biochem|Yick-Vic Chemicals & Pharmaceuticals (HK) Ltd.|Yuhao Chemical|ZeroPM - Zero Pollution of Persistent, Mobile Substances|Zoeller Lab, School of Medicine, Boston University
Rebamipide;C1=CC=C2C(=C1)C(=CC(=O)N2)CC(C(=O)O)NC(=O)C3=CC=C(C=C3)Cl;001Chemical|10X CHEM|3WAY PHARM INC|A2B Chem|AA BLOCKS|AbaChemScene|ABBLIS Chemicals|abcr GmbH|Abe Lab, University of Texas MD Anderson Cancer Center|ABI Chem|AbMole Bioscience|AbovChem LLC|Accel Scientific|Accela ChemBio Inc.|Achemo Scientific Limited|Acmec Biochemical|Activate Scientific|AHH Chemical co.,ltd|AiFChem, an XtalPi Company|AK Scientific, Inc. (AKSCI)|AKos Consulting & Solutions|Aladdin Scientific|Alfa Chemistry|Alichem|Amadis Chemical|Ambeed|Ambinter|AN PharmaTech|Angel Pharmatech Ltd.|Angene Chemical|Anward|AOBIOUS INC|AppChem|Ark Pharm, Inc.|Assembly Blocks Pvt. Ltd.|AstaTech, Inc.|Aurora Fine Chemicals LLC|AvaChem Scientific|BenchChem|BePharm Ltd.|BioChemPartner|BioCrick|Biorbyt|Biosynth|BLD Pharm|BOC Sciences|Broad Institute|Burnham Center for Chemical Genomics|CAPOT|CATO Research Chemicals Inc.|CCSbase|Center for Chemical Genomics, University of Michigan|Changzhou Highassay Chemical Co., Ltd|ChEBI|Chem-Impex|Chem-Space.com Database|ChemBank|Chembase.cn|ChEMBL|ChemDB|Chemical Carcinogenesis Research Information System (CCRIS)|chemical genetic matrix|ChemIDplus|Chemieliva Pharmaceutical Co., Ltd|Cheminformatics Friedrich-Schiller-University Jena|ChemMol|ChemoSapiens|ChemShuttle|ChemSpider|ChemTik|Chen Lab, School of Medicine, Emory University|Clearsynth|Clinivex|Collaborative Drug Discovery, Inc.|Comparative Toxicogenomics Database (CTD)|Cooke Chemical Co., Ltd|CSNpharm|CymitQuimica|DAOGE BIOPHARMA|DC Chemicals|DempoChem|DiscoveryGate|DrugBank|DrugCentral|DTP/NCI|Egon Willighagen, Department of Bioinformatics - BiGCaT, Maastricht University|eMolecules|Emory University Molecular Libraries Screening Center|Enamine|eNovation Chemicals|EPA DSSTox|EvitaChem|Eximed Laboratory|FDA Global Substance Registration System (GSRS)|Finetech Industry Limited|Fisher Drug Discovery Resource Center|Fluorochem|Fragmenta|Glentham Life Sciences Ltd.|Glixx Labs Inc|Google Patents|Gulick Lab, Department of Structural Biology, University at Buffalo|Hangzhou APIChem Technology|Hefei Hirisun Pharmatech Co., Ltd|Human Metabolome Database (HMDB)|IBM|ICCB-Longwood Screening Facility, Harvard Medical School|iChemical Technology USA Inc|Innovapharm|InvivoChem|ISpharm|IUPHAR/BPS Guide to PHARMACOLOGY|J&H Chemical Co.,ltd|Japan Chemical Substance Dictionary (Nikkaji)|KEGG|Key Organics/BIONET|King Scientific|LabNetwork, a WuXi AppTec Company|labseeker|Lan Pharmatech|LeadScope|LEAPCHEM|LGC Standards|MassBank of North America (MoNA)|Mcule|MedChemexpress MCE|Milbrandt Lab, Department of Genetics, Washington University School of Medicine|MLSMR|MolCore|Molepedia|MolGenie|Molport|MuseChem|National Center for Advancing Translational Sciences (NCATS)|NextBio|NextMove Software|NIH/NCATS RNAi|NovoSeek|Oakwood Products|OChem|ORST SMALL MOLECULE SCREENING CENTER|OXCHEM CORPORATION|Paragos|Parchem|PATENTSCOPE (WIPO)|Pi Chemicals|Probes & Drugs portal|Prous Science Drugs of the Future|PubChem Reference Collection|RR Scientific|Santa Cruz Biotechnology, Inc.|SCRIPDB|Selleck Chemicals|Shanghai Titan Scientific|Sigma-Aldrich|Smolecule|Southern Research Institute|Springer Nature|Starshine Chemical|SureChEMBL|SynHet - Synthetic Heterocycles|TargetMol|TCI (Tokyo Chemical Industry)|THE BioTek|The Scripps Research Institute Molecular Screening Center|Therapeutic Target Database (TTD)|Thieme Chemistry|Thomson Pharma|Tox21|ToxPlanet|TripleBond|Uchem Meditech|UCSC Chemical Screening Center|University of Iowa High-Throughput Screening Core (UIHTS)|University of Kansas High Throughput Screening Laboratory|Vitas-M Laboratory|VladaChem|Wikidata|Wiley|Wubei-Biochem|Yick-Vic Chemicals & Pharmaceuticals (HK) Ltd.|Yuhao Chemical|ZeroPM - Zero Pollution of Persistent, Mobile Substances
2,5-Di-tert-butylhydroquinone;CC(C)(C)C1=CC(=C(C=C1O)C(C)(C)C)O;001Chemical|10X CHEM|1st Scientific|3WAY PHARM INC|A&J Pharmtech CO., LTD.|A2B Chem|AA BLOCKS|AAA Chemistry|Aaron Chemicals LLC|AbaChemScene|abcr GmbH|ABI Chem|AbMole Bioscience|Acadechem|Accel Scientific|Achemica|Achemo Scientific Limited|Achemtek|Acmec Biochemical|Activate Scientific|AHH Chemical co.,ltd|AiFChem, an XtalPi Company|AK Scientific, Inc. (AKSCI)|AKos Consulting & Solutions|Aladdin Scientific|Alfa Chemistry|Alichem|Amadis Chemical|Ambeed|AN PharmaTech|Angene Chemical|Anward|ApexBio Technology|Apexmol|AppChem|Aribo Reagent|Ark Pharm, Inc.|Aurum Pharmatech LLC|Baker Lab, Chemistry Department, The University of North Carolina at Chapel Hill|BenchChem|BePharm Ltd.|BerrChemical|Bic Biotech|BindingDB|Biocore|BioCrick|Biopharma PEG Scientific Inc|Biorbyt|Biosynce Pharmatech|Biosynth|BLD Pharm|BOC Sciences|Boerchem|Broad Institute|Calbiochem|CAPOT|CATO Research Chemicals Inc.|Center for Chemical Genomics, University of Michigan|ChEBI|Chem-Space.com Database|ChemBank|Chembase.cn|ChEMBL|ChemBridge|ChemDB|ChemExper Chemical Directory|Chemical Carcinogenesis Research Information System (CCRIS)|ChemIDplus|Chemieliva Pharmaceutical Co., Ltd|Cheminformatics Friedrich-Schiller-University Jena|ChemMol|ChemoSapiens|ChemShuttle|ChemSpider|ChemTik|Collaborative Drug Discovery, Inc.|Combi-Blocks|Comparative Toxicogenomics Database (CTD)|Cooke Chemical Co., Ltd|Crystallography Open Database (COD)|CSNpharm|CymitQuimica|Davey Lab, Department of Microbiology, NEIDL, Boston University|Debye Scientific Co., Ltd|DiRusso Lab, Biochemistry Department, University of Nebraska|DiscoveryGate|DrugBank|DSL Chemicals|DTP/NCI|Egon Willighagen, Department of Bioinformatics - BiGCaT, Maastricht University|Elsa Biotechnology|EMD Millipore|eMolecules|Enamine|eNovation Chemicals|EPA DSSTox|EPA Substance Registry Services|FDA Global Substance Registration System (GSRS)|Finetech Industry Limited|Fluorochem|Founder Pharma|Glentham Life Sciences Ltd.|Glixx Labs Inc|Google Patents|Gulick Lab, Department of Structural Biology, University at Buffalo|Guri Giaever, Pharmaceutical Sciences, University of British Columbia|Hairui Chemical|Hangzhou APIChem Technology|Human Metabolome Database (HMDB)|IBM|ICCB-Longwood Screening Facility, Harvard Medical School|iChemical Technology USA Inc|InvivoChem|ISpharm|J&H Chemical Co.,ltd|Japan Chemical Substance Dictionary (Nikkaji)|Key Organics/BIONET|King Scientific|LabNetwork, a WuXi AppTec Company|Lan Pharmatech|LeadScope|LGC Standards|MassBank Europe|MassBank of North America (MoNA)|Matrix Scientific|Mcule|MedChemexpress MCE|MLSMR|MolCore|Molecule Market|Molepedia|MolGenie|Molport|MP Biomedicals|MuseChem|National Center for Advancing Translational Sciences (NCATS)|NCBI Structure|NextBio|NextMove Software|NIST Mass Spectrometry Data Center|NMRShiftDB|NORMAN Suspect List Exchange|NovoSeek|Oakwood Products|OXCHEM CORPORATION|Paczesny and Yang Labs, IUPUI and University of Michigan|Parchem|PATENTSCOPE (WIPO)|Phion Ltd|Pi Chemicals|Probes & Drugs portal|Protein Data Bank in Europe (PDBe)|PubChem Reference Collection|RR Scientific|Santa Cruz Biotechnology, Inc.|SCRIPDB|Selleck Chemicals|Shanghai Institute of Organic Chemistry|Shanghai Titan Scientific|Sigma-Aldrich|Sinfoo Biotech|SMID|Smolecule|Springer Nature|Starshine Chemical|SureChEMBL|SynHet - Synthetic Heterocycles|Syntree|TargetMol|TCI (Tokyo Chemical Industry)|THE BioTek|The Scripps Research Institute Molecular Screening Center|Thermo Fisher Scientific|Thieme Chemistry|Thomson Pharma|Thoreauchem|TimTec|Tocris Bioscience|Tox21|ToxPlanet|Tractus|University of Kansas High Throughput Screening Laboratory|Veeprho|VladaChem|VWR, Part of Avantor|WashU High Throughput Screening Center|Wikidata|Wubei-Biochem|Wutech|Yick-Vic Chemicals & Pharmaceuticals (HK) Ltd.|Yuhao Chemical|ZeroPM - Zero Pollution of Persistent, Mobile Substances|ZINC
Sodium Bisulfite;OS(=O)[O-].[Na+];001Chemical|10X CHEM|A2B Chem|AA BLOCKS|ABBLIS Chemicals|abcr GmbH|ABI Chem|Acadechem|AKos Consulting & Solutions|Aladdin Scientific|Alfa Chemistry|Angene Chemical|AppChem|BenchChem|Bic Biotech|BindingDB|Biocore|Biosynth|BroadPharm|CAPOT|CD Formulation|ChEBI|Chem-Impex|Chembase.cn|ChEMBL|Chemical Carcinogenesis Research Information System (CCRIS)|ChemIDplus|ChemMol|ChemoSapiens|ChemSpider|ChemTik|China MainChem Co., Ltd|Combi-Blocks|Comparative Toxicogenomics Database (CTD)|CymitQuimica|DiscoveryGate|DrugBank|Egon Willighagen, Department of Bioinformatics - BiGCaT, Maastricht University|eMolecules|EPA DSSTox|EPA Substance Registry Services|FDA Global Substance Registration System (GSRS)|Fisher Chemical|Fluorochem|Genetic Toxicology Data Bank (GENE-TOX)|Glentham Life Sciences Ltd.|Google Patents|Hairui Chemical|Human Metabolome Database (HMDB)|iChemical Technology USA Inc|Japan Chemical Substance Dictionary (Nikkaji)|KEGG|King Scientific|LeadScope|LGC Standards|Life Chemicals|MolCore|Molepedia|MolGenie|Molport|MP Biomedicals|MuseChem|NextBio|NextMove Software|NORMAN Suspect List Exchange|NovoSeek|Oakwood Products|PATENTSCOPE (WIPO)|Probes & Drugs portal|PubChem Reference Collection|Santa Cruz Biotechnology, Inc.|SCRIPDB|Sigma-Aldrich|Sinfoo Biotech|Springer Nature|Starshine Chemical|SureChEMBL|SynQuest Laboratories|Thieme Chemistry|Thomson Pharma|Thoreauchem|Tox21|ToxPlanet|Tractus|VladaChem|VWR, Part of Avantor|Wikidata|Wiley|Win-Win Chemical|Wubei-Biochem|Wutech|Yick-Vic Chemicals & Pharmaceuticals (HK) Ltd.|ZeroPM - Zero Pollution of Persistent, Mobile Substances
Pyrrolidinecarbodithioic acid;C1CCN(C1)C(=S)S;001Chemical|10X CHEM|3WAY PHARM INC|A&J Pharmtech CO., LTD.|A2B Chem|AA BLOCKS|AAA Chemistry|Aaron Chemicals LLC|AbaChemScene|abcr GmbH|ABI Chem|AbMole Bioscience|AbovChem LLC|Acadechem|Accel Scientific|Accela ChemBio Inc.|Acmec Biochemical|Acorn PharmaTech Product List|Adooq BioScience|AEchem Scientific Corp., USA|AHH Chemical co.,ltd|AK Scientific, Inc. (AKSCI)|AKos Consulting & Solutions|Aladdin Scientific|Alfa Chemistry|Amadis Chemical|Ambeed|Ambinter|AN PharmaTech|Angene Chemical|ApexBio Technology|AppChem|Aribo Reagent|AstaTech, Inc.|Aurora Fine Chemicals LLC|BenchChem|Bic Biotech|BindingDB|BioChemPartner|BioCrick|Biorbyt|Biosynth|BLD Pharm|BOC Sciences|Broad Institute|Burek Lab, Department of Anaesthesiology, Intensive Care, Emergency and Pain Med, University Hospital Wuerzburg|Burnham Center for Chemical Genomics|CATO Research Chemicals Inc.|Center for Chemical Genomics, University of Michigan|ChEBI|Chem-Impex|Chem-Space.com Database|ChemBank|Chembase.cn|ChEMBL|ChemDB|ChemExper Chemical Directory|chemical genetic matrix|ChemIDplus|Chemieliva Pharmaceutical Co., Ltd|Cheminformatics Friedrich-Schiller-University Jena|ChemMol|ChemoSapiens|ChemSpider|ChemTik|Circadian Research, Kay Laboratory, University of California at San Diego (UCSD)|Collaborative Drug Discovery, Inc.|Combi-Blocks|Cooke Chemical Co., Ltd|Crystallography Open Database (COD)|CSNpharm|CymitQuimica|Davey Lab, Department of Microbiology, NEIDL, Boston University|DC Chemicals|Debye Scientific Co., Ltd|DiscoveryGate|DTP/NCI|Egon Willighagen, Department of Bioinformatics - BiGCaT, Maastricht University|Elsa Biotechnology|eMolecules|Emory University Molecular Libraries Screening Center|Enamine|eNovation Chemicals|EPA DSSTox|EPA Substance Registry Services|FDA Global Substance Registration System (GSRS)|Finetech Industry Limited|Fisher Chemical|Fisher Drug Discovery Resource Center|Glentham Life Sciences Ltd.|Glixx Labs Inc|Google Patents|Gulick Lab, Department of Structural Biology, University at Buffalo|Hairui Chemical|Human Metabolome Database (HMDB)|IBM|ICCB-Longwood Screening Facility, Harvard Medical School|iChemical Technology USA Inc|IUPAC Digitized pKa Dataset|J&H Chemical Co.,ltd|Japan Chemical Substance Dictionary (Nikkaji)|Karki Laboratory of Innate Immunity and Cell Death, Seoul National University|Key Organics/BIONET|King Scientific|LabNetwork, a WuXi AppTec Company|labseeker|LeadScope|LEAPCHEM|LGC Standards|Matrix Scientific|Mcule|MedChemexpress MCE|Milwaukee Institute for Drug Discovery|MLSMR|MolCore|Molecular Imaging Database (MOLI)|Molecule Market|MolGenie|Molport|MP Biomedicals|MuseChem|National Center for Advancing Translational Sciences (NCATS)|Nature Chemical Biology|NextBio|NextMove Software|NIAID ChemDB|NIST Chemistry WebBook|NIST Mass Spectrometry Data Center|NMRShiftDB|NORMAN Suspect List Exchange|NovoSeek|Oakwood Products|Paczesny and Yang Labs, IUPUI and University of Michigan|PATENTSCOPE (WIPO)|Probes & Drugs portal|PubChem Reference Collection|Race Chemical|RR Scientific|Santa Cruz Biotechnology, Inc.|SCRIPDB|Selleck Chemicals|Shanghai Titan Scientific|Sigma-Aldrich|Sinfoo Biotech|Small Molecule Screening Facility, UW Madison|Smolecule|Springer Nature|Starshine Chemical|SureChEMBL|SynHet - Synthetic Heterocycles|TargetMol|TCI (Tokyo Chemical Industry)|THE BioTek|The Scripps Research Institute Molecular Screening Center|Therapeutic Target Database (TTD)|Thermo Fisher Scientific|Thieme Chemistry|Thomson Pharma|Tianjin Yuansu Chemical Reagent Co., LTD|TimTec|Tocris Bioscience|Tox21|ToxPlanet|Tractus|University of Kansas High Throughput Screening Laboratory|University of Pittsburgh Molecular Library Screening Center|Vitas-M Laboratory|VladaChem|VWR, Part of Avantor|Wikidata|Wiley|Win-Win Chemical|Wubei-Biochem|Yick-Vic Chemicals & Pharmaceuticals (HK) Ltd.|ZeroPM - Zero Pollution of Persistent, Mobile Substances|ZINC|Zoeller Lab, School of Medicine, Boston University
Epicatechin Gallate;C1[C@H]([C@H](OC2=CC(=CC(=C21)O)O)C3=CC(=C(C=C3)O)O)OC(=O)C4=CC(=C(C(=C4)O)O)O;001Chemical|10X CHEM|3WAY PHARM INC|A&J Pharmtech CO., LTD.|A2B Chem|AA BLOCKS|AAA Chemistry|Aaron Chemicals LLC|AbaChemScene|abcr GmbH|Abe Lab, University of Texas MD Anderson Cancer Center|ABI Chem|AbMole Bioscience|AbovChem LLC|Accel Scientific|Accela ChemBio Inc.|Achemtek|Acmec Biochemical|Acorn PharmaTech Product List|Activate Scientific|Adooq BioScience|AHH Chemical co.,ltd|AK Scientific, Inc. (AKSCI)|AKos Consulting & Solutions|Aladdin Scientific|Alfa Chemistry|Amadis Chemical|Ambeed|AN PharmaTech|Angene Chemical|ApexBio Technology|Apexmol|AppChem|Aribo Reagent|Assembly Blocks Pvt. Ltd.|AstaTech, Inc.|Aurora Fine Chemicals LLC|AvaChem Scientific|BenchChem|BePharm Ltd.|Bic Biotech|BindingDB|BioCyc|Biopurify Phytochemicals|Biorbyt|Biosynth|BLD Pharm|BOC Sciences|Broad Institute|Burnham Center for Chemical Genomics|CATO Research Chemicals Inc.|CCSbase|Center for Chemical Genomics, University of Michigan|ChEBI|Chem-Space.com Database|ChemBank|Chembase.cn|ChEMBL|ChemFaces|chemical genetic matrix|ChemIDplus|Chemieliva Pharmaceutical Co., Ltd|Cheminformatics Friedrich-Schiller-University Jena|ChemMol|Chemodex Ltd.|ChemoSapiens|ChemShuttle|ChemSpider|ChemTik|Chen Lab, School of Medicine, Emory University|Collaborative Drug Discovery, Inc.|Combi-Blocks|CSNpharm|CymitQuimica|Davey Lab, Department of Microbiology, NEIDL, Boston University|DC Chemicals|DiscoveryGate|Egon Willighagen, Department of Bioinformatics - BiGCaT, Maastricht University|eMolecules|Emory University Molecular Libraries Screening Center|eNovation Chemicals|EPA DSSTox|FDA Global Substance Registration System (GSRS)|Finetech Industry Limited|Fisher Drug Discovery Resource Center|Fondchemical Limited|Glentham Life Sciences Ltd.|GlyTouCan Project|Google Patents|Gulick Lab, Department of Structural Biology, University at Buffalo|Hangzhou APIChem Technology|Herbest Bio-Tech|Human Metabolome Database (HMDB)|IBM|iChemical Technology USA Inc|InvivoChem|IUPHAR/BPS Guide to PHARMACOLOGY|J&H Chemical Co.,ltd|Japan Chemical Substance Dictionary (Nikkaji)|KEGG|Key Organics/BIONET|Kingston Chemistry|LabNetwork, a WuXi AppTec Company|LeadScope|LGC Standards|LIPID MAPS|MassBank of North America (MoNA)|Matrix Scientific|Mcule|MedChemexpress MCE|Metabolomics Workbench|Molecule Market|MolGenie|Molport|MuseChem|National Center for Advancing Translational Sciences (NCATS)|NextBio|NextMove Software|NIAID ChemDB|NIST Mass Spectrometry Data Center|NORMAN Suspect List Exchange|OChem|ORST SMALL MOLECULE SCREENING CENTER|OXCHEM CORPORATION|PATENTSCOPE (WIPO)|Planta Analytica, Inc.|Probes & Drugs portal|Prous Science Drugs of the Future|PubChem Reference Collection|Santa Cruz Biotechnology, Inc.|SCRIPDB|Selleck Chemicals|Shanghai Tauto Biotech Co., Ltd|Shanghai Titan Scientific|Sigma-Aldrich|Small Molecule Screening Facility, UW Madison|Smolecule|Springer Nature|Starshine Chemical|SureChEMBL|SynHet - Synthetic Heterocycles|Syntree|TargetMol|TCI (Tokyo Chemical Industry)|THE BioTek|The Scripps Research Institute Molecular Screening Center|Thomson Pharma|ToxPlanet|TripleBond|University of Iowa High-Throughput Screening Core (UIHTS)|VanderVen Lab, College of Veterinary Medicine, Cornell University|Wikidata|Yick-Vic Chemicals & Pharmaceuticals (HK) Ltd.|ZeroPM - Zero Pollution of Persistent, Mobile Substances|ZINC
Bergenin;COC1=C(C=C2C(=C1O)[C@H]3[C@@H]([C@H]([C@@H]([C@H](O3)CO)O)O)OC2=O)O;001Chemical|10X CHEM|3WAY PHARM INC|A2B Chem|AA BLOCKS|Aaron Chemicals LLC|AbaChemScene|abcr GmbH|Abe Lab, University of Texas MD Anderson Cancer Center|ABI Chem|AbMole Bioscience|AbovChem LLC|Accel Scientific|Accela ChemBio Inc.|Achemtek|Acmec Biochemical|Acorn PharmaTech Product List|Activate Scientific|Adooq BioScience|AgroIntelBioScan.com|AHH Chemical co.,ltd|AiFChem, an XtalPi Company|AK Scientific, Inc. (AKSCI)|AKos Consulting & Solutions|Alfa Chemistry|Alinda Chemical Trade Company Ltd|Amadis Chemical|Ambeed|ApexBio Technology|AppChem|Assembly Blocks Pvt. Ltd.|AstaTech, Inc.|Aurora Fine Chemicals LLC|AvaChem Scientific|BenchChem|BindingDB|BioCrick|Biopurify Phytochemicals|Biorbyt|Biosynth|BLD Pharm|BOC Sciences|Broad Institute|CATO Research Chemicals Inc.|CCSbase|Center for Chemical Genomics, University of Michigan|ChEBI|Chem-Space.com Database|Chembase.cn|ChEMBL|ChemFaces|ChemIDplus|Chemieliva Pharmaceutical Co., Ltd|Cheminformatics Friedrich-Schiller-University Jena|ChemMol|ChemoSapiens|ChemShuttle|ChemSpider|Chen Lab, School of Medicine, Emory University|Collaborative Drug Discovery, Inc.|Combi-Blocks|Crystallography Open Database (COD)|CSNpharm|CymitQuimica|Davey Lab, Department of Microbiology, NEIDL, Boston University|DC Chemicals|DiscoveryGate|Egon Willighagen, Department of Bioinformatics - BiGCaT, Maastricht University|eMolecules|Enamine|eNovation Chemicals|EPA DSSTox|Eximed Laboratory|FDA Global Substance Registration System (GSRS)|Finetech Industry Limited|Glentham Life Sciences Ltd.|GlyTouCan Project|Google Patents|IBM|ICCB-Longwood Screening Facility, Harvard Medical School|Innovapharm|ISpharm|J&H Chemical Co.,ltd|Japan Chemical Substance Dictionary (Nikkaji)|KEGG|Key Organics/BIONET|LabNetwork, a WuXi AppTec Company|LeadScope|LGC Standards|MassBank Europe|MassBank of North America (MoNA)|Matrix Scientific|Mcule|MedChemexpress MCE|Metabolomics Workbench|MLSMR|Molecule Market|MolGenie|Molport|MuseChem|National Center for Advancing Translational Sciences (NCATS)|Nature Science Technologies Ltd|NextBio|NIAID ChemDB|NIH/NCATS RNAi|NIST Mass Spectrometry Data Center|NORMAN Suspect List Exchange|Novartis Institutes for BioMedical Research|NovoSeek|OChem|OtavaChemicals|PATENTSCOPE (WIPO)|Phion Ltd|Pi Chemicals|Probes & Drugs portal|PubChem Reference Collection|Race Chemical|RR Scientific|Selleck Chemicals|Shanghai Titan Scientific|Sigma-Aldrich|Small Molecule Screening Facility, UW Madison|Smolecule|Springer Nature|Starshine Chemical|SureChEMBL|TargetMol|TCI (Tokyo Chemical Industry)|THE BioTek|The Scripps Research Institute Molecular Screening Center|Thomson Pharma|Tox21|ToxPlanet|Uchem Meditech|UCSC Chemical Screening Center|VWR, Part of Avantor|Wikidata|Wiley|Yick-Vic Chemicals & Pharmaceuticals (HK) Ltd.|ZeroPM - Zero Pollution of Persistent, Mobile Substances|ZINC
Theaspirane;CC1CCC2(O1)C(=CCCC2(C)C)C;001Chemical|10X CHEM|1st Scientific|3WAY PHARM INC|A2B Chem|AA BLOCKS|AbaChemScene|ABBLIS Chemicals|abcr GmbH|ABI Chem|Acadechem|Accela ChemBio Inc.|Achemo Scientific Limited|Activate Scientific|AHH Chemical co.,ltd|AiFChem, an XtalPi Company|AK Scientific, Inc. (AKSCI)|AKos Consulting & Solutions|Aladdin Scientific|Alfa Chemistry|Alichem|Amadis Chemical|Ambeed|Ambinter|Ark Pharm, Inc.|AstaTech, Inc.|Aurora Fine Chemicals LLC|Baker Lab, Chemistry Department, The University of North Carolina at Chapel Hill|BenchChem|BePharm Ltd.|Bic Biotech|Biocore|BLD Pharm|BOC Sciences|CATO Research Chemicals Inc.|ChEBI|Chem-Space.com Database|Chembase.cn|ChEMBL|ChemDB|Chemenu Inc.|Chemical Synthesis Database|ChemIDplus|Chemieliva Pharmaceutical Co., Ltd|Cheminformatics Friedrich-Schiller-University Jena|ChemoSapiens|ChemSpider|ChemTik|Combi-Blocks|Cooke Chemical Co., Ltd|CymitQuimica|Debye Scientific Co., Ltd|DiscoveryGate|Egon Willighagen, Department of Bioinformatics - BiGCaT, Maastricht University|eMolecules|EPA DSSTox|EPA Substance Registry Services|Finetech Industry Limited|Fluorochem|Founder Pharma|Google Patents|Hairui Chemical|Human Metabolome Database (HMDB)|IBM|iChemical Technology USA Inc|ISpharm|J&H Chemical Co.,ltd|Japan Chemical Substance Dictionary (Nikkaji)|Key Organics/BIONET|King Scientific|LabNetwork, a WuXi AppTec Company|Lan Pharmatech|LEAPCHEM|LGC Standards|Mcule|Metabolomics Workbench|MolCore|Molecule Market|Molepedia|MolGenie|Molport|MuseChem|Nature Chemistry|NextBio|NIST Chemistry WebBook|NIST Mass Spectrometry Data Center|NORMAN Suspect List Exchange|NovoSeek|Oakwood Products|OChem|OXCHEM CORPORATION|Parchem|PATENTSCOPE (WIPO)|PubChem Reference Collection|RR Scientific|Santa Cruz Biotechnology, Inc.|SCRIPDB|Sigma-Aldrich|Sinfoo Biotech|Smolecule|Springer Nature|Starshine Chemical|SureChEMBL|SynHet - Synthetic Heterocycles|Synthonix, Inc.|Syntree|THE BioTek|Thieme Chemistry|Thomson Pharma|Thoreauchem|Tox21|ToxPlanet|Wikidata|Wubei-Biochem|Yick-Vic Chemicals & Pharmaceuticals (HK) Ltd.|ZeroPM - Zero Pollution of Persistent, Mobile Substances
Abscisic Acid;CC1=CC(=O)CC([C@]1(/C=C/C(=C\C(=O)O)/C)O)(C)C;A&J Pharmtech CO., LTD.|A2B Chem|AA BLOCKS|Aaron Chemicals LLC|AbaChemScene|abcr GmbH|ABI Chem|AbMole Bioscience|Achemtek|Acmec Biochemical|Activate Scientific|AEchem Scientific Corp., USA|AK Scientific, Inc. (AKSCI)|AKos Consulting & Solutions|Aladdin Scientific|Amadis Chemical|ApexBio Technology|Ark Pharm, Inc.|AstaTech, Inc.|Axon Medchem|BenchChem|BePharm Ltd.|Bic Biotech|BindingDB|BioCyc|Biorbyt|Biosynth|BOC Sciences|Broad Institute|Buhrlage Lab, Dana-Farber Cancer Institute and Novartis Institutes for BioMedical Research (Cambridge, Mass)|CATO Research Chemicals Inc.|CCSbase|Center for Chemical Genomics, University of Michigan|ChangChem|ChEBI|Chem-Space.com Database|ChemBank|Chembase.cn|ChEMBL|ChemExper Chemical Directory|ChemFaces|ChemIDplus|Chemieliva Pharmaceutical Co., Ltd|Cheminformatics Friedrich-Schiller-University Jena|ChemoSapiens|ChemShuttle|ChemSpider|Clinivex|Combi-Blocks|Comparative Toxicogenomics Database (CTD)|CymitQuimica|DiscoveryGate|DTP/NCI|Egon Willighagen, Department of Bioinformatics - BiGCaT, Maastricht University|eMolecules|Enamine|eNovation Chemicals|EPA DSSTox|EPA Substance Registry Services|EvitaChem|FDA Global Substance Registration System (GSRS)|Finetech Industry Limited|Founder Pharma|Golm Metabolome Database (GMD), Max Planck Institute of Molecular Plant Physiology|Google Patents|Hello Bio|IBM|iChemical Technology USA Inc|InvivoChem|J&H Chemical Co.,ltd|Japan Chemical Substance Dictionary (Nikkaji)|Karki Laboratory of Innate Immunity and Cell Death, Seoul National University|KEGG|Key Organics/BIONET|LeadScope|LGC Standards|MassBank of North America (MoNA)|Mcule|MedChemexpress MCE|Metabolomics Workbench|Molepedia|MolGenie|Molport|MuseChem|Nature Chemical Biology|NCBI Structure|NextBio|NextMove Software|NIST Mass Spectrometry Data Center|NORMAN Suspect List Exchange|NovoSeek|Oakwood Products|OXCHEM CORPORATION|Parchem|PATENTSCOPE (WIPO)|Pi Chemicals|Probes & Drugs portal|PubChem Reference Collection|s-abscisicacid.com|Santa Cruz Biotechnology, Inc.|SCRIPDB|Selleck Chemicals|Shanghai Institute of Organic Chemistry|Sigma-Aldrich|Springer Nature|SureChEMBL|SynHet - Synthetic Heterocycles|Syntree|TargetMol|TCI (Tokyo Chemical Industry)|Thieme Chemistry|Thomson Pharma|Tocris Bioscience|Veeprho|VladaChem|Wikidata|WikiPathways|Win-Win Chemical|Yick-Vic Chemicals & Pharmaceuticals (HK) Ltd.|ZeroPM - Zero Pollution of Persistent, Mobile Substances|ZINC
5,6-Dimethylxanthenone-4-Acetic Acid;CC1=C(C2=C(C=C1)C(=O)C3=CC=CC(=C3O2)CC(=O)O)C;001Chemical|10X CHEM|3WAY PHARM INC|4C Pharma Scientific Inc|A&J Pharmtech CO., LTD.|A2B Chem|A2Z Chemical|AA BLOCKS|Aaron Chemicals LLC|AbaChemScene|abcr GmbH|ABI Chem|AbMole Bioscience|AbovChem LLC|Acadechem|Accel Scientific|Acesobio|Achemica|Achemo Scientific Limited|Acmec Biochemical|Acorn PharmaTech Product List|ACT Chemical|Activate Scientific|Adooq BioScience|AiFChem, an XtalPi Company|AK Scientific, Inc. (AKSCI)|AKos Consulting & Solutions|Aladdin Scientific|Alfa Chemistry|Amadis Chemical|Ambeed|Ambinter|AN PharmaTech|Angel Pharmatech Ltd.|Angene Chemical|AOBIOUS INC|ApexBio Technology|AppChem|Ark Pharm, Inc.|Ark Pharma Scientific Limited|Assembly Blocks Pvt. Ltd.|AstaTech, Inc.|Aurora Fine Chemicals LLC|Aurum Pharmatech LLC|AvaChem Scientific|BenchChem|BePharm Ltd.|Bic Biotech|BindingDB|BioChemPartner|BioCrick|Biorbyt|Biosynth|BLD Pharm|BOC Sciences|Broad Institute|CAPOT|Center for Chemical Genomics, University of Michigan|ChangChem|Changzhou Highassay Chemical Co., Ltd|ChEBI|Chem-Impex|Chem-Space.com Database|Chembase.cn|ChEMBL|ChemIDplus|Chemieliva Pharmaceutical Co., Ltd|ChemMol|ChemoSapiens|ChemShuttle|ChemSpider|ChemTik|Clearsynth|Collaborative Drug Discovery, Inc.|Combi-Blocks|Comparative Toxicogenomics Database (CTD)|Cooke Chemical Co., Ltd|CSNpharm|Cure First|CymitQuimica|Davey Lab, Department of Microbiology, NEIDL, Boston University|Day Biochem|DC Chemicals|DiscoveryGate|DrugBank|DTP/NCI|Egon Willighagen, Department of Bioinformatics - BiGCaT, Maastricht University|Elsa Biotechnology|eMolecules|Enamine|eNovation Chemicals|EPA DSSTox|Excenen Pharmatech|FDA Global Substance Registration System (GSRS)|Finetech Industry Limited|Fisher Drug Discovery Resource Center|Fluorochem|Founder Pharma|Glentham Life Sciences Ltd.|Glixx Labs Inc|Google Patents|Hairui Chemical|Hangzhou APIChem Technology|Hefei Hirisun Pharmatech Co., Ltd|Human Metabolome Database (HMDB)|IBM|ICCB-Longwood Screening Facility, Harvard Medical School|iChemical Technology USA Inc|Inhibitor 2|InvivoChem|ISpharm|J&H Chemical Co.,ltd|Japan Chemical Substance Dictionary (Nikkaji)|Key Organics/BIONET|King Scientific|LabNetwork, a WuXi AppTec Company|Lan Pharmatech|LGC Standards|Matrix Scientific|Mcule|MedChemexpress MCE|MLSMR|MolCore|Molecule Market|Molepedia|MolGenie|Molport|MuseChem|National Center for Advancing Translational Sciences (NCATS)|Nature Chemistry|Nature Portfolio Journals|NCBI Structure|NextBio|NextMove Software|NIH/NCATS RNAi|NORMAN Suspect List Exchange|Novartis Institutes for BioMedical Research|NovoSeek|Oakwood Products|OChem|OXCHEM CORPORATION|PATENTSCOPE (WIPO)|Pi Chemicals|Probes & Drugs portal|Protein Data Bank in Europe (PDBe)|Prous Science Drugs of the Future|PubChem Reference Collection|Race Chemical|RR Scientific|Santa Cruz Biotechnology, Inc.|SCRIPDB|Selleck Chemicals|Shanghai Institute of Organic Chemistry|Shanghai Titan Scientific|Sigma-Aldrich|Sinfoo Biotech|Smolecule|Springer Nature|Starshine Chemical|Sun-shine Chemical|SureChEMBL|Synblock Inc|SynHet - Synthetic Heterocycles|Syntree|TargetMol|TCI (Tokyo Chemical Industry)|THE BioTek|Therapeutic Target Database (TTD)|Thieme Chemistry|Thomson Pharma|Tocris Bioscience|ToxPlanet|Tractus|Uchem Meditech|UCSC Chemical Screening Center|University of Kansas High Throughput Screening Laboratory|Wikidata|Wubei-Biochem|Yuhao Chemical|ZINC
Bucillamine;CC(C)(C(=O)N[C@@H](CS)C(=O)O)S;001Chemical|3WAY PHARM INC|A&J Pharmtech CO., LTD.|abcr GmbH|ABI Chem|Acmec Biochemical|Acorn PharmaTech Product List|AHH Chemical co.,ltd|AiFChem, an XtalPi Company|AK Scientific, Inc. (AKSCI)|AKos Consulting & Solutions|Aladdin Scientific|Alichem|Amadis Chemical|Apexmol|Assembly Blocks Pvt. Ltd.|AstaTech, Inc.|Aurora Fine Chemicals LLC|BenchChem|BindingDB|BioChemPartner|Biorbyt|Biosynth|BLD Pharm|BOC Sciences|Broad Institute|Burnham Center for Chemical Genomics|CEGChem|ChEBI|Chem-Space.com Database|Chembase.cn|ChEMBL|Chemhere|Chemical Carcinogenesis Research Information System (CCRIS)|ChemIDplus|Chemieliva Pharmaceutical Co., Ltd|ChemMol|ChemoSapiens|ChemShuttle|ChemSpider|Collaborative Drug Discovery, Inc.|Combi-Blocks|Comparative Toxicogenomics Database (CTD)|CymitQuimica|Davey Lab, Department of Microbiology, NEIDL, Boston University|DempoChem|DiscoveryGate|DrugBank|DrugCentral|Egon Willighagen, Department of Bioinformatics - BiGCaT, Maastricht University|eMolecules|eNovation Chemicals|EPA DSSTox|FDA Global Substance Registration System (GSRS)|Glentham Life Sciences Ltd.|Google Patents|Hangzhou APIChem Technology|IBM|iChemical Technology USA Inc|InvivoChem|ISpharm|J&H Chemical Co.,ltd|Japan Chemical Substance Dictionary (Nikkaji)|KEGG|Key Organics/BIONET|LabNetwork, a WuXi AppTec Company|LeadScope|LGC Standards|Matrix Scientific|Mcule|MedChemexpress MCE|MLSMR|Molepedia|MolGenie|Molport|MuseChem|NextBio|NextMove Software|NORMAN Suspect List Exchange|NovoSeek|OChem|PATENTSCOPE (WIPO)|Probes & Drugs portal|Prous Science Drugs of the Future|PubChem Reference Collection|RR Scientific|Santa Cruz Biotechnology, Inc.|SCRIPDB|Smolecule|Springer Nature|Starshine Chemical|SureChEMBL|TargetMol|THE BioTek|The Scripps Research Institute Molecular Screening Center|Thieme Chemistry|Thomson Pharma|Tox21|ToxPlanet|Wikidata|Wubei-Biochem|Yick-Vic Chemicals & Pharmaceuticals (HK) Ltd.|ZINC
Nicotinamide Riboside;C1=CC(=C[N+](=C1)[C@H]2[C@@H]([C@@H]([C@H](O2)CO)O)O)C(=O)N;001Chemical|10X CHEM|1st Scientific|A2B Chem|AA BLOCKS|Aaron Chemicals LLC|AbaChemScene|abcr GmbH|ABI Chem|AbMole Bioscience|Accel Scientific|Accela ChemBio Inc.|Achemtek|Acmec Biochemical|Acorn PharmaTech Product List|AEchem Scientific Corp., USA|AiFChem, an XtalPi Company|AK Scientific, Inc. (AKSCI)|AKos Consulting & Solutions|Aladdin Scientific|Alfa Chemistry|Alichem|Amadis Chemical|Ambeed|Apexmol|AppChem|Aribo Reagent|Assembly Blocks Pvt. Ltd.|AstaTech, Inc.|Aurora Fine Chemicals LLC|Axon Medchem|BenchChem|Bic Biotech|BioCyc|Biorbyt|BLD Pharm|BOC Sciences|CATO Research Chemicals Inc.|CD Formulation|ChEBI|Chem-Space.com Database|Chembase.cn|ChEMBL|Chemenu Inc.|ChemIDplus|Chemieliva Pharmaceutical Co., Ltd|ChemoSapiens|ChemSpider|Clinivex|Combi-Blocks|Comparative Toxicogenomics Database (CTD)|CymitQuimica|DC Chemicals|Debye Scientific Co., Ltd|DiscoveryGate|DrugBank|ECI Group, LCSB, University of Luxembourg|Egon Willighagen, Department of Bioinformatics - BiGCaT, Maastricht University|eMolecules|eNovation Chemicals|EPA DSSTox|EvitaChem|FDA Global Substance Registration System (GSRS)|Finetech Industry Limited|Fluorochem|Google Patents|Hangzhou APIChem Technology|Human Metabolome Database (HMDB)|IBM|iChemical Technology USA Inc|InvivoChem|J&H Chemical Co.,ltd|Japan Chemical Substance Dictionary (Nikkaji)|KEGG|Key Organics/BIONET|LabNetwork, a WuXi AppTec Company|Lan Pharmatech|LGC Standards|Mcule|MedChemexpress MCE|Metabolomics Workbench|Molecule Market|Molepedia|MolGenie|Molport|MuseChem|NCBI Structure|NewCan Biotech|NextBio|Novartis Institutes for BioMedical Research|NovoSeek|Oakwood Products|OChem|Parchem|PATENTSCOPE (WIPO)|Pharmacore Co., Limited|Pi Chemicals|Probes & Drugs portal|Protein Data Bank in Europe (PDBe)|PubChem Reference Collection|RR Scientific|Santa Cruz Biotechnology, Inc.|Selleck Chemicals|Shandong Benrite New Chemical Materials Co.,Ltd|Shanghai Titan Scientific|Smolecule|Springer Nature|Starshine Chemical|SureChEMBL|SynHet - Synthetic Heterocycles|TargetMol|THE BioTek|Thomson Pharma|W&J PharmaChem|Wikidata|WikiPathways|Win-Win Chemical|Yick-Vic Chemicals & Pharmaceuticals (HK) Ltd.|ZINC
Tea, ext.;C1C(C(OC2=CC(=CC(=C21)O)O)C3=CC(=C(C(=C3)O)O)O)OC(=O)C4=CC(=C(C(=C4)O)O)O;A2B Chem|AA BLOCKS|ABI Chem|Achemtek|Acorn PharmaTech Product List|AHH Chemical co.,ltd|AKos Consulting & Solutions|Aladdin Scientific|Alfa Chemistry|Amadis Chemical|Ambinter|Ark Pharm, Inc.|AstaTech, Inc.|Aurora Fine Chemicals LLC|BenchChem|BindingDB|BioChemPartner|BioCrick|BLD Pharm|BOC Sciences|CAPOT|CATO Research Chemicals Inc.|Center for Chemical Genomics, University of Michigan|ChEBI|Chem-Impex|Chem-Space.com Database|Chembase.cn|ChEMBL|ChemDB|Cheminformatics Friedrich-Schiller-University Jena|ChemoSapiens|ChemSpider|ChemTik|Clearsynth|Collaborative Drug Discovery, Inc.|Cooke Chemical Co., Ltd|CymitQuimica|Debye Scientific Co., Ltd|DiscoveryGate|eMolecules|EPA DSSTox|Finetech Industry Limited|Google Patents|Hairui Chemical|Human Metabolome Database (HMDB)|IBM|ICCB-Longwood Screening Facility, Harvard Medical School|InvivoChem|J&H Chemical Co.,ltd|Japan Chemical Substance Dictionary (Nikkaji)|Key Organics/BIONET|LabNetwork, a WuXi AppTec Company|LGC Standards|MassBank of North America (MoNA)|Mcule|Midas Pharma GmbH|MolCore|Moldb|MolGenie|Molport|MP Biomedicals|National Center for Advancing Translational Sciences (NCATS)|NextBio|NIAID ChemDB|Oakwood Products|PATENTSCOPE (WIPO)|Pi Chemicals|Probes & Drugs portal|PubChem Reference Collection|RR Scientific|SCRIPDB|Shanghai Send Pharmaceutical Technology Co., Ltd|Shanghai Titan Scientific|Smolecule|Specs|Springer Nature|Starshine Chemical|SureChEMBL|SynHet - Synthetic Heterocycles|THE BioTek|Thermo Fisher Scientific|Thomson Pharma|University of Kansas High Throughput Screening Laboratory|Vitas-M Laboratory|Wikidata|Win-Win Chemical|Yick-Vic Chemicals & Pharmaceuticals (HK) Ltd.|ZeroPM - Zero Pollution of Persistent, Mobile Substances
Phenidone;C1CN(NC1=O)C2=CC=CC=C2;001Chemical|10X CHEM|3WAY PHARM INC|A&J Pharmtech CO., LTD.|A2B Chem|AA BLOCKS|Aaron Chemicals LLC|AbaChemScene|abcr GmbH|ABI Chem|Acadechem|Accel Scientific|Accela ChemBio Inc.|Achemica|Activate Scientific|AgroIntelBioScan.com|AHH Chemical co.,ltd|AiFChem, an XtalPi Company|AK Scientific, Inc. (AKSCI)|AKos Consulting & Solutions|Aladdin Scientific|Alfa Chemistry|Alichem|Alinda Chemical Trade Company Ltd|Amadis Chemical|Ambeed|Ambinter|AN PharmaTech|Angene Chemical|Anward|AppChem|Ark Pharm, Inc.|Aronis|ASINEX|AstaTech, Inc.|Aurora Fine Chemicals LLC|Aurum Pharmatech LLC|BenchChem|Bic Biotech|BindingDB|Biorbyt|BLD Pharm|BOC Sciences|Burnham Center for Chemical Genomics|CATO Research Chemicals Inc.|Center for Chemical Genomics, University of Michigan|Chem-Impex|Chem-Space.com Database|ChemBank|Chembase.cn|ChEMBL|ChemBlock|ChemBridge|ChemDB|ChemDiv|ChemExper Chemical Directory|Chemical Carcinogenesis Research Information System (CCRIS)|ChemIDplus|Chemieliva Pharmaceutical Co., Ltd|ChemMol|ChemoSapiens|ChemSpider|ChemTik|Collaborative Drug Discovery, Inc.|Combi-Blocks|Comparative Toxicogenomics Database (CTD)|Cooke Chemical Co., Ltd|CSNpharm|CymitQuimica|DC Chemicals|Debye Scientific Co., Ltd|DiscoveryGate|DTP/NCI|Egon Willighagen, Department of Bioinformatics - BiGCaT, Maastricht University|eMolecules|Enamine|eNovation Chemicals|EPA DSSTox|EPA Substance Registry Services|FDA Global Substance Registration System (GSRS)|Finetech Industry Limited|Fluorochem|Founder Pharma|Glentham Life Sciences Ltd.|Google Patents|Hairui Chemical|Human Metabolome Database (HMDB)|Hunan Huateng Pharmaceutical Co., Ltd.|IBM|ICCB-Longwood Screening Facility, Harvard Medical School|iChemical Technology USA Inc|InvivoChem|ISpharm|IUPAC Digitized pKa Dataset|J&H Chemical Co.,ltd|Japan Chemical Substance Dictionary (Nikkaji)|Keith Lab, Institute of Cancer Science, University of Glasgow|Key Organics/BIONET|King Scientific|LabNetwork, a WuXi AppTec Company|LeadScope|LGC Standards|Life Chemicals|MassBank Europe|MassBank of North America (MoNA)|Matrix Scientific|Mcule|MedChemexpress MCE|MLSMR|MolCore|Molecule Market|Molepedia|MolGenie|Molport|MP Biomedicals|MuseChem|National Center for Advancing Translational Sciences (NCATS)|NextBio|NextMove Software|NIST Chemistry WebBook|NIST Mass Spectrometry Data Center|NMRShiftDB|NORMAN Suspect List Exchange|Novartis Institutes for BioMedical Research|NovoSeek|Oakwood Products|OtavaChemicals|Parchem|PATENTSCOPE (WIPO)|Phion Ltd|Probes & Drugs portal|PubChem Reference Collection|RR Scientific|Santa Cruz Biotechnology, Inc.|SCRIPDB|Selleck Chemicals|Shanghai Titan Scientific|SharyPharm|Sigma-Aldrich|Sinfoo Biotech|Small Molecule Screening Facility, UW Madison|Smolecule|Springer Nature|SpringerMaterials|Starshine Chemical|SureChEMBL|SynHet - Synthetic Heterocycles|Syntree|TargetMol|TCI (Tokyo Chemical Industry)|THE BioTek|The Scripps Research Institute Molecular Screening Center|Therapeutic Target Database (TTD)|Thermo Fisher Scientific|Thieme Chemistry|Thomson Pharma|Thoreauchem|TimTec|Tox21|ToxPlanet|Tractus|University of Kansas High Throughput Screening Laboratory|Vitas-M Laboratory|VladaChem|Wikidata|Wiley|Win-Win Chemical|Wubei-Biochem|Yick-Vic Chemicals & Pharmaceuticals (HK) Ltd.|Yuhao Chemical|ZeroPM - Zero Pollution of Persistent, Mobile Substances|ZINC
(+)-S-Allylcysteine;C=CCSC[C@@H](C(=O)O)N;001Chemical|10X CHEM|A&J Pharmtech CO., LTD.|A2B Chem|AA BLOCKS|Aaron Chemicals LLC|AbaChemScene|abcr GmbH|Abe Lab, University of Texas MD Anderson Cancer Center|Accel Scientific|Accela ChemBio Inc.|Achemtek|Acorn PharmaTech Product List|Activate Scientific|AEchem Scientific Corp., USA|AHH Chemical co.,ltd|AiFChem, an XtalPi Company|AKos Consulting & Solutions|Aladdin Scientific|Alfa Chemistry|Alichem|Amadis Chemical|Ambeed|Ambinter|Angene Chemical|Anward|Apexmol|AppChem|AstaTech, Inc.|Aurora Fine Chemicals LLC|Aurum Pharmatech LLC|BenchChem|BePharm Ltd.|Bic Biotech|BioCyc|Biorbyt|Biosynth|BLD Pharm|BOC Sciences|CATO Research Chemicals Inc.|CCSbase|Center for Chemical Genomics, University of Michigan|ChEBI|Chem-Space.com Database|ChEMBL|Chemenu Inc.|ChemFaces|Chemical Carcinogenesis Research Information System (CCRIS)|ChemIDplus|Chemieliva Pharmaceutical Co., Ltd|Cheminformatics Friedrich-Schiller-University Jena|ChemMol|ChemoSapiens|ChemShuttle|ChemSpider|ChemTik|Clearsynth|Combi-Blocks|CreativePeptides|CSNpharm|CymitQuimica|Debye Scientific Co., Ltd|DiscoveryGate|Egon Willighagen, Department of Bioinformatics - BiGCaT, Maastricht University|Elsa Biotechnology|eMolecules|eNovation Chemicals|EPA DSSTox|FDA Global Substance Registration System (GSRS)|Fluorochem|Fondchemical Limited|Founder Pharma|Glentham Life Sciences Ltd.|Google Patents|Hangzhou APIChem Technology|IBM|iChemical Technology USA Inc|Innovapharm|InvivoChem|J&H Chemical Co.,ltd|Japan Chemical Substance Dictionary (Nikkaji)|KEGG|Key Organics/BIONET|King Scientific|LabNetwork, a WuXi AppTec Company|labseeker|LGC Standards|LKT Labs|Mcule|MedChemexpress MCE|Molepedia|MolGenie|Molport|MuseChem|NCBI Structure|NextBio|NextMove Software|Oakwood Products|OXCHEM CORPORATION|PATENTSCOPE (WIPO)|Probes & Drugs portal|Protein Data Bank in Europe (PDBe)|PubChem Reference Collection|RR Scientific|Santa Cruz Biotechnology, Inc.|Selleck Chemicals|Shanghai Titan Scientific|Sigma-Aldrich|Springer Nature|Starshine Chemical|SureChEMBL|SynHet - Synthetic Heterocycles|Syntech Labs|Synthonix, Inc.|Syntree|TargetMol|TCI (Tokyo Chemical Industry)|Thomson Pharma|Thoreauchem|Tractus|Wikidata|Wubei-Biochem|Yick-Vic Chemicals & Pharmaceuticals (HK) Ltd.|ZeroPM - Zero Pollution of Persistent, Mobile Substances|ZINC
Carnosic Acid;CC(C)C1=C(C(=C2C(=C1)CC[C@@H]3[C@@]2(CCCC3(C)C)C(=O)O)O)O;001Chemical|10X CHEM|3WAY PHARM INC|A2B Chem|AA BLOCKS|AbaChemScene|abcr GmbH|Abe Lab, University of Texas MD Anderson Cancer Center|ABI Chem|AbMole Bioscience|Achemtek|Acmec Biochemical|Acorn PharmaTech Product List|Activate Scientific|AEchem Scientific Corp., USA|AHH Chemical co.,ltd|AK Scientific, Inc. (AKSCI)|AKos Consulting & Solutions|Alfa Chemistry|Amadis Chemical|Ambeed|Anward|ApexBio Technology|Ark Pharma Scientific Limited|AstaTech, Inc.|Aurora Fine Chemicals LLC|AvaChem Scientific|BindingDB|BioChemPartner|BioCyc|Biopurify Phytochemicals|Biorbyt|Biosynth|BLD Pharm|BOC Sciences|Boerchem|Buhrlage Lab, Dana-Farber Cancer Institute and Novartis Institutes for BioMedical Research (Cambridge, Mass)|CATO Research Chemicals Inc.|CC_PMLSC|Center for Chemical Genomics, University of Michigan|ChEBI|Chem-Space.com Database|ChemBank|Chembase.cn|ChEMBL|ChemFaces|ChemIDplus|Chemieliva Pharmaceutical Co., Ltd|Cheminformatics Friedrich-Schiller-University Jena|ChemMol|ChemoSapiens|ChemSpider|ChemTik|Combi-Blocks|Comparative Toxicogenomics Database (CTD)|CSNpharm|CymitQuimica|DC Chemicals|DiscoveryGate|DTP/NCI|Egon Willighagen, Department of Bioinformatics - BiGCaT, Maastricht University|eMolecules|eNovation Chemicals|EPA DSSTox|FDA Global Substance Registration System (GSRS)|Finetech Industry Limited|Fluorochem|Glentham Life Sciences Ltd.|Google Patents|Hangzhou APIChem Technology|Herbest Bio-Tech|IBM|InvivoChem|ISpharm|J&H Chemical Co.,ltd|Japan Chemical Substance Dictionary (Nikkaji)|KEGG|Key Organics/BIONET|LabNetwork, a WuXi AppTec Company|labseeker|Lancrix Chemicals|LeadScope|LGC Standards|MassBank of North America (MoNA)|Mcule|MedChemexpress MCE|Metabolomics Workbench|Molecule Market|MolGenie|Molport|MTDP|MuseChem|National Center for Advancing Translational Sciences (NCATS)|Nature Science Technologies Ltd|NextBio|NextMove Software|NORMAN Suspect List Exchange|Novartis Institutes for BioMedical Research|NovoSeek|OChem|PATENTSCOPE (WIPO)|Pi Chemicals|Probes & Drugs portal|Prous Science Drugs of the Future|PubChem Reference Collection|Santa Cruz Biotechnology, Inc.|SCRIPDB|Selleck Chemicals|Shanghai Titan Scientific|Sigma-Aldrich|Springer Nature|SRMLSC|SureChEMBL|SynHet - Synthetic Heterocycles|TargetMol|TCI (Tokyo Chemical Industry)|The Scripps Research Institute Molecular Screening Center|Thomson Pharma|Tractus|VladaChem|Wikidata|Wilshire Technologies|Yick-Vic Chemicals & Pharmaceuticals (HK) Ltd.|Yuhao Chemical|ZeroPM - Zero Pollution of Persistent, Mobile Substances|ZINC
Sodium Thiosulfate;[O-]S(=O)(=S)[O-].[Na+].[Na+];001Chemical|10X CHEM|3WAY PHARM INC|A2B Chem|abcr GmbH|ABI Chem|AbMole Bioscience|Acadechem|Accel Scientific|Achemica|AK Scientific, Inc. (AKSCI)|AKos Consulting & Solutions|Aladdin Scientific|Alfa Chemistry|AmicBase - Antimicrobial Activities|Angene Chemical|AppChem|Aribo Reagent|AstaTech, Inc.|BenchChem|Bic Biotech|BioCyc|Biorbyt|Biosynth|BLD Pharm|BOC Sciences|BroadPharm|CAPOT|CATO Research Chemicals Inc.|CD Formulation|ChEBI|Chem-Impex|Chembase.cn|ChEMBL|ChemIDplus|ChemMol|ChemoSapiens|ChemSpider|ChemTik|Collaborative Drug Discovery, Inc.|Combi-Blocks|Cooke Chemical Co., Ltd|CSNpharm|CymitQuimica|DC Chemicals|DiscoveryGate|Drug Induced Liver Injury Rank (DILIrank) Dataset|Egon Willighagen, Department of Bioinformatics - BiGCaT, Maastricht University|eMolecules|eNovation Chemicals|EPA DSSTox|EPA Substance Registry Services|FDA Global Substance Registration System (GSRS)|Finetech Industry Limited|Fisher Chemical|Fluorochem|Genetic Toxicology Data Bank (GENE-TOX)|Glentham Life Sciences Ltd.|Google Patents|Hairui Chemical|Human Metabolome Database (HMDB)|iChemical Technology USA Inc|ISpharm|Japan Chemical Substance Dictionary (Nikkaji)|King Scientific|labseeker|LeadScope|LEAPCHEM|LGC Standards|Mcule|MolCore|Molecule Market|Molepedia|MolGenie|Molport|MuseChem|NextBio|NextMove Software|NORMAN Suspect List Exchange|NovoSeek|Oakwood Products|Parchem|Probes & Drugs portal|Prous Science Drugs of the Future|PubChem Reference Collection|RR Scientific|Santa Cruz Biotechnology, Inc.|Sigma-Aldrich|Springer Nature|Starshine Chemical|SureChEMBL|SynQuest Laboratories|TCI (Tokyo Chemical Industry)|Therapeutic Target Database (TTD)|Thieme Chemistry|Thomson Pharma|Thoreauchem|Toref Standards|ToxPlanet|Tractus|VladaChem|VWR, Part of Avantor|Wikidata|Win-Win Chemical|Wubei-Biochem|Wutech|Yick-Vic Chemicals & Pharmaceuticals (HK) Ltd.|ZeroPM - Zero Pollution of Persistent, Mobile Substances
Sodium Ferulate;COC1=C(C=CC(=C1)/C=C/C(=O)[O-])O.[Na+];10X CHEM|3WAY PHARM INC|4C Pharma Scientific Inc|AbaChemScene|abcr GmbH|AbovChem LLC|Accela ChemBio Inc.|Achemtek|Acmec Biochemical|Acorn PharmaTech Product List|Activate Scientific|AEchem Scientific Corp., USA|AK Scientific, Inc. (AKSCI)|AKos Consulting & Solutions|Aladdin Scientific|Alfa Chemistry|Amadis Chemical|Ambeed|Ambinter|AN PharmaTech|AppChem|AstaTech, Inc.|Aurora Fine Chemicals LLC|Aurum Pharmatech LLC|BenchChem|Bic Biotech|BioChemPartner|Biosynth|BLD Pharm|CATO Research Chemicals Inc.|Center for Chemical Genomics, University of Michigan|Changzhou Highassay Chemical Co., Ltd|ChEBI|Chem-Space.com Database|Chembase.cn|ChEMBL|ChemIDplus|ChemMol|ChemSpider|Combi-Blocks|CSNpharm|CymitQuimica|DC Chemicals|Debye Scientific Co., Ltd|DiscoveryGate|Egon Willighagen, Department of Bioinformatics - BiGCaT, Maastricht University|eMolecules|eNovation Chemicals|EPA DSSTox|FDA Global Substance Registration System (GSRS)|Finetech Industry Limited|Founder Pharma|Glixx Labs Inc|Google Patents|Hangzhou APIChem Technology|Hangzhou Trylead Chemical Technology|ICCB-Longwood Screening Facility, Harvard Medical School|iChemical Technology USA Inc|ISpharm|Key Organics/BIONET|Matrix Scientific|Mcule|MedChemexpress MCE|Molepedia|MolGenie|Molport|MuseChem|NextBio|NovoSeek|Oakwood Products|OChem|Parchem|PATENTSCOPE (WIPO)|Pharmacore Co., Limited|Probes & Drugs portal|PubChem Reference Collection|Selleck Chemicals|Smolecule|Springer Nature|Starshine Chemical|SureChEMBL|Syntree|TargetMol|THE BioTek|ToxPlanet|University of Kansas High Throughput Screening Laboratory|VladaChem|VWR, Part of Avantor|Wikidata|Win-Win Chemical|Yick-Vic Chemicals & Pharmaceuticals (HK) Ltd.
Theaflavin;C1[C@H]([C@H](OC2=CC(=CC(=C21)O)O)C3=CC4=C(C(=C(C=C4[C@@H]5[C@@H](CC6=C(C=C(C=C6O5)O)O)O)O)O)C(=O)C(=C3)O)O;10X CHEM|A2B Chem|AA BLOCKS|Aaron Chemicals LLC|abcr GmbH|ABI Chem|AbMole Bioscience|AbovChem LLC|Accel Scientific|Acorn PharmaTech Product List|Activate Scientific|AHH Chemical co.,ltd|AiFChem, an XtalPi Company|AK Scientific, Inc. (AKSCI)|AKos Consulting & Solutions|Alfa Chemistry|Amadis Chemical|Ambeed|AppChem|AstaTech, Inc.|Aurora Fine Chemicals LLC|AvaChem Scientific|BenchChem|BePharm Ltd.|BLD Pharm|BOC Sciences|Burnham Center for Chemical Genomics|CATO Research Chemicals Inc.|Center for Chemical Genomics, University of Michigan|ChEBI|Chem-Space.com Database|ChemBank|Chembase.cn|chemical genetic matrix|Chemieliva Pharmaceutical Co., Ltd|Cheminformatics Friedrich-Schiller-University Jena|ChemSpider|Chen Lab, School of Medicine, Emory University|Clearsynth|Collaborative Drug Discovery, Inc.|Combi-Blocks|Comparative Toxicogenomics Database (CTD)|CSNpharm|CymitQuimica|DC Chemicals|eMolecules|Emory University Molecular Libraries Screening Center|EvitaChem|FDA Global Substance Registration System (GSRS)|Finetech Industry Limited|Fisher Drug Discovery Resource Center|Google Patents|IBM|J&H Chemical Co.,ltd|Japan Chemical Substance Dictionary (Nikkaji)|Key Organics/BIONET|King Scientific|LabNetwork, a WuXi AppTec Company|LGC Standards|Matrix Scientific|Molecule Market|Molepedia|MolGenie|Molport|MuseChem|National Center for Advancing Translational Sciences (NCATS)|NextBio|NextMove Software|NIAID ChemDB|NMRShiftDB|NORMAN Suspect List Exchange|NovoSeek|ORST SMALL MOLECULE SCREENING CENTER|PATENTSCOPE (WIPO)|Probes & Drugs portal|PubChem Reference Collection|SCRIPDB|Sigma-Aldrich|Small Molecule Screening Facility, UW Madison|Smolecule|Springer Nature|Starshine Chemical|SureChEMBL|Syntree|THE BioTek|Thomson Pharma|Wuhan Atomole Chemicals Co., Ltd.|Yick-Vic Chemicals & Pharmaceuticals (HK) Ltd.|ZINC
Sodium Erythorbate;C([C@H]([C@@H]1C(=C(C(=O)O1)O)[O-])O)O.[Na+];AbaChemScene|AiFChem, an XtalPi Company|AKos Consulting & Solutions|Aladdin Scientific|Alfa Chemistry|Amadis Chemical|Ambeed|AN PharmaTech|BenchChem|Biosynth|BLD Pharm|BOC Sciences|Carcinogenic Potency Database (CPDB)|CD Formulation|Center for Chemical Genomics, University of Michigan|Chem-Space.com Database|Chembase.cn|ChEMBL|Chemical Carcinogenesis Research Information System (CCRIS)|ChemIDplus|ChemMol|ChemoSapiens|Combi-Blocks|CSNpharm|CymitQuimica|Debye Scientific Co., Ltd|DiscoveryGate|DTP/NCI|Egon Willighagen, Department of Bioinformatics - BiGCaT, Maastricht University|eMolecules|eNovation Chemicals|EPA DSSTox|FDA Global Substance Registration System (GSRS)|Finetech Industry Limited|Genetic Toxicology Data Bank (GENE-TOX)|Google Patents|J&H Chemical Co.,ltd|Japan Chemical Substance Dictionary (Nikkaji)|LeadScope|Mcule|MedChemexpress MCE|MolGenie|Molport|NextMove Software|Oakwood Products|PATENTSCOPE (WIPO)|Probes & Drugs portal|PubChem Reference Collection|Selleck Chemicals|Shanghai Titan Scientific|Sinofi Ingredients|Smolecule|Springer Nature|Starshine Chemical|SureChEMBL|SynHet - Synthetic Heterocycles|TCI (Tokyo Chemical Industry)|THE BioTek|Tox21|ToxPlanet|Wikidata|Yick-Vic Chemicals & Pharmaceuticals (HK) Ltd.|ZeroPM - Zero Pollution of Persistent, Mobile Substances
Ammonium pyrrolidinedithiocarbamate;C1CCN(C1)C(=S)[S-].[NH4+];10X CHEM|A2B Chem|AA BLOCKS|Aaron Chemicals LLC|ABI Chem|AbovChem LLC|Acadechem|Accel Scientific|Acmec Biochemical|Acorn PharmaTech Product List|Adooq BioScience|AEchem Scientific Corp., USA|AHH Chemical co.,ltd|AK Scientific, Inc. (AKSCI)|AKos Consulting & Solutions|Aladdin Scientific|Alfa Chemistry|Amadis Chemical|Ambeed|Angene Chemical|ApexBio Technology|AppChem|Aribo Reagent|AstaTech, Inc.|BenchChem|BioChemPartner|BioCrick|Biorbyt|Biosynth|BLD Pharm|BOC Sciences|Burek Lab, Department of Anaesthesiology, Intensive Care, Emergency and Pain Med, University Hospital Wuerzburg|CATO Research Chemicals Inc.|Center for Chemical Genomics, University of Michigan|Chem-Impex|Chembase.cn|ChemExper Chemical Directory|ChemTik|Circadian Research, Kay Laboratory, University of California at San Diego (UCSD)|Cooke Chemical Co., Ltd|CSNpharm|CymitQuimica|Debye Scientific Co., Ltd|DiscoveryGate|Elsa Biotechnology|Emory University Molecular Libraries Screening Center|Enamine|eNovation Chemicals|EPA Substance Registry Services|Finetech Industry Limited|Glixx Labs Inc|Gulick Lab, Department of Structural Biology, University at Buffalo|ICCB-Longwood Screening Facility, Harvard Medical School|iChemical Technology USA Inc|J&H Chemical Co.,ltd|Karki Laboratory of Innate Immunity and Cell Death, Seoul National University|King Scientific|labseeker|LEAPCHEM|LGC Standards|Matrix Scientific|Mcule|Milwaukee Institute for Drug Discovery|MLSMR|Molecule Market|Molport|MuseChem|National Center for Advancing Translational Sciences (NCATS)|NextBio|NextMove Software|NIST Chemistry WebBook|NORMAN Suspect List Exchange|NovoSeek|Oakwood Products|Paczesny and Yang Labs, IUPUI and University of Michigan|PATENTSCOPE (WIPO)|Probes & Drugs portal|Race Chemical|RR Scientific|Sinfoo Biotech|Springer Nature|Starshine Chemical|SynHet - Synthetic Heterocycles|TargetMol|TCI (Tokyo Chemical Industry)|Thieme Chemistry|Tianjin Yuansu Chemical Reagent Co., LTD|TimTec|Tocris Bioscience|Tox21|ToxPlanet|Tractus|University of Kansas High Throughput Screening Laboratory|University of Pittsburgh Molecular Library Screening Center|VladaChem|VWR, Part of Avantor|Win-Win Chemical|Wubei-Biochem|Yick-Vic Chemicals & Pharmaceuticals (HK) Ltd.
4-Methylcatechol;CC1=CC(=C(C=C1)O)O;001Chemical|10X CHEM|3WAY PHARM INC|A2B Chem|AA BLOCKS|AAA Chemistry|Aaron Chemicals LLC|AbaChemScene|abcr GmbH|ABI Chem|Acadechem|Accel Scientific|Accela ChemBio Inc.|Achemica|Achemo Scientific Limited|Achemtek|Acmec Biochemical|AHH Chemical co.,ltd|AiFChem, an XtalPi Company|AK Scientific, Inc. (AKSCI)|AKos Consulting & Solutions|Aladdin Scientific|Alfa Chemistry|Alichem|Allbio Pharm Co., Ltd|Amadis Chemical|Ambeed|AN PharmaTech|Angene Chemical|Anward|Apexmol|AppChem|Ark Pharm, Inc.|Aromsyn catalogue|Assembly Blocks Pvt. Ltd.|AstaTech, Inc.|AZEPINE|BenchChem|BePharm Ltd.|Bic Biotech|BindingDB|Biocore|BioCyc|Biological Magnetic Resonance Data Bank (BMRB)|Biopharma PEG Scientific Inc|Biorbyt|Biosynth|BLD Pharm|BOC Sciences|Boerchem|CAPOT|Carcinogenic Potency Database (CPDB)|CATO Research Chemicals Inc.|CCSbase|Center for Chemical Genomics, University of Michigan|Changzhou Highassay Chemical Co., Ltd|ChEBI|Chem-Space.com Database|Chembase.cn|ChEMBL|ChemDB|ChemExper Chemical Directory|ChemFaces|Chemical Carcinogenesis Research Information System (CCRIS)|ChemIDplus|Chemieliva Pharmaceutical Co., Ltd|Cheminformatics Friedrich-Schiller-University Jena|ChemMol|ChemoSapiens|ChemSpider|ChemTik|Clearsynth|Collaborative Drug Discovery, Inc.|Combi-Blocks|Comparative Toxicogenomics Database (CTD)|Cooke Chemical Co., Ltd|Crystallography Open Database (COD)|CSNpharm|CymitQuimica|Debye Scientific Co., Ltd|DempoChem|DiscoveryGate|DrugBank|DSL Chemicals|DTP/NCI|EAWAG Biocatalysis/Biodegradation Database|Egon Willighagen, Department of Bioinformatics - BiGCaT, Maastricht University|eMolecules|Enamine|eNovation Chemicals|enviPath|EPA DSSTox|EPA Substance Registry Services|FDA Global Substance Registration System (GSRS)|Finetech Industry Limited|Fluorochem|Founder Pharma|Google Patents|Hairui Chemical|Hangzhou APIChem Technology|Human Metabolome Database (HMDB)|IBM|ICCB-Longwood Screening Facility, Harvard Medical School|Immune Epitope Database (IEDB)|ISpharm|IUPAC Digitized pKa Dataset|J&H Chemical Co.,ltd|Japan Chemical Substance Dictionary (Nikkaji)|Karki Laboratory of Innate Immunity and Cell Death, Seoul National University|KEGG|Key Organics/BIONET|King Scientific|LabNetwork, a WuXi AppTec Company|labseeker|Lan Pharmatech|LeadScope|LGC Standards|Life Chemicals|MassBank of North America (MoNA)|Matrix Scientific|Mcule|MedChemexpress MCE|Metabolomics Workbench|MLSMR|MolCore|Molecule Market|Molepedia|MolGenie|Molport|MP Biomedicals|MuseChem|National Center for Advancing Translational Sciences (NCATS)|NCBI Structure|NextBio|NextMove Software|NIAID ChemDB|NIST Chemistry WebBook|NIST Mass Spectrometry Data Center|NMRShiftDB|NORMAN Suspect List Exchange|NovoSeek|Oakwood Products|OtavaChemicals|OXCHEM CORPORATION|PATENTSCOPE (WIPO)|Pi Chemicals|Probes & Drugs portal|Protein Data Bank in Europe (PDBe)|PubChem Reference Collection|R&D Chemicals|Race Chemical|RR Scientific|Santa Cruz Biotechnology, Inc.|SCRIPDB|Selleck Chemicals|Shanghai Institute of Organic Chemistry|Shanghai Titan Scientific|Sigma-Aldrich|Sinfoo Biotech|SMID|Smolecule|Springer Nature|SpringerMaterials|Starshine Chemical|SureChEMBL|SynHet - Synthetic Heterocycles|Syntree|TargetMol|TCI (Tokyo Chemical Industry)|THE BioTek|Thermo Fisher Scientific|Thieme Chemistry|Thomson Pharma|Thoreauchem|TimTec|Tox21|ToxPlanet|Tractus|University of Kansas High Throughput Screening Laboratory|VladaChem|Wikidata|Wiley|Win-Win Chemical|Wubei-Biochem|Yick-Vic Chemicals & Pharmaceuticals (HK) Ltd.|Yuhao Chemical|ZeroPM - Zero Pollution of Persistent, Mobile Substances|ZINC|Zjartschem
Nitroxyl;N=O;001Chemical|10X CHEM|1st Scientific|3WAY PHARM INC|A2B Chem|AA BLOCKS|AAA Chemistry|Aaron Chemicals LLC|AbaChemScene|ABBLIS Chemicals|abcr GmbH|Abe Lab, University of Texas MD Anderson Cancer Center|ABI Chem|AbMole Bioscience|AbovChem LLC|Accel Scientific|Achemtek|AiFChem, an XtalPi Company|AK Scientific, Inc. (AKSCI)|AKos Consulting & Solutions|Aladdin Scientific|Alfa Chemistry|Amadis Chemical|Ambinter|Apexmol|AppChem|AstaTech, Inc.|Aurora Fine Chemicals LLC|Aurum Pharmatech LLC|BenchChem|BindingDB|BioCrick|BioCyc|Biorbyt|Biosynth|BLD Pharm|BOC Sciences|Burnham Center for Chemical Genomics|CCSbase|Center for Chemical Genomics, University of Michigan|ChEBI|Chem-Impex|Chem-Space.com Database|Chembase.cn|ChEMBL|ChemDB|Chemenu Inc.|Chemical Carcinogenesis Research Information System (CCRIS)|chemical genetic matrix|ChemIDplus|Cheminformatics Friedrich-Schiller-University Jena|ChemMol|ChemoSapiens|ChemSpider|ChemTik|Clearsynth|Collaborative Drug Discovery, Inc.|Combi-Blocks|Comparative Toxicogenomics Database (CTD)|Cooke Chemical Co., Ltd|CymitQuimica|Debye Scientific Co., Ltd|DiscoveryGate|Drug Induced Liver Injury Rank (DILIrank) Dataset|DrugBank|DTP/NCI|EAWAG Biocatalysis/Biodegradation Database|ECI Group, LCSB, University of Luxembourg|Egon Willighagen, Department of Bioinformatics - BiGCaT, Maastricht University|eMolecules|Enamine|eNovation Chemicals|enviPath|EPA DSSTox|EPA Substance Registry Services|EvitaChem|FDA Global Substance Registration System (GSRS)|Finetech Industry Limited|Fisher Chemical|Fisher Drug Discovery Resource Center|Fluorochem|Glentham Life Sciences Ltd.|Google Patents|Hairui Chemical|Hangzhou APIChem Technology|Human Metabolome Database (HMDB)|Hunan Chemfish Pharmaceutical Co., Ltd.|IBM|ICCB-Longwood Screening Facility, Harvard Medical School|iChemical Technology USA Inc|InvivoChem|J&H Chemical Co.,ltd|Japan Chemical Substance Dictionary (Nikkaji)|KEGG|LabNetwork, a WuXi AppTec Company|LeadScope|LEAPCHEM|Matrix Scientific|MedChemexpress MCE|Midas Pharma GmbH|Milbrandt Lab, Department of Genetics, Washington University School of Medicine|MLSMR|MolCore|Molecule Market|MolGenie|Molport|MP Biomedicals|MuseChem|National Center for Advancing Translational Sciences (NCATS)|Nature Communications|NCBI Structure|NextBio|NextMove Software|NIAID ChemDB|NIST Chemistry WebBook|NIST Mass Spectrometry Data Center|NORMAN Suspect List Exchange|NovoSeek|Oakwood Products|Parchem|PATENTSCOPE (WIPO)|Phion Ltd|Probes & Drugs portal|Protein Data Bank in Europe (PDBe)|Prous Science Drugs of the Future|PubChem Reference Collection|RR Scientific|Santa Cruz Biotechnology, Inc.|SCRIPDB|Selleck Chemicals|Shanghai Titan Scientific|Sigma-Aldrich|SMID|Smolecule|Southern Research Institute|Springer Nature|SpringerMaterials|Starshine Chemical|Strem Chemicals, Inc.|SureChEMBL|Syntech Labs|TargetMol|TCI (Tokyo Chemical Industry)|THE BioTek|The Scripps Research Institute Molecular Screening Center|Therapeutic Target Database (TTD)|Thermo Fisher Scientific|Thieme Chemistry|Thomson Pharma|Tox21|ToxPlanet|University of Iowa High-Throughput Screening Core (UIHTS)|University of Kansas High Throughput Screening Laboratory|VladaChem|VWR, Part of Avantor|Wikidata|WikiPathways|Wiley|Win-Win Chemical|xPharm: The Comprehensive Pharmacology Reference|Yick-Vic Chemicals & Pharmaceuticals (HK) Ltd.|Yuhao Chemical|ZeroPM - Zero Pollution of Persistent, Mobile Substances
Dexpramipexole;CCCN[C@@H]1CCC2=C(C1)SC(=N2)N;001Chemical|10X CHEM|A&J Pharmtech CO., LTD.|A2B Chem|AA BLOCKS|Aaron Chemicals LLC|AbaChemScene|ABI Chem|AbovChem LLC|Accel Scientific|Acmec Biochemical|Acorn PharmaTech Product List|Activate Scientific|Adooq BioScience|AK Scientific, Inc. (AKSCI)|AKos Consulting & Solutions|Aladdin Scientific|Alfa Chemistry|Alichem|Amadis Chemical|Angene Chemical|Anward|AppChem|AstaTech, Inc.|Aurora Fine Chemicals LLC|Aurum Pharmatech LLC|AvaChem Scientific|BenchChem|BePharm Ltd.|BindingDB|BioChemPartner|BioCrick|Biorbyt|Biosynth|BLD Pharm|BOC Sciences|Boerchem|CATO Research Chemicals Inc.|ChEBI|Chem-Space.com Database|Chembase.cn|ChEMBL|Chemenu Inc.|ChemIDplus|Chemieliva Pharmaceutical Co., Ltd|ChemMol|ChemoSapiens|ChemSpider|ChemTik|Clinivex|Combi-Blocks|CSNpharm|CymitQuimica|Debye Scientific Co., Ltd|DiscoveryGate|DrugBank|Egon Willighagen, Department of Bioinformatics - BiGCaT, Maastricht University|eMolecules|Enamine|eNovation Chemicals|EPA DSSTox|Excenen Pharmatech|FDA Global Substance Registration System (GSRS)|Fluorochem|Fragmenta|Google Patents|Hangzhou APIChem Technology|Hunan Huateng Pharmaceutical Co., Ltd.|IBM|InvivoChem|J&H Chemical Co.,ltd|Japan Chemical Substance Dictionary (Nikkaji)|KEGG|Key Organics/BIONET|King Scientific|LabNetwork, a WuXi AppTec Company|labseeker|LGC Standards|Mcule|MedChemexpress MCE|MLSMR|MolGenie|Molport|MuseChem|NextBio|NextMove Software|NORMAN Suspect List Exchange|NovoSeek|OChem|OXCHEM CORPORATION|PATENTSCOPE (WIPO)|Pharmacore Co., Limited|Probes & Drugs portal|PubChem Reference Collection|Race Chemical|RR Scientific|Santa Cruz Biotechnology, Inc.|SCRIPDB|Shanghai Titan Scientific|Sigma-Aldrich|Smolecule|Springer Nature|Starshine Chemical|SureChEMBL|SynHet - Synthetic Heterocycles|TargetMol|THE BioTek|Thomson Pharma|ToxPlanet|Tractus|Veeprho|Vitas-M Laboratory|Wikidata|Wiley|ZINC
Theaflavin (Standard);C1[C@H]([C@H](OC2=CC(=CC(=C21)O)O)C3=CC(=O)C(=C4C(=C3)C(=CC(=C4O)O)[C@@H]5[C@@H](CC6=C(C=C(C=C6O5)O)O)O)O)O;001Chemical|AbaChemScene|BindingDB|Biorbyt|CCSbase|ChEMBL|ChemIDplus|Cheminformatics Friedrich-Schiller-University Jena|ChemoSapiens|Davey Lab, Department of Microbiology, NEIDL, Boston University|Egon Willighagen, Department of Bioinformatics - BiGCaT, Maastricht University|EPA DSSTox|Hangzhou APIChem Technology|Human Metabolome Database (HMDB)|InvivoChem|IUPHAR/BPS Guide to PHARMACOLOGY|MassBank of North America (MoNA)|Mcule|MedChemexpress MCE|Molecule Market|Oakwood Products|Probes & Drugs portal|Shanghai Titan Scientific|Springer Nature|TargetMol|TCI (Tokyo Chemical Industry)|Thieme Chemistry|Wikidata|ZeroPM - Zero Pollution of Persistent, Mobile Substances
Quercetin Dihydrate;C1=CC(=C(C=C1C2=C(C(=O)C3=C(C=C(C=C3O2)O)O)O)O)O.O.O;001Chemical|10X CHEM|3WAY PHARM INC|A2B Chem|AA BLOCKS|Aaron Chemicals LLC|AbaChemScene|abcr GmbH|ABI Chem|AbMole Bioscience|Accel Scientific|Accela ChemBio Inc.|Achemica|Achemo Scientific Limited|Achemtek|Acorn PharmaTech Product List|Adooq BioScience|AHH Chemical co.,ltd|AiFChem, an XtalPi Company|AK Scientific, Inc. (AKSCI)|AKos Consulting & Solutions|Aladdin Scientific|Alfa Chemistry|Amadis Chemical|Ambeed|Ambinter|Angene Chemical|Anward|AppChem|Ark Pharm, Inc.|Assembly Blocks Pvt. Ltd.|AstaTech, Inc.|Aurora Fine Chemicals LLC|BenchChem|BePharm Ltd.|Bic Biotech|BioChemPartner|Biocore|BioCrick|Biopurify Phytochemicals|Biorbyt|BLD Pharm|BOC Sciences|Burek Lab, Department of Anaesthesiology, Intensive Care, Emergency and Pain Med, University Hospital Wuerzburg|Calbiochem|CAPOT|Carcinogenic Potency Database (CPDB)|CATO Research Chemicals Inc.|CD Formulation|Center for Chemical Genomics, University of Michigan|Chem-Impex|Chem-Space.com Database|Chembase.cn|ChEMBL|ChemBridge|ChemExper Chemical Directory|ChemFaces|Chemical Carcinogenesis Research Information System (CCRIS)|ChemIDplus|Chemieliva Pharmaceutical Co., Ltd|ChemMol|ChemoSapiens|ChemShuttle|ChemSpider|ChemTik|Clearsynth|Collaborative Drug Discovery, Inc.|Combi-Blocks|Cooke Chemical Co., Ltd|CSNpharm|CymitQuimica|DC Chemicals|DiscoveryGate|Egon Willighagen, Department of Bioinformatics - BiGCaT, Maastricht University|Elsa Biotechnology|EMD Millipore|eMolecules|EPA DSSTox|FDA Global Substance Registration System (GSRS)|Finetech Industry Limited|Fluorochem|Founder Pharma|Fredberg Lab, Harvard T.H. Chan School of Public Health|Glentham Life Sciences Ltd.|Google Patents|Gulick Lab, Department of Structural Biology, University at Buffalo|Hello Bio|ICCB-Longwood Screening Facility, Harvard Medical School|iChemical Technology USA Inc|Inhibitor 2|ISpharm|J&H Chemical Co.,ltd|Key Organics/BIONET|King Scientific|LabNetwork, a WuXi AppTec Company|LeadScope|LEAPCHEM|LGC Standards|Life Chemicals|Matrix Scientific|MedChemexpress MCE|Metabolomics Workbench|MolCore|Molecule Market|Molepedia|MolGenie|MolMall|Molport|MP Biomedicals|MTDP|MuseChem|National Center for Advancing Translational Sciences (NCATS)|Nature Science Technologies Ltd|NextBio|NORMAN Suspect List Exchange|NovoSeek|Oakwood Products|OXCHEM CORPORATION|PATENTSCOPE (WIPO)|PDSP|Phion Ltd|Probes & Drugs portal|PubChem Reference Collection|Rosewachem|RR Scientific|Santa Cruz Biotechnology, Inc.|Selleck Chemicals|Shanghai Titan Scientific|Smolecule|Springer Nature|Starshine Chemical|SureChEMBL|Syntree|TargetMol|THE BioTek|Thermo Fisher Scientific|Thomson Pharma|TimTec|Tox21|ToxPlanet|Tractus|UCLA Molecular Screening Shared Resource|UCSC Chemical Screening Center|University of Kansas High Throughput Screening Laboratory|VladaChem|VWR, Part of Avantor|Wikidata|Win-Win Chemical|Wubei-Biochem|Yick-Vic Chemicals & Pharmaceuticals (HK) Ltd.|ZeroPM - Zero Pollution of Persistent, Mobile Substances
Sodium Thiosulfate Pentahydrate;O.O.O.O.O.[O-]S(=O)(=S)[O-].[Na+].[Na+];001Chemical|10X CHEM|1st Scientific|3WAY PHARM INC|A2B Chem|ABBLIS Chemicals|abcr GmbH|ABI Chem|Accel Scientific|Achemica|Achemtek|AK Scientific, Inc. (AKSCI)|AKos Consulting & Solutions|Aladdin Scientific|Alfa Chemistry|Alichem|Ambinter|Angene Chemical|AppChem|Ark Pharm, Inc.|Aurora Fine Chemicals LLC|Avantor Inc|BenchChem|Bic Biotech|Biocore|Biorbyt|Biosynth|BLD Pharm|BOC Sciences|BroadPharm|CD Formulation|ChEBI|Chem-Impex|Chembase.cn|ChEMBL|Chemical Carcinogenesis Research Information System (CCRIS)|ChemIDplus|ChemoSapiens|ChemSpider|ChemTik|Clearsynth|Combi-Blocks|Cooke Chemical Co., Ltd|CSNpharm|CymitQuimica|DiscoveryGate|eMolecules|eNovation Chemicals|EPA DSSTox|EPA Substance Registry Services|FDA Global Substance Registration System (GSRS)|Finetech Industry Limited|Fisher Chemical|Fluorochem|Founder Pharma|Glentham Life Sciences Ltd.|Google Patents|Hairui Chemical|iChemical Technology USA Inc|J&H Chemical Co.,ltd|KEGG|King Scientific|labseeker|LeadScope|LGC Standards|MolCore|Molecule Market|Molepedia|MolGenie|Molport|MP Biomedicals|MuseChem|NextBio|NextMove Software|NORMAN Suspect List Exchange|NovoSeek|Oakwood Products|Parchem|PATENTSCOPE (WIPO)|Phion Ltd|Probes & Drugs portal|PubChem Reference Collection|RR Scientific|Santa Cruz Biotechnology, Inc.|Smolecule|Springer Nature|SureChEMBL|Syntree|THE BioTek|Thermo Fisher Scientific|Thieme Chemistry|Thomson Pharma|Thoreauchem|ToxPlanet|Tractus|VladaChem|VWR, Part of Avantor|Wubei-Biochem|Yick-Vic Chemicals & Pharmaceuticals (HK) Ltd.|ZeroPM - Zero Pollution of Persistent, Mobile Substances
Pramipexole dihydrochloride monohydrate;CCCN[C@H]1CCC2=C(C1)SC(=N2)N.O.Cl.Cl;001Chemical|10X CHEM|A2B Chem|AAA Chemistry|AbaChemScene|ABBLIS Chemicals|abcr GmbH|ABI Chem|AbMole Bioscience|Accel Scientific|Accela ChemBio Inc.|Adooq BioScience|AEchem Scientific Corp., USA|AiFChem, an XtalPi Company|AK Scientific, Inc. (AKSCI)|AKos Consulting & Solutions|Aladdin Scientific|Alfa Chemistry|Allbio Pharm Co., Ltd|Amadis Chemical|Ambeed|Ambinter|AN PharmaTech|Angene Chemical|ApexBio Technology|AppChem|AstaTech, Inc.|Aurora Fine Chemicals LLC|Aurum Pharmatech LLC|BenchChem|BePharm Ltd.|Bic Biotech|BioCrick|Biorbyt|Biosynth|BLD Pharm|BOC Sciences|CATO Research Chemicals Inc.|Center for Chemical Genomics, University of Michigan|Changzhou Highassay Chemical Co., Ltd|ChEBI|Chem-Space.com Database|Chembase.cn|ChEMBL|Chemenu Inc.|ChemIDplus|Chemieliva Pharmaceutical Co., Ltd|ChemMol|ChemoSapiens|ChemShuttle|ChemSpider|ChemTik|Combi-Blocks|CSNpharm|CymitQuimica|DiscoveryGate|Egon Willighagen, Department of Bioinformatics - BiGCaT, Maastricht University|eMolecules|Enamine|EPA DSSTox|Excenen Pharmatech|FDA Global Substance Registration System (GSRS)|Fluorochem|ForeChem|Glentham Life Sciences Ltd.|Glixx Labs Inc|Google Patents|iChemical Technology USA Inc|InvivoChem|ISpharm|J&H Chemical Co.,ltd|KEGG|Key Organics/BIONET|King Scientific|LabNetwork, a WuXi AppTec Company|Lan Pharmatech|LeadScope|LGC Standards|MedChemexpress MCE|Molecule Market|Molepedia|MolGenie|Molport|MuseChem|NextBio|NextMove Software|NORMAN Suspect List Exchange|NovoSeek|Oakwood Products|OXCHEM CORPORATION|PATENTSCOPE (WIPO)|Pi Chemicals|Probes & Drugs portal|Santa Cruz Biotechnology, Inc.|Selleck Chemicals|Shanghai Titan Scientific|Smolecule|Springer Nature|Starshine Chemical|SureChEMBL|SynHet - Synthetic Heterocycles|Syntree|TargetMol|THE BioTek|Thomson Pharma|Tox21|ToxPlanet|Tractus|UCSC Chemical Screening Center|Veeprho|VladaChem|VWR, Part of Avantor|Wikidata|Win-Win Chemical|Yick-Vic Chemicals & Pharmaceuticals (HK) Ltd.|ZeroPM - Zero Pollution of Persistent, Mobile Substances
5-Bromovanillin;COC1=C(C(=CC(=C1)C=O)Br)O;001Chemical|10X CHEM|1st Scientific|3WAY PHARM INC|A&J Pharmtech CO., LTD.|A2B Chem|AA BLOCKS|Aaron Chemicals LLC|AbaChemScene|ABBLIS Chemicals|abcr GmbH|ABI Chem|AbovChem LLC|Acadechem|Accel Scientific|Accela ChemBio Inc.|Achemica|Achemo Scientific Limited|Acmec Biochemical|Acorn PharmaTech Product List|ACT Chemical|Activate Scientific|AEchem Scientific Corp., USA|AgroIntelBioScan.com|AHH Chemical co.,ltd|AiFChem, an XtalPi Company|AK Scientific, Inc. (AKSCI)|AKos Consulting & Solutions|Aladdin Scientific|Alfa Chemistry|Alinda Chemical Trade Company Ltd|Allbio Pharm Co., Ltd|Amadis Chemical|Ambinter|AN PharmaTech|Angene Chemical|Anward|AOBChem USA|Apexmol|AppChem|Aronis|AstaTech, Inc.|Aurora Fine Chemicals LLC|Aurum Pharmatech LLC|BenchChem|BePharm Ltd.|Bic Biotech|Biosynth|BLD Pharm|BOC Sciences|Boroncore|Cangzhou Enke Pharma Tech Co.,Ltd.|CAPOT|Chem-Space.com Database|Chembase.cn|ChEMBL|ChemBridge|ChemDB|ChemDiv|Chemenu Inc.|ChemExper Chemical Directory|ChemFish Tokyo Co., Ltd.|Chemhere|Chemical Synthesis Database|ChemIDplus|Chemieliva Pharmaceutical Co., Ltd|Cheminformatics Friedrich-Schiller-University Jena|ChemMol|Chemodex Ltd.|ChemoSapiens|ChemShuttle|ChemSpider|ChemTik|Clearsynth|Combi-Blocks|Cooke Chemical Co., Ltd|CymitQuimica|Debye Scientific Co., Ltd|DiscoveryGate|DSL Chemicals|DTP/NCI|Egon Willighagen, Department of Bioinformatics - BiGCaT, Maastricht University|eMolecules|Enamine|eNovation Chemicals|EPA DSSTox|EPA Substance Registry Services|FDA Global Substance Registration System (GSRS)|Finetech Industry Limited|Fluorochem|Fondchemical Limited|Founder Pharma|Glentham Life Sciences Ltd.|Google Patents|Hairui Chemical|Hangzhou APIChem Technology|IBM|iChemical Technology USA Inc|Innovapharm|ISpharm|J&H Chemical Co.,ltd|Jamson Pharmachem Technology|Japan Chemical Substance Dictionary (Nikkaji)|Key Organics/BIONET|King Scientific|KUMGM|LabNetwork, a WuXi AppTec Company|Lan Pharmatech|LeadScope|LEAPCHEM|LGC Standards|Life Chemicals|Matrix Scientific|Mcule|MolCore|Molepedia|MolGenie|Molport|MP Biomedicals|MuseChem|NextBio|NextMove Software|NIST Mass Spectrometry Data Center|NMRShiftDB|NORMAN Suspect List Exchange|NovoSeek|Oakwood Products|OChem|OtavaChemicals|OXCHEM CORPORATION|PATENTSCOPE (WIPO)|Phion Ltd|Pi Chemicals|PubChem Reference Collection|RR Scientific|Santa Cruz Biotechnology, Inc.|SCRIPDB|Sigma-Aldrich|Sinfoo Biotech|Smolecule|Springer Nature|SpringerMaterials|Starshine Chemical|SureChEMBL|SynHet - Synthetic Heterocycles|SynQuest Laboratories|Synthonix, Inc.|Syntree|TCI (Tokyo Chemical Industry)|THE BioTek|Thermo Fisher Scientific|Thieme Chemistry|Thomson Pharma|Thoreauchem|TimTec|ToxPlanet|Tractus|Vesino Industrial Co., Ltd|Vitas-M Laboratory|VladaChem|Wikidata|Wiley|Win-Win Chemical|Wolves R&D chemical|Wubei-Biochem|Wutech|Yick-Vic Chemicals & Pharmaceuticals (HK) Ltd.|Yuhao Chemical|ZeroPM - Zero Pollution of Persistent, Mobile Substances|ZINC|Zjartschem
Pramipexole Dihydrochloride Anhydrous;CCCN[C@H]1CCC2=C(C1)SC(=N2)N.Cl.Cl;001Chemical|10X CHEM|A2B Chem|AbaChemScene|ABBLIS Chemicals|abcr GmbH|ABI Chem|AbovChem LLC|Accel Scientific|Accela ChemBio Inc.|Acesobio|Achemo Scientific Limited|Acorn PharmaTech Product List|Activate Scientific|Adooq BioScience|AEchem Scientific Corp., USA|AHH Chemical co.,ltd|AiFChem, an XtalPi Company|AK Scientific, Inc. (AKSCI)|AKos Consulting & Solutions|Aladdin Scientific|Alfa Chemistry|Amadis Chemical|Ambeed|AN PharmaTech|Anward|ApexBio Technology|Apexmol|AppChem|Assembly Blocks Pvt. Ltd.|AstaTech, Inc.|Aurora Fine Chemicals LLC|Aurum Pharmatech LLC|AvaChem Scientific|BenchChem|Biorbyt|BLD Pharm|BOC Sciences|Boerchem|Burek Lab, Department of Anaesthesiology, Intensive Care, Emergency and Pain Med, University Hospital Wuerzburg|Cangzhou Enke Pharma Tech Co.,Ltd.|CATO Research Chemicals Inc.|Center for Chemical Genomics, University of Michigan|ChEBI|Chem-Space.com Database|Chembase.cn|ChEMBL|Chemenu Inc.|ChemFaces|ChemFish Tokyo Co., Ltd.|ChemIDplus|Chemieliva Pharmaceutical Co., Ltd|ChemMol|ChemoSapiens|ChemShuttle|ChemSpider|ChemTik|Clearsynth|Combi-Blocks|CSNpharm|CymitQuimica|DC Chemicals|DiscoveryGate|Egon Willighagen, Department of Bioinformatics - BiGCaT, Maastricht University|eMolecules|Enamine|eNovation Chemicals|EPA DSSTox|Excenen Pharmatech|FDA Global Substance Registration System (GSRS)|Fluorochem|Founder Pharma|Glentham Life Sciences Ltd.|Glixx Labs Inc|Google Patents|Hangzhou APIChem Technology|Hello Bio|Hunan Chemfish Pharmaceutical Co., Ltd.|iChemical Technology USA Inc|InvivoChem|J&H Chemical Co.,ltd|Key Organics/BIONET|King Scientific|LabNetwork, a WuXi AppTec Company|labseeker|Lan Pharmatech|LeadScope|LGC Standards|Matrix Scientific|Mcule|MedChemexpress MCE|Molecule Market|Molepedia|MolGenie|Molport|MuseChem|NextBio|NextMove Software|NovoSeek|Oakwood Products|OChem|PATENTSCOPE (WIPO)|Pi Chemicals|Probes & Drugs portal|Prous Science Drugs of the Future|PubChem Reference Collection|RR Scientific|Santa Cruz Biotechnology, Inc.|Selleck Chemicals|Shanghai Titan Scientific|Sigma-Aldrich|Smolecule|Springer Nature|Starshine Chemical|SureChEMBL|SynHet - Synthetic Heterocycles|Syntree|TargetMol|TCI (Tokyo Chemical Industry)|THE BioTek|Thieme Chemistry|Thomson Pharma|Tocris Bioscience|ToxPlanet|Tractus|University of Iowa High-Throughput Screening Core (UIHTS)|University of Kansas High Throughput Screening Laboratory|Wikidata|Win-Win Chemical|Wubei-Biochem|Yick-Vic Chemicals & Pharmaceuticals (HK) Ltd.|Yuhao Chemical
3-(3',5'-Di-tert-butyl-4'-hydroxyphenyl)propionic acid;CC(C)(C)C1=CC(=CC(=C1O)C(C)(C)C)CCC(=O)O;001Chemical|10X CHEM|3WAY PHARM INC|A&J Pharmtech CO., LTD.|A2B Chem|AA BLOCKS|Aaron Chemicals LLC|AbaChemScene|abcr GmbH|ABI Chem|Acadechem|Accel Scientific|Accela ChemBio Inc.|Acemol|Achemica|Achemo Scientific Limited|Achemtek|Acmec Biochemical|Activate Scientific|AEchem Scientific Corp., USA|AgroIntelBioScan.com|AHH Chemical co.,ltd|AiFChem, an XtalPi Company|AK Scientific, Inc. (AKSCI)|AKos Consulting & Solutions|Aladdin Scientific|Alfa Chemistry|Alichem|Alinda Chemical Trade Company Ltd|Amadis Chemical|Ambeed|Ambinter|Angene Chemical|Anward|Apexmol|AppChem|Ark Pharm, Inc.|Aronis|ASINEX|Assembly Blocks Pvt. Ltd.|AstaTech, Inc.|Aurora Fine Chemicals LLC|Aurum Pharmatech LLC|BenchChem|BePharm Ltd.|BerrChemical|Bic Biotech|Biocore|Biopharma PEG Scientific Inc|Biosynth|BLD Pharm|BOC Sciences|CATO Research Chemicals Inc.|Chem-Space.com Database|ChemBank|Chembase.cn|ChemBlock|ChemBridge|ChemDB|Chemenu Inc.|ChemExper Chemical Directory|ChemIDplus|Chemieliva Pharmaceutical Co., Ltd|Cheminformatics Friedrich-Schiller-University Jena|ChemMol|ChemoSapiens|ChemShuttle|ChemSpider|ChemTik|Collaborative Drug Discovery, Inc.|Combi-Blocks|Cooke Chemical Co., Ltd|Creasyn Finechem|CymitQuimica|DiRusso Lab, Biochemistry Department, University of Nebraska|DiscoveryGate|DSL Chemicals|Egon Willighagen, Department of Bioinformatics - BiGCaT, Maastricht University|eMolecules|Emory University Molecular Libraries Screening Center|Enamine|eNovation Chemicals|EPA DSSTox|EPA Substance Registry Services|FDA Global Substance Registration System (GSRS)|Finetech Industry Limited|Fluorochem|Founder Pharma|Google Patents|Hairui Chemical|Hangzhou APIChem Technology|Hangzhou Trylead Chemical Technology|Human Metabolome Database (HMDB)|IBM|ICCB-Longwood Screening Facility, Harvard Medical School|iChemical Technology USA Inc|Innovapharm|ISpharm|J&H Chemical Co.,ltd|Jamson Pharmachem Technology|Japan Chemical Substance Dictionary (Nikkaji)|Key Organics/BIONET|King Scientific|LabNetwork, a WuXi AppTec Company|labseeker|Lan Pharmatech|LeadScope|LEAPCHEM|LGC Standards|Matrix Scientific|Mcule|MolCore|Molecule Market|MolGenie|Molport|MuseChem|NextBio|NextMove Software|NIST Mass Spectrometry Data Center|NORMAN Suspect List Exchange|NovoSeek|Oakwood Products|OChem|OXCHEM CORPORATION|Paczesny and Yang Labs, IUPUI and University of Michigan|PATENTSCOPE (WIPO)|Pi Chemicals|PubChem Reference Collection|RR Scientific|Santa Cruz Biotechnology, Inc.|SCRIPDB|Sinfoo Biotech|Smolecule|Southern Research Institute|Springer Nature|Starshine Chemical|SureChEMBL|SynHet - Synthetic Heterocycles|Synthonix, Inc.|Syntree|TCI (Tokyo Chemical Industry)|THE BioTek|Thermo Fisher Scientific|Thomson Pharma|Thoreauchem|TimTec|ToxPlanet|Tractus|University of Kansas High Throughput Screening Laboratory|Veeprho|Vesino Industrial Co., Ltd|Vitas-M Laboratory|VladaChem|Wikidata|Wubei-Biochem|Wutech|Yick-Vic Chemicals & Pharmaceuticals (HK) Ltd.|Yuhao Chemical|ZeroPM - Zero Pollution of Persistent, Mobile Substances|ZINC
Flavone-8-Acetic Acid;C1=CC=C(C=C1)C2=CC(=O)C3=CC=CC(=C3O2)CC(=O)O;3WAY PHARM INC|A2B Chem|AA BLOCKS|ABI Chem|Acorn PharmaTech Product List|Alfa Chemistry|Ambinter|Aurora Fine Chemicals LLC|BenchChem|BOC Sciences|Broad Institute|Center for Chemical Genomics, University of Michigan|ChemBank|ChEMBL|ChemDB|ChemIDplus|Chemieliva Pharmaceutical Co., Ltd|ChemSpider|Collaborative Drug Discovery, Inc.|Comparative Toxicogenomics Database (CTD)|CymitQuimica|Davey Lab, Department of Microbiology, NEIDL, Boston University|Day Biochem|DiscoveryGate|DTP/NCI|Egon Willighagen, Department of Bioinformatics - BiGCaT, Maastricht University|Emory University Molecular Libraries Screening Center|EPA DSSTox|EvitaChem|FDA Global Substance Registration System (GSRS)|Google Patents|Human Metabolome Database (HMDB)|IBM|Japan Chemical Substance Dictionary (Nikkaji)|LabNetwork, a WuXi AppTec Company|LeadScope|MLSMR|MolGenie|MTDP|National Center for Advancing Translational Sciences (NCATS)|NextBio|NextMove Software|NIAID ChemDB|NIST Mass Spectrometry Data Center|NORMAN Suspect List Exchange|NovoSeek|PATENTSCOPE (WIPO)|PDSP|Probes & Drugs portal|Prous Science Drugs of the Future|PubChem Reference Collection|RR Scientific|SCRIPDB|Smolecule|Specs|Springer Nature|Starshine Chemical|SureChEMBL|THE BioTek|Therapeutic Target Database (TTD)|Thomson Pharma|ToxPlanet|Wikidata|ZINC
6-Methyl-2-ethyl-3-hydroxypyridine;CCC1=C(C=CC(=N1)C)O;001Chemical|10X CHEM|1st Scientific|3WAY PHARM INC|4C Pharma Scientific Inc|A&J Pharmtech CO., LTD.|A1 BioChem Labs|A2B Chem|AA BLOCKS|AAA Chemistry|Aaron Chemicals LLC|AbaChemScene|abcr GmbH|ABI Chem|AbovChem LLC|Acadechem|Accel Scientific|Accela ChemBio Inc.|Aceschem Inc|Achemica|Achemo Scientific Limited|Acmec Biochemical|Acorn PharmaTech Product List|ACT Chemical|Activate Scientific|AEchem Scientific Corp., USA|AgroIntelBioScan.com|AiFChem, an XtalPi Company|AK Scientific, Inc. (AKSCI)|AKos Consulting & Solutions|Aladdin Scientific|Alfa Chemistry|Alichem|Alinda Chemical Trade Company Ltd|Allbio Pharm Co., Ltd|Amadis Chemical|Ambeed|Ambinter|Ampyridine Co.,Ltd|AN PharmaTech|Angene Chemical|Anward|Apexmol|AppChem|Aribo Reagent|Ark Pharm, Inc.|Aronis|ASINEX|Assembly Blocks Pvt. Ltd.|AstaTech, Inc.|Aurora Fine Chemicals LLC|Aurum Pharmatech LLC|BenchChem|BePharm Ltd.|BerrChemical|Bic Biotech|BioChemPartner|Biocore|Biopharma PEG Scientific Inc|Biorbyt|Biosynth|BLD Pharm|BOC Sciences|Boerchem|Broad Institute|Cangzhou Enke Pharma Tech Co.,Ltd.|CAPOT|CATO Research Chemicals Inc.|Chem-Space.com Database|ChemBank|Chembase.cn|ChEMBL|ChemBridge|ChemDB|Chemenu Inc.|ChemIDplus|Chemieliva Pharmaceutical Co., Ltd|Cheminformatics Friedrich-Schiller-University Jena|ChemMol|ChemoSapiens|ChemShuttle|ChemSpider|ChemTik|Clearsynth|Clinivex|Collaborative Drug Discovery, Inc.|Combi-Blocks|Comparative Toxicogenomics Database (CTD)|Cooke Chemical Co., Ltd|Crystallography Open Database (COD)|CymitQuimica|Davey Lab, Department of Microbiology, NEIDL, Boston University|Day Biochem|Debye Scientific Co., Ltd|DiRusso Lab, Biochemistry Department, University of Nebraska|DiscoveryGate|DSL Chemicals|Egon Willighagen, Department of Bioinformatics - BiGCaT, Maastricht University|eMolecules|Enamine|eNovation Chemicals|EPA DSSTox|FDA Global Substance Registration System (GSRS)|Finetech Industry Limited|Fluorochem|ForeChem|Founder Pharma|Google Patents|Hairui Chemical|Hangzhou APIChem Technology|Hangzhou Trylead Chemical Technology|Human Metabolome Database (HMDB)|Hunan Chemfish Pharmaceutical Co., Ltd.|IBM|ICCB-Longwood Screening Facility, Harvard Medical School|iChemical Technology USA Inc|Innovapharm|InvivoChem|ISpharm|J&H Chemical Co.,ltd|Japan Chemical Substance Dictionary (Nikkaji)|KCS Online|Key Organics/BIONET|King Scientific|LabNetwork, a WuXi AppTec Company|labseeker|Lan Pharmatech|LeadScope|LEAPCHEM|LGC Standards|Matrix Scientific|Mcule|MedChemexpress MCE|MIC Scientific|MolCore|Molecule Market|Molepedia|MolGenie|Molport|MuseChem|National Center for Advancing Translational Sciences (NCATS)|NextBio|NextMove Software|NIST Mass Spectrometry Data Center|NovoSeek|Oakwood Products|OChem|OXCHEM CORPORATION|Paczesny and Yang Labs, IUPUI and University of Michigan|PATENTSCOPE (WIPO)|Pi Chemicals|Probes & Drugs portal|Prous Science Drugs of the Future|PubChem Reference Collection|Race Chemical|RR Scientific|Santa Cruz Biotechnology, Inc.|SCRIPDB|Shanghai Titan Scientific|Sinfoo Biotech|Smolecule|Southern Research Institute|Springer Nature|Starshine Chemical|SureChEMBL|SYNCHEM OHG|SynHet - Synthetic Heterocycles|SynQuest Laboratories|Syntree|TargetMol|TCI (Tokyo Chemical Industry)|THE BioTek|Thomson Pharma|Thoreauchem|TimTec|ToxPlanet|Tractus|University of Kansas High Throughput Screening Laboratory|Vesino Industrial Co., Ltd|Vitas-M Laboratory|Wikidata|Win-Win Chemical|Wubei-Biochem|Wutech|Xlinebio|Yick-Vic Chemicals & Pharmaceuticals (HK) Ltd.|Yuhao Chemical|ZeroPM - Zero Pollution of Persistent, Mobile Substances|ZINC
Procyanidin;C1C(C(OC2=CC(=CC(=C21)O)O)C3=CC(=C(C=C3)O)O)OC4(C(C(C5=C(C=C(C=C5O4)O)O)O)O)C6=CC(=C(C=C6)O)O;001Chemical|10X CHEM|1st Scientific|A2B Chem|AA BLOCKS|AAA Chemistry|Aaron Chemicals LLC|AbaChemScene|abcr GmbH|ABI Chem|AbMole Bioscience|Accel Scientific|Achemtek|Acmec Biochemical|Activate Scientific|AEchem Scientific Corp., USA|AHH Chemical co.,ltd|AiFChem, an XtalPi Company|AK Scientific, Inc. (AKSCI)|AKos Consulting & Solutions|Aladdin Scientific|Alfa Chemistry|Alichem|Amadis Chemical|Ambeed|Ambinter|AN PharmaTech|AppChem|Ark Pharm, Inc.|AstaTech, Inc.|AvaChem Scientific|BenchChem|BioChemPartner|BioCrick|Biorbyt|Biosynth|BLD Pharm|BOC Sciences|CATO Research Chemicals Inc.|Center for Chemical Genomics, University of Michigan|ChEBI|Chem-Space.com Database|ChemFaces|ChemIDplus|Cheminformatics Friedrich-Schiller-University Jena|ChemMol|ChemoSapiens|ChemSpider|Clearsynth|Combi-Blocks|Comparative Toxicogenomics Database (CTD)|Cooke Chemical Co., Ltd|CSNpharm|CymitQuimica|DC Chemicals|Debye Scientific Co., Ltd|DiscoveryGate|eMolecules|Enamine|eNovation Chemicals|EPA DSSTox|Glixx Labs Inc|Google Patents|Hairui Chemical|Hangzhou APIChem Technology|ICCB-Longwood Screening Facility, Harvard Medical School|iChemical Technology USA Inc|InvivoChem|J&H Chemical Co.,ltd|King Scientific|LabNetwork, a WuXi AppTec Company|LeadScope|LEAPCHEM|Mcule|MedChemexpress MCE|MolCore|Molecule Market|MolGenie|Molport|MuseChem|NextBio|NIAID ChemDB|NORMAN Suspect List Exchange|NovoSeek|Oakwood Products|OChem|PATENTSCOPE (WIPO)|Probes & Drugs portal|PubChem Reference Collection|RR Scientific|Selleck Chemicals|Shanghai Titan Scientific|Smolecule|Springer Nature|Starshine Chemical|SureChEMBL|TargetMol|THE BioTek|Thomson Pharma|Thoreauchem|ToxPlanet|University of Kansas High Throughput Screening Laboratory|Wikidata|Yick-Vic Chemicals & Pharmaceuticals (HK) Ltd.|Yuhao Chemical
2-tert-Butyl-4-hydroxyanisole;CC(C)(C)C1=C(C=CC(=C1)O)OC;001Chemical|10X CHEM|3WAY PHARM INC|A&J Pharmtech CO., LTD.|A2B Chem|AA BLOCKS|Aaron Chemicals LLC|AbaChemScene|abcr GmbH|ABI Chem|AbovChem LLC|Acadechem|Accel Scientific|Accela ChemBio Inc.|Achemo Scientific Limited|Acorn PharmaTech Product List|Activate Scientific|AHH Chemical co.,ltd|AiFChem, an XtalPi Company|AK Scientific, Inc. (AKSCI)|AKos Consulting & Solutions|Aladdin Scientific|Alfa Chemistry|Alichem|Amadis Chemical|Ambeed|Ambinter|AN PharmaTech|Angel Pharmatech Ltd.|Angene Chemical|Anward|Apexmol|AppChem|Ark Pharm, Inc.|AstaTech, Inc.|Aurora Fine Chemicals LLC|BenchChem|BePharm Ltd.|Bic Biotech|BindingDB|Biorbyt|Biosynth|BLD Pharm|BOC Sciences|CAPOT|CATO Research Chemicals Inc.|ChEBI|Chem-Space.com Database|Chembase.cn|ChEMBL|ChemDB|Chemenu Inc.|ChemFish Tokyo Co., Ltd.|Chemhere|Chemical Carcinogenesis Research Information System (CCRIS)|Chemical Synthesis Database|ChemIDplus|Chemieliva Pharmaceutical Co., Ltd|Cheminformatics Friedrich-Schiller-University Jena|ChemMol|ChemoSapiens|ChemShuttle|ChemSpider|ChemTik|Clearsynth|Combi-Blocks|Cooke Chemical Co., Ltd|CSNpharm|CymitQuimica|DC Chemicals|Debye Scientific Co., Ltd|DiscoveryGate|Egon Willighagen, Department of Bioinformatics - BiGCaT, Maastricht University|eInhibitors|eMolecules|Enamine|eNovation Chemicals|EPA DSSTox|EPA Substance Registry Services|FDA Global Substance Registration System (GSRS)|Finetech Industry Limited|Fluorochem|Google Patents|Hairui Chemical|Hangzhou APIChem Technology|Human Metabolome Database (HMDB)|Hunan Chemfish Pharmaceutical Co., Ltd.|IBM|ICCB-Longwood Screening Facility, Harvard Medical School|iChemical Technology USA Inc|InvivoChem|J&H Chemical Co.,ltd|J&W PharmLab|Japan Chemical Substance Dictionary (Nikkaji)|Key Organics/BIONET|King Scientific|LabNetwork, a WuXi AppTec Company|Lan Pharmatech|LeadScope|LGC Standards|Mcule|MedChemexpress MCE|Milestone Pharmtech USA Inc.|MolCore|MolGenie|Molport|MP Biomedicals|MuseChem|NextBio|NextMove Software|NIST Chemistry WebBook|NIST Mass Spectrometry Data Center|NORMAN Suspect List Exchange|NovoSeek|OXCHEM CORPORATION|Parchem|PATENTSCOPE (WIPO)|Pi Chemicals|Probes & Drugs portal|PubChem Reference Collection|RR Scientific|Santa Cruz Biotechnology, Inc.|SCRIPDB|Sinfoo Biotech|Smolecule|Springer Nature|Starshine Chemical|SureChEMBL|Synblock Inc|SynHet - Synthetic Heterocycles|Synthonix, Inc.|TargetMol|THE BioTek|Thomson Pharma|Thoreauchem|ToxPlanet|Tractus|Vesino Industrial Co., Ltd|Wikidata|Wiley|Wubei-Biochem|Yuhao Chemical|ZeroPM - Zero Pollution of Persistent, Mobile Substances|ZINC
Ahpn;C1C2CC3CC1CC(C2)(C3)C4=C(C=CC(=C4)C5=CC6=C(C=C5)C=C(C=C6)C(=O)O)O;001Chemical|10X CHEM|1st Scientific|3WAY PHARM INC|4C Pharma Scientific Inc|A2B Chem|AA BLOCKS|Aaron Chemicals LLC|AbaChemScene|ABI Chem|Accel Scientific|Accela ChemBio Inc.|Achemica|Acorn PharmaTech Product List|Activate Scientific|Adooq BioScience|AHH Chemical co.,ltd|AiFChem, an XtalPi Company|AKos Consulting & Solutions|Alfa Chemistry|Amadis Chemical|Ambeed|Ambinter|Angel Pharmatech Ltd.|Angene Chemical|ApexBio Technology|AppChem|AstaTech, Inc.|Aurora Fine Chemicals LLC|BenchChem|Bic Biotech|BindingDB|BioChemPartner|BioCrick|Biorbyt|BOC Sciences|Broad Institute|CATO Research Chemicals Inc.|ChEBI|Chem-Space.com Database|Chembase.cn|ChEMBL|ChemIDplus|Chemieliva Pharmaceutical Co., Ltd|ChemoSapiens|ChemShuttle|ChemSpider|ChemTik|Collaborative Drug Discovery, Inc.|Combi-Blocks|Comparative Toxicogenomics Database (CTD)|Cooke Chemical Co., Ltd|CSNpharm|CymitQuimica|Davey Lab, Department of Microbiology, NEIDL, Boston University|DC Chemicals|Debye Scientific Co., Ltd|DiscoveryGate|Egon Willighagen, Department of Bioinformatics - BiGCaT, Maastricht University|eMolecules|Enamine|eNovation Chemicals|EPA DSSTox|Excenen Pharmatech|Finetech Industry Limited|Fisher Drug Discovery Resource Center|Glentham Life Sciences Ltd.|Glixx Labs Inc|Google Patents|Gulick Lab, Department of Structural Biology, University at Buffalo|Hairui Chemical|Hangzhou APIChem Technology|Human Metabolome Database (HMDB)|IBM|ICCB-Longwood Screening Facility, Harvard Medical School|IUPHAR/BPS Guide to PHARMACOLOGY|J&H Chemical Co.,ltd|Japan Chemical Substance Dictionary (Nikkaji)|Key Organics/BIONET|LabNetwork, a WuXi AppTec Company|Lan Pharmatech|LeadScope|LEAPCHEM|LGC Standards|Mcule|MedChemexpress MCE|MLSMR|MolCore|Molecule Market|MolGenie|Molport|MuseChem|National Center for Advancing Translational Sciences (NCATS)|NCBI Structure|NextBio|NIH/NCATS RNAi|Novartis Institutes for BioMedical Research|NovoSeek|Parchem|PATENTSCOPE (WIPO)|Pi Chemicals|Probes & Drugs portal|Protein Data Bank in Europe (PDBe)|PubChem Reference Collection|Race Chemical|RR Scientific|Santa Cruz Biotechnology, Inc.|Santagata Laboratory - Brigham and Women's Hospital and Harvard Medical School|SCRIPDB|Shanghai Titan Scientific|Sigma-Aldrich|Smolecule|Springer Nature|Starshine Chemical|SureChEMBL|SynHet - Synthetic Heterocycles|Synthonix, Inc.|TargetMol|THE BioTek|Therapeutic Target Database (TTD)|Thomson Pharma|Tocris Bioscience|ToxPlanet|Tractus|Veeprho|Wikidata|Yuhao Chemical|ZINC
1,3-Benzodioxole, 5,5'-(tetrahydro-1H,3H-furo(3,4-c)furan-1,4-diyl)bis-, (1S-(1alpha,3aalpha,4alpha,6aalpha))-;C1C2C(COC2C3=CC4=C(C=C3)OCO4)C(O1)C5=CC6=C(C=C5)OCO6;3WAY PHARM INC|A2B Chem|AA BLOCKS|AAA Chemistry|ABI Chem|AEchem Scientific Corp., USA|AKos Consulting & Solutions|Ambinter|AN PharmaTech|BenchChem|BioCrick|Biorbyt|Biosynth|BLD Pharm|Chem-Impex|Chem-Space.com Database|ChemBank|Chembase.cn|ChEMBL|ChemDB|chemical genetic matrix|ChemIDplus|Chemieliva Pharmaceutical Co., Ltd|Cheminformatics Friedrich-Schiller-University Jena|ChemMol|ChemoSapiens|ChemSpider|ChemTik|Clearsynth|Collaborative Drug Discovery, Inc.|Cooke Chemical Co., Ltd|Debye Scientific Co., Ltd|DiscoveryGate|DTP/NCI|eMolecules|EPA DSSTox|EPA Substance Registry Services|Google Patents|Hairui Chemical|Hangzhou APIChem Technology|Human Metabolome Database (HMDB)|IBM|ICCB-Longwood Screening Facility, Harvard Medical School|ISpharm|Japan Chemical Substance Dictionary (Nikkaji)|King Scientific|LabNetwork, a WuXi AppTec Company|labseeker|LEAPCHEM|MassBank Europe|MassBank of North America (MoNA)|Mcule|MLSMR|MolCore|Molecule Market|Molepedia|MolGenie|Molport|MTDP|NextBio|NIAID ChemDB|NIST Mass Spectrometry Data Center|NovoSeek|Oakwood Products|PATENTSCOPE (WIPO)|Probes & Drugs portal|PubChem Reference Collection|RR Scientific|SCRIPDB|Shanghai Titan Scientific|Small Molecule Screening Facility, UW Madison|Springer Nature|Starshine Chemical|SureChEMBL|TargetMol|THE BioTek|Thomson Pharma|TimTec|ToxPlanet|TripleBond|University of Kansas High Throughput Screening Laboratory|Wikidata|Wolves R&D chemical|Yuhao Chemical
2-(Ethylthio)benzimidazole;CCSC1=NC2=CC=CC=C2N1;001Chemical|10X CHEM|1st Scientific|3WAY PHARM INC|A2B Chem|AA BLOCKS|Aaron Chemicals LLC|AbaChemScene|abcr GmbH|ABI Chem|Accel Scientific|Acmec Biochemical|Acorn PharmaTech Product List|AEchem Scientific Corp., USA|AgroIntelBioScan.com|AHH Chemical co.,ltd|AKos Consulting & Solutions|Alfa Chemistry|Alichem|Alinda Chemical Trade Company Ltd|Amadis Chemical|Ambeed|Ambinter|Angel Pharmatech Ltd.|Angene Chemical|AppChem|Assembly Blocks Pvt. Ltd.|AstaTech, Inc.|Aurora Fine Chemicals LLC|Aurum Pharmatech LLC|BenchChem|Biosynth|BLD Pharm|BOC Sciences|Burnham Center for Chemical Genomics|Center for Chemical Genomics, University of Michigan|Chem-Space.com Database|ChemBank|Chembase.cn|ChEMBL|ChemBridge|ChemDB|ChemDiv|Chemenu Inc.|ChemExper Chemical Directory|ChemIDplus|Chemieliva Pharmaceutical Co., Ltd|ChemMol|ChemoSapiens|ChemShuttle|ChemSpider|ChemTik|Collaborative Drug Discovery, Inc.|Combi-Blocks|Cooke Chemical Co., Ltd|CymitQuimica|Debye Scientific Co., Ltd|DiRusso Lab, Biochemistry Department, University of Nebraska|DiscoveryGate|EDASA Scientific|Egon Willighagen, Department of Bioinformatics - BiGCaT, Maastricht University|eMolecules|Emory University Molecular Libraries Screening Center|Enamine|eNovation Chemicals|EPA DSSTox|EvitaChem|FDA Global Substance Registration System (GSRS)|Fluorochem|Google Patents|Guri Giaever, Pharmaceutical Sciences, University of British Columbia|Hairui Chemical|Hoffman Fine Chemicals|Human Metabolome Database (HMDB)|IBM|ICCB-Longwood Screening Facility, Harvard Medical School|Innovapharm|Japan Chemical Substance Dictionary (Nikkaji)|Keith Lab, Institute of Cancer Science, University of Glasgow|Key Organics/BIONET|LabNetwork, a WuXi AppTec Company|LeadScope|LGC Standards|Life Chemicals|Matrix Scientific|Mcule|MLSMR|MolCore|Molecule Market|MolGenie|Molport|MuseChem|NextBio|NIAID ChemDB|Oakwood Products|OtavaChemicals|Paczesny and Yang Labs, IUPUI and University of Michigan|PATENTSCOPE (WIPO)|Probes & Drugs portal|PubChem Reference Collection|Rare Chemicals GmbH, Germany|RR Scientific|Santa Cruz Biotechnology, Inc.|SCRIPDB|Sigma-Aldrich|Small Molecule Screening Facility, UW Madison|Smolecule|Southern Research Institute|Specs|Springer Nature|Starshine Chemical|SureChEMBL|SynHet - Synthetic Heterocycles|Syntharise Chemical|THE BioTek|The Scripps Research Institute Molecular Screening Center|Thomson Pharma|TimTec|ToxPlanet|University of Kansas High Throughput Screening Laboratory|Vitas-M Laboratory|Wikidata|ZINC
Mexidol;CCC1=C(C=CC(=N1)C)O.C(CC(=O)O)C(=O)O;001Chemical|10X CHEM|1st Scientific|3WAY PHARM INC|A2B Chem|AA BLOCKS|Aaron Chemicals LLC|AbaChemScene|abcr GmbH|ABI Chem|Accel Scientific|Accela ChemBio Inc.|Achemica|Acmec Biochemical|Acorn PharmaTech Product List|AEchem Scientific Corp., USA|AiFChem, an XtalPi Company|AK Scientific, Inc. (AKSCI)|AKos Consulting & Solutions|Aladdin Scientific|Alfa Chemistry|Alichem|Amadis Chemical|Ambeed|AN PharmaTech|Anward|AppChem|Ark Pharm, Inc.|AstaTech, Inc.|BenchChem|BePharm Ltd.|Bic Biotech|BioChemPartner|Biocore|Biorbyt|BLD Pharm|BOC Sciences|Chem-Space.com Database|ChemBridge|Chemenu Inc.|ChemIDplus|Chemieliva Pharmaceutical Co., Ltd|ChemMol|ChemoSapiens|ChemSpider|ChemTik|Combi-Blocks|Comparative Toxicogenomics Database (CTD)|Cooke Chemical Co., Ltd|CymitQuimica|Day Biochem|DiRusso Lab, Biochemistry Department, University of Nebraska|DiscoveryGate|Egon Willighagen, Department of Bioinformatics - BiGCaT, Maastricht University|eMolecules|eNovation Chemicals|EPA DSSTox|FDA Global Substance Registration System (GSRS)|Finetech Industry Limited|Founder Pharma|Google Patents|Hairui Chemical|Hangzhou APIChem Technology|Innovapharm|InvivoChem|ISpharm|J&H Chemical Co.,ltd|Key Organics/BIONET|King Scientific|LabNetwork, a WuXi AppTec Company|LeadScope|LGC Standards|Matrix Scientific|Mcule|MedChemexpress MCE|MolCore|Molecule Market|Molepedia|Molport|MuseChem|NextBio|NovoSeek|Oakwood Products|OChem|OXCHEM CORPORATION|Paczesny and Yang Labs, IUPUI and University of Michigan|PATENTSCOPE (WIPO)|Pi Chemicals|Probes & Drugs portal|PubChem Reference Collection|RR Scientific|Shanghai Titan Scientific|Smolecule|Springer Nature|Starshine Chemical|SureChEMBL|SYNCHEM OHG|SynHet - Synthetic Heterocycles|Syntree|TargetMol|TCI (Tokyo Chemical Industry)|THE BioTek|Thomson Pharma|Thoreauchem|ToxPlanet|Tractus|Wikidata|Win-Win Chemical|Yick-Vic Chemicals & Pharmaceuticals (HK) Ltd.
4-((3-Pyridinylcarbonyl)amino)butanoic acid;C1=CC(=CN=C1)C(=O)NCCCC(=O)O;001Chemical|10X CHEM|3WAY PHARM INC|A&J Pharmtech CO., LTD.|A2B Chem|AA BLOCKS|Aaron Chemicals LLC|AbaChemScene|ABBLIS Chemicals|abcr GmbH|ABI Chem|AbovChem LLC|Acadechem|Accel Scientific|Accela ChemBio Inc.|Achemica|Achemo Scientific Limited|Acmec Biochemical|Activate Scientific|AEchem Scientific Corp., USA|AHH Chemical co.,ltd|AiFChem, an XtalPi Company|AK Scientific, Inc. (AKSCI)|AKos Consulting & Solutions|Aladdin Scientific|Alfa Chemistry|Alichem|Amadis Chemical|Ambeed|Ambinter|AN PharmaTech|Angene Chemical|AppChem|Aribo Reagent|Ark Pharm, Inc.|ASINEX|AstaTech, Inc.|Aurora Fine Chemicals LLC|Aurum Pharmatech LLC|BenchChem|BePharm Ltd.|Bic Biotech|BioChemPartner|Biocore|Biopharma PEG Scientific Inc|Biorbyt|Biosynth|BLD Pharm|BOC Sciences|Boerchem|Broad Institute|Center for Chemical Genomics, University of Michigan|Changzhou Highassay Chemical Co., Ltd|Chem-Impex|Chem-Space.com Database|ChemBank|Chembase.cn|ChEMBL|ChemBlock|ChemBridge|ChemDB|ChemDiv|Chemenu Inc.|Chemhere|ChemIDplus|Chemieliva Pharmaceutical Co., Ltd|ChemMol|ChemoSapiens|ChemShuttle|ChemSpider|ChemTik|Collaborative Drug Discovery, Inc.|Combi-Blocks|Cooke Chemical Co., Ltd|CSNpharm|CymitQuimica|Davey Lab, Department of Microbiology, NEIDL, Boston University|Day Biochem|DC Chemicals|Debye Scientific Co., Ltd|DiscoveryGate|EDASA Scientific|Egon Willighagen, Department of Bioinformatics - BiGCaT, Maastricht University|Elsa Biotechnology|eMolecules|Emory University Molecular Libraries Screening Center|Enamine|eNovation Chemicals|EPA DSSTox|EvitaChem|Excenen Pharmatech|FDA Global Substance Registration System (GSRS)|Finetech Industry Limited|Fluorochem|Founder Pharma|Glixx Labs Inc|Google Patents|Hairui Chemical|Hangzhou APIChem Technology|Hefei Hirisun Pharmatech Co., Ltd|IBM|ICCB-Longwood Screening Facility, Harvard Medical School|iChemical Technology USA Inc|Innovapharm|InvivoChem|ISpharm|J&H Chemical Co.,ltd|Japan Chemical Substance Dictionary (Nikkaji)|Key Organics/BIONET|King Scientific|LabNetwork, a WuXi AppTec Company|labseeker|LeadScope|LEAPCHEM|LGC Standards|Matrix Scientific|Mcule|MedChemexpress MCE|MolCore|Molecule Market|Molepedia|MolGenie|Molport|MuseChem|Nature Chemistry|NextBio|NextMove Software|NORMAN Suspect List Exchange|NovoSeek|Oakwood Products|OChem|OXCHEM CORPORATION|PATENTSCOPE (WIPO)|Pi Chemicals|Probes & Drugs portal|Prous Science Drugs of the Future|PubChem Reference Collection|Race Chemical|RR Scientific|Santa Cruz Biotechnology, Inc.|SCRIPDB|Selleck Chemicals|Sinfoo Biotech|Smolecule|Southern Research Institute|Springer Nature|Starshine Chemical|SureChEMBL|Synblock Inc|SynHet - Synthetic Heterocycles|Syntree|TargetMol|TCI (Tokyo Chemical Industry)|THE BioTek|The Scripps Research Institute Molecular Screening Center|Therapeutic Target Database (TTD)|Thomson Pharma|Thoreauchem|TimTec|ToxPlanet|Tractus|University of Kansas High Throughput Screening Laboratory|Vesino Industrial Co., Ltd|Vitas-M Laboratory|Wikidata|Win-Win Chemical|Wolves R&D chemical|Wubei-Biochem|Yick-Vic Chemicals & Pharmaceuticals (HK) Ltd.|Yuhao Chemical|ZINC
Transcrocetinate sodium;C/C(=C\C=C\C=C(\C=C\C=C(\C(=O)[O-])/C)/C)/C=C/C=C(/C(=O)[O-])\C.[Na+].[Na+];001Chemical|10X CHEM|A2B Chem|AA BLOCKS|Aaron Chemicals LLC|Achemtek|Acmec Biochemical|Acorn PharmaTech Product List|AiFChem, an XtalPi Company|AKos Consulting & Solutions|Amadis Chemical|Ambeed|Ambinter|AppChem|AstaTech, Inc.|BenchChem|Bic Biotech|BioCrick|Biorbyt|BLD Pharm|BOC Sciences|Chem-Space.com Database|ChEMBL|ChemFaces|ChemIDplus|ChemoSapiens|ChemSpider|Combi-Blocks|CymitQuimica|DC Chemicals|Debye Scientific Co., Ltd|DiscoveryGate|Egon Willighagen, Department of Bioinformatics - BiGCaT, Maastricht University|eMolecules|eNovation Chemicals|FDA Global Substance Registration System (GSRS)|Google Patents|InvivoChem|J&H Chemical Co.,ltd|Japan Chemical Substance Dictionary (Nikkaji)|Key Organics/BIONET|Mcule|MolGenie|Molport|NextBio|PATENTSCOPE (WIPO)|Probes & Drugs portal|PubChem Reference Collection|RR Scientific|Shanghai Titan Scientific|Smolecule|Springer Nature|Starshine Chemical|SureChEMBL|SynHet - Synthetic Heterocycles|TargetMol|THE BioTek|Therapeutic Target Database (TTD)|Thomson Pharma|ToxPlanet|Wikidata
Dimethylcrocetin;C/C(=C\C=C\C=C(\C=C\C=C(\C(=O)OC)/C)/C)/C=C/C=C(/C(=O)OC)\C;10X CHEM|A2B Chem|AA BLOCKS|AbaChemScene|ABI Chem|AbMole Bioscience|Accel Scientific|Achemtek|Acorn PharmaTech Product List|AiFChem, an XtalPi Company|AKos Consulting & Solutions|Amadis Chemical|Ambeed|AppChem|AstaTech, Inc.|BenchChem|Biorbyt|BLD Pharm|ChEBI|Chem-Space.com Database|ChemIDplus|ChemoSapiens|ChemSpider|CymitQuimica|Debye Scientific Co., Ltd|DiscoveryGate|Egon Willighagen, Department of Bioinformatics - BiGCaT, Maastricht University|eMolecules|eNovation Chemicals|EPA DSSTox|EvitaChem|FDA Global Substance Registration System (GSRS)|Google Patents|InvivoChem|Japan Chemical Substance Dictionary (Nikkaji)|Mcule|MedChemexpress MCE|MolGenie|Molport|NextBio|NovoSeek|PATENTSCOPE (WIPO)|Probes & Drugs portal|PubChem Reference Collection|RR Scientific|SCRIPDB|Smolecule|Springer Nature|Starshine Chemical|SureChEMBL|SynHet - Synthetic Heterocycles|TargetMol|THE BioTek|Thomson Pharma|ToxPlanet|Wikidata|ZINC
Salicylic Acid;C1=CC=C(C(=C1)C(=O)O)O;001Chemical|10X CHEM|1st Scientific|3WAY PHARM INC|A&J Pharmtech CO., LTD.|A2B Chem|AA BLOCKS|AAA Chemistry|Aaron Chemicals LLC|AbaChemScene|ABBLIS Chemicals|abcr GmbH|Abe Lab, University of Texas MD Anderson Cancer Center|ABI Chem|AbMole Bioscience|AbovChem LLC|Acadechem|Accel Scientific|Accela ChemBio Inc.|Ace Therapeutics|Aceschem Inc|Achemica|Achemo Scientific Limited|Achemtek|Acmec Biochemical|Acorn PharmaTech Product List|Activate Scientific|AHH Chemical co.,ltd|AiFChem, an XtalPi Company|AK Scientific, Inc. (AKSCI)|AKos Consulting & Solutions|Aladdin Scientific|Alfa Chemistry|Alichem|Amadis Chemical|Ambeed|Ambinter|AmicBase - Antimicrobial Activities|AN PharmaTech|Angel Pharmatech Ltd.|Angene Chemical|Anward|ApexBio Technology|AppChem|Aribo Reagent|Ark Pharm, Inc.|Aronis|AstaTech, Inc.|Aurora Fine Chemicals LLC|Aurum Pharmatech LLC|Baker Lab, Chemistry Department, The University of North Carolina at Chapel Hill|Beilstein Journals|BenchChem|BePharm Ltd.|Bic Biotech|BIDD|BIND|BindingDB|BioChemPartner|Biocore|BioCrick|BioCyc|Biological Magnetic Resonance Data Bank (BMRB)|Biopurify Phytochemicals|Biorbyt|Biosynth|BLD Pharm|BOC Sciences|Boerchem|Broad Institute|BroadPharm|Burnham Center for Chemical Genomics|Calbiochem|Cangzhou Enke Pharma Tech Co.,Ltd.|CATO Research Chemicals Inc.|CC_PMLSC|CCSbase|CD Formulation|Center for Chemical Genomics, University of Michigan|Changzhou Highassay Chemical Co., Ltd|ChEBI|Chem-Impex|Chem-Space.com Database|ChemBank|Chembase.cn|ChEMBL|ChemBridge|ChemDB|ChemDiv|Chemenu Inc.|ChemExper Chemical Directory|ChemFaces|Chemhere|Chemical Carcinogenesis Research Information System (CCRIS)|chemical genetic matrix|Chemical Probes Portal|Chemical Synthesis Database|ChemIDplus|Chemieliva Pharmaceutical Co., Ltd|Cheminformatics Friedrich-Schiller-University Jena|ChemMol|Chemodex Ltd.|ChemoSapiens|ChemShuttle|ChemSpider|ChemTik|Chen Lab, School of Medicine, Emory University|China MainChem Co., Ltd|Chung Lab, Department of Pediatrics, Emory University|Clearsynth|Clinivex|Collaborative Drug Discovery, Inc.|Combi-Blocks|Comparative Toxicogenomics Database (CTD)|Cooke Chemical Co., Ltd|Crystallography Open Database (COD)|CSNpharm|CymitQuimica|Davey Lab, Department of Microbiology, NEIDL, Boston University|DC Chemicals|Debye Scientific Co., Ltd|DiRusso Lab, Biochemistry Department, University of Nebraska|DiscoveryGate|DrugBank|DrugCentral|DSL Chemicals|DTP/NCI|EAWAG Biocatalysis/Biodegradation Database|ECI Group, LCSB, University of Luxembourg|Egon Willighagen, Department of Bioinformatics - BiGCaT, Maastricht University|eInhibitors|Elsa Biotechnology|EMD Millipore|eMolecules|Emory University Molecular Libraries Screening Center|Enamine|eNovation Chemicals|enviPath|EPA DSSTox|EPA Substance Registry Services|EvitaChem|Excenen Pharmatech|FDA Global Substance Registration System (GSRS)|Finetech Industry Limited|Fisher Chemical|Fisher Drug Discovery Resource Center|Fluorochem|Founder Pharma|Genetic Toxicology Data Bank (GENE-TOX)|GFS Chemicals|Glentham Life Sciences Ltd.|Golm Metabolome Database (GMD), Max Planck Institute of Molecular Plant Physiology|Google Patents|Gulick Lab, Department of Structural Biology, University at Buffalo|Guri Giaever, Pharmaceutical Sciences, University of British Columbia|Hairui Chemical|Hangzhou APIChem Technology|Hangzhou Trylead Chemical Technology|HDH Pharma|Hefei Hirisun Pharmatech Co., Ltd|Hoffman Fine Chemicals|Human Metabolome Database (HMDB)|Hunan Huateng Pharmaceutical Co., Ltd.|IBM|ICCB-Longwood Screening Facility, Harvard Medical School|iChemical Technology USA Inc|Immune Epitope Database (IEDB)|Innovapharm|InvivoChem|ISpharm|IUPAC Digitized pKa Dataset|IUPHAR/BPS Guide to PHARMACOLOGY|J&H Chemical Co.,ltd|Jamson Pharmachem Technology|Japan Chemical Substance Dictionary (Nikkaji)|KEGG|Key Organics/BIONET|King Scientific|Kingston Chemistry|LabNetwork, a WuXi AppTec Company|labseeker|LeadScope|LEAPCHEM|LGC Standards|Life Chemicals|MassBank Europe|MassBank of North America (MoNA)|Matrix Scientific|Mcule|MedChemexpress MCE|Meiler Lab, Vanderbilt University|Metabolomics Workbench|Midas Pharma GmbH|Milbrandt Lab, Department of Genetics, Washington University School of Medicine|MLSMR|MolCore|Molecular Libraries Program, Specialized Chemistry Center, University of Kansas|Molecule Market|Molepedia|MolGenie|MolMall|Molport|MP Biomedicals|MTDP|MuseChem|Nanjing Pharmaceutical Factory|Nanjing SerPharm|National Center for Advancing Translational Sciences (NCATS)|Nature Chemistry|NCBI Structure|NextBio|NextMove Software|NIAID ChemDB|NINDS Approved Drug Screening Program|NIST Chemistry WebBook|NIST Mass Spectrometry Data Center|NMRShiftDB|NORMAN Suspect List Exchange|NovoSeek|Oakwood Products|OChem|ORST SMALL MOLECULE SCREENING CENTER|OtavaChemicals|OXCHEM CORPORATION|Paczesny and Yang Labs, IUPUI and University of Michigan|Parchem|PATENTSCOPE (WIPO)|PDSP|Petrascheck Lab, The Scripps Reserach Institute, Department of  Molecular Medicine|Pharmacore Co., Limited|Phion Ltd|Probes & Drugs portal|Protein Data Bank in Europe (PDBe)|PubChem Reference Collection|Qingdao Wanyuan Mountain Biotech Co.,Ltd|Rare Chemicals GmbH, Germany|RR Scientific|Santa Cruz Biotechnology, Inc.|SCRIPDB|Selleck Chemicals|Shanghai Institute of Organic Chemistry|Shanghai Titan Scientific|Sigma-Aldrich|Sinfoo Biotech|SLING Consortium|Small Molecule Screening Facility, UW Madison|SMID|Smolecule|Soto Lab, Mitchell Center for Alzheimers Disease and Related Brain Disorders, UT Medical School Houston|Southern Research Institute|Springer Nature|SpringerMaterials|SRMLSC|Starshine Chemical|Structural Genomics Consortium|SureChEMBL|Synblock Inc|SynHet - Synthetic Heterocycles|SynQuest Laboratories|Syntech Labs|Syntree|T&J Chemicals (Singapore)|Tanyunchem|TargetMol|TB Discovery Research, Infectious Disease Research Institute|TCI (Tokyo Chemical Industry)|THE BioTek|The Scripps Research Institute Molecular Screening Center|The University of Alabama Libraries|Therapeutic Target Database (TTD)|Thermo Fisher Scientific|Thieme Chemistry|Thomson Pharma|Thoreauchem|TimTec|Tox21|ToxPlanet|Tractus|TripleBond|UCSC Chemical Screening Center|University of Iowa High-Throughput Screening Core (UIHTS)|University of Kansas High Throughput Screening Laboratory|Veeprho|Vitas-M Laboratory|VladaChem|VWR, Part of Avantor|West Coast Metabolomics Center-UC Davis|Wikidata|WikiPathways|Wiley|Win-Win Chemical|Wolves R&D chemical|Wubei-Biochem|Wutech|xPharm: The Comprehensive Pharmacology Reference|Yick-Vic Chemicals & Pharmaceuticals (HK) Ltd.|Yuhao Chemical|ZeroPM - Zero Pollution of Persistent, Mobile Substances|ZINC
Dodecyl Gallate;CCCCCCCCCCCCOC(=O)C1=CC(=C(C(=C1)O)O)O;001Chemical|10X CHEM|1st Scientific|A2B Chem|AA BLOCKS|Aaron Chemicals LLC|AbaChemScene|abcr GmbH|ABI Chem|Acadechem|Accel Scientific|Accela ChemBio Inc.|Achemica|Achemtek|Acmec Biochemical|Activate Scientific|AHH Chemical co.,ltd|AiFChem, an XtalPi Company|AK Scientific, Inc. (AKSCI)|AKos Consulting & Solutions|Aladdin Scientific|Alfa Chemistry|Alichem|Amadis Chemical|Ambeed|AN PharmaTech|Angene Chemical|Anward|AppChem|AstaTech, Inc.|Aurora Fine Chemicals LLC|Baker Lab, Chemistry Department, The University of North Carolina at Chapel Hill|BenchChem|BePharm Ltd.|Bic Biotech|BIDD|BindingDB|BioChemPartner|Biorbyt|Biosynth|BLD Pharm|BOC Sciences|CAPOT|CATO Research Chemicals Inc.|CD Formulation|ChEBI|Chem-Impex|Chem-Space.com Database|Chembase.cn|ChEMBL|ChemDB|ChemDiv|ChemExper Chemical Directory|Chemical Carcinogenesis Research Information System (CCRIS)|ChemIDplus|Chemieliva Pharmaceutical Co., Ltd|Cheminformatics Friedrich-Schiller-University Jena|ChemMol|ChemoSapiens|ChemSpider|ChemTik|Clearsynth|Combi-Blocks|Comparative Toxicogenomics Database (CTD)|Cooke Chemical Co., Ltd|CSNpharm|CymitQuimica|DC Chemicals|Debye Scientific Co., Ltd|DiscoveryGate|DTP/NCI|Egon Willighagen, Department of Bioinformatics - BiGCaT, Maastricht University|eMolecules|eNovation Chemicals|EPA DSSTox|EPA Substance Registry Services|FDA Global Substance Registration System (GSRS)|Finetech Industry Limited|Fluorochem|Google Patents|Hairui Chemical|Human Metabolome Database (HMDB)|Hunan Huateng Pharmaceutical Co., Ltd.|IBM|ISpharm|J&H Chemical Co.,ltd|Japan Chemical Substance Dictionary (Nikkaji)|Key Organics/BIONET|King Scientific|LabNetwork, a WuXi AppTec Company|LeadScope|LGC Standards|MassBank Europe|MassBank of North America (MoNA)|Matrix Scientific|Mcule|MedChemexpress MCE|Metabolomics Workbench|MolCore|Molecule Market|Molepedia|MolGenie|Molport|MP Biomedicals|MuseChem|NextBio|NextMove Software|NIAID ChemDB|NIST Chemistry WebBook|NIST Mass Spectrometry Data Center|NORMAN Suspect List Exchange|NovoSeek|Oakwood Products|OXCHEM CORPORATION|Parchem|PATENTSCOPE (WIPO)|Probes & Drugs portal|PubChem Reference Collection|RR Scientific|Santa Cruz Biotechnology, Inc.|SCRIPDB|Selleck Chemicals|Shanghai Titan Scientific|Sigma-Aldrich|Sinfoo Biotech|Smolecule|Springer Nature|Starshine Chemical|SureChEMBL|SynHet - Synthetic Heterocycles|Syntree|TargetMol|TCI (Tokyo Chemical Industry)|THE BioTek|Therapeutic Target Database (TTD)|Thomson Pharma|Thoreauchem|TimTec|Tox21|ToxPlanet|Tractus|University of Kansas High Throughput Screening Laboratory|VladaChem|Wikidata|Wilshire Technologies|Wubei-Biochem|Yuhao Chemical|ZeroPM - Zero Pollution of Persistent, Mobile Substances|ZINC
Butylated Hydroxyanisole;CC(C)(C)C1=C(C=CC(=C1)OC)O;001Chemical|10X CHEM|3WAY PHARM INC|A&J Pharmtech CO., LTD.|A2B Chem|AA BLOCKS|AAA Chemistry|Aaron Chemicals LLC|AbaChemScene|abcr GmbH|ABI Chem|AbMole Bioscience|AbovChem LLC|Acadechem|Accel Scientific|Accela ChemBio Inc.|Achemica|Achemtek|Acmec Biochemical|AgroIntelBioScan.com|AHH Chemical co.,ltd|AiFChem, an XtalPi Company|AK Scientific, Inc. (AKSCI)|AKos Consulting & Solutions|Aladdin Scientific|Alfa Chemistry|Alichem|Alinda Chemical Trade Company Ltd|Amadis Chemical|Ambeed|Ambinter|AN PharmaTech|Anward|Apexmol|AppChem|AstaTech, Inc.|Aurum Pharmatech LLC|Baker Lab, Chemistry Department, The University of North Carolina at Chapel Hill|BenchChem|BePharm Ltd.|Bic Biotech|BIDD|Biocore|Biorbyt|Biosynth|BLD Pharm|BOC Sciences|Broad Institute|Carcinogenic Potency Database (CPDB)|CATO Research Chemicals Inc.|Center for Chemical Genomics, University of Michigan|ChangChem|ChEBI|Chem-Impex|Chem-Space.com Database|Chembase.cn|ChEMBL|ChemDB|ChemDiv|Chemenu Inc.|ChemExper Chemical Directory|Chemical Carcinogenesis Research Information System (CCRIS)|ChemIDplus|Chemieliva Pharmaceutical Co., Ltd|Cheminformatics Friedrich-Schiller-University Jena|ChemMol|ChemoSapiens|ChemShuttle|ChemSpider|ChemTik|Collaborative Drug Discovery, Inc.|Combi-Blocks|Comparative Toxicogenomics Database (CTD)|Cooke Chemical Co., Ltd|Crystallography Open Database (COD)|CSNpharm|CymitQuimica|Davey Lab, Department of Microbiology, NEIDL, Boston University|Debye Scientific Co., Ltd|DempoChem|DiscoveryGate|ECI Group, LCSB, University of Luxembourg|Egon Willighagen, Department of Bioinformatics - BiGCaT, Maastricht University|eMolecules|Emory University Molecular Libraries Screening Center|Enamine|eNovation Chemicals|EPA DSSTox|EPA Substance Registry Services|EvitaChem|FDA Global Substance Registration System (GSRS)|Finetech Industry Limited|Fluorochem|Founder Pharma|Glixx Labs Inc|Google Patents|Hairui Chemical|Human Metabolome Database (HMDB)|IBM|ICCB-Longwood Screening Facility, Harvard Medical School|iChemical Technology USA Inc|Innovapharm|InvivoChem|ISpharm|J&H Chemical Co.,ltd|Japan Chemical Substance Dictionary (Nikkaji)|Key Organics/BIONET|LabNetwork, a WuXi AppTec Company|Lan Pharmatech|LeadScope|LEAPCHEM|LGC Standards|LKT Labs|MassBank Europe|MassBank of North America (MoNA)|Matrix Scientific|Mcule|MedChemexpress MCE|Milbrandt Lab, Department of Genetics, Washington University School of Medicine|MLSMR|MolCore|MolGenie|Molport|MP Biomedicals|MuseChem|National Center for Advancing Translational Sciences (NCATS)|Nature Chemistry|NextBio|NextMove Software|NIST Chemistry WebBook|NIST Mass Spectrometry Data Center|NMRShiftDB|NORMAN Suspect List Exchange|NovoSeek|Oakwood Products|OtavaChemicals|OXCHEM CORPORATION|Parchem|PATENTSCOPE (WIPO)|Probes & Drugs portal|PubChem Reference Collection|RR Scientific|Santa Cruz Biotechnology, Inc.|SCRIPDB|Shanghai Titan Scientific|Sigma-Aldrich|Sinfoo Biotech|Small Molecule Screening Facility, UW Madison|Smolecule|Southern Research Institute|Springer Nature|SpringerMaterials|Starshine Chemical|SureChEMBL|SynHet - Synthetic Heterocycles|Syntree|TargetMol|TCI (Tokyo Chemical Industry)|THE BioTek|Thermo Fisher Scientific|Thieme Chemistry|Thomson Pharma|Thoreauchem|TimTec|Tox21|ToxPlanet|Tractus|Vitas-M Laboratory|VladaChem|Wikidata|Wiley|Win-Win Chemical|Wubei-Biochem|Wutech|Yick-Vic Chemicals & Pharmaceuticals (HK) Ltd.|Yuhao Chemical|ZeroPM - Zero Pollution of Persistent, Mobile Substances|ZINC
2,2'-Methylenebis(4-ethyl-6-tert-butylphenol);CCC1=CC(=C(C(=C1)C(C)(C)C)O)CC2=C(C(=CC(=C2)CC)C(C)(C)C)O;001Chemical|10X CHEM|3WAY PHARM INC|A&J Pharmtech CO., LTD.|A2B Chem|AA BLOCKS|AAA Chemistry|Aaron Chemicals LLC|AbaChemScene|abcr GmbH|ABI Chem|Acadechem|Accel Scientific|Achemica|Achemtek|Acmec Biochemical|AiFChem, an XtalPi Company|AKos Consulting & Solutions|Aladdin Scientific|Alfa Chemistry|Alichem|Amadis Chemical|Ambeed|AN PharmaTech|Angene Chemical|Anward|AppChem|Ark Pharm, Inc.|AstaTech, Inc.|Baker Lab, Chemistry Department, The University of North Carolina at Chapel Hill|BenchChem|BindingDB|BLD Pharm|BOC Sciences|CATO Research Chemicals Inc.|Chem-Space.com Database|Chembase.cn|ChEMBL|ChemDB|Chemical Carcinogenesis Research Information System (CCRIS)|ChemIDplus|Chemieliva Pharmaceutical Co., Ltd|Cheminformatics Friedrich-Schiller-University Jena|ChemMol|ChemoSapiens|ChemSpider|ChemTik|Collaborative Drug Discovery, Inc.|Combi-Blocks|Comparative Toxicogenomics Database (CTD)|CymitQuimica|DiscoveryGate|DTP/NCI|Egon Willighagen, Department of Bioinformatics - BiGCaT, Maastricht University|eInhibitors|eMolecules|eNovation Chemicals|EPA DSSTox|EPA Substance Registry Services|FDA Global Substance Registration System (GSRS)|Finetech Industry Limited|Google Patents|Hairui Chemical|Human Metabolome Database (HMDB)|IBM|iChemical Technology USA Inc|ISpharm|J&H Chemical Co.,ltd|Japan Chemical Substance Dictionary (Nikkaji)|Key Organics/BIONET|King Scientific|LabNetwork, a WuXi AppTec Company|LeadScope|LEAPCHEM|LGC Standards|MassBank Europe|Mcule|MolCore|Molecule Market|Molepedia|MolGenie|Molport|MP Biomedicals|MuseChem|NextBio|NextMove Software|NIST Chemistry WebBook|NIST Mass Spectrometry Data Center|NORMAN Suspect List Exchange|NovoSeek|Oakwood Products|Parchem|PATENTSCOPE (WIPO)|PubChem Reference Collection|RR Scientific|SCRIPDB|Sigma-Aldrich|Sinfoo Biotech|Smolecule|Springer Nature|Starshine Chemical|SureChEMBL|SynHet - Synthetic Heterocycles|TCI (Tokyo Chemical Industry)|THE BioTek|Thomson Pharma|Thoreauchem|TimTec|Tox21|ToxPlanet|Tractus|VladaChem|Wikidata|Wubei-Biochem|Yuhao Chemical|ZeroPM - Zero Pollution of Persistent, Mobile Substances|ZINC
1,4-Benzenediamine, N-(1,3-dimethylbutyl)-N'-phenyl-;CC(C)CC(C)NC1=CC=C(C=C1)NC2=CC=CC=C2;001Chemical|10X CHEM|A2B Chem|AA BLOCKS|Aaron Chemicals LLC|AbaChemScene|abcr GmbH|ABI Chem|Acadechem|Accel Scientific|Achemica|Acmec Biochemical|Activate Scientific|AEchem Scientific Corp., USA|AHH Chemical co.,ltd|AiFChem, an XtalPi Company|AK Scientific, Inc. (AKSCI)|AKos Consulting & Solutions|Aladdin Scientific|Alfa Chemistry|Alichem|Amadis Chemical|Ambeed|AN PharmaTech|Angene Chemical|Anward|AppChem|AstaTech, Inc.|Aurora Fine Chemicals LLC|BenchChem|BePharm Ltd.|Bic Biotech|Biorbyt|BLD Pharm|BOC Sciences|CATO Research Chemicals Inc.|Changzhou Highassay Chemical Co., Ltd|Chem-Space.com Database|ChEMBL|ChemDB|Chemenu Inc.|Chemical Carcinogenesis Research Information System (CCRIS)|Chemical Synthesis Database|ChemIDplus|Chemieliva Pharmaceutical Co., Ltd|ChemMol|ChemoSapiens|ChemShuttle|ChemSpider|ChemTik|Collaborative Drug Discovery, Inc.|Combi-Blocks|Comparative Toxicogenomics Database (CTD)|Cooke Chemical Co., Ltd|CymitQuimica|DiscoveryGate|ECI Group, LCSB, University of Luxembourg|Egon Willighagen, Department of Bioinformatics - BiGCaT, Maastricht University|eMolecules|eNovation Chemicals|EPA DSSTox|EPA Substance Registry Services|FDA Global Substance Registration System (GSRS)|Finetech Industry Limited|Fluorochem|Founder Pharma|Google Patents|Hairui Chemical|Human Metabolome Database (HMDB)|IBM|iChemical Technology USA Inc|ISpharm|J&H Chemical Co.,ltd|Japan Chemical Substance Dictionary (Nikkaji)|Key Organics/BIONET|King Scientific|LabNetwork, a WuXi AppTec Company|LeadScope|LEAPCHEM|LGC Standards|MassBank Europe|Matrix Scientific|Mcule|MolCore|Molecule Market|Molepedia|MolGenie|Molport|MuseChem|National Center for Advancing Translational Sciences (NCATS)|NextBio|NextMove Software|NIST Mass Spectrometry Data Center|NORMAN Suspect List Exchange|NovoSeek|Oakwood Products|OXCHEM CORPORATION|Parchem|PATENTSCOPE (WIPO)|Probes & Drugs portal|PubChem Reference Collection|RR Scientific|SCRIPDB|Shanghai Titan Scientific|Sigma-Aldrich|Sinfoo Biotech|Smolecule|Springer Nature|Starshine Chemical|SureChEMBL|SynHet - Synthetic Heterocycles|Syntree|TargetMol|TCI (Tokyo Chemical Industry)|THE BioTek|Thieme Chemistry|Thomson Pharma|Thoreauchem|Tox21|ToxPlanet|Tractus|VladaChem|Wikidata|Win-Win Chemical|Wubei-Biochem|Yick-Vic Chemicals & Pharmaceuticals (HK) Ltd.|Yuhao Chemical|ZeroPM - Zero Pollution of Persistent, Mobile Substances
Santonox;CC1=CC(=C(C=C1SC2=CC(=C(C=C2C)O)C(C)(C)C)C(C)(C)C)O;001Chemical|10X CHEM|3WAY PHARM INC|A&J Pharmtech CO., LTD.|A2B Chem|AA BLOCKS|AAA Chemistry|Aaron Chemicals LLC|AbaChemScene|abcr GmbH|ABI Chem|Acadechem|Accel Scientific|Achemica|Achemo Scientific Limited|Achemtek|Acorn PharmaTech Product List|AHH Chemical co.,ltd|AiFChem, an XtalPi Company|AKos Consulting & Solutions|Aladdin Scientific|Alfa Chemistry|Alichem|Amadis Chemical|Ambeed|AN PharmaTech|Angene Chemical|Anward|AppChem|Ark Pharm, Inc.|Aurora Fine Chemicals LLC|BenchChem|BePharm Ltd.|Bic Biotech|BIDD|Biorbyt|BLD Pharm|BOC Sciences|Carcinogenic Potency Database (CPDB)|CATO Research Chemicals Inc.|Chem-Space.com Database|ChemBank|Chembase.cn|ChEMBL|ChemDB|ChemDiv|ChemExper Chemical Directory|Chemical Carcinogenesis Research Information System (CCRIS)|ChemIDplus|Chemieliva Pharmaceutical Co., Ltd|Cheminformatics Friedrich-Schiller-University Jena|ChemMol|ChemoSapiens|ChemSpider|ChemTik|Clearsynth|Collaborative Drug Discovery, Inc.|Combi-Blocks|Comparative Toxicogenomics Database (CTD)|Cooke Chemical Co., Ltd|CymitQuimica|Debye Scientific Co., Ltd|DiscoveryGate|DTP/NCI|Egon Willighagen, Department of Bioinformatics - BiGCaT, Maastricht University|eMolecules|EPA DSSTox|EPA Substance Registry Services|EvitaChem|FDA Global Substance Registration System (GSRS)|Finetech Industry Limited|Glixx Labs Inc|Google Patents|Hairui Chemical|Human Metabolome Database (HMDB)|Hunan Chemfish Pharmaceutical Co., Ltd.|IBM|iChemical Technology USA Inc|InvivoChem|ISpharm|J&H Chemical Co.,ltd|Japan Chemical Substance Dictionary (Nikkaji)|Keith Lab, Institute of Cancer Science, University of Glasgow|Key Organics/BIONET|King Scientific|LabNetwork, a WuXi AppTec Company|LeadScope|LGC Standards|MassBank Europe|MassBank of North America (MoNA)|Matrix Scientific|Mcule|MolCore|Molecule Market|Molepedia|MolGenie|Molport|MuseChem|National Center for Advancing Translational Sciences (NCATS)|NextBio|NextMove Software|NIAID ChemDB|NIST Chemistry WebBook|NIST Mass Spectrometry Data Center|NORMAN Suspect List Exchange|NovoSeek|Oakwood Products|OXCHEM CORPORATION|Parchem|PATENTSCOPE (WIPO)|PubChem Reference Collection|Qingdao Truelight Functional Materials Technology Co., Ltd.|RR Scientific|Santa Cruz Biotechnology, Inc.|SCRIPDB|Shandong Benrite New Chemical Materials Co.,Ltd|Sinfoo Biotech|Smolecule|Southern Research Institute|Springer Nature|Starshine Chemical|SureChEMBL|SynHet - Synthetic Heterocycles|Syntree|TargetMol|TCI (Tokyo Chemical Industry)|THE BioTek|The Scripps Research Institute Molecular Screening Center|Thieme Chemistry|Thomson Pharma|Thoreauchem|TimTec|Tox21|ToxPlanet|Tractus|University of Kansas High Throughput Screening Laboratory|Vitas-M Laboratory|VladaChem|Wikidata|Win-Win Chemical|Wubei-Biochem|Yick-Vic Chemicals & Pharmaceuticals (HK) Ltd.|Yuhao Chemical|ZeroPM - Zero Pollution of Persistent, Mobile Substances|ZINC
2,4-Di-tert-butylphenol;CC(C)(C)C1=CC(=C(C=C1)O)C(C)(C)C;001Chemical|10X CHEM|3WAY PHARM INC|A&J Pharmtech CO., LTD.|A2B Chem|AA BLOCKS|AAA Chemistry|Aaron Chemicals LLC|AbaChemScene|abcr GmbH|ABI Chem|Acadechem|Accel Scientific|Accela ChemBio Inc.|Achemica|Achemo Scientific Limited|Achemtek|Acmec Biochemical|AiFChem, an XtalPi Company|AK Scientific, Inc. (AKSCI)|AKos Consulting & Solutions|Aladdin Scientific|Alfa Chemistry|Alichem|Amadis Chemical|Ambeed|Ambinter|AN PharmaTech|Angene Chemical|Anward|AppChem|AstaTech, Inc.|Aurum Pharmatech LLC|Baker Lab, Chemistry Department, The University of North Carolina at Chapel Hill|BenchChem|BePharm Ltd.|Bic Biotech|BindingDB|BioChemPartner|Biocore|Biorbyt|BLD Pharm|BOC Sciences|CAPOT|CATO Research Chemicals Inc.|ChEBI|Chem-Space.com Database|Chembase.cn|ChEMBL|ChemDB|ChemExper Chemical Directory|Chemical Synthesis Database|ChemIDplus|Chemieliva Pharmaceutical Co., Ltd|Cheminformatics Friedrich-Schiller-University Jena|ChemMol|ChemoSapiens|ChemSpider|ChemTik|Clearsynth|Clinivex|Collaborative Drug Discovery, Inc.|Combi-Blocks|Cooke Chemical Co., Ltd|Crystallography Open Database (COD)|CSNpharm|CymitQuimica|DC Chemicals|DiscoveryGate|DSL Chemicals|DTP/NCI|ECI Group, LCSB, University of Luxembourg|Egon Willighagen, Department of Bioinformatics - BiGCaT, Maastricht University|eMolecules|Enamine|eNovation Chemicals|EPA DSSTox|EPA Substance Registry Services|EvitaChem|FDA Global Substance Registration System (GSRS)|Finetech Industry Limited|Fluorochem|Founder Pharma|Glentham Life Sciences Ltd.|Google Patents|Hairui Chemical|Human Metabolome Database (HMDB)|IBM|iChemical Technology USA Inc|InvivoChem|ISpharm|IUPAC Digitized pKa Dataset|J&H Chemical Co.,ltd|Japan Chemical Substance Dictionary (Nikkaji)|Key Organics/BIONET|King Scientific|LabNetwork, a WuXi AppTec Company|LeadScope|LGC Standards|Life Chemicals|MassBank Europe|MassBank of North America (MoNA)|Mcule|MedChemexpress MCE|MolCore|Molecule Market|Molepedia|MolGenie|Molport|MP Biomedicals|MuseChem|National Center for Advancing Translational Sciences (NCATS)|Nature Chemistry|NCBI Structure|NextBio|NextMove Software|NIAID ChemDB|NIST Chemistry WebBook|NIST Mass Spectrometry Data Center|NMRShiftDB|NORMAN Suspect List Exchange|NovoSeek|Oakwood Products|OtavaChemicals|OXCHEM CORPORATION|Parchem|PATENTSCOPE (WIPO)|Probes & Drugs portal|Protein Data Bank in Europe (PDBe)|PubChem Reference Collection|RR Scientific|Santa Cruz Biotechnology, Inc.|SCRIPDB|Sigma-Aldrich|Sinfoo Biotech|Smolecule|Springer Nature|SpringerMaterials|Starshine Chemical|SureChEMBL|SynHet - Synthetic Heterocycles|Syntree|TargetMol|TCI (Tokyo Chemical Industry)|THE BioTek|Thermo Fisher Scientific|Thieme Chemistry|Thomson Pharma|Thoreauchem|TimTec|Tox21|ToxPlanet|Tractus|VladaChem|VWR, Part of Avantor|Wikidata|Wiley|Wubei-Biochem|Wutech|Yick-Vic Chemicals & Pharmaceuticals (HK) Ltd.|Yuhao Chemical|ZeroPM - Zero Pollution of Persistent, Mobile Substances|ZINC
Sodium Monofluorophosphate;[O-]P(=O)([O-])F.[Na+].[Na+];001Chemical|10X CHEM|1st Scientific|3WAY PHARM INC|A2B Chem|AA BLOCKS|Aaron Chemicals LLC|abcr GmbH|ABI Chem|AbMole Bioscience|Acadechem|Accel Scientific|Accela ChemBio Inc.|Achemica|Acmec Biochemical|AiFChem, an XtalPi Company|AK Scientific, Inc. (AKSCI)|AKos Consulting & Solutions|Aladdin Scientific|Alfa Chemistry|Alichem|Amadis Chemical|Ambeed|Ambinter|Amfluoro|AN PharmaTech|Angel Pharmatech Ltd.|ApexBio Technology|Apexmol|AppChem|Aribo Reagent|Aurora Fine Chemicals LLC|BenchChem|BioCrick|Biorbyt|Biosynth|BLD Pharm|BOC Sciences|CAPOT|CD Formulation|Center for Chemical Genomics, University of Michigan|ChEBI|Chem-Impex|Chembase.cn|ChEMBL|ChemFish Tokyo Co., Ltd.|Chemical Carcinogenesis Research Information System (CCRIS)|ChemIDplus|ChemMol|ChemoSapiens|ChemSpider|ChemTik|Combi-Blocks|Cooke Chemical Co., Ltd|CSNpharm|CymitQuimica|DiscoveryGate|DrugBank|Egon Willighagen, Department of Bioinformatics - BiGCaT, Maastricht University|eMolecules|eNovation Chemicals|EPA DSSTox|EPA Substance Registry Services|FDA Global Substance Registration System (GSRS)|Finetech Industry Limited|Fluorochem|Genetic Toxicology Data Bank (GENE-TOX)|Google Patents|Hairui Chemical|Hunan Chemfish Pharmaceutical Co., Ltd.|ICCB-Longwood Screening Facility, Harvard Medical School|iChemical Technology USA Inc|InvivoChem|ISpharm|J&H Chemical Co.,ltd|Japan Chemical Substance Dictionary (Nikkaji)|KEGG|King Scientific|LeadScope|LGC Standards|Mcule|Milbrandt Lab, Department of Genetics, Washington University School of Medicine|MolCore|Moldb|Molecule Market|Molepedia|MolGenie|Molport|MP Biomedicals|MuseChem|NextBio|NextMove Software|NORMAN Suspect List Exchange|NovoSeek|Oakwood Products|Parchem|PATENTSCOPE (WIPO)|Probes & Drugs portal|PubChem Reference Collection|RR Scientific|Santa Cruz Biotechnology, Inc.|Selleck Chemicals|Shanghai Titan Scientific|Sigma-Aldrich|Sinfoo Biotech|Smolecule|Springer Nature|Strem Chemicals, Inc.|SureChEMBL|THE BioTek|Therapeutic Target Database (TTD)|Thermo Fisher Scientific|Thomson Pharma|ToxPlanet|Tractus|University of Iowa High-Throughput Screening Core (UIHTS)|University of Kansas High Throughput Screening Laboratory|Wikidata|Win-Win Chemical|Wubei-Biochem|Wutech|Yick-Vic Chemicals & Pharmaceuticals (HK) Ltd.|ZeroPM - Zero Pollution of Persistent, Mobile Substances
4,4'-Butylidenebis(3-methyl-6-tert-butylphenol);CCCC(C1=CC(=C(C=C1C)O)C(C)(C)C)C2=CC(=C(C=C2C)O)C(C)(C)C;10X CHEM|3WAY PHARM INC|A&J Pharmtech CO., LTD.|A2B Chem|AA BLOCKS|AAA Chemistry|Aaron Chemicals LLC|AbaChemScene|abcr GmbH|ABI Chem|Acadechem|Accel Scientific|Achemica|Achemtek|AiFChem, an XtalPi Company|AK Scientific, Inc. (AKSCI)|AKos Consulting & Solutions|Aladdin Scientific|Alichem|Amadis Chemical|Ambeed|AN PharmaTech|Anward|AppChem|AstaTech, Inc.|Aurora Fine Chemicals LLC|BenchChem|BePharm Ltd.|Bic Biotech|BLD Pharm|BOC Sciences|Boerchem|Broad Institute|CATO Research Chemicals Inc.|Center for Chemical Genomics, University of Michigan|Chem-Space.com Database|ChemBank|Chembase.cn|ChEMBL|ChemDB|Chemical Carcinogenesis Research Information System (CCRIS)|ChemIDplus|Chemieliva Pharmaceutical Co., Ltd|ChemMol|ChemoSapiens|ChemSpider|ChemTik|Clearsynth|Combi-Blocks|Comparative Toxicogenomics Database (CTD)|Cooke Chemical Co., Ltd|CymitQuimica|DiscoveryGate|DTP/NCI|Egon Willighagen, Department of Bioinformatics - BiGCaT, Maastricht University|eInhibitors|eMolecules|Emory University Molecular Libraries Screening Center|eNovation Chemicals|EPA DSSTox|EPA Substance Registry Services|FDA Global Substance Registration System (GSRS)|Fluorochem|Google Patents|Hairui Chemical|Human Metabolome Database (HMDB)|Hunan Chemfish Pharmaceutical Co., Ltd.|IBM|iChemical Technology USA Inc|ISpharm|J&H Chemical Co.,ltd|Japan Chemical Substance Dictionary (Nikkaji)|Key Organics/BIONET|LabNetwork, a WuXi AppTec Company|LeadScope|LGC Standards|MassBank Europe|MassBank of North America (MoNA)|Matrix Scientific|Mcule|Moldb|Molecule Market|Molepedia|MolGenie|Molport|MP Biomedicals|MTDP|MuseChem|National Center for Advancing Translational Sciences (NCATS)|NextBio|NextMove Software|NIST Mass Spectrometry Data Center|NORMAN Suspect List Exchange|NovoSeek|Oakwood Products|OXCHEM CORPORATION|Parchem|PATENTSCOPE (WIPO)|PDSP|PubChem Reference Collection|Qingdao Truelight Functional Materials Technology Co., Ltd.|RR Scientific|Santa Cruz Biotechnology, Inc.|SCRIPDB|Sigma-Aldrich|Smolecule|Springer Nature|Starshine Chemical|SureChEMBL|SynHet - Synthetic Heterocycles|TCI (Tokyo Chemical Industry)|THE BioTek|Thomson Pharma|Tox21|ToxPlanet|Tractus|VladaChem|VWR, Part of Avantor|Wikidata|Wubei-Biochem|Yick-Vic Chemicals & Pharmaceuticals (HK) Ltd.|Yuhao Chemical|ZeroPM - Zero Pollution of Persistent, Mobile Substances|ZINC
Monobenzone;C1=CC=C(C=C1)COC2=CC=C(C=C2)O;001Chemical|10X CHEM|3WAY PHARM INC|A&J Pharmtech CO., LTD.|A2B Chem|AA BLOCKS|AAA Chemistry|Aaron Chemicals LLC|AbaChemScene|ABBLIS Chemicals|abcr GmbH|Abe Lab, University of Texas MD Anderson Cancer Center|ABI Chem|AbMole Bioscience|AbovChem LLC|Acadechem|Accel Scientific|Accela ChemBio Inc.|Aceschem Inc|Achemica|Achemo Scientific Limited|Acmec Biochemical|Acorn PharmaTech Product List|ACT Chemical|Activate Scientific|AHH Chemical co.,ltd|AiFChem, an XtalPi Company|AK Scientific, Inc. (AKSCI)|AKos Consulting & Solutions|Aladdin Scientific|Alfa Chemistry|Alichem|Amadis Chemical|Ambeed|Ambinter|AN PharmaTech|Angene Chemical|Anward|AOBChem USA|ApexBio Technology|Apexmol|AppChem|Ark Pharm, Inc.|Aromalake Chemical|AstaTech, Inc.|Aurora Fine Chemicals LLC|Aurum Pharmatech LLC|BenchChem|BePharm Ltd.|BerrChemical|Bic Biotech|BIDD|BindingDB|BioChemPartner|Biocore|BioCrick|Biorbyt|Biosynth|BLD Pharm|BOC Sciences|Boerchem|Broad Institute|CAPOT|Carcinogenic Potency Database (CPDB)|CATO Research Chemicals Inc.|CCSbase|Center for Chemical Genomics, University of Michigan|Changzhou Highassay Chemical Co., Ltd|ChEBI|Chem-Space.com Database|ChemBank|Chembase.cn|ChEMBL|ChemBridge|ChemDB|Chemical Synthesis Database|ChemIDplus|Chemieliva Pharmaceutical Co., Ltd|Cheminformatics Friedrich-Schiller-University Jena|ChemMol|ChemoSapiens|ChemShuttle|ChemSpider|ChemTik|Clearsynth|Collaborative Drug Discovery, Inc.|Combi-Blocks|Comparative Toxicogenomics Database (CTD)|Cooke Chemical Co., Ltd|CSNpharm|CymitQuimica|Davey Lab, Department of Microbiology, NEIDL, Boston University|DC Chemicals|DiscoveryGate|DrugBank|DrugCentral|DSL Chemicals|DTP/NCI|ECI Group, LCSB, University of Luxembourg|Egon Willighagen, Department of Bioinformatics - BiGCaT, Maastricht University|eMolecules|Enamine|eNovation Chemicals|EPA DSSTox|EPA Substance Registry Services|FDA Global Substance Registration System (GSRS)|Finetech Industry Limited|Fisher Drug Discovery Resource Center|Fluorochem|ForeChem|Founder Pharma|Fredberg Lab, Harvard T.H. Chan School of Public Health|Glentham Life Sciences Ltd.|Google Patents|Hairui Chemical|Hangzhou APIChem Technology|Hangzhou Trylead Chemical Technology|Hefei Hirisun Pharmatech Co., Ltd|Human Metabolome Database (HMDB)|IBM|ICCB-Longwood Screening Facility, Harvard Medical School|iChemical Technology USA Inc|Innovapharm|InvivoChem|ISpharm|IUPHAR/BPS Guide to PHARMACOLOGY|J&H Chemical Co.,ltd|Jamson Pharmachem Technology|Japan Chemical Substance Dictionary (Nikkaji)|KEGG|Key Organics/BIONET|King Scientific|LabNetwork, a WuXi AppTec Company|labseeker|Lan Pharmatech|LeadScope|LEAPCHEM|LGC Standards|Life Chemicals|Matrix Scientific|Mcule|MedChemexpress MCE|Metabolomics Workbench|Milbrandt Lab, Department of Genetics, Washington University School of Medicine|MolCore|Moldb|Molecule Market|Molepedia|MolGenie|MolMall|Molport|MP Biomedicals|MuseChem|National Center for Advancing Translational Sciences (NCATS)|NextBio|NextMove Software|NIH/NCATS RNAi|NIST Chemistry WebBook|NIST Mass Spectrometry Data Center|NORMAN Suspect List Exchange|NovoSeek|Oakwood Products|OChem|OtavaChemicals|OXCHEM CORPORATION|Parchem|PATENTSCOPE (WIPO)|Pi Chemicals|Probes & Drugs portal|PubChem Reference Collection|Race Chemical|RR Scientific|Santa Cruz Biotechnology, Inc.|SCRIPDB|Selleck Chemicals|Shanghai Titan Scientific|SharyPharm|Sigma-Aldrich|Sinfoo Biotech|Small Molecule Screening Facility, UW Madison|Smolecule|Southern Research Institute|Springer Nature|SpringerMaterials|Starshine Chemical|SureChEMBL|SynHet - Synthetic Heterocycles|SynQuest Laboratories|Synthonix, Inc.|TargetMol|TCI (Tokyo Chemical Industry)|THE BioTek|The Scripps Research Institute Molecular Screening Center|Therapeutic Target Database (TTD)|Thermo Fisher Scientific|Thieme Chemistry|Thomson Pharma|Thoreauchem|TimTec|Tox21|ToxPlanet|Tractus|TripleBond|UCLA Molecular Screening Shared Resource|UCSC Chemical Screening Center|University of Iowa High-Throughput Screening Core (UIHTS)|University of Kansas High Throughput Screening Laboratory|Vitas-M Laboratory|VladaChem|Wikidata|Win-Win Chemical|Wolves R&D chemical|Wubei-Biochem|Wutech|Yick-Vic Chemicals & Pharmaceuticals (HK) Ltd.|Yuhao Chemical|ZeroPM - Zero Pollution of Persistent, Mobile Substances|ZINC
4,4'-Methylenebis(2,6-di-tert-butylphenol);CC(C)(C)C1=CC(=CC(=C1O)C(C)(C)C)CC2=CC(=C(C(=C2)C(C)(C)C)O)C(C)(C)C;10X CHEM|3WAY PHARM INC|A&J Pharmtech CO., LTD.|A2B Chem|AA BLOCKS|Aaron Chemicals LLC|abcr GmbH|ABI Chem|Acadechem|Accel Scientific|Achemica|Achemtek|Acmec Biochemical|AgroIntelBioScan.com|AHH Chemical co.,ltd|AiFChem, an XtalPi Company|AK Scientific, Inc. (AKSCI)|AKos Consulting & Solutions|Aladdin Scientific|Alfa Chemistry|Alichem|Amadis Chemical|Ambeed|Ambinter|AN PharmaTech|Anward|AppChem|AstaTech, Inc.|Aurora Fine Chemicals LLC|AvaChem Scientific|Baker Lab, Chemistry Department, The University of North Carolina at Chapel Hill|BenchChem|BIDD|Biorbyt|BLD Pharm|BOC Sciences|CATO Research Chemicals Inc.|ChEBI|Chem-Space.com Database|Chembase.cn|ChEMBL|ChemDB|Chemical Carcinogenesis Research Information System (CCRIS)|ChemIDplus|Chemieliva Pharmaceutical Co., Ltd|Cheminformatics Friedrich-Schiller-University Jena|ChemMol|ChemoSapiens|ChemSpider|ChemTik|Clearsynth|Collaborative Drug Discovery, Inc.|Combi-Blocks|Crystallography Open Database (COD)|CymitQuimica|Debye Scientific Co., Ltd|DiscoveryGate|DTP/NCI|EDASA Scientific|Egon Willighagen, Department of Bioinformatics - BiGCaT, Maastricht University|eMolecules|Enamine|eNovation Chemicals|EPA DSSTox|EPA Substance Registry Services|FDA Global Substance Registration System (GSRS)|Finetech Industry Limited|Frinton Laboratories|Google Patents|Hairui Chemical|Hunan Chemfish Pharmaceutical Co., Ltd.|IBM|InvivoChem|ISpharm|J&H Chemical Co.,ltd|Japan Chemical Substance Dictionary (Nikkaji)|KEGG|Key Organics/BIONET|King Scientific|LabNetwork, a WuXi AppTec Company|LeadScope|LEAPCHEM|LGC Standards|MassBank Europe|MassBank of North America (MoNA)|Matrix Scientific|Mcule|Molecule Market|MolGenie|Molport|MP Biomedicals|MuseChem|National Center for Advancing Translational Sciences (NCATS)|NextBio|NextMove Software|NIST Chemistry WebBook|NIST Mass Spectrometry Data Center|NMRShiftDB|NORMAN Suspect List Exchange|NovoSeek|Oakwood Products|PATENTSCOPE (WIPO)|PubChem Reference Collection|R&D Chemicals|Rare Chemicals GmbH, Germany|RR Scientific|Santa Cruz Biotechnology, Inc.|SCRIPDB|Shandong Benrite New Chemical Materials Co.,Ltd|Sigma-Aldrich|Sinfoo Biotech|Smolecule|Southern Research Institute|Springer Nature|Starshine Chemical|SureChEMBL|SynHet - Synthetic Heterocycles|TargetMol|TCI (Tokyo Chemical Industry)|THE BioTek|Thermo Fisher Scientific|Thieme Chemistry|Thomson Pharma|TimTec|Tox21|ToxPlanet|Tractus|Vitas-M Laboratory|VladaChem|Wikidata|Wubei-Biochem|Yick-Vic Chemicals & Pharmaceuticals (HK) Ltd.|ZeroPM - Zero Pollution of Persistent, Mobile Substances|ZINC|Zjartschem|Zoeller Lab, School of Medicine, Boston University
2-Mercaptobenzimidazole;C1=CC=C2C(=C1)NC(=S)N2;001Chemical|10X CHEM|1st Scientific|3WAY PHARM INC|4C Pharma Scientific Inc|A&J Pharmtech CO., LTD.|A2B Chem|AA BLOCKS|AAA Chemistry|Aaron Chemicals LLC|AbaChemScene|abcr GmbH|ABI Chem|Acadechem|Accel Scientific|Aceschem Inc|Achemica|Achemo Scientific Limited|Achemtek|Acmec Biochemical|Activate Scientific|AEchem Scientific Corp., USA|AgroIntelBioScan.com|AHH Chemical co.,ltd|AiFChem, an XtalPi Company|AK Scientific, Inc. (AKSCI)|AKos Consulting & Solutions|Aladdin Scientific|Alfa Chemistry|Alichem|Allbio Pharm Co., Ltd|Amadis Chemical|Ambeed|Ambinter|AN PharmaTech|Angel Pharmatech Ltd.|Angene Chemical|Anward|Apexmol|AppChem|Ark Pharma Scientific Limited|Aromalake Chemical|Aronis|Assembly Blocks Pvt. Ltd.|AstaTech, Inc.|Aurora Fine Chemicals LLC|Aurum Pharmatech LLC|Baker Lab, Chemistry Department, The University of North Carolina at Chapel Hill|BenchChem|BerrChemical|Bic Biotech|BIDD|BindingDB|BioChemPartner|Biocore|Biorbyt|Biosynth|BLD Pharm|BOC Sciences|Boerchem|CAPOT|CATO Research Chemicals Inc.|Center for Chemical Genomics, University of Michigan|ChEBI|Chem-Impex|Chem-Space.com Database|ChemBank|Chembase.cn|ChEMBL|ChemDB|Chemenu Inc.|ChemExper Chemical Directory|ChemFish Tokyo Co., Ltd.|Chemical Carcinogenesis Research Information System (CCRIS)|chemical genetic matrix|Chemical Synthesis Database|ChemIDplus|Chemieliva Pharmaceutical Co., Ltd|Cheminformatics Friedrich-Schiller-University Jena|ChemMol|ChemoSapiens|ChemShuttle|ChemSpider|ChemTik|Clearsynth|Clinivex|Collaborative Drug Discovery, Inc.|Combi-Blocks|Comparative Toxicogenomics Database (CTD)|Cooke Chemical Co., Ltd|Crystallography Open Database (COD)|CymitQuimica|Day Biochem|DC Chemicals|Debye Scientific Co., Ltd|DiscoveryGate|DSL Chemicals|DTP/NCI|EDASA Scientific|Egon Willighagen, Department of Bioinformatics - BiGCaT, Maastricht University|eMolecules|Enamine|eNovation Chemicals|EPA DSSTox|EPA Substance Registry Services|EvitaChem|FDA Global Substance Registration System (GSRS)|Finetech Industry Limited|Fluorochem|Founder Pharma|Glentham Life Sciences Ltd.|Google Patents|Hairui Chemical|Hangzhou APIChem Technology|Hangzhou Trylead Chemical Technology|HDH Pharma|Human Metabolome Database (HMDB)|Hunan Chemfish Pharmaceutical Co., Ltd.|IBM|ICCB-Longwood Screening Facility, Harvard Medical School|iChemical Technology USA Inc|Innovapharm|ISpharm|IUPAC Digitized pKa Dataset|J&H Chemical Co.,ltd|Japan Chemical Substance Dictionary (Nikkaji)|Key Organics/BIONET|King Scientific|LabNetwork, a WuXi AppTec Company|labseeker|Lan Pharmatech|LeadScope|LGC Standards|Life Chemicals|MassBank Europe|MassBank of North America (MoNA)|Matrix Scientific|Mcule|MLSMR|MolCore|Moldb|Molepedia|MolGenie|MolMall|Molport|MP Biomedicals|MuseChem|National Center for Advancing Translational Sciences (NCATS)|NextBio|NextMove Software|NIAID ChemDB|NIST Mass Spectrometry Data Center|NMRShiftDB|NORMAN Suspect List Exchange|NovoSeek|Oakwood Products|OChem|Parchem|PATENTSCOPE (WIPO)|Pharmacore Co., Limited|Phion Ltd|Pi Chemicals|Probes & Drugs portal|PubChem Reference Collection|Race Chemical|RR Scientific|Santa Cruz Biotechnology, Inc.|SCRIPDB|Sigma-Aldrich|Sinfoo Biotech|SLING Consortium|Small Molecule Screening Facility, UW Madison|Smolecule|Specs|Springer Nature|Starshine Chemical|SureChEMBL|SynHet - Synthetic Heterocycles|Synthonix, Inc.|TargetMol|TCI (Tokyo Chemical Industry)|Tetrahedron Scientific Inc|THE BioTek|The Scripps Research Institute Molecular Screening Center|Thermo Fisher Scientific|Thieme Chemistry|Thomson Pharma|Thoreauchem|TimTec|Tox21|ToxPlanet|Tractus|University of Kansas High Throughput Screening Laboratory|Veeprho|Vitas-M Laboratory|VladaChem|VWR, Part of Avantor|Wikidata|Wiley|Win-Win Chemical|Wubei-Biochem|Wutech|Yick-Vic Chemicals & Pharmaceuticals (HK) Ltd.|Yuhao Chemical|ZeroPM - Zero Pollution of Persistent, Mobile Substances|ZINC
Octyl Gallate;CCCCCCCCOC(=O)C1=CC(=C(C(=C1)O)O)O;001Chemical|10X CHEM|3WAY PHARM INC|A2B Chem|AA BLOCKS|Aaron Chemicals LLC|AbaChemScene|abcr GmbH|ABI Chem|AbMole Bioscience|Acadechem|Accel Scientific|Accela ChemBio Inc.|Achemica|Achemtek|Acmec Biochemical|Acorn PharmaTech Product List|AHH Chemical co.,ltd|AiFChem, an XtalPi Company|AK Scientific, Inc. (AKSCI)|AKos Consulting & Solutions|Aladdin Scientific|Alfa Chemistry|Amadis Chemical|Ambeed|AN PharmaTech|Anward|AppChem|Ark Pharm, Inc.|AstaTech, Inc.|AvaChem Scientific|Baker Lab, Chemistry Department, The University of North Carolina at Chapel Hill|BenchChem|BePharm Ltd.|Bic Biotech|BIDD|BindingDB|BioChemPartner|BioCrick|Biorbyt|Biosynth|BLD Pharm|BOC Sciences|CAPOT|CATO Research Chemicals Inc.|CD Formulation|Center for Chemical Genomics, University of Michigan|ChEBI|Chem-Impex|Chem-Space.com Database|Chembase.cn|ChEMBL|ChemDB|Chemenu Inc.|ChemFaces|ChemIDplus|Chemieliva Pharmaceutical Co., Ltd|Cheminformatics Friedrich-Schiller-University Jena|ChemMol|ChemoSapiens|ChemSpider|ChemTik|Clearsynth|Combi-Blocks|Comparative Toxicogenomics Database (CTD)|Cooke Chemical Co., Ltd|CoreSyn|CSNpharm|CymitQuimica|DC Chemicals|Debye Scientific Co., Ltd|DiscoveryGate|DTP/NCI|Egon Willighagen, Department of Bioinformatics - BiGCaT, Maastricht University|eMolecules|eNovation Chemicals|EPA DSSTox|EPA Substance Registry Services|FDA Global Substance Registration System (GSRS)|Finetech Industry Limited|Fluorochem|Founder Pharma|Google Patents|Hairui Chemical|Hangzhou APIChem Technology|Human Metabolome Database (HMDB)|Hunan Chemfish Pharmaceutical Co., Ltd.|IBM|ICCB-Longwood Screening Facility, Harvard Medical School|InvivoChem|ISpharm|J&H Chemical Co.,ltd|Japan Chemical Substance Dictionary (Nikkaji)|Key Organics/BIONET|King Scientific|LabNetwork, a WuXi AppTec Company|LeadScope|LGC Standards|MassBank Europe|MassBank of North America (MoNA)|Matrix Scientific|Mcule|MedChemexpress MCE|Metabolomics Workbench|MolCore|Moldb|Molepedia|MolGenie|Molport|MP Biomedicals|MuseChem|National Center for Advancing Translational Sciences (NCATS)|NCBI Structure|NextBio|NextMove Software|NIAID ChemDB|NIST Mass Spectrometry Data Center|NORMAN Suspect List Exchange|NovoSeek|Oakwood Products|OXCHEM CORPORATION|Parchem|PATENTSCOPE (WIPO)|Pi Chemicals|Probes & Drugs portal|Protein Data Bank in Europe (PDBe)|PubChem Reference Collection|R&D Chemicals|RR Scientific|Santa Cruz Biotechnology, Inc.|SCRIPDB|Selleck Chemicals|Shanghai Titan Scientific|Sigma-Aldrich|Sinfoo Biotech|Smolecule|Springer Nature|Starshine Chemical|SureChEMBL|SynHet - Synthetic Heterocycles|Syntree|TargetMol|TCI (Tokyo Chemical Industry)|THE BioTek|Therapeutic Target Database (TTD)|Thermo Fisher Scientific|Thomson Pharma|Thoreauchem|TimTec|Tox21|ToxPlanet|Tractus|TripleBond|University of Kansas High Throughput Screening Laboratory|VladaChem|Wikidata|Wilshire Technologies|Win-Win Chemical|Wubei-Biochem|Yick-Vic Chemicals & Pharmaceuticals (HK) Ltd.|Yuhao Chemical|ZeroPM - Zero Pollution of Persistent, Mobile Substances|ZINC
Butylated hydroxymethylphenol;CC(C)(C)C1=CC(=CC(=C1O)C(C)(C)C)CO;001Chemical|10X CHEM|3WAY PHARM INC|A&J Pharmtech CO., LTD.|A2B Chem|AA BLOCKS|AAA Chemistry|Aaron Chemicals LLC|AbaChemScene|abcr GmbH|ABI Chem|Acadechem|Accel Scientific|Accela ChemBio Inc.|Achemica|Achemo Scientific Limited|Achemtek|Acorn PharmaTech Product List|AHH Chemical co.,ltd|AK Scientific, Inc. (AKSCI)|AKos Consulting & Solutions|Alfa Chemistry|Alichem|Amadis Chemical|Ambeed|AN PharmaTech|Angel Pharmatech Ltd.|Angene Chemical|Anward|Apexmol|AppChem|AstaTech, Inc.|BenchChem|BePharm Ltd.|Bic Biotech|Biosynth|BLD Pharm|BOC Sciences|Cangzhou Enke Pharma Tech Co.,Ltd.|Carcinogenic Potency Database (CPDB)|CATO Research Chemicals Inc.|ChEBI|Chem-Space.com Database|Chembase.cn|ChEMBL|ChemDB|Chemenu Inc.|Chemical Carcinogenesis Research Information System (CCRIS)|ChemIDplus|Chemieliva Pharmaceutical Co., Ltd|Cheminformatics Friedrich-Schiller-University Jena|ChemMol|ChemoSapiens|ChemSpider|ChemTik|Combi-Blocks|Comparative Toxicogenomics Database (CTD)|Cooke Chemical Co., Ltd|CymitQuimica|Debye Scientific Co., Ltd|DiscoveryGate|DSL Chemicals|DTP/NCI|Egon Willighagen, Department of Bioinformatics - BiGCaT, Maastricht University|eInhibitors|eMolecules|eNovation Chemicals|EPA DSSTox|EPA Substance Registry Services|FDA Global Substance Registration System (GSRS)|Finetech Industry Limited|Fluorochem|Founder Pharma|Frinton Laboratories|Google Patents|Hairui Chemical|Hangzhou Trylead Chemical Technology|Human Metabolome Database (HMDB)|IBM|iChemical Technology USA Inc|J&H Chemical Co.,ltd|Japan Chemical Substance Dictionary (Nikkaji)|Key Organics/BIONET|King Scientific|LabNetwork, a WuXi AppTec Company|Lan Pharmatech|LeadScope|LEAPCHEM|LGC Standards|MassBank Europe|MassBank of North America (MoNA)|Matrix Scientific|Mcule|Metabolomics Workbench|MolCore|Molecule Market|Molepedia|MolGenie|Molport|National Center for Advancing Translational Sciences (NCATS)|NextBio|NextMove Software|NIST Chemistry WebBook|NIST Mass Spectrometry Data Center|NMRShiftDB|NORMAN Suspect List Exchange|NovoSeek|Oakwood Products|OXCHEM CORPORATION|PATENTSCOPE (WIPO)|PubChem Reference Collection|R&D Chemicals|Rare Chemicals GmbH, Germany|RR Scientific|Santa Cruz Biotechnology, Inc.|SCRIPDB|Sigma-Aldrich|Sinfoo Biotech|Smolecule|Springer Nature|Starshine Chemical|SureChEMBL|SynHet - Synthetic Heterocycles|SynQuest Laboratories|Syntree|TCI (Tokyo Chemical Industry)|THE BioTek|Thermo Fisher Scientific|Thieme Chemistry|Thomson Pharma|TimTec|Tox21|ToxPlanet|Tractus|Wikidata|Win-Win Chemical|Wubei-Biochem|Yick-Vic Chemicals & Pharmaceuticals (HK) Ltd.|Yuhao Chemical|ZeroPM - Zero Pollution of Persistent, Mobile Substances|ZINC
N,N'-Di-sec-butyl-p-phenylenediamine;CCC(C)NC1=CC=C(C=C1)NC(C)CC;001Chemical|10X CHEM|3WAY PHARM INC|A2B Chem|AA BLOCKS|AbaChemScene|abcr GmbH|ABI Chem|Acadechem|Accel Scientific|Achemica|Acmec Biochemical|AEchem Scientific Corp., USA|AgroIntelBioScan.com|AHH Chemical co.,ltd|AiFChem, an XtalPi Company|AK Scientific, Inc. (AKSCI)|AKos Consulting & Solutions|Aladdin Scientific|Alfa Chemistry|Alichem|Alinda Chemical Trade Company Ltd|Amadis Chemical|Ambeed|Ambinter|Angene Chemical|Anward|AppChem|AstaTech, Inc.|Aurora Fine Chemicals LLC|Aurum Pharmatech LLC|BenchChem|BePharm Ltd.|Biocore|BLD Pharm|BOC Sciences|CATO Research Chemicals Inc.|Chem-Space.com Database|Chembase.cn|ChEMBL|ChemDB|Chemical Carcinogenesis Research Information System (CCRIS)|ChemIDplus|Chemieliva Pharmaceutical Co., Ltd|ChemoSapiens|ChemSpider|ChemTik|China MainChem Co., Ltd|Collaborative Drug Discovery, Inc.|Combi-Blocks|Cooke Chemical Co., Ltd|CymitQuimica|Debye Scientific Co., Ltd|DiscoveryGate|DTP/NCI|ECI Group, LCSB, University of Luxembourg|Egon Willighagen, Department of Bioinformatics - BiGCaT, Maastricht University|eMolecules|eNovation Chemicals|EPA DSSTox|EPA Substance Registry Services|EvitaChem|FDA Global Substance Registration System (GSRS)|Finetech Industry Limited|Fluorochem|Frinton Laboratories|Google Patents|Hairui Chemical|Hunan Chemfish Pharmaceutical Co., Ltd.|IBM|iChemical Technology USA Inc|ISpharm|Jamson Pharmachem Technology|Japan Chemical Substance Dictionary (Nikkaji)|Key Organics/BIONET|King Scientific|LabNetwork, a WuXi AppTec Company|Lan Pharmatech|LeadScope|LEAPCHEM|Matrix Scientific|Mcule|MLSMR|MolCore|Molecular Libraries Program, Specialized Chemistry Center, University of Kansas|Molecule Market|MolGenie|Molport|MP Biomedicals|MuseChem|National Center for Advancing Translational Sciences (NCATS)|NextBio|NextMove Software|NIST Chemistry WebBook|NIST Mass Spectrometry Data Center|NMRShiftDB|NORMAN Suspect List Exchange|Oakwood Products|OXCHEM CORPORATION|Parchem|PATENTSCOPE (WIPO)|PubChem Reference Collection|RR Scientific|Santa Cruz Biotechnology, Inc.|SCRIPDB|Shanghai Titan Scientific|Sigma-Aldrich|Small Molecule Screening Facility, UW Madison|Smolecule|Springer Nature|SpringerMaterials|Starshine Chemical|SureChEMBL|Synblock Inc|SynHet - Synthetic Heterocycles|Syntree|TCI (Tokyo Chemical Industry)|THE BioTek|Thomson Pharma|TimTec|Tox21|ToxPlanet|Tractus|Wikidata|Win-Win Chemical|Wubei-Biochem|Yick-Vic Chemicals & Pharmaceuticals (HK) Ltd.|Yuhao Chemical|ZeroPM - Zero Pollution of Persistent, Mobile Substances
Ethyl gallate;CCOC(=O)C1=CC(=C(C(=C1)O)O)O;001Chemical|10X CHEM|3WAY PHARM INC|4C Pharma Scientific Inc|A&J Pharmtech CO., LTD.|A2B Chem|AA BLOCKS|Aaron Chemicals LLC|AbaChemScene|abcr GmbH|ABI Chem|Acadechem|Accel Scientific|Accela ChemBio Inc.|Achemica|Achemo Scientific Limited|Achemtek|Acmec Biochemical|Acorn PharmaTech Product List|AHH Chemical co.,ltd|AiFChem, an XtalPi Company|AK Scientific, Inc. (AKSCI)|AKos Consulting & Solutions|Aladdin Scientific|Alfa Chemistry|Alichem|Allbio Pharm Co., Ltd|Amadis Chemical|Ambeed|AN PharmaTech|Angene Chemical|Anward|AppChem|Ark Pharm, Inc.|Ark Pharma Scientific Limited|AstaTech, Inc.|BenchChem|BePharm Ltd.|Bic Biotech|BindingDB|BioChemPartner|Biocore|BioCrick|Biopurify Phytochemicals|Biorbyt|Biosynth|BLD Pharm|BOC Sciences|CATO Research Chemicals Inc.|CD Formulation|Center for Chemical Genomics, University of Michigan|ChEBI|Chem-Space.com Database|Chembase.cn|ChEMBL|ChemDB|Chemenu Inc.|ChemExper Chemical Directory|ChemFaces|ChemIDplus|Chemieliva Pharmaceutical Co., Ltd|Cheminformatics Friedrich-Schiller-University Jena|ChemMol|ChemoSapiens|ChemSpider|ChemTik|Combi-Blocks|Cooke Chemical Co., Ltd|Crystallography Open Database (COD)|CSNpharm|CymitQuimica|DAOGE BIOPHARMA|DC Chemicals|Debye Scientific Co., Ltd|DiscoveryGate|DTP/NCI|Egon Willighagen, Department of Bioinformatics - BiGCaT, Maastricht University|eMolecules|Enamine|eNovation Chemicals|EPA DSSTox|EPA Substance Registry Services|FDA Global Substance Registration System (GSRS)|Finetech Industry Limited|Founder Pharma|Golm Metabolome Database (GMD), Max Planck Institute of Molecular Plant Physiology|Google Patents|Hairui Chemical|Hangzhou APIChem Technology|Human Metabolome Database (HMDB)|IBM|ICCB-Longwood Screening Facility, Harvard Medical School|iChemical Technology USA Inc|Innovapharm|InvivoChem|ISpharm|J&H Chemical Co.,ltd|Japan Chemical Substance Dictionary (Nikkaji)|Key Organics/BIONET|King Scientific|LabNetwork, a WuXi AppTec Company|labseeker|LeadScope|LEAPCHEM|LGC Standards|Life Chemicals|MassBank of North America (MoNA)|Matrix Scientific|Mcule|MedChemexpress MCE|Metabolomics Workbench|MolCore|Molepedia|MolGenie|Molport|MP Biomedicals|MuseChem|NCBI Structure|NextBio|NextMove Software|NIAID ChemDB|NIST Chemistry WebBook|NIST Mass Spectrometry Data Center|NORMAN Suspect List Exchange|NovoSeek|Oakwood Products|OXCHEM CORPORATION|PATENTSCOPE (WIPO)|Probes & Drugs portal|Protein Data Bank in Europe (PDBe)|PubChem Reference Collection|R&D Chemicals|Rare Chemicals GmbH, Germany|RR Scientific|Santa Cruz Biotechnology, Inc.|SCRIPDB|Selleck Chemicals|Shanghai Titan Scientific|Sigma-Aldrich|Sinfoo Biotech|Smolecule|Springer Nature|Starshine Chemical|SureChEMBL|SynHet - Synthetic Heterocycles|Syntree|TargetMol|TCI (Tokyo Chemical Industry)|THE BioTek|Therapeutic Target Database (TTD)|Thermo Fisher Scientific|Thieme Chemistry|Thomson Pharma|Thoreauchem|TimTec|ToxPlanet|Tractus|University of Kansas High Throughput Screening Laboratory|Veeprho|Vitas-M Laboratory|Wikidata|Wubei-Biochem|Yuhao Chemical|ZeroPM - Zero Pollution of Persistent, Mobile Substances|ZINC
Bis(2,4-di-tert-butylphenyl)pentaerythritol diphosphite;CC(C)(C)C1=CC(=C(C=C1)OP2OCC3(CO2)COP(OC3)OC4=C(C=C(C=C4)C(C)(C)C)C(C)(C)C)C(C)(C)C;001Chemical|3WAY PHARM INC|A2B Chem|AA BLOCKS|AAA Chemistry|AbaChemScene|abcr GmbH|ABI Chem|Accela ChemBio Inc.|Achemtek|Acmec Biochemical|AiFChem, an XtalPi Company|AK Scientific, Inc. (AKSCI)|AKos Consulting & Solutions|Aladdin Scientific|Alfa Chemistry|Alichem|Amadis Chemical|Ambeed|Ambinter|Angene Chemical|Ark Pharm, Inc.|AstaTech, Inc.|Aurora Fine Chemicals LLC|BenchChem|Biosynth|BLD Pharm|BOC Sciences|Boerchem|CATO Research Chemicals Inc.|Chem-Space.com Database|Chemical Carcinogenesis Research Information System (CCRIS)|ChemIDplus|Chemieliva Pharmaceutical Co., Ltd|ChemMol|ChemoSapiens|ChemShuttle|ChemSpider|ChemTik|Combi-Blocks|Cooke Chemical Co., Ltd|Crystallography Open Database (COD)|CymitQuimica|DiscoveryGate|Egon Willighagen, Department of Bioinformatics - BiGCaT, Maastricht University|eMolecules|eNovation Chemicals|EPA DSSTox|EPA Substance Registry Services|FDA Global Substance Registration System (GSRS)|Finetech Industry Limited|Fluorochem|Founder Pharma|Glentham Life Sciences Ltd.|Google Patents|Hairui Chemical|Hunan Chemfish Pharmaceutical Co., Ltd.|Hunan Huateng Pharmaceutical Co., Ltd.|IBM|iChemical Technology USA Inc|ISpharm|J&H Chemical Co.,ltd|Japan Chemical Substance Dictionary (Nikkaji)|Key Organics/BIONET|King Scientific|LeadScope|LEAPCHEM|LGC Standards|Matrix Scientific|MolCore|Molecule Market|Molepedia|MolGenie|Molport|MuseChem|NextBio|NORMAN Suspect List Exchange|Oakwood Products|Parchem|PATENTSCOPE (WIPO)|PubChem Reference Collection|Qingdao Truelight Functional Materials Technology Co., Ltd.|RR Scientific|Santa Cruz Biotechnology, Inc.|SCRIPDB|Smolecule|Springer Nature|Starshine Chemical|SureChEMBL|SynHet - Synthetic Heterocycles|Syntree|TCI (Tokyo Chemical Industry)|THE BioTek|Thieme Chemistry|Thomson Pharma|Thoreauchem|ToxPlanet|Veeprho|Wikidata|Win-Win Chemical|Yick-Vic Chemicals & Pharmaceuticals (HK) Ltd.|Yuhao Chemical|ZeroPM - Zero Pollution of Persistent, Mobile Substances|ZINC
Triphenyl phosphite;C1=CC=C(C=C1)OP(OC2=CC=CC=C2)OC3=CC=CC=C3;10X CHEM|1st Scientific|3WAY PHARM INC|A&J Pharmtech CO., LTD.|A2B Chem|AA BLOCKS|Aaron Chemicals LLC|AbaChemScene|abcr GmbH|ABI Chem|Acadechem|Accel Scientific|Accela ChemBio Inc.|Achemica|Acmec Biochemical|Activate Scientific|AiFChem, an XtalPi Company|AK Scientific, Inc. (AKSCI)|AKos Consulting & Solutions|Aladdin Scientific|Alfa Chemistry|Alichem|Amadis Chemical|Ambeed|Ambinter|AN PharmaTech|Angel Pharmatech Ltd.|Angene Chemical|Anward|Apexmol|AppChem|Aribo Reagent|AstaTech, Inc.|Aurora Fine Chemicals LLC|Aurum Pharmatech LLC|Baker Lab, Chemistry Department, The University of North Carolina at Chapel Hill|BenchChem|BePharm Ltd.|Bic Biotech|Biocore|Biosynth|BLD Pharm|BOC Sciences|BroadPharm|CAPOT|CATO Research Chemicals Inc.|Chem-Impex|Chem-Space.com Database|ChemBank|Chembase.cn|ChEMBL|ChemDB|Chemenu Inc.|ChemExper Chemical Directory|ChemFish Tokyo Co., Ltd.|Chemical Carcinogenesis Research Information System (CCRIS)|ChemIDplus|Chemieliva Pharmaceutical Co., Ltd|Cheminformatics Friedrich-Schiller-University Jena|ChemMol|ChemoSapiens|Chemotion|ChemSpider|ChemTik|Combi-Blocks|Comparative Toxicogenomics Database (CTD)|Cooke Chemical Co., Ltd|Cosutin Industrial|Crystallography Open Database (COD)|CymitQuimica|DC Chemicals|DiscoveryGate|DTP/NCI|ECI Group, LCSB, University of Luxembourg|Egon Willighagen, Department of Bioinformatics - BiGCaT, Maastricht University|eMolecules|Enamine|eNovation Chemicals|EPA DSSTox|EPA Substance Registry Services|EvitaChem|FDA Global Substance Registration System (GSRS)|Fluorochem|Founder Pharma|Google Patents|Hairui Chemical|Hunan Chemfish Pharmaceutical Co., Ltd.|IBM|iChemical Technology USA Inc|InvivoChem|ISpharm|J&H Chemical Co.,ltd|Japan Chemical Substance Dictionary (Nikkaji)|King Scientific|labseeker|LeadScope|LEAPCHEM|LGC Standards|Life Chemicals|Matrix Scientific|Mcule|Molecule Market|Molepedia|MolGenie|Molport|MP Biomedicals|MuseChem|National Center for Advancing Translational Sciences (NCATS)|Nature Chemistry|NextBio|NextMove Software|NIAID ChemDB|NIST Chemistry WebBook|NIST Mass Spectrometry Data Center|NMRShiftDB|NORMAN Suspect List Exchange|NovoSeek|Oakwood Products|OChem|OtavaChemicals|OXCHEM CORPORATION|Parchem|PATENTSCOPE (WIPO)|PubChem Reference Collection|RR Scientific|Santa Cruz Biotechnology, Inc.|SCRIPDB|Sigma-Aldrich|Sinfoo Biotech|Smolecule|Springer Nature|SpringerMaterials|Starshine Chemical|Strem Chemicals, Inc.|SureChEMBL|Syntree|TCI (Tokyo Chemical Industry)|THE BioTek|Thermo Fisher Scientific|Thieme Chemistry|Thomson Pharma|Tox21|ToxPlanet|Tractus|VladaChem|VWR, Part of Avantor|Wikidata|Wiley|Wubei-Biochem|Wutech|Yick-Vic Chemicals & Pharmaceuticals (HK) Ltd.|Yuhao Chemical|ZeroPM - Zero Pollution of Persistent, Mobile Substances|ZINC|Zjartschem
4,4'-Dihydroxybiphenyl;C1=CC(=CC=C1C2=CC=C(C=C2)O)O;001Chemical|10X CHEM|3WAY PHARM INC|A&J Pharmtech CO., LTD.|A2B Chem|AA BLOCKS|AAA Chemistry|Aaron Chemicals LLC|AbaChemScene|ABBLIS Chemicals|abcr GmbH|ABI Chem|Acadechem|Accel Scientific|Aceschem Inc|Achemica|Achemo Scientific Limited|Achemtek|Acmec Biochemical|Activate Scientific|AEchem Scientific Corp., USA|AHH Chemical co.,ltd|AiFChem, an XtalPi Company|AK Scientific, Inc. (AKSCI)|AKos Consulting & Solutions|Aladdin Scientific|Alfa Chemistry|Alichem|Amadis Chemical|Ambeed|Ambinter|AN PharmaTech|Angene Chemical|Anward|Apexmol|AppChem|Ark Pharm, Inc.|Aromalake Chemical|AstaTech, Inc.|Aurora Fine Chemicals LLC|Aurum Pharmatech LLC|BenchChem|BePharm Ltd.|BerrChemical|Bic Biotech|BIDD|BindingDB|BioCrick|Biosynce Pharmatech|Biosynth|BLD Pharm|BOC Sciences|CAPOT|CATO Research Chemicals Inc.|Changzhou Highassay Chemical Co., Ltd|ChEBI|Chem-Space.com Database|ChemBank|Chembase.cn|ChEMBL|ChemDB|Chemenu Inc.|ChemExper Chemical Directory|Chemical Carcinogenesis Research Information System (CCRIS)|ChemIDplus|Chemieliva Pharmaceutical Co., Ltd|Cheminformatics Friedrich-Schiller-University Jena|ChemMol|ChemoSapiens|ChemShuttle|ChemSpider|ChemTik|Combi-Blocks|Comparative Toxicogenomics Database (CTD)|Cooke Chemical Co., Ltd|Crystallography Open Database (COD)|CymitQuimica|Day Biochem|DiscoveryGate|DSL Chemicals|DTP/NCI|ECI Group, LCSB, University of Luxembourg|Egon Willighagen, Department of Bioinformatics - BiGCaT, Maastricht University|eMolecules|Enamine|eNovation Chemicals|EPA DSSTox|EPA Substance Registry Services|EvitaChem|FDA Global Substance Registration System (GSRS)|Finetech Industry Limited|Fluorochem|Founder Pharma|Glentham Life Sciences Ltd.|Google Patents|Hairui Chemical|Halochem|Hangzhou APIChem Technology|Hunan Chemfish Pharmaceutical Co., Ltd.|IBM|iChemical Technology USA Inc|ISpharm|J&H Chemical Co.,ltd|Japan Chemical Substance Dictionary (Nikkaji)|KEGG|Key Organics/BIONET|King Scientific|LabNetwork, a WuXi AppTec Company|labseeker|Lan Pharmatech|LeadScope|LGC Standards|Life Chemicals|MassBank Europe|MassBank of North America (MoNA)|Matrix Scientific|Mcule|MedChemexpress MCE|Metabolomics Workbench|MolCore|Molecule Market|Molepedia|MolGenie|Molport|MP Biomedicals|MuseChem|National Center for Advancing Translational Sciences (NCATS)|NCBI Structure|NextBio|NextMove Software|NIST Chemistry WebBook|NIST Mass Spectrometry Data Center|NORMAN Suspect List Exchange|NovoSeek|Oakwood Products|OXCHEM CORPORATION|Parchem|PATENTSCOPE (WIPO)|Pi Chemicals|Protein Data Bank in Europe (PDBe)|PubChem Reference Collection|Race Chemical|RR Scientific|Santa Cruz Biotechnology, Inc.|SCRIPDB|Sigma-Aldrich|Sinfoo Biotech|Smolecule|Southern Research Institute|Springer Nature|SpringerMaterials|Starshine Chemical|SureChEMBL|SynHet - Synthetic Heterocycles|Syntech Labs|Synthonix, Inc.|Syntree|TCI (Tokyo Chemical Industry)|THE BioTek|Thermo Fisher Scientific|Thieme Chemistry|Thomson Pharma|Thoreauchem|TimTec|Tox21|ToxPlanet|Tractus|Vitas-M Laboratory|VladaChem|Wikidata|Wiley|Win-Win Chemical|Wubei-Biochem|Wutech|Yick-Vic Chemicals & Pharmaceuticals (HK) Ltd.|Yuhao Chemical|ZeroPM - Zero Pollution of Persistent, Mobile Substances|ZINC|Zjartschem
2,2,4-Trimethyl-1,2-dihydroquinoline;CC1=CC(NC2=CC=CC=C12)(C)C;001Chemical|10X CHEM|3WAY PHARM INC|A&J Pharmtech CO., LTD.|A2B Chem|AA BLOCKS|AAA Chemistry|Aaron Chemicals LLC|AbaChemScene|abcr GmbH|ABI Chem|Acadechem|Accel Scientific|Accela ChemBio Inc.|Achemo Scientific Limited|Activate Scientific|AEchem Scientific Corp., USA|AHH Chemical co.,ltd|AiFChem, an XtalPi Company|AK Scientific, Inc. (AKSCI)|AKos Consulting & Solutions|Aladdin Scientific|Alichem|Amadis Chemical|Ambeed|Ambinter|AN PharmaTech|Angene Chemical|Anward|Apexmol|AppChem|Aribo Reagent|Ark Pharm, Inc.|AstaTech, Inc.|Aurora Fine Chemicals LLC|Aurum Pharmatech LLC|BenchChem|BePharm Ltd.|Bic Biotech|Biocore|Biosynth|BLD Pharm|BOC Sciences|CATO Research Chemicals Inc.|Chem-Space.com Database|Chembase.cn|ChEMBL|ChemDB|Chemenu Inc.|Chemhere|Chemical Carcinogenesis Research Information System (CCRIS)|Chemical Synthesis Database|ChemIDplus|Chemieliva Pharmaceutical Co., Ltd|Cheminformatics Friedrich-Schiller-University Jena|ChemMol|ChemoSapiens|ChemShuttle|ChemSpider|ChemTik|Collaborative Drug Discovery, Inc.|Combi-Blocks|Cooke Chemical Co., Ltd|CymitQuimica|Debye Scientific Co., Ltd|DiscoveryGate|DSL Chemicals|DTP/NCI|Egon Willighagen, Department of Bioinformatics - BiGCaT, Maastricht University|Elsa Biotechnology|eMolecules|Enamine|eNovation Chemicals|EPA DSSTox|EPA Substance Registry Services|FDA Global Substance Registration System (GSRS)|Finetech Industry Limited|Fluorochem|Founder Pharma|Google Patents|Hairui Chemical|Hunan Huateng Pharmaceutical Co., Ltd.|IBM|ICCB-Longwood Screening Facility, Harvard Medical School|ISpharm|J&H Chemical Co.,ltd|Japan Chemical Substance Dictionary (Nikkaji)|Key Organics/BIONET|King Scientific|LabNetwork, a WuXi AppTec Company|labseeker|LeadScope|LGC Standards|Life Chemicals|MassBank Europe|MassBank of North America (MoNA)|Matrix Scientific|Mcule|MLSMR|MolCore|Molecule Market|MolGenie|Molport|MuseChem|National Center for Advancing Translational Sciences (NCATS)|NextBio|NextMove Software|NIST Mass Spectrometry Data Center|NMRShiftDB|NORMAN Suspect List Exchange|NovoSeek|Oakwood Products|OChem|OXCHEM CORPORATION|Parchem|PATENTSCOPE (WIPO)|PubChem Reference Collection|RR Scientific|Santa Cruz Biotechnology, Inc.|SCRIPDB|Sinfoo Biotech|Small Molecule Screening Facility, UW Madison|Smolecule|Springer Nature|Starshine Chemical|SureChEMBL|Synblock Inc|SynHet - Synthetic Heterocycles|Syntree|THE BioTek|Thieme Chemistry|Thomson Pharma|Thoreauchem|TimTec|Tox21|ToxPlanet|Tractus|Wikidata|Wiley|Wubei-Biochem|Wutech|Yuhao Chemical|ZeroPM - Zero Pollution of Persistent, Mobile Substances|ZINC
1,3,5-Trimethyl-2,4,6-tris(3,5-di-tert-butyl-4-hydroxybenzyl)benzene;CC1=C(C(=C(C(=C1CC2=CC(=C(C(=C2)C(C)(C)C)O)C(C)(C)C)C)CC3=CC(=C(C(=C3)C(C)(C)C)O)C(C)(C)C)C)CC4=CC(=C(C(=C4)C(C)(C)C)O)C(C)(C)C;001Chemical|10X CHEM|3WAY PHARM INC|A2B Chem|AA BLOCKS|AAA Chemistry|Aaron Chemicals LLC|AbaChemScene|abcr GmbH|ABI Chem|Accel Scientific|Accela ChemBio Inc.|Achemtek|AiFChem, an XtalPi Company|AK Scientific, Inc. (AKSCI)|AKos Consulting & Solutions|Aladdin Scientific|Alfa Chemistry|Alichem|Amadis Chemical|Ambeed|AN PharmaTech|Angene Chemical|Anward|AppChem|Ark Pharm, Inc.|AstaTech, Inc.|Aurora Fine Chemicals LLC|BenchChem|BIDD|Biorbyt|BLD Pharm|BOC Sciences|CAPOT|CATO Research Chemicals Inc.|Chem-Space.com Database|Chembase.cn|ChemDB|ChemIDplus|Chemieliva Pharmaceutical Co., Ltd|ChemMol|ChemoSapiens|ChemSpider|ChemTik|Clearsynth|Combi-Blocks|Cooke Chemical Co., Ltd|CymitQuimica|DC Chemicals|DiscoveryGate|DTP/NCI|Egon Willighagen, Department of Bioinformatics - BiGCaT, Maastricht University|eMolecules|eNovation Chemicals|EPA DSSTox|EPA Substance Registry Services|FDA Global Substance Registration System (GSRS)|Fluorochem|Google Patents|Hairui Chemical|Hunan Chemfish Pharmaceutical Co., Ltd.|IBM|iChemical Technology USA Inc|ISpharm|J&H Chemical Co.,ltd|Jamson Pharmachem Technology|Japan Chemical Substance Dictionary (Nikkaji)|Key Organics/BIONET|King Scientific|Kingston Chemistry|LabNetwork, a WuXi AppTec Company|LeadScope|LGC Standards|MassBank Europe|MassBank of North America (MoNA)|Mcule|MedChemexpress MCE|MolCore|Molecule Market|Molepedia|MolGenie|Molport|MuseChem|NextBio|NextMove Software|NIAID ChemDB|NIST Mass Spectrometry Data Center|NORMAN Suspect List Exchange|NovoSeek|Oakwood Products|Parchem|PATENTSCOPE (WIPO)|Probes & Drugs portal|PubChem Reference Collection|RR Scientific|SCRIPDB|Sigma-Aldrich|Smolecule|Springer Nature|Starshine Chemical|SureChEMBL|SynHet - Synthetic Heterocycles|SynQuest Laboratories|TargetMol|TCI (Tokyo Chemical Industry)|THE BioTek|Thomson Pharma|Thoreauchem|ToxPlanet|Tractus|VladaChem|Wikidata|Win-Win Chemical|Yick-Vic Chemicals & Pharmaceuticals (HK) Ltd.|Yuhao Chemical|ZeroPM - Zero Pollution of Persistent, Mobile Substances|ZINC
Lauryldimethylamine;CCCCCCCCCCCCN(C)C;10X CHEM|3WAY PHARM INC|A2B Chem|AA BLOCKS|AAA Chemistry|Aaron Chemicals LLC|AbaChemScene|abcr GmbH|ABI Chem|Acadechem|Achemica|Acmec Biochemical|AHH Chemical co.,ltd|AiFChem, an XtalPi Company|AK Scientific, Inc. (AKSCI)|AKos Consulting & Solutions|Aladdin Scientific|Alfa Chemistry|Alichem|Allbio Pharm Co., Ltd|Amadis Chemical|Ambeed|AN PharmaTech|Angene Chemical|Anward|AppChem|Aurora Fine Chemicals LLC|Baker Lab, Chemistry Department, The University of North Carolina at Chapel Hill|BenchChem|BindingDB|BLD Pharm|BOC Sciences|Boerchem|CAPOT|CATO Research Chemicals Inc.|ChEBI|Chem-Space.com Database|Chembase.cn|ChEMBL|ChemDB|Chemenu Inc.|ChemIDplus|Chemieliva Pharmaceutical Co., Ltd|Cheminformatics Friedrich-Schiller-University Jena|ChemMol|ChemoSapiens|ChemSpider|ChemTik|Collaborative Drug Discovery, Inc.|Combi-Blocks|Cooke Chemical Co., Ltd|CymitQuimica|Debye Scientific Co., Ltd|DiscoveryGate|DTP/NCI|ECI Group, LCSB, University of Luxembourg|Egon Willighagen, Department of Bioinformatics - BiGCaT, Maastricht University|eMolecules|Enamine|EPA DSSTox|EPA Substance Registry Services|EvitaChem|FDA Global Substance Registration System (GSRS)|Finetech Industry Limited|Fluorochem|Google Patents|Hairui Chemical|Human Metabolome Database (HMDB)|Hunan Chemfish Pharmaceutical Co., Ltd.|IBM|iChemical Technology USA Inc|ISpharm|J&H Chemical Co.,ltd|Japan Chemical Substance Dictionary (Nikkaji)|Key Organics/BIONET|King Scientific|LabNetwork, a WuXi AppTec Company|labseeker|LeadScope|LGC Standards|MassBank Europe|MassBank of North America (MoNA)|Mcule|Molecule Market|MolGenie|Molport|MP Biomedicals|MuseChem|National Center for Advancing Translational Sciences (NCATS)|NextBio|NextMove Software|NIAID ChemDB|NIST Chemistry WebBook|NIST Mass Spectrometry Data Center|NORMAN Suspect List Exchange|NovoSeek|Oakwood Products|Parchem|PATENTSCOPE (WIPO)|PubChem Reference Collection|RR Scientific|Santa Cruz Biotechnology, Inc.|SCRIPDB|Sigma-Aldrich|Sinfoo Biotech|Smolecule|Springer Nature|SpringerMaterials|Starshine Chemical|SureChEMBL|SynHet - Synthetic Heterocycles|TCI (Tokyo Chemical Industry)|THE BioTek|Thermo Fisher Scientific|Thieme Chemistry|Thomson Pharma|TimTec|Tox21|ToxPlanet|Tractus|Vitas-M Laboratory|VladaChem|VWR, Part of Avantor|Wikidata|Win-Win Chemical|Wubei-Biochem|Wutech|Yick-Vic Chemicals & Pharmaceuticals (HK) Ltd.|Yuhao Chemical|ZeroPM - Zero Pollution of Persistent, Mobile Substances|ZINC|Zjartschem
N,N'-Di(2-naphthyl)-p-phenylenediamine;C1=CC=C2C=C(C=CC2=C1)NC3=CC=C(C=C3)NC4=CC5=CC=CC=C5C=C4;001Chemical|10X CHEM|3WAY PHARM INC|A&J Pharmtech CO., LTD.|A2B Chem|AA BLOCKS|AAA Chemistry|Aaron Chemicals LLC|AbaChemScene|abcr GmbH|ABI Chem|Acadechem|Accel Scientific|Accela ChemBio Inc.|Achemica|Acmec Biochemical|AHH Chemical co.,ltd|AiFChem, an XtalPi Company|AK Scientific, Inc. (AKSCI)|AKos Consulting & Solutions|Aladdin Scientific|Alfa Chemistry|Alichem|Amadis Chemical|Ambeed|AN PharmaTech|Angene Chemical|Anward|AppChem|ASINEX|AstaTech, Inc.|Aurora Fine Chemicals LLC|Baker Lab, Chemistry Department, The University of North Carolina at Chapel Hill|BenchChem|BePharm Ltd.|Bic Biotech|Biorbyt|Biosynth|BLD Pharm|BOC Sciences|Carcinogenic Potency Database (CPDB)|CATO Research Chemicals Inc.|Chem-Space.com Database|ChEMBL|ChemDB|Chemical Carcinogenesis Research Information System (CCRIS)|ChemIDplus|Chemieliva Pharmaceutical Co., Ltd|ChemMol|ChemoSapiens|ChemSpider|ChemTik|Clearsynth|Combi-Blocks|Cooke Chemical Co., Ltd|CymitQuimica|DC Chemicals|DiscoveryGate|DSL Chemicals|DTP/NCI|Egon Willighagen, Department of Bioinformatics - BiGCaT, Maastricht University|eMolecules|eNovation Chemicals|EPA DSSTox|EPA Substance Registry Services|FDA Global Substance Registration System (GSRS)|Finetech Industry Limited|Founder Pharma|Google Patents|Hairui Chemical|IBM|iChemical Technology USA Inc|J&H Chemical Co.,ltd|Japan Chemical Substance Dictionary (Nikkaji)|Key Organics/BIONET|King Scientific|LabNetwork, a WuXi AppTec Company|LeadScope|LGC Standards|MassBank Europe|Matrix Scientific|Mcule|MedChemexpress MCE|MolCore|Molecule Market|MolGenie|Molport|MuseChem|National Center for Advancing Translational Sciences (NCATS)|NextBio|NIST Chemistry WebBook|NIST Mass Spectrometry Data Center|NORMAN Suspect List Exchange|NovoSeek|Oakwood Products|OXCHEM CORPORATION|Parchem|PATENTSCOPE (WIPO)|Pi Chemicals|PubChem Reference Collection|RR Scientific|SCRIPDB|Sinfoo Biotech|Smolecule|Springer Nature|SpringerMaterials|Starshine Chemical|SureChEMBL|SynHet - Synthetic Heterocycles|TargetMol|TCI (Tokyo Chemical Industry)|THE BioTek|Thoreauchem|TimTec|Tox21|ToxPlanet|Tractus|Vitas-M Laboratory|VladaChem|Wikidata|Win-Win Chemical|Wubei-Biochem|Yick-Vic Chemicals & Pharmaceuticals (HK) Ltd.|Yuhao Chemical|ZeroPM - Zero Pollution of Persistent, Mobile Substances|ZINC
1,3,5-Tri(4-tert-butyl-2,6-dimethyl-3-hydroxybenzyl)-1,3,5-triazine-2,4,6(1H,3H,5H)-trione;CC1=CC(=C(C(=C1CN2C(=O)N(C(=O)N(C2=O)CC3=C(C(=C(C=C3C)C(C)(C)C)O)C)CC4=C(C(=C(C=C4C)C(C)(C)C)O)C)C)O)C(C)(C)C;001Chemical|10X CHEM|3WAY PHARM INC|A2B Chem|AA BLOCKS|AAA Chemistry|Aaron Chemicals LLC|AbaChemScene|abcr GmbH|ABI Chem|Accel Scientific|Accela ChemBio Inc.|Achemtek|AiFChem, an XtalPi Company|AK Scientific, Inc. (AKSCI)|AKos Consulting & Solutions|Aladdin Scientific|Alfa Chemistry|Alichem|Amadis Chemical|Ambeed|Ambinter|AppChem|Ark Pharm, Inc.|AstaTech, Inc.|Aurora Fine Chemicals LLC|BenchChem|BIDD|Biorbyt|Biosynth|BLD Pharm|BOC Sciences|CATO Research Chemicals Inc.|Chem-Space.com Database|Chembase.cn|ChEMBL|ChemDB|ChemIDplus|Chemieliva Pharmaceutical Co., Ltd|Cheminformatics Friedrich-Schiller-University Jena|ChemMol|ChemoSapiens|ChemSpider|ChemTik|Clearsynth|Combi-Blocks|Cooke Chemical Co., Ltd|CymitQuimica|DC Chemicals|DiscoveryGate|Egon Willighagen, Department of Bioinformatics - BiGCaT, Maastricht University|eMolecules|eNovation Chemicals|EPA DSSTox|EPA Substance Registry Services|FDA Global Substance Registration System (GSRS)|Finetech Industry Limited|Fluorochem|Google Patents|Hairui Chemical|Hunan Chemfish Pharmaceutical Co., Ltd.|IBM|iChemical Technology USA Inc|InvivoChem|J&H Chemical Co.,ltd|Japan Chemical Substance Dictionary (Nikkaji)|Key Organics/BIONET|King Scientific|Kingston Chemistry|LabNetwork, a WuXi AppTec Company|LeadScope|LEAPCHEM|LGC Standards|Mcule|MedChemexpress MCE|MolCore|Molecule Market|Molepedia|MolGenie|Molport|MuseChem|National Center for Advancing Translational Sciences (NCATS)|NextBio|NextMove Software|NIST Mass Spectrometry Data Center|NORMAN Suspect List Exchange|Oakwood Products|Parchem|PATENTSCOPE (WIPO)|Probes & Drugs portal|PubChem Reference Collection|RR Scientific|Santa Cruz Biotechnology, Inc.|Sarex Overseas Div of Saraf chemicals Pvt.Ltd.|SCRIPDB|Shanghai Titan Scientific|Sigma-Aldrich|Smolecule|Springer Nature|Starshine Chemical|SureChEMBL|TargetMol|TCI (Tokyo Chemical Industry)|THE BioTek|Thomson Pharma|Thoreauchem|Tox21|ToxPlanet|Wikidata|Win-Win Chemical|Yick-Vic Chemicals & Pharmaceuticals (HK) Ltd.|Yuhao Chemical|ZeroPM - Zero Pollution of Persistent, Mobile Substances|ZINC
Benzenamine, 4-(1-methyl-1-phenylethyl)-N-[4-(1-methyl-1-phenylethyl)phenyl]-;CC(C)(C1=CC=CC=C1)C2=CC=C(C=C2)NC3=CC=C(C=C3)C(C)(C)C4=CC=CC=C4;001Chemical|10X CHEM|3WAY PHARM INC|A&J Pharmtech CO., LTD.|A2B Chem|AA BLOCKS|AAA Chemistry|Aaron Chemicals LLC|AbaChemScene|abcr GmbH|ABI Chem|Accel Scientific|Accela ChemBio Inc.|Achemica|Achemtek|Acmec Biochemical|AiFChem, an XtalPi Company|AK Scientific, Inc. (AKSCI)|AKos Consulting & Solutions|Aladdin Scientific|Alfa Chemistry|Amadis Chemical|Ambeed|Ambinter|AN PharmaTech|AppChem|AstaTech, Inc.|Aurora Fine Chemicals LLC|Baker Lab, Chemistry Department, The University of North Carolina at Chapel Hill|BenchChem|Bic Biotech|BioCrick|BLD Pharm|BOC Sciences|CATO Research Chemicals Inc.|Chem-Space.com Database|ChEMBL|Chemenu Inc.|ChemIDplus|Chemieliva Pharmaceutical Co., Ltd|ChemMol|ChemoSapiens|ChemSpider|ChemTik|Combi-Blocks|Cooke Chemical Co., Ltd|CymitQuimica|Debye Scientific Co., Ltd|DiscoveryGate|eMolecules|eNovation Chemicals|EPA DSSTox|EPA Substance Registry Services|FDA Global Substance Registration System (GSRS)|Finetech Industry Limited|Fluorochem|Google Patents|Hairui Chemical|Hunan Chemfish Pharmaceutical Co., Ltd.|IBM|iChemical Technology USA Inc|ISpharm|Jamson Pharmachem Technology|Japan Chemical Substance Dictionary (Nikkaji)|Key Organics/BIONET|LabNetwork, a WuXi AppTec Company|Lan Pharmatech|LEAPCHEM|LGC Standards|Mcule|MolCore|Molecule Market|MolGenie|Molport|MuseChem|National Center for Advancing Translational Sciences (NCATS)|NextBio|NextMove Software|NIST Mass Spectrometry Data Center|NORMAN Suspect List Exchange|Oakwood Products|Parchem|PATENTSCOPE (WIPO)|PubChem Reference Collection|Qingdao Truelight Functional Materials Technology Co., Ltd.|RR Scientific|SCRIPDB|Shanghai Send Pharmaceutical Technology Co., Ltd|Sigma-Aldrich|Smolecule|Springer Nature|Starshine Chemical|SureChEMBL|Synblock Inc|SynHet - Synthetic Heterocycles|TCI (Tokyo Chemical Industry)|THE BioTek|Thomson Pharma|Tox21|ToxPlanet|Tractus|VladaChem|Wikidata|Wubei-Biochem|Yick-Vic Chemicals & Pharmaceuticals (HK) Ltd.|ZeroPM - Zero Pollution of Persistent, Mobile Substances|ZINC
Tinuvin 770;CC1(CC(CC(N1)(C)C)OC(=O)CCCCCCCCC(=O)OC2CC(NC(C2)(C)C)(C)C)C;001Chemical|10X CHEM|1st Scientific|3WAY PHARM INC|4C Pharma Scientific Inc|A&J Pharmtech CO., LTD.|A2B Chem|AA BLOCKS|AAA Chemistry|Aaron Chemicals LLC|AbaChemScene|abcr GmbH|ABI Chem|Acadechem|Accel Scientific|Achemica|Achemtek|Acmec Biochemical|Acorn PharmaTech Product List|AiFChem, an XtalPi Company|AK Scientific, Inc. (AKSCI)|AKos Consulting & Solutions|Aladdin Scientific|Alfa Chemistry|Alichem|Amadis Chemical|Ambeed|Ambinter|AN PharmaTech|Angene Chemical|Anward|AppChem|Ark Pharm, Inc.|AstaTech, Inc.|Aurora Fine Chemicals LLC|BenchChem|BePharm Ltd.|Bic Biotech|Biocore|Biorbyt|BLD Pharm|BOC Sciences|CAPOT|CATO Research Chemicals Inc.|Chem-Space.com Database|Chembase.cn|ChEMBL|ChemBridge|ChemDB|ChemDiv|ChemIDplus|Chemieliva Pharmaceutical Co., Ltd|Cheminformatics Friedrich-Schiller-University Jena|ChemMol|ChemoSapiens|ChemSpider|ChemTik|Collaborative Drug Discovery, Inc.|Combi-Blocks|Cooke Chemical Co., Ltd|Crystallography Open Database (COD)|CymitQuimica|Debye Scientific Co., Ltd|DiscoveryGate|Egon Willighagen, Department of Bioinformatics - BiGCaT, Maastricht University|eMolecules|eNovation Chemicals|EPA DSSTox|EPA Substance Registry Services|FDA Global Substance Registration System (GSRS)|Finetech Industry Limited|Fluorochem|Founder Pharma|Google Patents|Hairui Chemical|Hangzhou APIChem Technology|Hunan Chemfish Pharmaceutical Co., Ltd.|IBM|iChemical Technology USA Inc|ISpharm|J&H Chemical Co.,ltd|Japan Chemical Substance Dictionary (Nikkaji)|Key Organics/BIONET|King Scientific|LabNetwork, a WuXi AppTec Company|Lan Pharmatech|LEAPCHEM|LGC Standards|MassBank Europe|MassBank of North America (MoNA)|Matrix Scientific|Mcule|MedChemexpress MCE|MolCore|Molecule Market|Molepedia|MolGenie|Molport|MTDP|MuseChem|National Center for Advancing Translational Sciences (NCATS)|NextBio|NextMove Software|NIST Mass Spectrometry Data Center|NORMAN Suspect List Exchange|NovoSeek|OXCHEM CORPORATION|PATENTSCOPE (WIPO)|Pi Chemicals|Probes & Drugs portal|PubChem Reference Collection|Qingdao Truelight Functional Materials Technology Co., Ltd.|RR Scientific|Santa Cruz Biotechnology, Inc.|SCRIPDB|Sigma-Aldrich|Sinfoo Biotech|Smolecule|Southern Research Institute|Springer Nature|Starshine Chemical|SureChEMBL|SynHet - Synthetic Heterocycles|Syntree|TargetMol|TCI (Tokyo Chemical Industry)|THE BioTek|Thomson Pharma|Thoreauchem|Tox21|ToxPlanet|Tractus|Vitas-M Laboratory|VladaChem|Wikidata|Win-Win Chemical|Wolves R&D chemical|Wubei-Biochem|Yick-Vic Chemicals & Pharmaceuticals (HK) Ltd.|Yuhao Chemical|ZeroPM - Zero Pollution of Persistent, Mobile Substances|ZINC
Phenol, 4-[(dimethylamino)methyl]-2,6-bis(1,1-dimethylethyl)-;CC(C)(C)C1=CC(=CC(=C1O)C(C)(C)C)CN(C)C;001Chemical|10X CHEM|3WAY PHARM INC|A&J Pharmtech CO., LTD.|A2B Chem|AA BLOCKS|Aaron Chemicals LLC|AbaChemScene|abcr GmbH|ABI Chem|Acadechem|Accel Scientific|Achemica|Achemtek|Acmec Biochemical|AK Scientific, Inc. (AKSCI)|AKos Consulting & Solutions|Aladdin Scientific|Alfa Chemistry|Amadis Chemical|Ambeed|AN PharmaTech|Angene Chemical|Anward|AppChem|AstaTech, Inc.|Aurora Fine Chemicals LLC|Baker Lab, Chemistry Department, The University of North Carolina at Chapel Hill|BenchChem|BePharm Ltd.|Bic Biotech|BIDD|Biosynth|BLD Pharm|BOC Sciences|CATO Research Chemicals Inc.|Center for Chemical Genomics, University of Michigan|Chem-Space.com Database|ChemBank|Chembase.cn|ChEMBL|ChemBridge|ChemDB|ChemIDplus|Chemieliva Pharmaceutical Co., Ltd|Cheminformatics Friedrich-Schiller-University Jena|ChemMol|ChemoSapiens|ChemSpider|ChemTik|Collaborative Drug Discovery, Inc.|Combi-Blocks|Cooke Chemical Co., Ltd|Crystallography Open Database (COD)|CymitQuimica|DiscoveryGate|DTP/NCI|Egon Willighagen, Department of Bioinformatics - BiGCaT, Maastricht University|eMolecules|Enamine|eNovation Chemicals|EPA DSSTox|EPA Substance Registry Services|FDA Global Substance Registration System (GSRS)|Finetech Industry Limited|Fluorochem|Founder Pharma|Frinton Laboratories|Google Patents|Hairui Chemical|IBM|ICCB-Longwood Screening Facility, Harvard Medical School|ISpharm|Japan Chemical Substance Dictionary (Nikkaji)|Keith Lab, Institute of Cancer Science, University of Glasgow|Key Organics/BIONET|King Scientific|LabNetwork, a WuXi AppTec Company|LeadScope|LEAPCHEM|LGC Standards|MassBank Europe|MassBank of North America (MoNA)|Matrix Scientific|Mcule|MLSMR|MolCore|Molecule Market|Molepedia|MolGenie|Molport|MP Biomedicals|MuseChem|NextBio|NextMove Software|NIST Chemistry WebBook|NIST Mass Spectrometry Data Center|NMRShiftDB|NORMAN Suspect List Exchange|Oakwood Products|OXCHEM CORPORATION|PATENTSCOPE (WIPO)|PubChem Reference Collection|Qingdao Truelight Functional Materials Technology Co., Ltd.|R&D Chemicals|RR Scientific|Santa Cruz Biotechnology, Inc.|SCRIPDB|Sigma-Aldrich|Small Molecule Screening Facility, UW Madison|Smolecule|Springer Nature|Starshine Chemical|SureChEMBL|SynHet - Synthetic Heterocycles|Syntree|TCI (Tokyo Chemical Industry)|THE BioTek|Thieme Chemistry|Thomson Pharma|Thoreauchem|TimTec|Tox21|ToxPlanet|Tractus|VWR, Part of Avantor|Wikidata|Wubei-Biochem|Yuhao Chemical|ZeroPM - Zero Pollution of Persistent, Mobile Substances|ZINC
Tris(2,4-di-tert-butylphenyl) phosphite;CC(C)(C)C1=CC(=C(C=C1)OP(OC2=C(C=C(C=C2)C(C)(C)C)C(C)(C)C)OC3=C(C=C(C=C3)C(C)(C)C)C(C)(C)C)C(C)(C)C;001Chemical|10X CHEM|3WAY PHARM INC|A2B Chem|AA BLOCKS|AAA Chemistry|Aaron Chemicals LLC|AbaChemScene|abcr GmbH|ABI Chem|Accel Scientific|Accela ChemBio Inc.|Achemica|Achemtek|Acmec Biochemical|Activate Scientific|AiFChem, an XtalPi Company|AK Scientific, Inc. (AKSCI)|AKos Consulting & Solutions|Aladdin Scientific|Alfa Chemistry|Alichem|Amadis Chemical|Ambeed|Ambinter|Angel Pharmatech Ltd.|Angene Chemical|Anward|Apexmol|AppChem|Aribo Reagent|Ark Pharm, Inc.|Aromalake Chemical|AstaTech, Inc.|Aurora Fine Chemicals LLC|BenchChem|BePharm Ltd.|Bic Biotech|BLD Pharm|BOC Sciences|Boerchem|BroadPharm|CAPOT|CATO Research Chemicals Inc.|ChEBI|Chem-Impex|Chem-Space.com Database|Chembase.cn|ChemDB|ChemDiv|Chemenu Inc.|ChemIDplus|Chemieliva Pharmaceutical Co., Ltd|Cheminformatics Friedrich-Schiller-University Jena|ChemMol|ChemoSapiens|ChemSpider|ChemTik|Clearsynth|Combi-Blocks|Cooke Chemical Co., Ltd|Crystallography Open Database (COD)|CymitQuimica|DiscoveryGate|Egon Willighagen, Department of Bioinformatics - BiGCaT, Maastricht University|Elsa Biotechnology|eMolecules|eNovation Chemicals|EPA DSSTox|EPA Substance Registry Services|FDA Global Substance Registration System (GSRS)|Finetech Industry Limited|Fluorochem|Founder Pharma|Google Patents|Hairui Chemical|Hangzhou APIChem Technology|Hunan Chemfish Pharmaceutical Co., Ltd.|IBM|iChemical Technology USA Inc|ISpharm|J&H Chemical Co.,ltd|Jamson Pharmachem Technology|Japan Chemical Substance Dictionary (Nikkaji)|Key Organics/BIONET|King Scientific|labseeker|LeadScope|LGC Standards|Mcule|MolCore|Molecule Market|Molepedia|MolGenie|Molport|MuseChem|Nature Chemistry|NextBio|NextMove Software|NIST Mass Spectrometry Data Center|NORMAN Suspect List Exchange|NovoSeek|Oakwood Products|OChem|OXCHEM CORPORATION|Parchem|PATENTSCOPE (WIPO)|PubChem Reference Collection|Qingdao Truelight Functional Materials Technology Co., Ltd.|RR Scientific|Santa Cruz Biotechnology, Inc.|SCRIPDB|Shangyu Catsyn Co., Ltd.|Sigma-Aldrich|Smolecule|Springer Nature|Starshine Chemical|SureChEMBL|SynHet - Synthetic Heterocycles|Syntree|TCI (Tokyo Chemical Industry)|THE BioTek|The Scripps Research Institute Molecular Screening Center|Thieme Chemistry|Thomson Pharma|Thoreauchem|ToxPlanet|Tractus|VWR, Part of Avantor|Wikidata|Wiley|Win-Win Chemical|Wubei-Biochem|Yick-Vic Chemicals & Pharmaceuticals (HK) Ltd.|Yuhao Chemical|ZeroPM - Zero Pollution of Persistent, Mobile Substances|ZINC
N1-Cyclohexyl-N4-phenyl-1,4-benzenediamine;C1CCC(CC1)NC2=CC=C(C=C2)NC3=CC=CC=C3;001Chemical|10X CHEM|3WAY PHARM INC|A&J Pharmtech CO., LTD.|A2B Chem|AA BLOCKS|Aaron Chemicals LLC|abcr GmbH|ABI Chem|Accel Scientific|Accela ChemBio Inc.|Acorn PharmaTech Product List|AEchem Scientific Corp., USA|AHH Chemical co.,ltd|AiFChem, an XtalPi Company|AKos Consulting & Solutions|Alfa Chemistry|Alichem|Amadis Chemical|Ambeed|Ambinter|AN PharmaTech|AppChem|Aribo Reagent|Ark Pharma Scientific Limited|AstaTech, Inc.|Aurora Fine Chemicals LLC|BenchChem|BePharm Ltd.|BioChemPartner|Biocore|Biosynth|BLD Pharm|BOC Sciences|CATO Research Chemicals Inc.|Chem-Space.com Database|Chembase.cn|Chemhere|ChemIDplus|Chemieliva Pharmaceutical Co., Ltd|ChemMol|ChemoSapiens|ChemSpider|Combi-Blocks|Cooke Chemical Co., Ltd|CymitQuimica|DiscoveryGate|DrugBank|Egon Willighagen, Department of Bioinformatics - BiGCaT, Maastricht University|Elsa Biotechnology|eMolecules|Enamine|eNovation Chemicals|EPA DSSTox|EPA Substance Registry Services|EvitaChem|FDA Global Substance Registration System (GSRS)|Finetech Industry Limited|Fluorochem|Founder Pharma|Google Patents|Hairui Chemical|IBM|J&H Chemical Co.,ltd|Jamson Pharmachem Technology|Japan Chemical Substance Dictionary (Nikkaji)|Key Organics/BIONET|LabNetwork, a WuXi AppTec Company|LeadScope|LGC Standards|Mcule|MolCore|Molecule Market|Molepedia|MolGenie|Molport|MP Biomedicals|MuseChem|NextBio|NextMove Software|NIST Chemistry WebBook|NORMAN Suspect List Exchange|Oakwood Products|OXCHEM CORPORATION|Parchem|PATENTSCOPE (WIPO)|Probes & Drugs portal|PubChem Reference Collection|RR Scientific|SCRIPDB|Smolecule|Springer Nature|SureChEMBL|SynHet - Synthetic Heterocycles|Syntree|THE BioTek|Thomson Pharma|ToxPlanet|Veeprho|Wikidata|Win-Win Chemical|Yick-Vic Chemicals & Pharmaceuticals (HK) Ltd.|ZeroPM - Zero Pollution of Persistent, Mobile Substances|ZINC
Octadecyl DI-tert-butyl-4-hydroxyhydrocinnamate;CCCCCCCCCCCCCCCCCCOC(=O)CCC1=CC(=C(C(=C1)C(C)(C)C)O)C(C)(C)C;10X CHEM|3WAY PHARM INC|A2B Chem|AA BLOCKS|Aaron Chemicals LLC|AbaChemScene|abcr GmbH|ABI Chem|Accel Scientific|Accela ChemBio Inc.|Achemica|Achemtek|Acmec Biochemical|Activate Scientific|AHH Chemical co.,ltd|AiFChem, an XtalPi Company|AK Scientific, Inc. (AKSCI)|AKos Consulting & Solutions|Aladdin Scientific|Alfa Chemistry|Alichem|Amadis Chemical|Ambeed|AN PharmaTech|Angene Chemical|Anward|AppChem|Ark Pharm, Inc.|AstaTech, Inc.|Aurora Fine Chemicals LLC|BenchChem|BePharm Ltd.|Bic Biotech|BIDD|Biosynth|BLD Pharm|BOC Sciences|CATO Research Chemicals Inc.|Chem-Space.com Database|Chembase.cn|ChemBridge|ChemDB|ChemIDplus|Chemieliva Pharmaceutical Co., Ltd|Cheminformatics Friedrich-Schiller-University Jena|ChemMol|ChemoSapiens|ChemSpider|ChemTik|Clearsynth|Combi-Blocks|Cooke Chemical Co., Ltd|CymitQuimica|DiscoveryGate|Egon Willighagen, Department of Bioinformatics - BiGCaT, Maastricht University|eMolecules|eNovation Chemicals|EPA DSSTox|EPA Substance Registry Services|FDA Global Substance Registration System (GSRS)|Finetech Industry Limited|Fluorochem|Founder Pharma|Google Patents|Hairui Chemical|Hangzhou APIChem Technology|IBM|ISpharm|J&H Chemical Co.,ltd|Japan Chemical Substance Dictionary (Nikkaji)|Key Organics/BIONET|King Scientific|LabNetwork, a WuXi AppTec Company|LeadScope|LGC Standards|MassBank Europe|MassBank of North America (MoNA)|Matrix Scientific|Mcule|Molepedia|MolGenie|Molport|MuseChem|NextBio|NextMove Software|NIST Mass Spectrometry Data Center|NMRShiftDB|NORMAN Suspect List Exchange|NovoSeek|Oakwood Products|OXCHEM CORPORATION|Parchem|PATENTSCOPE (WIPO)|PubChem Reference Collection|Qingdao Truelight Functional Materials Technology Co., Ltd.|Race Chemical|RR Scientific|SCRIPDB|Sigma-Aldrich|Smolecule|Springer Nature|Starshine Chemical|SureChEMBL|SynHet - Synthetic Heterocycles|Syntree|TCI (Tokyo Chemical Industry)|THE BioTek|Thomson Pharma|Thoreauchem|TimTec|Tractus|VladaChem|Wikidata|Win-Win Chemical|Wubei-Biochem|Yick-Vic Chemicals & Pharmaceuticals (HK) Ltd.|Yuhao Chemical|ZeroPM - Zero Pollution of Persistent, Mobile Substances|ZINC
3,9-Bis(2-(3-(3-tert-butyl-4-hydroxy-5-methylphenyl)propionyloxy)-1,1-dimethylethyl)-2,4,8,10-tetraoxaspiro(5.5)undecane;CC1=CC(=CC(=C1O)C(C)(C)C)CCC(=O)OCC(C)(C)C2OCC3(CO2)COC(OC3)C(C)(C)COC(=O)CCC4=CC(=C(C(=C4)C)O)C(C)(C)C;001Chemical|10X CHEM|3WAY PHARM INC|A2B Chem|AA BLOCKS|Aaron Chemicals LLC|AbaChemScene|abcr GmbH|Accel Scientific|Accela ChemBio Inc.|Achemtek|AK Scientific, Inc. (AKSCI)|AKos Consulting & Solutions|Aladdin Scientific|Alfa Chemistry|Alichem|Amadis Chemical|Ambeed|Ambinter|AppChem|Ark Pharm, Inc.|AstaTech, Inc.|Aurora Fine Chemicals LLC|Baker Lab, Chemistry Department, The University of North Carolina at Chapel Hill|BenchChem|BLD Pharm|CATO Research Chemicals Inc.|Chem-Space.com Database|ChemIDplus|Chemieliva Pharmaceutical Co., Ltd|ChemMol|ChemoSapiens|ChemSpider|Combi-Blocks|Cooke Chemical Co., Ltd|CymitQuimica|DiscoveryGate|Egon Willighagen, Department of Bioinformatics - BiGCaT, Maastricht University|eMolecules|eNovation Chemicals|EPA DSSTox|EPA Substance Registry Services|FDA Global Substance Registration System (GSRS)|Google Patents|Hairui Chemical|Hunan Chemfish Pharmaceutical Co., Ltd.|IBM|iChemical Technology USA Inc|J&H Chemical Co.,ltd|Japan Chemical Substance Dictionary (Nikkaji)|Key Organics/BIONET|King Scientific|Lan Pharmatech|LGC Standards|MolCore|MolGenie|Molport|MuseChem|NextBio|NextMove Software|NORMAN Suspect List Exchange|Oakwood Products|OChem|PATENTSCOPE (WIPO)|PubChem Reference Collection|Qingdao Truelight Functional Materials Technology Co., Ltd.|RR Scientific|SCRIPDB|Shandong Benrite New Chemical Materials Co.,Ltd|Smolecule|Springer Nature|Starshine Chemical|SureChEMBL|TCI (Tokyo Chemical Industry)|THE BioTek|Thomson Pharma|Thoreauchem|ToxPlanet|Wikidata|Win-Win Chemical|ZeroPM - Zero Pollution of Persistent, Mobile Substances|ZINC
2-(2H-Benzotriazol-2-yl)-4,6-bis(1-methyl-1-phenylethyl)phenol;CC(C)(C1=CC=CC=C1)C2=CC(=C(C(=C2)N3N=C4C=CC=CC4=N3)O)C(C)(C)C5=CC=CC=C5;001Chemical|10X CHEM|3WAY PHARM INC|A&J Pharmtech CO., LTD.|A2B Chem|AA BLOCKS|AAA Chemistry|Aaron Chemicals LLC|AbaChemScene|abcr GmbH|ABI Chem|Acadechem|Accel Scientific|Achemica|Achemtek|Acmec Biochemical|Acorn PharmaTech Product List|AHH Chemical co.,ltd|AiFChem, an XtalPi Company|AK Scientific, Inc. (AKSCI)|AKos Consulting & Solutions|Aladdin Scientific|Alfa Chemistry|Alichem|Amadis Chemical|Ambeed|AN PharmaTech|Angene Chemical|Anward|AppChem|AstaTech, Inc.|Aurora Fine Chemicals LLC|Baker Lab, Chemistry Department, The University of North Carolina at Chapel Hill|BenchChem|BePharm Ltd.|Bic Biotech|Biocore|BLD Pharm|BOC Sciences|Boerchem|CAPOT|CATO Research Chemicals Inc.|Chem-Space.com Database|Chembase.cn|ChEMBL|ChemDB|ChemIDplus|Chemieliva Pharmaceutical Co., Ltd|ChemMol|ChemoSapiens|ChemSpider|ChemTik|Clearsynth|Combi-Blocks|CymitQuimica|DiscoveryGate|Egon Willighagen, Department of Bioinformatics - BiGCaT, Maastricht University|eMolecules|eNovation Chemicals|EPA DSSTox|EPA Substance Registry Services|FDA Global Substance Registration System (GSRS)|Finetech Industry Limited|Founder Pharma|Google Patents|Hairui Chemical|Hunan Chemfish Pharmaceutical Co., Ltd.|IBM|iChemical Technology USA Inc|ISpharm|Japan Chemical Substance Dictionary (Nikkaji)|Key Organics/BIONET|King Scientific|LabNetwork, a WuXi AppTec Company|LGC Standards|MassBank Europe|Matrix Scientific|Mcule|MolCore|Molecule Market|Molepedia|MolGenie|Molport|MuseChem|National Center for Advancing Translational Sciences (NCATS)|NextBio|NextMove Software|NIST Mass Spectrometry Data Center|NORMAN Suspect List Exchange|OChem|OXCHEM CORPORATION|PATENTSCOPE (WIPO)|PubChem Reference Collection|Qingdao Truelight Functional Materials Technology Co., Ltd.|RR Scientific|SCRIPDB|Sigma-Aldrich|Sinfoo Biotech|Smolecule|Springer Nature|Starshine Chemical|SureChEMBL|SynHet - Synthetic Heterocycles|Syntree|TCI (Tokyo Chemical Industry)|Tetrahedron Scientific Inc|THE BioTek|Thomson Pharma|Tox21|ToxPlanet|Tractus|VladaChem|Wikidata|Win-Win Chemical|Wubei-Biochem|Yick-Vic Chemicals & Pharmaceuticals (HK) Ltd.|Yuhao Chemical|ZeroPM - Zero Pollution of Persistent, Mobile Substances|ZINC
Tris(3,5-di-tert-butyl-4-hydroxybenzyl) isocyanurate;CC(C)(C)C1=CC(=CC(=C1O)C(C)(C)C)CN2C(=O)N(C(=O)N(C2=O)CC3=CC(=C(C(=C3)C(C)(C)C)O)C(C)(C)C)CC4=CC(=C(C(=C4)C(C)(C)C)O)C(C)(C)C;001Chemical|10X CHEM|3WAY PHARM INC|A2B Chem|AA BLOCKS|AAA Chemistry|Aaron Chemicals LLC|AbaChemScene|abcr GmbH|ABI Chem|Accel Scientific|Achemtek|AEchem Scientific Corp., USA|AiFChem, an XtalPi Company|AK Scientific, Inc. (AKSCI)|AKos Consulting & Solutions|Aladdin Scientific|Alfa Chemistry|Alichem|Amadis Chemical|Ambeed|Ambinter|Angene Chemical|Anward|AppChem|Ark Pharm, Inc.|Aurora Fine Chemicals LLC|BenchChem|BePharm Ltd.|Bic Biotech|Biopharma PEG Scientific Inc|BLD Pharm|BOC Sciences|Boerchem|CATO Research Chemicals Inc.|Chem-Space.com Database|Chembase.cn|ChemDB|ChemIDplus|Chemieliva Pharmaceutical Co., Ltd|ChemMol|ChemoSapiens|ChemSpider|ChemTik|Clearsynth|Cooke Chemical Co., Ltd|CymitQuimica|DiscoveryGate|Egon Willighagen, Department of Bioinformatics - BiGCaT, Maastricht University|eMolecules|eNovation Chemicals|EPA DSSTox|EPA Substance Registry Services|FDA Global Substance Registration System (GSRS)|Finetech Industry Limited|Fluorochem|Founder Pharma|Google Patents|Hairui Chemical|Hunan Chemfish Pharmaceutical Co., Ltd.|IBM|iChemical Technology USA Inc|ISpharm|J&H Chemical Co.,ltd|Japan Chemical Substance Dictionary (Nikkaji)|Key Organics/BIONET|King Scientific|Kingston Chemistry|LabNetwork, a WuXi AppTec Company|labseeker|LeadScope|LEAPCHEM|LGC Standards|MassBank Europe|MassBank of North America (MoNA)|Matrix Scientific|Mcule|MolCore|Molepedia|MolGenie|Molport|MuseChem|NextBio|NextMove Software|NORMAN Suspect List Exchange|Oakwood Products|OXCHEM CORPORATION|Parchem|PATENTSCOPE (WIPO)|PubChem Reference Collection|Qingdao Truelight Functional Materials Technology Co., Ltd.|RR Scientific|SCRIPDB|Sigma-Aldrich|Smolecule|Specs|Springer Nature|Starshine Chemical|SureChEMBL|Synblock Inc|Syntree|TCI (Tokyo Chemical Industry)|THE BioTek|Thomson Pharma|Thoreauchem|ToxPlanet|Tractus|Wikidata|Win-Win Chemical|Wolves R&D chemical|Wubei-Biochem|Yick-Vic Chemicals & Pharmaceuticals (HK) Ltd.|Yuhao Chemical|ZeroPM - Zero Pollution of Persistent, Mobile Substances|ZINC
3,5-Di-tert-butyl-4-hydroxybenzoic acid;CC(C)(C)C1=CC(=CC(=C1O)C(C)(C)C)C(=O)O;001Chemical|10X CHEM|1st Scientific|3WAY PHARM INC|4C Pharma Scientific Inc|A&J Pharmtech CO., LTD.|A2B Chem|AA BLOCKS|AAA Chemistry|Aaron Chemicals LLC|AbaChemScene|ABBLIS Chemicals|abcr GmbH|ABI Chem|Acadechem|Accel Scientific|Accela ChemBio Inc.|Achemica|Achemo Scientific Limited|Achemtek|Acmec Biochemical|Activate Scientific|AgroIntelBioScan.com|AHH Chemical co.,ltd|AiFChem, an XtalPi Company|AK Scientific, Inc. (AKSCI)|AKos Consulting & Solutions|Aladdin Scientific|Alfa Chemistry|Alichem|Alinda Chemical Trade Company Ltd|Amadis Chemical|Ambeed|Ambinter|AN PharmaTech|Angene Chemical|Anward|AppChem|Assembly Blocks Pvt. Ltd.|AstaTech, Inc.|Aurora Fine Chemicals LLC|Aurum Pharmatech LLC|BenchChem|BePharm Ltd.|Bic Biotech|Biosynth|BLD Pharm|BOC Sciences|Boerchem|CAPOT|CATO Research Chemicals Inc.|Chem-Space.com Database|ChemBank|Chembase.cn|ChEMBL|ChemDB|ChemDiv|Chemenu Inc.|ChemExper Chemical Directory|ChemIDplus|Chemieliva Pharmaceutical Co., Ltd|Cheminformatics Friedrich-Schiller-University Jena|ChemMol|ChemoSapiens|ChemSpider|ChemTik|Clearsynth|Combi-Blocks|Comparative Toxicogenomics Database (CTD)|CymitQuimica|Debye Scientific Co., Ltd|DiscoveryGate|DSL Chemicals|Egon Willighagen, Department of Bioinformatics - BiGCaT, Maastricht University|eMolecules|Enamine|eNovation Chemicals|EPA DSSTox|EPA Substance Registry Services|FDA Global Substance Registration System (GSRS)|Finetech Industry Limited|Fluorochem|Founder Pharma|Google Patents|Hairui Chemical|Hangzhou APIChem Technology|Human Metabolome Database (HMDB)|IBM|ICCB-Longwood Screening Facility, Harvard Medical School|iChemical Technology USA Inc|ISpharm|IUPAC Digitized pKa Dataset|J&H Chemical Co.,ltd|Jamson Pharmachem Technology|Japan Chemical Substance Dictionary (Nikkaji)|Key Organics/BIONET|King Scientific|LabNetwork, a WuXi AppTec Company|labseeker|LeadScope|LEAPCHEM|LGC Standards|Matrix Scientific|Mcule|MolCore|Molecule Market|Molepedia|MolGenie|Molport|MuseChem|National Center for Advancing Translational Sciences (NCATS)|NextBio|NextMove Software|NIST Mass Spectrometry Data Center|NMRShiftDB|NORMAN Suspect List Exchange|NovoSeek|Oakwood Products|OChem|OXCHEM CORPORATION|PATENTSCOPE (WIPO)|Pi Chemicals|PubChem Reference Collection|Rare Chemicals GmbH, Germany|RR Scientific|Santa Cruz Biotechnology, Inc.|SCRIPDB|Sigma-Aldrich|Sinfoo Biotech|Smolecule|Southern Research Institute|Specs|Springer Nature|Starshine Chemical|SureChEMBL|SynHet - Synthetic Heterocycles|Syntree|TCI (Tokyo Chemical Industry)|THE BioTek|The Scripps Research Institute Molecular Screening Center|Thermo Fisher Scientific|Thomson Pharma|Thoreauchem|TimTec|ToxPlanet|Tractus|University of Kansas High Throughput Screening Laboratory|Veeprho|Vesino Industrial Co., Ltd|VladaChem|VWR, Part of Avantor|Wikidata|Wolves R&D chemical|Wubei-Biochem|Wutech|Yick-Vic Chemicals & Pharmaceuticals (HK) Ltd.|Yuhao Chemical|ZeroPM - Zero Pollution of Persistent, Mobile Substances|ZINC
2,4-Di-tert-butyl-6-(5-chloro-2H-benzotriazol-2-yl)phenol;CC(C)(C)C1=CC(=C(C(=C1)N2N=C3C=CC(=CC3=N2)Cl)O)C(C)(C)C;001Chemical|10X CHEM|1st Scientific|3WAY PHARM INC|A&J Pharmtech CO., LTD.|A2B Chem|AA BLOCKS|AAA Chemistry|Aaron Chemicals LLC|AbaChemScene|abcr GmbH|ABI Chem|Acadechem|Accel Scientific|Accela ChemBio Inc.|Achemica|Achemo Scientific Limited|Achemtek|Acmec Biochemical|AHH Chemical co.,ltd|AK Scientific, Inc. (AKSCI)|AKos Consulting & Solutions|Aladdin Scientific|Alfa Chemistry|Alichem|Amadis Chemical|Ambeed|Ambinter|AN PharmaTech|Angene Chemical|Anward|AppChem|AstaTech, Inc.|Aurora Fine Chemicals LLC|BenchChem|BePharm Ltd.|BIDD|Biocore|BLD Pharm|BOC Sciences|CAPOT|CATO Research Chemicals Inc.|ChEBI|Chem-Space.com Database|ChemBank|Chembase.cn|ChemBridge|ChemDB|Chemenu Inc.|ChemExper Chemical Directory|ChemIDplus|Chemieliva Pharmaceutical Co., Ltd|Cheminformatics Friedrich-Schiller-University Jena|ChemMol|ChemoSapiens|ChemSpider|ChemTik|Clearsynth|Combi-Blocks|CymitQuimica|DiscoveryGate|Egon Willighagen, Department of Bioinformatics - BiGCaT, Maastricht University|eMolecules|eNovation Chemicals|EPA DSSTox|EPA Substance Registry Services|FDA Global Substance Registration System (GSRS)|Finetech Industry Limited|Founder Pharma|Google Patents|Hairui Chemical|Hangzhou APIChem Technology|Human Metabolome Database (HMDB)|IBM|iChemical Technology USA Inc|ISpharm|J&H Chemical Co.,ltd|Japan Chemical Substance Dictionary (Nikkaji)|Key Organics/BIONET|King Scientific|LabNetwork, a WuXi AppTec Company|LeadScope|LEAPCHEM|LGC Standards|MassBank Europe|MassBank of North America (MoNA)|Matrix Scientific|Mcule|Metabolomics Workbench|MolCore|Molecule Market|Molepedia|MolGenie|Molport|MuseChem|NextBio|NextMove Software|NIST Mass Spectrometry Data Center|NORMAN Suspect List Exchange|NovoSeek|Oakwood Products|OXCHEM CORPORATION|Parchem|PATENTSCOPE (WIPO)|PubChem Reference Collection|RR Scientific|SCRIPDB|Shanghai Titan Scientific|Sigma-Aldrich|Sinfoo Biotech|Smolecule|Springer Nature|SureChEMBL|SynHet - Synthetic Heterocycles|Syntree|TCI (Tokyo Chemical Industry)|Tetrahedron Scientific Inc|THE BioTek|Thieme Chemistry|Thomson Pharma|Thoreauchem|TimTec|ToxPlanet|Tractus|Vitas-M Laboratory|VladaChem|Wikidata|Win-Win Chemical|Wubei-Biochem|Yick-Vic Chemicals & Pharmaceuticals (HK) Ltd.|Yuhao Chemical|ZeroPM - Zero Pollution of Persistent, Mobile Substances|ZINC
1,2-Bis(3,5-di-tert-butyl-4-hydroxyhydrocinnamoyl)hydrazine;CC(C)(C)C1=CC(=CC(=C1O)C(C)(C)C)CCC(=O)NNC(=O)CCC2=CC(=C(C(=C2)C(C)(C)C)O)C(C)(C)C;001Chemical|10X CHEM|3WAY PHARM INC|A2B Chem|AA BLOCKS|Aaron Chemicals LLC|AbaChemScene|abcr GmbH|ABI Chem|Accel Scientific|Achemo Scientific Limited|Achemtek|AiFChem, an XtalPi Company|AKos Consulting & Solutions|Aladdin Scientific|Alfa Chemistry|Amadis Chemical|Ambeed|Angene Chemical|AppChem|AstaTech, Inc.|Aurum Pharmatech LLC|BenchChem|BePharm Ltd.|Biorbyt|BLD Pharm|BOC Sciences|Boerchem|CATO Research Chemicals Inc.|Chem-Space.com Database|Chembase.cn|ChemDB|Chemenu Inc.|ChemIDplus|Chemieliva Pharmaceutical Co., Ltd|ChemMol|ChemoSapiens|ChemSpider|Clearsynth|Combi-Blocks|Cooke Chemical Co., Ltd|CymitQuimica|DC Chemicals|Debye Scientific Co., Ltd|DiscoveryGate|Egon Willighagen, Department of Bioinformatics - BiGCaT, Maastricht University|eMolecules|Enamine|eNovation Chemicals|EPA DSSTox|EPA Substance Registry Services|FDA Global Substance Registration System (GSRS)|Finetech Industry Limited|Google Patents|Hairui Chemical|Hunan Chemfish Pharmaceutical Co., Ltd.|IBM|iChemical Technology USA Inc|InvivoChem|J&H Chemical Co.,ltd|Jamson Pharmachem Technology|Japan Chemical Substance Dictionary (Nikkaji)|LabNetwork, a WuXi AppTec Company|labseeker|LeadScope|LGC Standards|Matrix Scientific|Mcule|MedChemexpress MCE|MolCore|Molecule Market|MolGenie|Molport|MuseChem|NextBio|NextMove Software|NIST Mass Spectrometry Data Center|NORMAN Suspect List Exchange|Oakwood Products|OXCHEM CORPORATION|Parchem|PATENTSCOPE (WIPO)|Probes & Drugs portal|PubChem Reference Collection|Qingdao Truelight Functional Materials Technology Co., Ltd.|RR Scientific|Santa Cruz Biotechnology, Inc.|SCRIPDB|Shandong Benrite New Chemical Materials Co.,Ltd|Shanghai Titan Scientific|Smolecule|Springer Nature|Starshine Chemical|SureChEMBL|SynHet - Synthetic Heterocycles|Syntree|TargetMol|TCI (Tokyo Chemical Industry)|THE BioTek|Thomson Pharma|TimTec|ToxPlanet|Wikidata|Win-Win Chemical|Yick-Vic Chemicals & Pharmaceuticals (HK) Ltd.|Yuhao Chemical|ZeroPM - Zero Pollution of Persistent, Mobile Substances|ZINC
9-Phenylxanthen-9-ol;C1=CC=C(C=C1)C2(C3=CC=CC=C3OC4=CC=CC=C42)O;001Chemical|10X CHEM|3WAY PHARM INC|A2B Chem|AA BLOCKS|AAA Chemistry|Aaron Chemicals LLC|AbaChemScene|abcr GmbH|ABI Chem|Accel Scientific|Accela ChemBio Inc.|Achemica|Acorn PharmaTech Product List|AHH Chemical co.,ltd|AiFChem, an XtalPi Company|AK Scientific, Inc. (AKSCI)|AKos Consulting & Solutions|Aladdin Scientific|Alfa Chemistry|Alichem|Amadis Chemical|Ambeed|Anward|AppChem|AstaTech, Inc.|BenchChem|Biorbyt|BLD Pharm|BOC Sciences|Chem-Space.com Database|Chembase.cn|ChEMBL|ChemDB|Chemenu Inc.|ChemExper Chemical Directory|ChemIDplus|Chemieliva Pharmaceutical Co., Ltd|ChemMol|ChemoSapiens|ChemShuttle|ChemSpider|ChemTik|Clearsynth|Collaborative Drug Discovery, Inc.|Combi-Blocks|Crystallography Open Database (COD)|CymitQuimica|Debye Scientific Co., Ltd|DiscoveryGate|DTP/NCI|eMolecules|eNovation Chemicals|EPA DSSTox|FDA Global Substance Registration System (GSRS)|Finetech Industry Limited|Google Patents|IBM|InvivoChem|ISpharm|J&H Chemical Co.,ltd|Japan Chemical Substance Dictionary (Nikkaji)|Key Organics/BIONET|King Scientific|LabNetwork, a WuXi AppTec Company|Lan Pharmatech|Matrix Scientific|Mcule|MedChemexpress MCE|MolCore|Molecule Market|Molepedia|MolGenie|Molport|MuseChem|NextBio|NextMove Software|NIST Mass Spectrometry Data Center|NMRShiftDB|NORMAN Suspect List Exchange|Oakwood Products|Parchem|PATENTSCOPE (WIPO)|PubChem Reference Collection|Race Chemical|RR Scientific|Santa Cruz Biotechnology, Inc.|SCRIPDB|Sinfoo Biotech|Smolecule|Springer Nature|SureChEMBL|SynHet - Synthetic Heterocycles|TargetMol|TCI (Tokyo Chemical Industry)|THE BioTek|Thomson Pharma|TimTec|ToxPlanet|Tractus|Wikidata|Wiley|Wubei-Biochem|Wutech|ZeroPM - Zero Pollution of Persistent, Mobile Substances|ZINC
Zinc Oxide;[O-2].[Zn+2];001Chemical|ABI Chem|Ambinter|Apexmol|BLD Pharm|BOC Sciences|Chem-Space.com Database|Chembase.cn|ChEMBL|ChemoSapiens|ChemSpider|Collaborative Drug Discovery, Inc.|Comparative Toxicogenomics Database (CTD)|DiscoveryGate|eMolecules|EPA DSSTox|EvitaChem|FDA Global Substance Registration System (GSRS)|Google Patents|Hairui Chemical|KEGG|LeadScope|MolCore|Molecule Market|MolGenie|Molport|NextBio|NextMove Software|NIAID ChemDB|NORMAN Suspect List Exchange|Parchem|Probes & Drugs portal|PubChem Reference Collection|SpringerMaterials|Starshine Chemical|Strem Chemicals, Inc.|SureChEMBL|TCI (Tokyo Chemical Industry)|Thomson Pharma|Wutech